  0
SECTION
  2
HEADER
  9
$ANGBASE
  50
0.0
  9
$ANGDIR
  70
1
  9
$MEASUREMENT
  70
0
  0
ENDSEC
  0
SECTION
  2
TABLES
  0
TABLE
  2
LTYPE
  70
4
  0
LTYPE
  5
40F
  2
CONTINUOUS
  70
0
  3
Solid line
  72
65
  73
0
  40
0.0
  0
LTYPE
  5
410
  2
DASHDOT
 70
0
  3
Dash Dot ____ _ ____ _
 72
65
 73
4
 40
2.0
 49
1.25
 49
-0.25
 49
0.25
 49
-0.25
  0
LTYPE
  5
411
  2
DASHED
 70
0
  3
Dashed __ __ __ __ __
 72
65
 73
2
 40
0.75
 49
0.5
 49
-0.25
  0
LTYPE
  5
43B
  2
DOTTED
 70
0
  3
Dotted .  .  .  .
 72
65
 73
2
 40
0.2
 49
0.0
 49
-0.2
  0
ENDTAB
  0
TABLE
  2
STYLE
  70
4
  0
STYLE
  2
KICAD
  70
0
  40
0
  41
1
  42
1
  50
0
  71
0
  3
isocp.shx
  0
STYLE
  2
KICADB
  70
0
  40
0
  41
1
  42
1
  50
0
  71
0
  3
isocp.shx
  0
STYLE
  2
KICADI
  70
0
  40
0
  41
1
  42
1
  50
15
  71
0
  3
isocp.shx
  0
STYLE
  2
KICADBI
  70
0
  40
0
  41
1
  42
1
  50
15
  71
0
  3
isocp.shx
  0
ENDTAB
  0
TABLE
  2
LAYER
  70
1
  0
LAYER
  2
BLACK
  70
0
  62
7
  6
CONTINUOUS
  0
ENDTAB
  0
ENDSEC
  0
SECTION
  2
ENTITIES
0
LINE
8
BLACK
6
CONTINUOUS
10
6.6616404724409444
20
-4.322269291338583
11
6.6624551181102358
21
-4.3230839370078735
0
LINE
8
BLACK
6
CONTINUOUS
10
6.6624551181102358
20
-4.3230839370078735
11
6.6628960236220474
21
-4.3241483464566928
0
LINE
8
BLACK
6
CONTINUOUS
10
6.6628960236220474
20
-4.3241483464566928
11
6.6629527559055113
21
-4.3247244094488186
0
LINE
8
BLACK
6
CONTINUOUS
10
6.6629527559055113
20
-4.3247244094488186
11
6.6629527559055113
21
-4.4117716535433074
0
LINE
8
BLACK
6
CONTINUOUS
10
6.6629527559055113
20
-4.4117716535433074
11
6.8570472440944883
21
-4.4117716535433074
0
LINE
8
BLACK
6
CONTINUOUS
10
6.8570472440944883
20
-4.4117716535433074
11
6.8570472440944883
21
-4.3247244094488186
0
LINE
8
BLACK
6
CONTINUOUS
10
6.8570472440944883
20
-4.3247244094488186
11
6.8571039763779522
21
-4.3241483464566928
0
LINE
8
BLACK
6
CONTINUOUS
10
6.8571039763779522
20
-4.3241483464566928
11
6.8575448818897637
21
-4.3230839370078735
0
LINE
8
BLACK
6
CONTINUOUS
10
6.8575448818897637
20
-4.3230839370078735
11
6.8583595275590552
21
-4.322269291338583
0
LINE
8
BLACK
6
CONTINUOUS
10
6.8583595275590552
20
-4.322269291338583
11
6.8594239370078736
21
-4.3218283858267714
0
LINE
8
BLACK
6
CONTINUOUS
10
6.8594239370078736
20
-4.3218283858267714
11
6.8605760629921262
21
-4.3218283858267714
0
LINE
8
BLACK
6
CONTINUOUS
10
6.8605760629921262
20
-4.3218283858267714
11
6.8616404724409445
21
-4.322269291338583
0
LINE
8
BLACK
6
CONTINUOUS
10
6.8616404724409445
20
-4.322269291338583
11
6.862455118110236
21
-4.3230839370078735
0
LINE
8
BLACK
6
CONTINUOUS
10
6.862455118110236
20
-4.3230839370078735
11
6.8628960236220466
21
-4.3241483464566928
0
LINE
8
BLACK
6
CONTINUOUS
10
6.8628960236220466
20
-4.3241483464566928
11
6.8629527559055115
21
-4.3247244094488186
0
LINE
8
BLACK
6
CONTINUOUS
10
6.8629527559055115
20
-4.3247244094488186
11
6.8629527559055115
21
-4.4147244094488185
0
LINE
8
BLACK
6
CONTINUOUS
10
6.8629527559055115
20
-4.4147244094488185
11
6.8628960236220466
21
-4.4153004724409444
0
LINE
8
BLACK
6
CONTINUOUS
10
6.8628960236220466
20
-4.4153004724409444
11
6.862455118110236
21
-4.4163648818897636
0
LINE
8
BLACK
6
CONTINUOUS
10
6.862455118110236
20
-4.4163648818897636
11
6.8616404724409445
21
-4.4171795275590551
0
LINE
8
BLACK
6
CONTINUOUS
10
6.8616404724409445
20
-4.4171795275590551
11
6.8605760629921262
21
-4.4176204330708657
0
LINE
8
BLACK
6
CONTINUOUS
10
6.8605760629921262
20
-4.4176204330708657
11
6.8599999999999994
21
-4.4176771653543305
0
LINE
8
BLACK
6
CONTINUOUS
10
6.8599999999999994
20
-4.4176771653543305
11
6.6600000000000001
21
-4.4176771653543305
0
LINE
8
BLACK
6
CONTINUOUS
10
6.6600000000000001
20
-4.4176771653543305
11
6.6594239370078743
21
-4.4176204330708657
0
LINE
8
BLACK
6
CONTINUOUS
10
6.6594239370078743
20
-4.4176204330708657
11
6.658359527559055
21
-4.4171795275590551
0
LINE
8
BLACK
6
CONTINUOUS
10
6.658359527559055
20
-4.4171795275590551
11
6.6575448818897636
21
-4.4163648818897636
0
LINE
8
BLACK
6
CONTINUOUS
10
6.6575448818897636
20
-4.4163648818897636
11
6.6571039763779529
21
-4.4153004724409444
0
LINE
8
BLACK
6
CONTINUOUS
10
6.6571039763779529
20
-4.4153004724409444
11
6.6570472440944881
21
-4.4147244094488185
0
LINE
8
BLACK
6
CONTINUOUS
10
6.6570472440944881
20
-4.4147244094488185
11
6.6570472440944881
21
-4.3247244094488186
0
LINE
8
BLACK
6
CONTINUOUS
10
6.6570472440944881
20
-4.3247244094488186
11
6.6571039763779529
21
-4.3241483464566928
0
LINE
8
BLACK
6
CONTINUOUS
10
6.6571039763779529
20
-4.3241483464566928
11
6.6575448818897636
21
-4.3230839370078735
0
LINE
8
BLACK
6
CONTINUOUS
10
6.6575448818897636
20
-4.3230839370078735
11
6.658359527559055
21
-4.322269291338583
0
LINE
8
BLACK
6
CONTINUOUS
10
6.658359527559055
20
-4.322269291338583
11
6.6594239370078743
21
-4.3218283858267714
0
LINE
8
BLACK
6
CONTINUOUS
10
6.6594239370078743
20
-4.3218283858267714
11
6.660576062992126
21
-4.3218283858267714
0
LINE
8
BLACK
6
CONTINUOUS
10
6.660576062992126
20
-4.3218283858267714
11
6.6616404724409444
21
-4.322269291338583
0
LINE
8
BLACK
6
CONTINUOUS
10
6.5337280314960626
20
-4.3329498031496065
11
6.5338587401574806
21
-4.3330039370078737
0
LINE
8
BLACK
6
CONTINUOUS
10
6.5338587401574806
20
-4.3330039370078737
11
6.5339998425196848
21
-4.3330139763779529
0
LINE
8
BLACK
6
CONTINUOUS
10
6.5339998425196848
20
-4.3330139763779529
11
6.5347206299212601
21
-4.3332898031496061
0
LINE
8
BLACK
6
CONTINUOUS
10
6.5347206299212601
20
-4.3332898031496061
11
6.5395950787401578
21
-4.3357270078740155
0
LINE
8
BLACK
6
CONTINUOUS
10
6.5395950787401578
20
-4.3357270078740155
11
6.5402482283464565
21
-4.336138149606299
0
LINE
8
BLACK
6
CONTINUOUS
10
6.5402482283464565
20
-4.336138149606299
11
6.5412546850393696
21
-4.3372986614173223
0
LINE
8
BLACK
6
CONTINUOUS
10
6.5412546850393696
20
-4.3372986614173223
11
6.5417404724409449
21
-4.3387559842519687
0
LINE
8
BLACK
6
CONTINUOUS
10
6.5417404724409449
20
-4.3387559842519687
11
6.5416315748031497
21
-4.3402882677165353
0
LINE
8
BLACK
6
CONTINUOUS
10
6.5416315748031497
20
-4.3402882677165353
11
6.5409446062992123
21
-4.3416622440944881
0
LINE
8
BLACK
6
CONTINUOUS
10
6.5409446062992123
20
-4.3416622440944881
11
6.5397840944881889
21
-4.3426687007874012
0
LINE
8
BLACK
6
CONTINUOUS
10
6.5397840944881889
20
-4.3426687007874012
11
6.5383267716535434
21
-4.3431544881889765
0
LINE
8
BLACK
6
CONTINUOUS
10
6.5383267716535434
20
-4.3431544881889765
11
6.5367944881889759
21
-4.3430455905511813
0
LINE
8
BLACK
6
CONTINUOUS
10
6.5367944881889759
20
-4.3430455905511813
11
6.5360737007874015
21
-4.3427697637795273
0
LINE
8
BLACK
6
CONTINUOUS
10
6.5360737007874015
20
-4.3427697637795273
11
6.5320305511811023
21
-4.3407481889763782
0
LINE
8
BLACK
6
CONTINUOUS
10
6.5320305511811023
20
-4.3407481889763782
11
6.5262872440944877
21
-4.3407481889763782
0
LINE
8
BLACK
6
CONTINUOUS
10
6.5262872440944877
20
-4.3407481889763782
11
6.5204635433070868
21
-4.3426894094488189
0
LINE
8
BLACK
6
CONTINUOUS
10
6.5204635433070868
20
-4.3426894094488189
11
6.5166980314960625
21
-4.3464549212598422
0
LINE
8
BLACK
6
CONTINUOUS
10
6.5166980314960625
20
-4.3464549212598422
11
6.5147397637795272
21
-4.3503714566929137
0
LINE
8
BLACK
6
CONTINUOUS
10
6.5147397637795272
20
-4.3503714566929137
11
6.5125250393700789
21
-4.3592305118110239
0
LINE
8
BLACK
6
CONTINUOUS
10
6.5125250393700789
20
-4.3592305118110239
11
6.5125250393700789
21
-4.3655729133858268
0
LINE
8
BLACK
6
CONTINUOUS
10
6.5125250393700789
20
-4.3655729133858268
11
6.514739803149606
21
-4.3744320866141733
0
LINE
8
BLACK
6
CONTINUOUS
10
6.514739803149606
20
-4.3744320866141733
11
6.5166980314960625
21
-4.3783485433070863
0
LINE
8
BLACK
6
CONTINUOUS
10
6.5166980314960625
20
-4.3783485433070863
11
6.5204635433070868
21
-4.3821140551181097
0
LINE
8
BLACK
6
CONTINUOUS
10
6.5204635433070868
20
-4.3821140551181097
11
6.5262872440944877
21
-4.3840552755905513
0
LINE
8
BLACK
6
CONTINUOUS
10
6.5262872440944877
20
-4.3840552755905513
11
6.5298839370078738
21
-4.3840552755905513
0
LINE
8
BLACK
6
CONTINUOUS
10
6.5298839370078738
20
-4.3840552755905513
11
6.5357076377952756
21
-4.3821140551181097
0
LINE
8
BLACK
6
CONTINUOUS
10
6.5357076377952756
20
-4.3821140551181097
11
6.5363345275590552
21
-4.381487165354331
0
LINE
8
BLACK
6
CONTINUOUS
10
6.5363345275590552
20
-4.381487165354331
11
6.5363345275590552
21
-4.3699945275590553
0
LINE
8
BLACK
6
CONTINUOUS
10
6.5363345275590552
20
-4.3699945275590553
11
6.5305227559055119
21
-4.3699945275590553
0
LINE
8
BLACK
6
CONTINUOUS
10
6.5305227559055119
20
-4.3699945275590553
11
6.5297546850393697
21
-4.3699188976377954
0
LINE
8
BLACK
6
CONTINUOUS
10
6.5297546850393697
20
-4.3699188976377954
11
6.5283354724409444
21
-4.3693310236220473
0
LINE
8
BLACK
6
CONTINUOUS
10
6.5283354724409444
20
-4.3693310236220473
11
6.5272492519685041
21
-4.3682448031496062
0
LINE
8
BLACK
6
CONTINUOUS
10
6.5272492519685041
20
-4.3682448031496062
11
6.526661377952756
21
-4.3668255905511808
0
LINE
8
BLACK
6
CONTINUOUS
10
6.526661377952756
20
-4.3668255905511808
11
6.526661377952756
21
-4.3652894488188974
0
LINE
8
BLACK
6
CONTINUOUS
10
6.526661377952756
20
-4.3652894488188974
11
6.5272492519685041
21
-4.363870236220472
0
LINE
8
BLACK
6
CONTINUOUS
10
6.5272492519685041
20
-4.363870236220472
11
6.5283354724409444
21
-4.3627840157480318
0
LINE
8
BLACK
6
CONTINUOUS
10
6.5283354724409444
20
-4.3627840157480318
11
6.5297546850393697
21
-4.3621961417322836
0
LINE
8
BLACK
6
CONTINUOUS
10
6.5297546850393697
20
-4.3621961417322836
11
6.5305227559055119
21
-4.3621205118110238
0
LINE
8
BLACK
6
CONTINUOUS
10
6.5305227559055119
20
-4.3621205118110238
11
6.5402715354330709
21
-4.3621205118110238
0
LINE
8
BLACK
6
CONTINUOUS
10
6.5402715354330709
20
-4.3621205118110238
11
6.5410396062992122
21
-4.3621961417322836
0
LINE
8
BLACK
6
CONTINUOUS
10
6.5410396062992122
20
-4.3621961417322836
11
6.5424588188976376
21
-4.3627840157480318
0
LINE
8
BLACK
6
CONTINUOUS
10
6.5424588188976376
20
-4.3627840157480318
11
6.5435450393700787
21
-4.363870236220472
0
LINE
8
BLACK
6
CONTINUOUS
10
6.5435450393700787
20
-4.363870236220472
11
6.5441329133858268
21
-4.3652894488188974
0
LINE
8
BLACK
6
CONTINUOUS
10
6.5441329133858268
20
-4.3652894488188974
11
6.5442085433070867
21
-4.3660575196850395
0
LINE
8
BLACK
6
CONTINUOUS
10
6.5442085433070867
20
-4.3660575196850395
11
6.5442085433070867
21
-4.3831179133858269
0
LINE
8
BLACK
6
CONTINUOUS
10
6.5442085433070867
20
-4.3831179133858269
11
6.5441329133858268
21
-4.3838859842519682
0
LINE
8
BLACK
6
CONTINUOUS
10
6.5441329133858268
20
-4.3838859842519682
11
6.5440314566929132
21
-4.3841309055118112
0
LINE
8
BLACK
6
CONTINUOUS
10
6.5440314566929132
20
-4.3841309055118112
11
6.5435450787401575
21
-4.3853051968503935
0
LINE
8
BLACK
6
CONTINUOUS
10
6.5435450787401575
20
-4.3853051968503935
11
6.5430554330708661
21
-4.3859017716535433
0
LINE
8
BLACK
6
CONTINUOUS
10
6.5430554330708661
20
-4.3859017716535433
11
6.5406182677165354
21
-4.3883389763779528
0
LINE
8
BLACK
6
CONTINUOUS
10
6.5406182677165354
20
-4.3883389763779528
11
6.5400216929133856
21
-4.3888286220472441
0
LINE
8
BLACK
6
CONTINUOUS
10
6.5400216929133856
20
-4.3888286220472441
11
6.5398909055118111
21
-4.3888827559055121
0
LINE
8
BLACK
6
CONTINUOUS
10
6.5398909055118111
20
-4.3888827559055121
11
6.5397840551181101
21
-4.3889754724409444
0
LINE
8
BLACK
6
CONTINUOUS
10
6.5397840551181101
20
-4.3889754724409444
11
6.5390793307086614
21
-4.3892901181102362
0
LINE
8
BLACK
6
CONTINUOUS
10
6.5390793307086614
20
-4.3892901181102362
11
6.5317677165354331
21
-4.3917272440944881
0
LINE
8
BLACK
6
CONTINUOUS
10
6.5317677165354331
20
-4.3917272440944881
11
6.531386968503937
21
-4.3918138188976377
0
LINE
8
BLACK
6
CONTINUOUS
10
6.531386968503937
20
-4.3918138188976377
11
6.5312908267716532
21
-4.3918536614173229
0
LINE
8
BLACK
6
CONTINUOUS
10
6.5312908267716532
20
-4.3918536614173229
11
6.5311514566929132
21
-4.3918673622047244
0
LINE
8
BLACK
6
CONTINUOUS
10
6.5311514566929132
20
-4.3918673622047244
11
6.531015157480315
21
-4.3918983858267717
0
LINE
8
BLACK
6
CONTINUOUS
10
6.531015157480315
20
-4.3918983858267717
11
6.5309114566929134
21
-4.391890984251968
0
LINE
8
BLACK
6
CONTINUOUS
10
6.5309114566929134
20
-4.391890984251968
11
6.5305227559055119
21
-4.3919292913385828
0
LINE
8
BLACK
6
CONTINUOUS
10
6.5305227559055119
20
-4.3919292913385828
11
6.5256483858267718
21
-4.3919292913385828
0
LINE
8
BLACK
6
CONTINUOUS
10
6.5256483858267718
20
-4.3919292913385828
11
6.5252596456692915
21
-4.391890984251968
0
LINE
8
BLACK
6
CONTINUOUS
10
6.5252596456692915
20
-4.391890984251968
11
6.5251559842519686
21
-4.3918983858267717
0
LINE
8
BLACK
6
CONTINUOUS
10
6.5251559842519686
20
-4.3918983858267717
11
6.5250195669291333
21
-4.3918673622047244
0
LINE
8
BLACK
6
CONTINUOUS
10
6.5250195669291333
20
-4.3918673622047244
11
6.5248803149606296
21
-4.3918536614173229
0
LINE
8
BLACK
6
CONTINUOUS
10
6.5248803149606296
20
-4.3918536614173229
11
6.5247842125984254
21
-4.3918138582677164
0
LINE
8
BLACK
6
CONTINUOUS
10
6.5247842125984254
20
-4.3918138582677164
11
6.5244034251968506
21
-4.3917272834645669
0
LINE
8
BLACK
6
CONTINUOUS
10
6.5244034251968506
20
-4.3917272834645669
11
6.517091850393701
21
-4.3892900787401574
0
LINE
8
BLACK
6
CONTINUOUS
10
6.517091850393701
20
-4.3892900787401574
11
6.5163870866141727
21
-4.3889754724409444
0
LINE
8
BLACK
6
CONTINUOUS
10
6.5163870866141727
20
-4.3889754724409444
11
6.5162801574803151
21
-4.3888827165354334
0
LINE
8
BLACK
6
CONTINUOUS
10
6.5162801574803151
20
-4.3888827165354334
11
6.5161495275590546
21
-4.3888286220472441
0
LINE
8
BLACK
6
CONTINUOUS
10
6.5161495275590546
20
-4.3888286220472441
11
6.515552913385827
21
-4.3883390157480315
0
LINE
8
BLACK
6
CONTINUOUS
10
6.515552913385827
20
-4.3883390157480315
11
6.5106785039370081
21
-4.3834646062992126
0
LINE
8
BLACK
6
CONTINUOUS
10
6.5106785039370081
20
-4.3834646062992126
11
6.5104307874015745
21
-4.383162755905512
0
LINE
8
BLACK
6
CONTINUOUS
10
6.5104307874015745
20
-4.383162755905512
11
6.5103521653543304
21
-4.3830945669291337
0
LINE
8
BLACK
6
CONTINUOUS
10
6.5103521653543304
20
-4.3830945669291337
11
6.5102775196850393
21
-4.382975984251968
0
LINE
8
BLACK
6
CONTINUOUS
10
6.5102775196850393
20
-4.382975984251968
11
6.5101888976377955
21
-4.3828679921259841
0
LINE
8
BLACK
6
CONTINUOUS
10
6.5101888976377955
20
-4.3828679921259841
11
6.5101491338582678
21
-4.3827720472440941
0
LINE
8
BLACK
6
CONTINUOUS
10
6.5101491338582678
20
-4.3827720472440941
11
6.509941023622047
21
-4.382441417322835
0
LINE
8
BLACK
6
CONTINUOUS
10
6.509941023622047
20
-4.382441417322835
11
6.5075038188976375
21
-4.3775669685039373
0
LINE
8
BLACK
6
CONTINUOUS
10
6.5075038188976375
20
-4.3775669685039373
11
6.5074823228346457
21
-4.3775107874015751
0
LINE
8
BLACK
6
CONTINUOUS
10
6.5074823228346457
20
-4.3775107874015751
11
6.5074653937007874
21
-4.3774879527559056
0
LINE
8
BLACK
6
CONTINUOUS
10
6.5074653937007874
20
-4.3774879527559056
11
6.507350275590551
21
-4.3771657874015748
0
LINE
8
BLACK
6
CONTINUOUS
10
6.507350275590551
20
-4.3771657874015748
11
6.5072279921259844
21
-4.376846181102362
0
LINE
8
BLACK
6
CONTINUOUS
10
6.5072279921259844
20
-4.376846181102362
11
6.5072259448818892
21
-4.3768177952755902
0
LINE
8
BLACK
6
CONTINUOUS
10
6.5072259448818892
20
-4.3768177952755902
11
6.5072057480314962
21
-4.3767611811023617
0
LINE
8
BLACK
6
CONTINUOUS
10
6.5072057480314962
20
-4.3767611811023617
11
6.5047685826771655
21
-4.3670123622047239
0
LINE
8
BLACK
6
CONTINUOUS
10
6.5047685826771655
20
-4.3670123622047239
11
6.5047488976377954
21
-4.3668792913385825
0
LINE
8
BLACK
6
CONTINUOUS
10
6.5047488976377954
20
-4.3668792913385825
11
6.5047266535433073
21
-4.3668255905511808
0
LINE
8
BLACK
6
CONTINUOUS
10
6.5047266535433073
20
-4.3668255905511808
11
6.5046981496062992
21
-4.3665361417322837
0
LINE
8
BLACK
6
CONTINUOUS
10
6.5046981496062992
20
-4.3665361417322837
11
6.5046556692913384
21
-4.3662488976377949
0
LINE
8
BLACK
6
CONTINUOUS
10
6.5046556692913384
20
-4.3662488976377949
11
6.5046642125984251
21
-4.3661914566929134
0
LINE
8
BLACK
6
CONTINUOUS
10
6.5046642125984251
20
-4.3661914566929134
11
6.5046510236220474
21
-4.3660575196850395
0
LINE
8
BLACK
6
CONTINUOUS
10
6.5046510236220474
20
-4.3660575196850395
11
6.5046510236220474
21
-4.3587459448818899
0
LINE
8
BLACK
6
CONTINUOUS
10
6.5046510236220474
20
-4.3587459448818899
11
6.5046642125984251
21
-4.3586119685039373
0
LINE
8
BLACK
6
CONTINUOUS
10
6.5046642125984251
20
-4.3586119685039373
11
6.5046556692913384
21
-4.3585545669291337
0
LINE
8
BLACK
6
CONTINUOUS
10
6.5046556692913384
20
-4.3585545669291337
11
6.5046981496062992
21
-4.358267283464567
0
LINE
8
BLACK
6
CONTINUOUS
10
6.5046981496062992
20
-4.358267283464567
11
6.5047266535433073
21
-4.3579778740157478
0
LINE
8
BLACK
6
CONTINUOUS
10
6.5047266535433073
20
-4.3579778740157478
11
6.5047488976377954
21
-4.3579241338582673
0
LINE
8
BLACK
6
CONTINUOUS
10
6.5047488976377954
20
-4.3579241338582673
11
6.5047685826771655
21
-4.3577911023622047
0
LINE
8
BLACK
6
CONTINUOUS
10
6.5047685826771655
20
-4.3577911023622047
11
6.5072057480314962
21
-4.3480422834645669
0
LINE
8
BLACK
6
CONTINUOUS
10
6.5072057480314962
20
-4.3480422834645669
11
6.5072259448818892
21
-4.3479856299212596
0
LINE
8
BLACK
6
CONTINUOUS
10
6.5072259448818892
20
-4.3479856299212596
11
6.5072279921259844
21
-4.3479572834645666
0
LINE
8
BLACK
6
CONTINUOUS
10
6.5072279921259844
20
-4.3479572834645666
11
6.5073503543307085
21
-4.3476374015748034
0
LINE
8
BLACK
6
CONTINUOUS
10
6.5073503543307085
20
-4.3476374015748034
11
6.5074653937007874
21
-4.3473155118110238
0
LINE
8
BLACK
6
CONTINUOUS
10
6.5074653937007874
20
-4.3473155118110238
11
6.5074822834645669
21
-4.3472926771653544
0
LINE
8
BLACK
6
CONTINUOUS
10
6.5074822834645669
20
-4.3472926771653544
11
6.5075038188976375
21
-4.3472364566929134
0
LINE
8
BLACK
6
CONTINUOUS
10
6.5075038188976375
20
-4.3472364566929134
11
6.509941023622047
21
-4.3423620866141732
0
LINE
8
BLACK
6
CONTINUOUS
10
6.509941023622047
20
-4.3423620866141732
11
6.5101491338582678
21
-4.3420314173228345
0
LINE
8
BLACK
6
CONTINUOUS
10
6.5101491338582678
20
-4.3420314173228345
11
6.5101888976377955
21
-4.3419355118110232
0
LINE
8
BLACK
6
CONTINUOUS
10
6.5101888976377955
20
-4.3419355118110232
11
6.5102775196850393
21
-4.3418274803149606
0
LINE
8
BLACK
6
CONTINUOUS
10
6.5102775196850393
20
-4.3418274803149606
11
6.5103521653543304
21
-4.3417089370078736
0
LINE
8
BLACK
6
CONTINUOUS
10
6.5103521653543304
20
-4.3417089370078736
11
6.5104307874015745
21
-4.3416407086614175
0
LINE
8
BLACK
6
CONTINUOUS
10
6.5104307874015745
20
-4.3416407086614175
11
6.5106785039370081
21
-4.3413388976377956
0
LINE
8
BLACK
6
CONTINUOUS
10
6.5106785039370081
20
-4.3413388976377956
11
6.515552913385827
21
-4.3364644881889767
0
LINE
8
BLACK
6
CONTINUOUS
10
6.515552913385827
20
-4.3364644881889767
11
6.5161495275590546
21
-4.3359748818897641
0
LINE
8
BLACK
6
CONTINUOUS
10
6.5161495275590546
20
-4.3359748818897641
11
6.5162801574803151
21
-4.3359207480314961
0
LINE
8
BLACK
6
CONTINUOUS
10
6.5162801574803151
20
-4.3359207480314961
11
6.5163870866141727
21
-4.3358280314960629
0
LINE
8
BLACK
6
CONTINUOUS
10
6.5163870866141727
20
-4.3358280314960629
11
6.5170918110236222
21
-4.3355134251968499
0
LINE
8
BLACK
6
CONTINUOUS
10
6.5170918110236222
20
-4.3355134251968499
11
6.5244033858267718
21
-4.3330762204724405
0
LINE
8
BLACK
6
CONTINUOUS
10
6.5244033858267718
20
-4.3330762204724405
11
6.5247841338582679
21
-4.3329896062992121
0
LINE
8
BLACK
6
CONTINUOUS
10
6.5247841338582679
20
-4.3329896062992121
11
6.5248803149606296
21
-4.3329498031496065
0
LINE
8
BLACK
6
CONTINUOUS
10
6.5248803149606296
20
-4.3329498031496065
11
6.5250196062992121
21
-4.3329360629921263
0
LINE
8
BLACK
6
CONTINUOUS
10
6.5250196062992121
20
-4.3329360629921263
11
6.5251559842519686
21
-4.3329050787401577
0
LINE
8
BLACK
6
CONTINUOUS
10
6.5251559842519686
20
-4.3329050787401577
11
6.5252596456692915
21
-4.3329124409448818
0
LINE
8
BLACK
6
CONTINUOUS
10
6.5252596456692915
20
-4.3329124409448818
11
6.5256483858267718
21
-4.3328741732283467
0
LINE
8
BLACK
6
CONTINUOUS
10
6.5256483858267718
20
-4.3328741732283467
11
6.5329599606299213
21
-4.3328741732283467
0
LINE
8
BLACK
6
CONTINUOUS
10
6.5329599606299213
20
-4.3328741732283467
11
6.5337280314960626
21
-4.3329498031496065
0
LINE
8
BLACK
6
CONTINUOUS
10
6.6283992913385825
20
-4.3329124409448818
11
6.6285030314960629
21
-4.3329050787401577
0
LINE
8
BLACK
6
CONTINUOUS
10
6.6285030314960629
20
-4.3329050787401577
11
6.6286393700787398
21
-4.3329360629921263
0
LINE
8
BLACK
6
CONTINUOUS
10
6.6286393700787398
20
-4.3329360629921263
11
6.6287786614173223
21
-4.3329498031496065
0
LINE
8
BLACK
6
CONTINUOUS
10
6.6287786614173223
20
-4.3329498031496065
11
6.6288747637795273
21
-4.3329896062992121
0
LINE
8
BLACK
6
CONTINUOUS
10
6.6288747637795273
20
-4.3329896062992121
11
6.629255590551181
21
-4.3330762204724405
0
LINE
8
BLACK
6
CONTINUOUS
10
6.629255590551181
20
-4.3330762204724405
11
6.6365671653543306
21
-4.3355134251968499
0
LINE
8
BLACK
6
CONTINUOUS
10
6.6365671653543306
20
-4.3355134251968499
11
6.6372718897637792
21
-4.3358280708661416
0
LINE
8
BLACK
6
CONTINUOUS
10
6.6372718897637792
20
-4.3358280708661416
11
6.6373787007874014
21
-4.3359207086614173
0
LINE
8
BLACK
6
CONTINUOUS
10
6.6373787007874014
20
-4.3359207086614173
11
6.6375094488188973
21
-4.3359748818897641
0
LINE
8
BLACK
6
CONTINUOUS
10
6.6375094488188973
20
-4.3359748818897641
11
6.6381060629921258
21
-4.3364644881889767
0
LINE
8
BLACK
6
CONTINUOUS
10
6.6381060629921258
20
-4.3364644881889767
11
6.6429804724409447
21
-4.3413388976377956
0
LINE
8
BLACK
6
CONTINUOUS
10
6.6429804724409447
20
-4.3413388976377956
11
6.6432281496062995
21
-4.3416407086614175
0
LINE
8
BLACK
6
CONTINUOUS
10
6.6432281496062995
20
-4.3416407086614175
11
6.6433068110236215
21
-4.3417089370078736
0
LINE
8
BLACK
6
CONTINUOUS
10
6.6433068110236215
20
-4.3417089370078736
11
6.6433814173228347
21
-4.3418274803149606
0
LINE
8
BLACK
6
CONTINUOUS
10
6.6433814173228347
20
-4.3418274803149606
11
6.6434700787401573
21
-4.3419355118110232
0
LINE
8
BLACK
6
CONTINUOUS
10
6.6434700787401573
20
-4.3419355118110232
11
6.6435098031496063
21
-4.3420314173228345
0
LINE
8
BLACK
6
CONTINUOUS
10
6.6435098031496063
20
-4.3420314173228345
11
6.6437179527559049
21
-4.3423620866141732
0
LINE
8
BLACK
6
CONTINUOUS
10
6.6437179527559049
20
-4.3423620866141732
11
6.6461551574803144
21
-4.3472364566929134
0
LINE
8
BLACK
6
CONTINUOUS
10
6.6461551574803144
20
-4.3472364566929134
11
6.6461766535433071
21
-4.3472926771653544
0
LINE
8
BLACK
6
CONTINUOUS
10
6.6461766535433071
20
-4.3472926771653544
11
6.6461935826771654
21
-4.3473155118110238
0
LINE
8
BLACK
6
CONTINUOUS
10
6.6461935826771654
20
-4.3473155118110238
11
6.6463084645669293
21
-4.3476371653543309
0
LINE
8
BLACK
6
CONTINUOUS
10
6.6463084645669293
20
-4.3476371653543309
11
6.6464309842519684
21
-4.3479572834645666
0
LINE
8
BLACK
6
CONTINUOUS
10
6.6464309842519684
20
-4.3479572834645666
11
6.6464329921259839
21
-4.3479857086614171
0
LINE
8
BLACK
6
CONTINUOUS
10
6.6464329921259839
20
-4.3479857086614171
11
6.6464532283464566
21
-4.3480423228346456
0
LINE
8
BLACK
6
CONTINUOUS
10
6.6464532283464566
20
-4.3480423228346456
11
6.6488903937007873
21
-4.3577911023622047
0
LINE
8
BLACK
6
CONTINUOUS
10
6.6488903937007873
20
-4.3577911023622047
11
6.6489100393700786
21
-4.3579241338582673
0
LINE
8
BLACK
6
CONTINUOUS
10
6.6489100393700786
20
-4.3579241338582673
11
6.6489323228346455
21
-4.3579778740157478
0
LINE
8
BLACK
6
CONTINUOUS
10
6.6489323228346455
20
-4.3579778740157478
11
6.6489607874015748
21
-4.358267283464567
0
LINE
8
BLACK
6
CONTINUOUS
10
6.6489607874015748
20
-4.358267283464567
11
6.6490033070866144
21
-4.3585545669291337
0
LINE
8
BLACK
6
CONTINUOUS
10
6.6490033070866144
20
-4.3585545669291337
11
6.6489947244094489
21
-4.3586119685039373
0
LINE
8
BLACK
6
CONTINUOUS
10
6.6489947244094489
20
-4.3586119685039373
11
6.6490079527559054
21
-4.3587459448818899
0
LINE
8
BLACK
6
CONTINUOUS
10
6.6490079527559054
20
-4.3587459448818899
11
6.6490079527559054
21
-4.3660575196850395
0
LINE
8
BLACK
6
CONTINUOUS
10
6.6490079527559054
20
-4.3660575196850395
11
6.6489947244094489
21
-4.3661914566929134
0
LINE
8
BLACK
6
CONTINUOUS
10
6.6489947244094489
20
-4.3661914566929134
11
6.6490033070866144
21
-4.3662488976377949
0
LINE
8
BLACK
6
CONTINUOUS
10
6.6490033070866144
20
-4.3662488976377949
11
6.6489607874015748
21
-4.3665361417322837
0
LINE
8
BLACK
6
CONTINUOUS
10
6.6489607874015748
20
-4.3665361417322837
11
6.6489323228346455
21
-4.3668255905511808
0
LINE
8
BLACK
6
CONTINUOUS
10
6.6489323228346455
20
-4.3668255905511808
11
6.6489100393700786
21
-4.3668792913385825
0
LINE
8
BLACK
6
CONTINUOUS
10
6.6489100393700786
20
-4.3668792913385825
11
6.6488903937007873
21
-4.3670123622047239
0
LINE
8
BLACK
6
CONTINUOUS
10
6.6488903937007873
20
-4.3670123622047239
11
6.6464532283464566
21
-4.3767611417322829
0
LINE
8
BLACK
6
CONTINUOUS
10
6.6464532283464566
20
-4.3767611417322829
11
6.6464329921259839
21
-4.3768177165354327
0
LINE
8
BLACK
6
CONTINUOUS
10
6.6464329921259839
20
-4.3768177165354327
11
6.6464309842519684
21
-4.376846181102362
0
LINE
8
BLACK
6
CONTINUOUS
10
6.6464309842519684
20
-4.376846181102362
11
6.6463085826771655
21
-4.3771660236220473
0
LINE
8
BLACK
6
CONTINUOUS
10
6.6463085826771655
20
-4.3771660236220473
11
6.6461935826771654
21
-4.3774879527559056
0
LINE
8
BLACK
6
CONTINUOUS
10
6.6461935826771654
20
-4.3774879527559056
11
6.6461766141732284
21
-4.3775107874015751
0
LINE
8
BLACK
6
CONTINUOUS
10
6.6461766141732284
20
-4.3775107874015751
11
6.6461551574803144
21
-4.3775669685039373
0
LINE
8
BLACK
6
CONTINUOUS
10
6.6461551574803144
20
-4.3775669685039373
11
6.6437179527559049
21
-4.3824413779527562
0
LINE
8
BLACK
6
CONTINUOUS
10
6.6437179527559049
20
-4.3824413779527562
11
6.6435098031496063
21
-4.3827720078740153
0
LINE
8
BLACK
6
CONTINUOUS
10
6.6435098031496063
20
-4.3827720078740153
11
6.6434700787401573
21
-4.3828679921259841
0
LINE
8
BLACK
6
CONTINUOUS
10
6.6434700787401573
20
-4.3828679921259841
11
6.6433814173228347
21
-4.382975984251968
0
LINE
8
BLACK
6
CONTINUOUS
10
6.6433814173228347
20
-4.382975984251968
11
6.6433068110236215
21
-4.3830945669291337
0
LINE
8
BLACK
6
CONTINUOUS
10
6.6433068110236215
20
-4.3830945669291337
11
6.6432281496062995
21
-4.383162755905512
0
LINE
8
BLACK
6
CONTINUOUS
10
6.6432281496062995
20
-4.383162755905512
11
6.6429804724409447
21
-4.3834646062992126
0
LINE
8
BLACK
6
CONTINUOUS
10
6.6429804724409447
20
-4.3834646062992126
11
6.6381060629921258
21
-4.3883390157480315
0
LINE
8
BLACK
6
CONTINUOUS
10
6.6381060629921258
20
-4.3883390157480315
11
6.6375094488188973
21
-4.3888286220472441
0
LINE
8
BLACK
6
CONTINUOUS
10
6.6375094488188973
20
-4.3888286220472441
11
6.6373788188976377
21
-4.3888827165354334
0
LINE
8
BLACK
6
CONTINUOUS
10
6.6373788188976377
20
-4.3888827165354334
11
6.6372718897637792
21
-4.3889754724409444
0
LINE
8
BLACK
6
CONTINUOUS
10
6.6372718897637792
20
-4.3889754724409444
11
6.6365671653543306
21
-4.3892900787401574
0
LINE
8
BLACK
6
CONTINUOUS
10
6.6365671653543306
20
-4.3892900787401574
11
6.6292555511811022
21
-4.3917272440944881
0
LINE
8
BLACK
6
CONTINUOUS
10
6.6292555511811022
20
-4.3917272440944881
11
6.6288748031496061
21
-4.3918138188976377
0
LINE
8
BLACK
6
CONTINUOUS
10
6.6288748031496061
20
-4.3918138188976377
11
6.6287786614173223
21
-4.3918536614173229
0
LINE
8
BLACK
6
CONTINUOUS
10
6.6287786614173223
20
-4.3918536614173229
11
6.6286392913385823
21
-4.3918673622047244
0
LINE
8
BLACK
6
CONTINUOUS
10
6.6286392913385823
20
-4.3918673622047244
11
6.6285029921259842
21
-4.3918983858267717
0
LINE
8
BLACK
6
CONTINUOUS
10
6.6285029921259842
20
-4.3918983858267717
11
6.6283992913385825
21
-4.391890984251968
0
LINE
8
BLACK
6
CONTINUOUS
10
6.6283992913385825
20
-4.391890984251968
11
6.628010590551181
21
-4.3919292913385828
0
LINE
8
BLACK
6
CONTINUOUS
10
6.628010590551181
20
-4.3919292913385828
11
6.6158246062992125
21
-4.3919292913385828
0
LINE
8
BLACK
6
CONTINUOUS
10
6.6158246062992125
20
-4.3919292913385828
11
6.6150565354330704
21
-4.3918536614173229
0
LINE
8
BLACK
6
CONTINUOUS
10
6.6150565354330704
20
-4.3918536614173229
11
6.6136373228346459
21
-4.3912657874015748
0
LINE
8
BLACK
6
CONTINUOUS
10
6.6136373228346459
20
-4.3912657874015748
11
6.6125511023622048
21
-4.3901795669291337
0
LINE
8
BLACK
6
CONTINUOUS
10
6.6125511023622048
20
-4.3901795669291337
11
6.6119632283464567
21
-4.3887603543307083
0
LINE
8
BLACK
6
CONTINUOUS
10
6.6119632283464567
20
-4.3887603543307083
11
6.6118875984251968
21
-4.387992283464567
0
LINE
8
BLACK
6
CONTINUOUS
10
6.6118875984251968
20
-4.387992283464567
11
6.6118875984251968
21
-4.3368111811023624
0
LINE
8
BLACK
6
CONTINUOUS
10
6.6118875984251968
20
-4.3368111811023624
11
6.6119632283464567
21
-4.3360431102362202
0
LINE
8
BLACK
6
CONTINUOUS
10
6.6119632283464567
20
-4.3360431102362202
11
6.6125511023622048
21
-4.3346238976377949
0
LINE
8
BLACK
6
CONTINUOUS
10
6.6125511023622048
20
-4.3346238976377949
11
6.6136373228346459
21
-4.3335376771653547
0
LINE
8
BLACK
6
CONTINUOUS
10
6.6136373228346459
20
-4.3335376771653547
11
6.6150565354330704
21
-4.3329498031496065
0
LINE
8
BLACK
6
CONTINUOUS
10
6.6150565354330704
20
-4.3329498031496065
11
6.6158246062992125
21
-4.3328741732283467
0
LINE
8
BLACK
6
CONTINUOUS
10
6.6158246062992125
20
-4.3328741732283467
11
6.628010590551181
21
-4.3328741732283467
0
LINE
8
BLACK
6
CONTINUOUS
10
6.628010590551181
20
-4.3328741732283467
11
6.6283992913385825
21
-4.3329124409448818
0
LINE
8
BLACK
6
CONTINUOUS
10
6.6197616141732283
20
-4.3840552755905513
11
6.627371771653543
21
-4.3840552755905513
0
LINE
8
BLACK
6
CONTINUOUS
10
6.627371771653543
20
-4.3840552755905513
11
6.633195433070866
21
-4.3821140157480318
0
LINE
8
BLACK
6
CONTINUOUS
10
6.633195433070866
20
-4.3821140157480318
11
6.6369609055118106
21
-4.3783485433070863
0
LINE
8
BLACK
6
CONTINUOUS
10
6.6369609055118106
20
-4.3783485433070863
11
6.6389191732283459
21
-4.3744320078740158
0
LINE
8
BLACK
6
CONTINUOUS
10
6.6389191732283459
20
-4.3744320078740158
11
6.6411339370078739
21
-4.365572874015748
0
LINE
8
BLACK
6
CONTINUOUS
10
6.6411339370078739
20
-4.365572874015748
11
6.6411339370078739
21
-4.3592305511811027
0
LINE
8
BLACK
6
CONTINUOUS
10
6.6411339370078739
20
-4.3592305511811027
11
6.6389191732283459
21
-4.3503714173228349
0
LINE
8
BLACK
6
CONTINUOUS
10
6.6389191732283459
20
-4.3503714173228349
11
6.6369609055118106
21
-4.3464549212598422
0
LINE
8
BLACK
6
CONTINUOUS
10
6.6369609055118106
20
-4.3464549212598422
11
6.6331953937007873
21
-4.3426894094488189
0
LINE
8
BLACK
6
CONTINUOUS
10
6.6331953937007873
20
-4.3426894094488189
11
6.6273717322834642
21
-4.3407481889763782
0
LINE
8
BLACK
6
CONTINUOUS
10
6.6273717322834642
20
-4.3407481889763782
11
6.6197616141732283
21
-4.3407481889763782
0
LINE
8
BLACK
6
CONTINUOUS
10
6.6197616141732283
20
-4.3407481889763782
11
6.6197616141732283
21
-4.3840552755905513
0
LINE
8
BLACK
6
CONTINUOUS
10
6.5627233858267715
20
-4.3329498031496065
11
6.5629743700787397
21
-4.3329498031496065
0
LINE
8
BLACK
6
CONTINUOUS
10
6.5629743700787397
20
-4.3329498031496065
11
6.5634582283464562
21
-4.3331502362204724
0
LINE
8
BLACK
6
CONTINUOUS
10
6.5634582283464562
20
-4.3331502362204724
11
6.5639633070866141
21
-4.3332879921259844
0
LINE
8
BLACK
6
CONTINUOUS
10
6.5639633070866141
20
-4.3332879921259844
11
6.5641616535433069
21
-4.3334416141732284
0
LINE
8
BLACK
6
CONTINUOUS
10
6.5641616535433069
20
-4.3334416141732284
11
6.5643935826771651
21
-4.3335376771653547
0
LINE
8
BLACK
6
CONTINUOUS
10
6.5643935826771651
20
-4.3335376771653547
11
6.5647638582677166
21
-4.3339079527559052
0
LINE
8
BLACK
6
CONTINUOUS
10
6.5647638582677166
20
-4.3339079527559052
11
6.5651778346456693
21
-4.3342285433070868
0
LINE
8
BLACK
6
CONTINUOUS
10
6.5651778346456693
20
-4.3342285433070868
11
6.5654062992125981
21
-4.3345503937007877
0
LINE
8
BLACK
6
CONTINUOUS
10
6.5654062992125981
20
-4.3345503937007877
11
6.5654798031496062
21
-4.3346238976377949
0
LINE
8
BLACK
6
CONTINUOUS
10
6.5654798031496062
20
-4.3346238976377949
11
6.565509645669291
21
-4.3346960236220475
0
LINE
8
BLACK
6
CONTINUOUS
10
6.565509645669291
20
-4.3346960236220475
11
6.5656245669291335
21
-4.3348578740157482
0
LINE
8
BLACK
6
CONTINUOUS
10
6.5656245669291335
20
-4.3348578740157482
11
6.5875156299212598
21
-4.3731672047244095
0
LINE
8
BLACK
6
CONTINUOUS
10
6.5875156299212598
20
-4.3731672047244095
11
6.5875156299212598
21
-4.3368111811023624
0
LINE
8
BLACK
6
CONTINUOUS
10
6.5875156299212598
20
-4.3368111811023624
11
6.5875912598425197
21
-4.3360431102362202
0
LINE
8
BLACK
6
CONTINUOUS
10
6.5875912598425197
20
-4.3360431102362202
11
6.5881791338582678
21
-4.3346238976377949
0
LINE
8
BLACK
6
CONTINUOUS
10
6.5881791338582678
20
-4.3346238976377949
11
6.5892653543307089
21
-4.3335376771653547
0
LINE
8
BLACK
6
CONTINUOUS
10
6.5892653543307089
20
-4.3335376771653547
11
6.5906845669291334
21
-4.3329498031496065
0
LINE
8
BLACK
6
CONTINUOUS
10
6.5906845669291334
20
-4.3329498031496065
11
6.5922207086614169
21
-4.3329498031496065
0
LINE
8
BLACK
6
CONTINUOUS
10
6.5922207086614169
20
-4.3329498031496065
11
6.5936399212598422
21
-4.3335376771653547
0
LINE
8
BLACK
6
CONTINUOUS
10
6.5936399212598422
20
-4.3335376771653547
11
6.5947261417322833
21
-4.3346238976377949
0
LINE
8
BLACK
6
CONTINUOUS
10
6.5947261417322833
20
-4.3346238976377949
11
6.5953140157480314
21
-4.3360431102362202
0
LINE
8
BLACK
6
CONTINUOUS
10
6.5953140157480314
20
-4.3360431102362202
11
6.5953896456692913
21
-4.3368111811023624
0
LINE
8
BLACK
6
CONTINUOUS
10
6.5953896456692913
20
-4.3368111811023624
11
6.5953896456692913
21
-4.387992283464567
0
LINE
8
BLACK
6
CONTINUOUS
10
6.5953896456692913
20
-4.387992283464567
11
6.595370157480315
21
-4.388189803149606
0
LINE
8
BLACK
6
CONTINUOUS
10
6.595370157480315
20
-4.388189803149606
11
6.5953800393700783
21
-4.3882672440944877
0
LINE
8
BLACK
6
CONTINUOUS
10
6.5953800393700783
20
-4.3882672440944877
11
6.5953526771653541
21
-4.3883674409448821
0
LINE
8
BLACK
6
CONTINUOUS
10
6.5953526771653541
20
-4.3883674409448821
11
6.5953140157480314
21
-4.3887603543307083
0
LINE
8
BLACK
6
CONTINUOUS
10
6.5953140157480314
20
-4.3887603543307083
11
6.5951135433070869
21
-4.3892442519685035
0
LINE
8
BLACK
6
CONTINUOUS
10
6.5951135433070869
20
-4.3892442519685035
11
6.5949758267716536
21
-4.3897492913385827
0
LINE
8
BLACK
6
CONTINUOUS
10
6.5949758267716536
20
-4.3897492913385827
11
6.5948221653543309
21
-4.3899476377952755
0
LINE
8
BLACK
6
CONTINUOUS
10
6.5948221653543309
20
-4.3899476377952755
11
6.5947261417322833
21
-4.3901795669291337
0
LINE
8
BLACK
6
CONTINUOUS
10
6.5947261417322833
20
-4.3901795669291337
11
6.5943558267716531
21
-4.3905498425196852
0
LINE
8
BLACK
6
CONTINUOUS
10
6.5943558267716531
20
-4.3905498425196852
11
6.5940352755905511
21
-4.3909638188976379
0
LINE
8
BLACK
6
CONTINUOUS
10
6.5940352755905511
20
-4.3909638188976379
11
6.5938173622047245
21
-4.3910883070866138
0
LINE
8
BLACK
6
CONTINUOUS
10
6.5938173622047245
20
-4.3910883070866138
11
6.5936399212598422
21
-4.3912657874015748
0
LINE
8
BLACK
6
CONTINUOUS
10
6.5936399212598422
20
-4.3912657874015748
11
6.5931560629921258
21
-4.3914661811023619
0
LINE
8
BLACK
6
CONTINUOUS
10
6.5931560629921258
20
-4.3914661811023619
11
6.5927015354330711
21
-4.3917259448818893
0
LINE
8
BLACK
6
CONTINUOUS
10
6.5927015354330711
20
-4.3917259448818893
11
6.592452637795275
21
-4.3917575590551179
0
LINE
8
BLACK
6
CONTINUOUS
10
6.592452637795275
20
-4.3917575590551179
11
6.5922207086614169
21
-4.3918536614173229
0
LINE
8
BLACK
6
CONTINUOUS
10
6.5922207086614169
20
-4.3918536614173229
11
6.5916967716535435
21
-4.3918536614173229
0
LINE
8
BLACK
6
CONTINUOUS
10
6.5916967716535435
20
-4.3918536614173229
11
6.5911776377952753
21
-4.3919196456692911
0
LINE
8
BLACK
6
CONTINUOUS
10
6.5911776377952753
20
-4.3919196456692911
11
6.5909357086614175
21
-4.3918536614173229
0
LINE
8
BLACK
6
CONTINUOUS
10
6.5909357086614175
20
-4.3918536614173229
11
6.5906845669291334
21
-4.3918536614173229
0
LINE
8
BLACK
6
CONTINUOUS
10
6.5906845669291334
20
-4.3918536614173229
11
6.5902005511811019
21
-4.3916531496062987
0
LINE
8
BLACK
6
CONTINUOUS
10
6.5902005511811019
20
-4.3916531496062987
11
6.5896956299212599
21
-4.3915154724409451
0
LINE
8
BLACK
6
CONTINUOUS
10
6.5896956299212599
20
-4.3915154724409451
11
6.5894972440944883
21
-4.3913618110236223
0
LINE
8
BLACK
6
CONTINUOUS
10
6.5894972440944883
20
-4.3913618110236223
11
6.5892653543307089
21
-4.3912657874015748
0
LINE
8
BLACK
6
CONTINUOUS
10
6.5892653543307089
20
-4.3912657874015748
11
6.5888950393700787
21
-4.3908954724409446
0
LINE
8
BLACK
6
CONTINUOUS
10
6.5888950393700787
20
-4.3908954724409446
11
6.5884811023622047
21
-4.3905749212598426
0
LINE
8
BLACK
6
CONTINUOUS
10
6.5884811023622047
20
-4.3905749212598426
11
6.5882525590551175
21
-4.3902529921259843
0
LINE
8
BLACK
6
CONTINUOUS
10
6.5882525590551175
20
-4.3902529921259843
11
6.5881791338582678
21
-4.3901795669291337
0
LINE
8
BLACK
6
CONTINUOUS
10
6.5881791338582678
20
-4.3901795669291337
11
6.5881492913385822
21
-4.3901075196850394
0
LINE
8
BLACK
6
CONTINUOUS
10
6.5881492913385822
20
-4.3901075196850394
11
6.5880343307086608
21
-4.3899455905511813
0
LINE
8
BLACK
6
CONTINUOUS
10
6.5880343307086608
20
-4.3899455905511813
11
6.5661433070866142
21
-4.3516362204724413
0
LINE
8
BLACK
6
CONTINUOUS
10
6.5661433070866142
20
-4.3516362204724413
11
6.5661433070866142
21
-4.387992283464567
0
LINE
8
BLACK
6
CONTINUOUS
10
6.5661433070866142
20
-4.387992283464567
11
6.5660676771653543
21
-4.3887603543307083
0
LINE
8
BLACK
6
CONTINUOUS
10
6.5660676771653543
20
-4.3887603543307083
11
6.5654798031496062
21
-4.3901795669291337
0
LINE
8
BLACK
6
CONTINUOUS
10
6.5654798031496062
20
-4.3901795669291337
11
6.5643935826771651
21
-4.3912657874015748
0
LINE
8
BLACK
6
CONTINUOUS
10
6.5643935826771651
20
-4.3912657874015748
11
6.5629743700787397
21
-4.3918536614173229
0
LINE
8
BLACK
6
CONTINUOUS
10
6.5629743700787397
20
-4.3918536614173229
11
6.5614382283464563
21
-4.3918536614173229
0
LINE
8
BLACK
6
CONTINUOUS
10
6.5614382283464563
20
-4.3918536614173229
11
6.5600190157480309
21
-4.3912657874015748
0
LINE
8
BLACK
6
CONTINUOUS
10
6.5600190157480309
20
-4.3912657874015748
11
6.5589327952755907
21
-4.3901795669291337
0
LINE
8
BLACK
6
CONTINUOUS
10
6.5589327952755907
20
-4.3901795669291337
11
6.5583449212598426
21
-4.3887603543307083
0
LINE
8
BLACK
6
CONTINUOUS
10
6.5583449212598426
20
-4.3887603543307083
11
6.5582692913385827
21
-4.387992283464567
0
LINE
8
BLACK
6
CONTINUOUS
10
6.5582692913385827
20
-4.387992283464567
11
6.5582692913385827
21
-4.3368111811023624
0
LINE
8
BLACK
6
CONTINUOUS
10
6.5582692913385827
20
-4.3368111811023624
11
6.5582887401574803
21
-4.3366136220472438
0
LINE
8
BLACK
6
CONTINUOUS
10
6.5582887401574803
20
-4.3366136220472438
11
6.5582788976377948
21
-4.3365361811023622
0
LINE
8
BLACK
6
CONTINUOUS
10
6.5582788976377948
20
-4.3365361811023622
11
6.5583062204724412
21
-4.3364359055118111
0
LINE
8
BLACK
6
CONTINUOUS
10
6.5583062204724412
20
-4.3364359055118111
11
6.5583449212598426
21
-4.3360431102362202
0
LINE
8
BLACK
6
CONTINUOUS
10
6.5583449212598426
20
-4.3360431102362202
11
6.5585453543307084
21
-4.335559212598425
0
LINE
8
BLACK
6
CONTINUOUS
10
6.5585453543307084
20
-4.335559212598425
11
6.5586831102362204
21
-4.3350541732283467
0
LINE
8
BLACK
6
CONTINUOUS
10
6.5586831102362204
20
-4.3350541732283467
11
6.5588367322834644
21
-4.3348557874015743
0
LINE
8
BLACK
6
CONTINUOUS
10
6.5588367322834644
20
-4.3348557874015743
11
6.5589327952755907
21
-4.3346238976377949
0
LINE
8
BLACK
6
CONTINUOUS
10
6.5589327952755907
20
-4.3346238976377949
11
6.5593030708661413
21
-4.3342535826771655
0
LINE
8
BLACK
6
CONTINUOUS
10
6.5593030708661413
20
-4.3342535826771655
11
6.5596236614173229
21
-4.3338396456692916
0
LINE
8
BLACK
6
CONTINUOUS
10
6.5596236614173229
20
-4.3338396456692916
11
6.5598415354330708
21
-4.333715118110236
0
LINE
8
BLACK
6
CONTINUOUS
10
6.5598415354330708
20
-4.333715118110236
11
6.5600190157480309
21
-4.3335376771653547
0
LINE
8
BLACK
6
CONTINUOUS
10
6.5600190157480309
20
-4.3335376771653547
11
6.5605026771653545
21
-4.3333373228346455
0
LINE
8
BLACK
6
CONTINUOUS
10
6.5605026771653545
20
-4.3333373228346455
11
6.5609574015748029
21
-4.3330774803149605
0
LINE
8
BLACK
6
CONTINUOUS
10
6.5609574015748029
20
-4.3330774803149605
11
6.5612063779527556
21
-4.3330458267716532
0
LINE
8
BLACK
6
CONTINUOUS
10
6.5612063779527556
20
-4.3330458267716532
11
6.5614382283464563
21
-4.3329498031496065
0
LINE
8
BLACK
6
CONTINUOUS
10
6.5614382283464563
20
-4.3329498031496065
11
6.5619618897637793
21
-4.3329498031496065
0
LINE
8
BLACK
6
CONTINUOUS
10
6.5619618897637793
20
-4.3329498031496065
11
6.5624812992125987
21
-4.3328837795275588
0
LINE
8
BLACK
6
CONTINUOUS
10
6.5624812992125987
20
-4.3328837795275588
11
6.5627233858267715
21
-4.3329498031496065
0
LINE
8
BLACK
6
CONTINUOUS
10
6.6616404724409444
20
-4.2222692913385824
11
6.6624551181102358
21
-4.2230839370078739
0
LINE
8
BLACK
6
CONTINUOUS
10
6.6624551181102358
20
-4.2230839370078739
11
6.6628960236220474
21
-4.2241483464566931
0
LINE
8
BLACK
6
CONTINUOUS
10
6.6628960236220474
20
-4.2241483464566931
11
6.6629527559055113
21
-4.224724409448819
0
LINE
8
BLACK
6
CONTINUOUS
10
6.6629527559055113
20
-4.224724409448819
11
6.6629527559055113
21
-4.3117716535433068
0
LINE
8
BLACK
6
CONTINUOUS
10
6.6629527559055113
20
-4.3117716535433068
11
6.8570472440944883
21
-4.3117716535433068
0
LINE
8
BLACK
6
CONTINUOUS
10
6.8570472440944883
20
-4.3117716535433068
11
6.8570472440944883
21
-4.224724409448819
0
LINE
8
BLACK
6
CONTINUOUS
10
6.8570472440944883
20
-4.224724409448819
11
6.8571039763779522
21
-4.2241483464566931
0
LINE
8
BLACK
6
CONTINUOUS
10
6.8571039763779522
20
-4.2241483464566931
11
6.8575448818897637
21
-4.2230839370078739
0
LINE
8
BLACK
6
CONTINUOUS
10
6.8575448818897637
20
-4.2230839370078739
11
6.8583595275590552
21
-4.2222692913385824
0
LINE
8
BLACK
6
CONTINUOUS
10
6.8583595275590552
20
-4.2222692913385824
11
6.8594239370078736
21
-4.2218283858267718
0
LINE
8
BLACK
6
CONTINUOUS
10
6.8594239370078736
20
-4.2218283858267718
11
6.8605760629921262
21
-4.2218283858267718
0
LINE
8
BLACK
6
CONTINUOUS
10
6.8605760629921262
20
-4.2218283858267718
11
6.8616404724409445
21
-4.2222692913385824
0
LINE
8
BLACK
6
CONTINUOUS
10
6.8616404724409445
20
-4.2222692913385824
11
6.862455118110236
21
-4.2230839370078739
0
LINE
8
BLACK
6
CONTINUOUS
10
6.862455118110236
20
-4.2230839370078739
11
6.8628960236220466
21
-4.2241483464566931
0
LINE
8
BLACK
6
CONTINUOUS
10
6.8628960236220466
20
-4.2241483464566931
11
6.8629527559055115
21
-4.224724409448819
0
LINE
8
BLACK
6
CONTINUOUS
10
6.8629527559055115
20
-4.224724409448819
11
6.8629527559055115
21
-4.3147244094488189
0
LINE
8
BLACK
6
CONTINUOUS
10
6.8629527559055115
20
-4.3147244094488189
11
6.8628960236220466
21
-4.3153004724409447
0
LINE
8
BLACK
6
CONTINUOUS
10
6.8628960236220466
20
-4.3153004724409447
11
6.862455118110236
21
-4.316364881889764
0
LINE
8
BLACK
6
CONTINUOUS
10
6.862455118110236
20
-4.316364881889764
11
6.8616404724409445
21
-4.3171795275590554
0
LINE
8
BLACK
6
CONTINUOUS
10
6.8616404724409445
20
-4.3171795275590554
11
6.8605760629921262
21
-4.3176204330708661
0
LINE
8
BLACK
6
CONTINUOUS
10
6.8605760629921262
20
-4.3176204330708661
11
6.8599999999999994
21
-4.3176771653543309
0
LINE
8
BLACK
6
CONTINUOUS
10
6.8599999999999994
20
-4.3176771653543309
11
6.6600000000000001
21
-4.3176771653543309
0
LINE
8
BLACK
6
CONTINUOUS
10
6.6600000000000001
20
-4.3176771653543309
11
6.6594239370078743
21
-4.3176204330708661
0
LINE
8
BLACK
6
CONTINUOUS
10
6.6594239370078743
20
-4.3176204330708661
11
6.658359527559055
21
-4.3171795275590554
0
LINE
8
BLACK
6
CONTINUOUS
10
6.658359527559055
20
-4.3171795275590554
11
6.6575448818897636
21
-4.316364881889764
0
LINE
8
BLACK
6
CONTINUOUS
10
6.6575448818897636
20
-4.316364881889764
11
6.6571039763779529
21
-4.3153004724409447
0
LINE
8
BLACK
6
CONTINUOUS
10
6.6571039763779529
20
-4.3153004724409447
11
6.6570472440944881
21
-4.3147244094488189
0
LINE
8
BLACK
6
CONTINUOUS
10
6.6570472440944881
20
-4.3147244094488189
11
6.6570472440944881
21
-4.224724409448819
0
LINE
8
BLACK
6
CONTINUOUS
10
6.6570472440944881
20
-4.224724409448819
11
6.6571039763779529
21
-4.2241483464566931
0
LINE
8
BLACK
6
CONTINUOUS
10
6.6571039763779529
20
-4.2241483464566931
11
6.6575448818897636
21
-4.2230839370078739
0
LINE
8
BLACK
6
CONTINUOUS
10
6.6575448818897636
20
-4.2230839370078739
11
6.658359527559055
21
-4.2222692913385824
0
LINE
8
BLACK
6
CONTINUOUS
10
6.658359527559055
20
-4.2222692913385824
11
6.6594239370078743
21
-4.2218283858267718
0
LINE
8
BLACK
6
CONTINUOUS
10
6.6594239370078743
20
-4.2218283858267718
11
6.660576062992126
21
-4.2218283858267718
0
LINE
8
BLACK
6
CONTINUOUS
10
6.660576062992126
20
-4.2218283858267718
11
6.6616404724409444
21
-4.2222692913385824
0
LINE
8
BLACK
6
CONTINUOUS
10
4.8909697637795277
20
-4.2996236614173231
11
4.8920341732283461
21
-4.3000645669291337
0
LINE
8
BLACK
6
CONTINUOUS
10
4.8920341732283461
20
-4.3000645669291337
11
4.8928488188976376
21
-4.3008792125984252
0
LINE
8
BLACK
6
CONTINUOUS
10
4.8928488188976376
20
-4.3008792125984252
11
4.8932897244094491
21
-4.3019436220472436
0
LINE
8
BLACK
6
CONTINUOUS
10
4.8932897244094491
20
-4.3019436220472436
11
4.8932897244094491
21
-4.3030957480314962
0
LINE
8
BLACK
6
CONTINUOUS
10
4.8932897244094491
20
-4.3030957480314962
11
4.8928488188976376
21
-4.3041601574803146
0
LINE
8
BLACK
6
CONTINUOUS
10
4.8928488188976376
20
-4.3041601574803146
11
4.8920341732283461
21
-4.304974803149606
0
LINE
8
BLACK
6
CONTINUOUS
10
4.8920341732283461
20
-4.304974803149606
11
4.8909697637795277
21
-4.3054157086614175
0
LINE
8
BLACK
6
CONTINUOUS
10
4.8909697637795277
20
-4.3054157086614175
11
4.8903937007874019
21
-4.3054724409448815
0
LINE
8
BLACK
6
CONTINUOUS
10
4.8903937007874019
20
-4.3054724409448815
11
4.7801574803149602
21
-4.3054724409448815
0
LINE
8
BLACK
6
CONTINUOUS
10
4.7801574803149602
20
-4.3054724409448815
11
4.7795814173228344
21
-4.3054157086614175
0
LINE
8
BLACK
6
CONTINUOUS
10
4.7795814173228344
20
-4.3054157086614175
11
4.778517007874016
21
-4.304974803149606
0
LINE
8
BLACK
6
CONTINUOUS
10
4.778517007874016
20
-4.304974803149606
11
4.7777023622047246
21
-4.3041601574803146
0
LINE
8
BLACK
6
CONTINUOUS
10
4.7777023622047246
20
-4.3041601574803146
11
4.777261456692913
21
-4.3030957480314962
0
LINE
8
BLACK
6
CONTINUOUS
10
4.777261456692913
20
-4.3030957480314962
11
4.777261456692913
21
-4.3019436220472436
0
LINE
8
BLACK
6
CONTINUOUS
10
4.777261456692913
20
-4.3019436220472436
11
4.7777023622047246
21
-4.3008792125984252
0
LINE
8
BLACK
6
CONTINUOUS
10
4.7777023622047246
20
-4.3008792125984252
11
4.778517007874016
21
-4.3000645669291337
0
LINE
8
BLACK
6
CONTINUOUS
10
4.778517007874016
20
-4.3000645669291337
11
4.7795814173228344
21
-4.2996236614173231
0
LINE
8
BLACK
6
CONTINUOUS
10
4.7795814173228344
20
-4.2996236614173231
11
4.7801574803149602
21
-4.2995669291338583
0
LINE
8
BLACK
6
CONTINUOUS
10
4.7801574803149602
20
-4.2995669291338583
11
4.8903937007874019
21
-4.2995669291338583
0
LINE
8
BLACK
6
CONTINUOUS
10
4.8903937007874019
20
-4.2995669291338583
11
4.8909697637795277
21
-4.2996236614173231
0
LINE
8
BLACK
6
CONTINUOUS
10
5.4016211023622045
20
-4.2400126377952754
11
5.4027073228346456
21
-4.2410988582677165
0
LINE
8
BLACK
6
CONTINUOUS
10
5.4027073228346456
20
-4.2410988582677165
11
5.4032951968503937
21
-4.2425180708661419
0
LINE
8
BLACK
6
CONTINUOUS
10
5.4032951968503937
20
-4.2425180708661419
11
5.4033708267716536
21
-4.2432861417322831
0
LINE
8
BLACK
6
CONTINUOUS
10
5.4033708267716536
20
-4.2432861417322831
11
5.4033708267716536
21
-4.2837890551181097
0
LINE
8
BLACK
6
CONTINUOUS
10
5.4033708267716536
20
-4.2837890551181097
11
5.4051066535433065
21
-4.2872607086614174
0
LINE
8
BLACK
6
CONTINUOUS
10
5.4051066535433065
20
-4.2872607086614174
11
5.4066403543307082
21
-4.2887944094488191
0
LINE
8
BLACK
6
CONTINUOUS
10
5.4066403543307082
20
-4.2887944094488191
11
5.4101120078740159
21
-4.290530236220472
0
LINE
8
BLACK
6
CONTINUOUS
10
5.4101120078740159
20
-4.290530236220472
11
5.4180019685039369
21
-4.290530236220472
0
LINE
8
BLACK
6
CONTINUOUS
10
5.4180019685039369
20
-4.290530236220472
11
5.4214736220472437
21
-4.2887944094488191
0
LINE
8
BLACK
6
CONTINUOUS
10
5.4214736220472437
20
-4.2887944094488191
11
5.4230073228346454
21
-4.2872607086614174
0
LINE
8
BLACK
6
CONTINUOUS
10
5.4230073228346454
20
-4.2872607086614174
11
5.4247431496062992
21
-4.2837890944881885
0
LINE
8
BLACK
6
CONTINUOUS
10
5.4247431496062992
20
-4.2837890944881885
11
5.4247431496062992
21
-4.2432861417322831
0
LINE
8
BLACK
6
CONTINUOUS
10
5.4247431496062992
20
-4.2432861417322831
11
5.4248187795275591
21
-4.2425180708661419
0
LINE
8
BLACK
6
CONTINUOUS
10
5.4248187795275591
20
-4.2425180708661419
11
5.4254066535433072
21
-4.2410988582677165
0
LINE
8
BLACK
6
CONTINUOUS
10
5.4254066535433072
20
-4.2410988582677165
11
5.4264928740157483
21
-4.2400126377952754
0
LINE
8
BLACK
6
CONTINUOUS
10
5.4264928740157483
20
-4.2400126377952754
11
5.4279120866141728
21
-4.2394247637795273
0
LINE
8
BLACK
6
CONTINUOUS
10
5.4279120866141728
20
-4.2394247637795273
11
5.4294482283464562
21
-4.2394247637795273
0
LINE
8
BLACK
6
CONTINUOUS
10
5.4294482283464562
20
-4.2394247637795273
11
5.4308674409448816
21
-4.2400126377952754
0
LINE
8
BLACK
6
CONTINUOUS
10
5.4308674409448816
20
-4.2400126377952754
11
5.4319536614173227
21
-4.2410988582677165
0
LINE
8
BLACK
6
CONTINUOUS
10
5.4319536614173227
20
-4.2410988582677165
11
5.4325415354330708
21
-4.2425180708661419
0
LINE
8
BLACK
6
CONTINUOUS
10
5.4325415354330708
20
-4.2425180708661419
11
5.4326171653543307
21
-4.2432861417322831
0
LINE
8
BLACK
6
CONTINUOUS
10
5.4326171653543307
20
-4.2432861417322831
11
5.4326171653543307
21
-4.2847184645669287
0
LINE
8
BLACK
6
CONTINUOUS
10
5.4326171653543307
20
-4.2847184645669287
11
5.4325415354330708
21
-4.2854865354330709
0
LINE
8
BLACK
6
CONTINUOUS
10
5.4325415354330708
20
-4.2854865354330709
11
5.4324873622047241
21
-4.285617244094488
0
LINE
8
BLACK
6
CONTINUOUS
10
5.4324873622047241
20
-4.285617244094488
11
5.4324773622047244
21
-4.2857583464566931
0
LINE
8
BLACK
6
CONTINUOUS
10
5.4324773622047244
20
-4.2857583464566931
11
5.4322015354330704
21
-4.2864791338582675
0
LINE
8
BLACK
6
CONTINUOUS
10
5.4322015354330704
20
-4.2864791338582675
11
5.4297643700787397
21
-4.2913535433070864
0
LINE
8
BLACK
6
CONTINUOUS
10
5.4297643700787397
20
-4.2913535433070864
11
5.4295562598425198
21
-4.2916840944881889
0
LINE
8
BLACK
6
CONTINUOUS
10
5.4295562598425198
20
-4.2916840944881889
11
5.429516496062992
21
-4.2917801574803152
0
LINE
8
BLACK
6
CONTINUOUS
10
5.429516496062992
20
-4.2917801574803152
11
5.429427755905512
21
-4.2918882677165353
0
LINE
8
BLACK
6
CONTINUOUS
10
5.429427755905512
20
-4.2918882677165353
11
5.4293532283464563
21
-4.292006692913386
0
LINE
8
BLACK
6
CONTINUOUS
10
5.4293532283464563
20
-4.292006692913386
11
5.4292746850393696
21
-4.2920748031496059
0
LINE
8
BLACK
6
CONTINUOUS
10
5.4292746850393696
20
-4.2920748031496059
11
5.4290268897637795
21
-4.2923767716535428
0
LINE
8
BLACK
6
CONTINUOUS
10
5.4290268897637795
20
-4.2923767716535428
11
5.42658968503937
21
-4.2948139763779523
0
LINE
8
BLACK
6
CONTINUOUS
10
5.42658968503937
20
-4.2948139763779523
11
5.4262877165354331
21
-4.2950617716535433
0
LINE
8
BLACK
6
CONTINUOUS
10
5.4262877165354331
20
-4.2950617716535433
11
5.4262196062992123
21
-4.29514031496063
0
LINE
8
BLACK
6
CONTINUOUS
10
5.4262196062992123
20
-4.29514031496063
11
5.4261011811023625
21
-4.295214803149606
0
LINE
8
BLACK
6
CONTINUOUS
10
5.4261011811023625
20
-4.295214803149606
11
5.4259930708661415
21
-4.2953035826771648
0
LINE
8
BLACK
6
CONTINUOUS
10
5.4259930708661415
20
-4.2953035826771648
11
5.4258969685039373
21
-4.2953433464566926
0
LINE
8
BLACK
6
CONTINUOUS
10
5.4258969685039373
20
-4.2953433464566926
11
5.4255664173228348
21
-4.2955514566929134
0
LINE
8
BLACK
6
CONTINUOUS
10
5.4255664173228348
20
-4.2955514566929134
11
5.4206920472440947
21
-4.2979886220472441
0
LINE
8
BLACK
6
CONTINUOUS
10
5.4206920472440947
20
-4.2979886220472441
11
5.4199712204724406
21
-4.2982644488188972
0
LINE
8
BLACK
6
CONTINUOUS
10
5.4199712204724406
20
-4.2982644488188972
11
5.4198301574803152
21
-4.2982744488188978
0
LINE
8
BLACK
6
CONTINUOUS
10
5.4198301574803152
20
-4.2982744488188978
11
5.4196994488188972
21
-4.2983286220472436
0
LINE
8
BLACK
6
CONTINUOUS
10
5.4196994488188972
20
-4.2983286220472436
11
5.4189313779527559
21
-4.2984042519685035
0
LINE
8
BLACK
6
CONTINUOUS
10
5.4189313779527559
20
-4.2984042519685035
11
5.4091825984251969
21
-4.2984042519685035
0
LINE
8
BLACK
6
CONTINUOUS
10
5.4091825984251969
20
-4.2984042519685035
11
5.4084145275590547
21
-4.2983286220472436
0
LINE
8
BLACK
6
CONTINUOUS
10
5.4084145275590547
20
-4.2983286220472436
11
5.4082837795275589
21
-4.2982744488188978
0
LINE
8
BLACK
6
CONTINUOUS
10
5.4082837795275589
20
-4.2982744488188978
11
5.4081427165354325
21
-4.2982644488188972
0
LINE
8
BLACK
6
CONTINUOUS
10
5.4081427165354325
20
-4.2982644488188972
11
5.4074219291338581
21
-4.2979886220472441
0
LINE
8
BLACK
6
CONTINUOUS
10
5.4074219291338581
20
-4.2979886220472441
11
5.402547559055118
21
-4.2955514566929134
0
LINE
8
BLACK
6
CONTINUOUS
10
5.402547559055118
20
-4.2955514566929134
11
5.4022169685039367
21
-4.2953433464566926
0
LINE
8
BLACK
6
CONTINUOUS
10
5.4022169685039367
20
-4.2953433464566926
11
5.4021209448818892
21
-4.2953035826771648
0
LINE
8
BLACK
6
CONTINUOUS
10
5.4021209448818892
20
-4.2953035826771648
11
5.4020127952755903
21
-4.2952148425196848
0
LINE
8
BLACK
6
CONTINUOUS
10
5.4020127952755903
20
-4.2952148425196848
11
5.4018944094488184
21
-4.29514031496063
0
LINE
8
BLACK
6
CONTINUOUS
10
5.4018944094488184
20
-4.29514031496063
11
5.4018262992125985
21
-4.2950617716535433
0
LINE
8
BLACK
6
CONTINUOUS
10
5.4018262992125985
20
-4.2950617716535433
11
5.4015243307086616
21
-4.2948139763779523
0
LINE
8
BLACK
6
CONTINUOUS
10
5.4015243307086616
20
-4.2948139763779523
11
5.3990871259842521
21
-4.2923767716535428
0
LINE
8
BLACK
6
CONTINUOUS
10
5.3990871259842521
20
-4.2923767716535428
11
5.3988394094488186
21
-4.2920749212598421
0
LINE
8
BLACK
6
CONTINUOUS
10
5.3988394094488186
20
-4.2920749212598421
11
5.3987607874015744
21
-4.2920067322834647
0
LINE
8
BLACK
6
CONTINUOUS
10
5.3987607874015744
20
-4.2920067322834647
11
5.3986861417322833
21
-4.2918881496062991
0
LINE
8
BLACK
6
CONTINUOUS
10
5.3986861417322833
20
-4.2918881496062991
11
5.3985975196850395
21
-4.2917801574803152
0
LINE
8
BLACK
6
CONTINUOUS
10
5.3985975196850395
20
-4.2917801574803152
11
5.3985577559055118
21
-4.2916842125984251
0
LINE
8
BLACK
6
CONTINUOUS
10
5.3985577559055118
20
-4.2916842125984251
11
5.398349645669291
21
-4.2913535826771652
0
LINE
8
BLACK
6
CONTINUOUS
10
5.398349645669291
20
-4.2913535826771652
11
5.3959124409448815
21
-4.2864791338582675
0
LINE
8
BLACK
6
CONTINUOUS
10
5.3959124409448815
20
-4.2864791338582675
11
5.3956366141732284
21
-4.2857583464566931
0
LINE
8
BLACK
6
CONTINUOUS
10
5.3956366141732284
20
-4.2857583464566931
11
5.3956265748031491
21
-4.285617244094488
0
LINE
8
BLACK
6
CONTINUOUS
10
5.3956265748031491
20
-4.285617244094488
11
5.395572440944882
21
-4.2854865354330709
0
LINE
8
BLACK
6
CONTINUOUS
10
5.395572440944882
20
-4.2854865354330709
11
5.3954968110236221
21
-4.2847184645669287
0
LINE
8
BLACK
6
CONTINUOUS
10
5.3954968110236221
20
-4.2847184645669287
11
5.3954968110236221
21
-4.2432861417322831
0
LINE
8
BLACK
6
CONTINUOUS
10
5.3954968110236221
20
-4.2432861417322831
11
5.395572440944882
21
-4.2425180708661419
0
LINE
8
BLACK
6
CONTINUOUS
10
5.395572440944882
20
-4.2425180708661419
11
5.3961603149606301
21
-4.2410988582677165
0
LINE
8
BLACK
6
CONTINUOUS
10
5.3961603149606301
20
-4.2410988582677165
11
5.3972465354330703
21
-4.2400126377952754
0
LINE
8
BLACK
6
CONTINUOUS
10
5.3972465354330703
20
-4.2400126377952754
11
5.3986657480314957
21
-4.2394247637795273
0
LINE
8
BLACK
6
CONTINUOUS
10
5.3986657480314957
20
-4.2394247637795273
11
5.4002018897637791
21
-4.2394247637795273
0
LINE
8
BLACK
6
CONTINUOUS
10
5.4002018897637791
20
-4.2394247637795273
11
5.4016211023622045
21
-4.2400126377952754
0
LINE
8
BLACK
6
CONTINUOUS
10
5.4729383858267715
20
-4.2393874015748034
11
5.4730420866141731
21
-4.2393800393700785
0
LINE
8
BLACK
6
CONTINUOUS
10
5.4730420866141731
20
-4.2393800393700785
11
5.47317842519685
21
-4.239411023622047
0
LINE
8
BLACK
6
CONTINUOUS
10
5.47317842519685
20
-4.239411023622047
11
5.4733177559055113
21
-4.2394247637795273
0
LINE
8
BLACK
6
CONTINUOUS
10
5.4733177559055113
20
-4.2394247637795273
11
5.4734138976377951
21
-4.2394645669291338
0
LINE
8
BLACK
6
CONTINUOUS
10
5.4734138976377951
20
-4.2394645669291338
11
5.4737946850393699
21
-4.2395511811023621
0
LINE
8
BLACK
6
CONTINUOUS
10
5.4737946850393699
20
-4.2395511811023621
11
5.4811062992125983
21
-4.2419883858267715
0
LINE
8
BLACK
6
CONTINUOUS
10
5.4811062992125983
20
-4.2419883858267715
11
5.481811023622047
21
-4.2423029921259845
0
LINE
8
BLACK
6
CONTINUOUS
10
5.481811023622047
20
-4.2423029921259845
11
5.4829715354330704
21
-4.2433095275590551
0
LINE
8
BLACK
6
CONTINUOUS
10
5.4829715354330704
20
-4.2433095275590551
11
5.4836585039370078
21
-4.2446834645669291
0
LINE
8
BLACK
6
CONTINUOUS
10
5.4836585039370078
20
-4.2446834645669291
11
5.483767401574803
21
-4.2462157874015745
0
LINE
8
BLACK
6
CONTINUOUS
10
5.483767401574803
20
-4.2462157874015745
11
5.4832816535433073
21
-4.2476730708661412
0
LINE
8
BLACK
6
CONTINUOUS
10
5.4832816535433073
20
-4.2476730708661412
11
5.4822751574803146
21
-4.2488335433070867
0
LINE
8
BLACK
6
CONTINUOUS
10
5.4822751574803146
20
-4.2488335433070867
11
5.4809011811023618
21
-4.2495205511811021
0
LINE
8
BLACK
6
CONTINUOUS
10
5.4809011811023618
20
-4.2495205511811021
11
5.4793688976377952
21
-4.2496294488188973
0
LINE
8
BLACK
6
CONTINUOUS
10
5.4793688976377952
20
-4.2496294488188973
11
5.4786162992125984
21
-4.2494583070866137
0
LINE
8
BLACK
6
CONTINUOUS
10
5.4786162992125984
20
-4.2494583070866137
11
5.4719108267716532
21
-4.2472231496062989
0
LINE
8
BLACK
6
CONTINUOUS
10
5.4719108267716532
20
-4.2472231496062989
11
5.4612931889763781
21
-4.2472231496062989
0
LINE
8
BLACK
6
CONTINUOUS
10
5.4612931889763781
20
-4.2472231496062989
11
5.4578214566929129
21
-4.2489589763779527
0
LINE
8
BLACK
6
CONTINUOUS
10
5.4578214566929129
20
-4.2489589763779527
11
5.4562877559055121
21
-4.2504926771653544
0
LINE
8
BLACK
6
CONTINUOUS
10
5.4562877559055121
20
-4.2504926771653544
11
5.454551968503937
21
-4.2539642913385824
0
LINE
8
BLACK
6
CONTINUOUS
10
5.454551968503937
20
-4.2539642913385824
11
5.454551968503937
21
-4.256979921259842
0
LINE
8
BLACK
6
CONTINUOUS
10
5.454551968503937
20
-4.256979921259842
11
5.4562877559055121
21
-4.260451535433071
0
LINE
8
BLACK
6
CONTINUOUS
10
5.4562877559055121
20
-4.260451535433071
11
5.4578214566929129
21
-4.2619852362204727
0
LINE
8
BLACK
6
CONTINUOUS
10
5.4578214566929129
20
-4.2619852362204727
11
5.4617379527559056
21
-4.2639434645669292
0
LINE
8
BLACK
6
CONTINUOUS
10
5.4617379527559056
20
-4.2639434645669292
11
5.4710674015748033
21
-4.2662758661417319
0
LINE
8
BLACK
6
CONTINUOUS
10
5.4710674015748033
20
-4.2662758661417319
11
5.471124015748031
21
-4.2662960629921258
0
LINE
8
BLACK
6
CONTINUOUS
10
5.471124015748031
20
-4.2662960629921258
11
5.4711524015748028
21
-4.2662981102362201
0
LINE
8
BLACK
6
CONTINUOUS
10
5.4711524015748028
20
-4.2662981102362201
11
5.4714720078740156
21
-4.2664203937007876
0
LINE
8
BLACK
6
CONTINUOUS
10
5.4714720078740156
20
-4.2664203937007876
11
5.4717941732283464
21
-4.2665355118110231
0
LINE
8
BLACK
6
CONTINUOUS
10
5.4717941732283464
20
-4.2665355118110231
11
5.4718170078740158
21
-4.2665524409448814
0
LINE
8
BLACK
6
CONTINUOUS
10
5.4718170078740158
20
-4.2665524409448814
11
5.4718731889763781
21
-4.2665739370078741
0
LINE
8
BLACK
6
CONTINUOUS
10
5.4718731889763781
20
-4.2665739370078741
11
5.4767475590551182
21
-4.2690111023622048
0
LINE
8
BLACK
6
CONTINUOUS
10
5.4767475590551182
20
-4.2690111023622048
11
5.4770781102362207
21
-4.269219173228346
0
LINE
8
BLACK
6
CONTINUOUS
10
5.4770781102362207
20
-4.269219173228346
11
5.4771741732283461
21
-4.2692589763779525
0
LINE
8
BLACK
6
CONTINUOUS
10
5.4771741732283461
20
-4.2692589763779525
11
5.4772822834645671
21
-4.2693476771653538
0
LINE
8
BLACK
6
CONTINUOUS
10
5.4772822834645671
20
-4.2693476771653538
11
5.4774007086614169
21
-4.2694222440944882
0
LINE
8
BLACK
6
CONTINUOUS
10
5.4774007086614169
20
-4.2694222440944882
11
5.4774688188976377
21
-4.2695007480314962
0
LINE
8
BLACK
6
CONTINUOUS
10
5.4774688188976377
20
-4.2695007480314962
11
5.4777707874015746
21
-4.2697485826771651
0
LINE
8
BLACK
6
CONTINUOUS
10
5.4777707874015746
20
-4.2697485826771651
11
5.4802079921259841
21
-4.2721857874015745
0
LINE
8
BLACK
6
CONTINUOUS
10
5.4802079921259841
20
-4.2721857874015745
11
5.4804556692913389
21
-4.2724875984251964
0
LINE
8
BLACK
6
CONTINUOUS
10
5.4804556692913389
20
-4.2724875984251964
11
5.4805343307086609
21
-4.2725558267716535
0
LINE
8
BLACK
6
CONTINUOUS
10
5.4805343307086609
20
-4.2725558267716535
11
5.4806089370078741
21
-4.2726743700787404
0
LINE
8
BLACK
6
CONTINUOUS
10
5.4806089370078741
20
-4.2726743700787404
11
5.4806975984251967
21
-4.272782401574803
0
LINE
8
BLACK
6
CONTINUOUS
10
5.4806975984251967
20
-4.272782401574803
11
5.4807373228346457
21
-4.2728783464566931
0
LINE
8
BLACK
6
CONTINUOUS
10
5.4807373228346457
20
-4.2728783464566931
11
5.4809454724409443
21
-4.2732090157480318
0
LINE
8
BLACK
6
CONTINUOUS
10
5.4809454724409443
20
-4.2732090157480318
11
5.4833826771653538
21
-4.2780834251968507
0
LINE
8
BLACK
6
CONTINUOUS
10
5.4833826771653538
20
-4.2780834251968507
11
5.4836585039370078
21
-4.2788042125984251
0
LINE
8
BLACK
6
CONTINUOUS
10
5.4836585039370078
20
-4.2788042125984251
11
5.4836685039370074
21
-4.2789452755905515
0
LINE
8
BLACK
6
CONTINUOUS
10
5.4836685039370074
20
-4.2789452755905515
11
5.4837226771653542
21
-4.2790760236220473
0
LINE
8
BLACK
6
CONTINUOUS
10
5.4837226771653542
20
-4.2790760236220473
11
5.4837983070866141
21
-4.2798440944881886
0
LINE
8
BLACK
6
CONTINUOUS
10
5.4837983070866141
20
-4.2798440944881886
11
5.4837983070866141
21
-4.2847184645669287
0
LINE
8
BLACK
6
CONTINUOUS
10
5.4837983070866141
20
-4.2847184645669287
11
5.4837226771653542
21
-4.2854865354330709
0
LINE
8
BLACK
6
CONTINUOUS
10
5.4837226771653542
20
-4.2854865354330709
11
5.4836685039370074
21
-4.285617244094488
0
LINE
8
BLACK
6
CONTINUOUS
10
5.4836685039370074
20
-4.285617244094488
11
5.4836585039370078
21
-4.2857583464566931
0
LINE
8
BLACK
6
CONTINUOUS
10
5.4836585039370078
20
-4.2857583464566931
11
5.4833826771653538
21
-4.2864791338582675
0
LINE
8
BLACK
6
CONTINUOUS
10
5.4833826771653538
20
-4.2864791338582675
11
5.4809454724409443
21
-4.2913535433070864
0
LINE
8
BLACK
6
CONTINUOUS
10
5.4809454724409443
20
-4.2913535433070864
11
5.4807373228346457
21
-4.2916841732283464
0
LINE
8
BLACK
6
CONTINUOUS
10
5.4807373228346457
20
-4.2916841732283464
11
5.4806975984251967
21
-4.2917801574803152
0
LINE
8
BLACK
6
CONTINUOUS
10
5.4806975984251967
20
-4.2917801574803152
11
5.4806089370078741
21
-4.2918881496062991
0
LINE
8
BLACK
6
CONTINUOUS
10
5.4806089370078741
20
-4.2918881496062991
11
5.4805343307086609
21
-4.2920067322834647
0
LINE
8
BLACK
6
CONTINUOUS
10
5.4805343307086609
20
-4.2920067322834647
11
5.4804556692913389
21
-4.2920749212598421
0
LINE
8
BLACK
6
CONTINUOUS
10
5.4804556692913389
20
-4.2920749212598421
11
5.4802079921259841
21
-4.2923767716535428
0
LINE
8
BLACK
6
CONTINUOUS
10
5.4802079921259841
20
-4.2923767716535428
11
5.4777707874015746
21
-4.2948139763779523
0
LINE
8
BLACK
6
CONTINUOUS
10
5.4777707874015746
20
-4.2948139763779523
11
5.4774688188976377
21
-4.2950617716535433
0
LINE
8
BLACK
6
CONTINUOUS
10
5.4774688188976377
20
-4.2950617716535433
11
5.4774007086614169
21
-4.29514031496063
0
LINE
8
BLACK
6
CONTINUOUS
10
5.4774007086614169
20
-4.29514031496063
11
5.4772822834645671
21
-4.2952148425196848
0
LINE
8
BLACK
6
CONTINUOUS
10
5.4772822834645671
20
-4.2952148425196848
11
5.4771741732283461
21
-4.2953035826771648
0
LINE
8
BLACK
6
CONTINUOUS
10
5.4771741732283461
20
-4.2953035826771648
11
5.4770781102362207
21
-4.2953433464566926
0
LINE
8
BLACK
6
CONTINUOUS
10
5.4770781102362207
20
-4.2953433464566926
11
5.4767475590551182
21
-4.2955514566929134
0
LINE
8
BLACK
6
CONTINUOUS
10
5.4767475590551182
20
-4.2955514566929134
11
5.4718731889763781
21
-4.2979886220472441
0
LINE
8
BLACK
6
CONTINUOUS
10
5.4718731889763781
20
-4.2979886220472441
11
5.4711524015748028
21
-4.2982644488188972
0
LINE
8
BLACK
6
CONTINUOUS
10
5.4711524015748028
20
-4.2982644488188972
11
5.4710112992125985
21
-4.2982744488188978
0
LINE
8
BLACK
6
CONTINUOUS
10
5.4710112992125985
20
-4.2982744488188978
11
5.4708805905511806
21
-4.2983286220472436
0
LINE
8
BLACK
6
CONTINUOUS
10
5.4708805905511806
20
-4.2983286220472436
11
5.4701125196850393
21
-4.2984042519685035
0
LINE
8
BLACK
6
CONTINUOUS
10
5.4701125196850393
20
-4.2984042519685035
11
5.4579265354330708
21
-4.2984042519685035
0
LINE
8
BLACK
6
CONTINUOUS
10
5.4579265354330708
20
-4.2984042519685035
11
5.4575377952755906
21
-4.2983659448818896
0
LINE
8
BLACK
6
CONTINUOUS
10
5.4575377952755906
20
-4.2983659448818896
11
5.4574341338582677
21
-4.2983733464566924
0
LINE
8
BLACK
6
CONTINUOUS
10
5.4574341338582677
20
-4.2983733464566924
11
5.4572977165354333
21
-4.298342322834646
0
LINE
8
BLACK
6
CONTINUOUS
10
5.4572977165354333
20
-4.298342322834646
11
5.4571584645669287
21
-4.2983286220472436
0
LINE
8
BLACK
6
CONTINUOUS
10
5.4571584645669287
20
-4.2983286220472436
11
5.4570623622047245
21
-4.298288818897638
0
LINE
8
BLACK
6
CONTINUOUS
10
5.4570623622047245
20
-4.298288818897638
11
5.4566815748031496
21
-4.2982022440944885
0
LINE
8
BLACK
6
CONTINUOUS
10
5.4566815748031496
20
-4.2982022440944885
11
5.44937
21
-4.295765039370079
0
LINE
8
BLACK
6
CONTINUOUS
10
5.44937
20
-4.295765039370079
11
5.4486652362204726
21
-4.295450433070866
0
LINE
8
BLACK
6
CONTINUOUS
10
5.4486652362204726
20
-4.295450433070866
11
5.4475047637795271
21
-4.2944439370078742
0
LINE
8
BLACK
6
CONTINUOUS
10
5.4475047637795271
20
-4.2944439370078742
11
5.4468177559055118
21
-4.2930699606299214
0
LINE
8
BLACK
6
CONTINUOUS
10
5.4468177559055118
20
-4.2930699606299214
11
5.4467088582677166
21
-4.2915376771653539
0
LINE
8
BLACK
6
CONTINUOUS
10
5.4467088582677166
20
-4.2915376771653539
11
5.4471946062992123
21
-4.2900803543307084
0
LINE
8
BLACK
6
CONTINUOUS
10
5.4471946062992123
20
-4.2900803543307084
11
5.448201102362205
21
-4.2889198818897638
0
LINE
8
BLACK
6
CONTINUOUS
10
5.448201102362205
20
-4.2889198818897638
11
5.4495750787401578
21
-4.2882328740157476
0
LINE
8
BLACK
6
CONTINUOUS
10
5.4495750787401578
20
-4.2882328740157476
11
5.4511073622047244
21
-4.2881239763779524
0
LINE
8
BLACK
6
CONTINUOUS
10
5.4511073622047244
20
-4.2881239763779524
11
5.4518599212598424
21
-4.288295118110236
0
LINE
8
BLACK
6
CONTINUOUS
10
5.4518599212598424
20
-4.288295118110236
11
5.4585653937007876
21
-4.290530236220472
0
LINE
8
BLACK
6
CONTINUOUS
10
5.4585653937007876
20
-4.290530236220472
11
5.4691831102362203
21
-4.290530236220472
0
LINE
8
BLACK
6
CONTINUOUS
10
5.4691831102362203
20
-4.290530236220472
11
5.4726547244094483
21
-4.2887944094488191
0
LINE
8
BLACK
6
CONTINUOUS
10
5.4726547244094483
20
-4.2887944094488191
11
5.47418842519685
21
-4.2872607086614174
0
LINE
8
BLACK
6
CONTINUOUS
10
5.47418842519685
20
-4.2872607086614174
11
5.4759242913385826
21
-4.2837890157480318
0
LINE
8
BLACK
6
CONTINUOUS
10
5.4759242913385826
20
-4.2837890157480318
11
5.4759242913385826
21
-4.2807735039370076
0
LINE
8
BLACK
6
CONTINUOUS
10
5.4759242913385826
20
-4.2807735039370076
11
5.47418842519685
21
-4.2773018110236221
0
LINE
8
BLACK
6
CONTINUOUS
10
5.47418842519685
20
-4.2773018110236221
11
5.4726547244094483
21
-4.2757681102362204
0
LINE
8
BLACK
6
CONTINUOUS
10
5.4726547244094483
20
-4.2757681102362204
11
5.4687383464566928
21
-4.2738099212598426
0
LINE
8
BLACK
6
CONTINUOUS
10
5.4687383464566928
20
-4.2738099212598426
11
5.4594088582677163
21
-4.2714775590551177
0
LINE
8
BLACK
6
CONTINUOUS
10
5.4594088582677163
20
-4.2714775590551177
11
5.459352204724409
21
-4.271457322834646
0
LINE
8
BLACK
6
CONTINUOUS
10
5.459352204724409
20
-4.271457322834646
11
5.4593238582677168
21
-4.2714553149606296
0
LINE
8
BLACK
6
CONTINUOUS
10
5.4593238582677168
20
-4.2714553149606296
11
5.4590042125984253
21
-4.2713329921259842
0
LINE
8
BLACK
6
CONTINUOUS
10
5.4590042125984253
20
-4.2713329921259842
11
5.4586820866141732
21
-4.2712179133858266
0
LINE
8
BLACK
6
CONTINUOUS
10
5.4586820866141732
20
-4.2712179133858266
11
5.458659212598425
21
-4.2712009448818895
0
LINE
8
BLACK
6
CONTINUOUS
10
5.458659212598425
20
-4.2712009448818895
11
5.4586030708661415
21
-4.2711794881889764
0
LINE
8
BLACK
6
CONTINUOUS
10
5.4586030708661415
20
-4.2711794881889764
11
5.4537286614173226
21
-4.268742283464567
0
LINE
8
BLACK
6
CONTINUOUS
10
5.4537286614173226
20
-4.268742283464567
11
5.4533979921259839
21
-4.2685341338582674
0
LINE
8
BLACK
6
CONTINUOUS
10
5.4533979921259839
20
-4.2685341338582674
11
5.4533020472440947
21
-4.2684944094488184
0
LINE
8
BLACK
6
CONTINUOUS
10
5.4533020472440947
20
-4.2684944094488184
11
5.4531940157480312
21
-4.2684057480314959
0
LINE
8
BLACK
6
CONTINUOUS
10
5.4531940157480312
20
-4.2684057480314959
11
5.4530754724409451
21
-4.2683311417322836
0
LINE
8
BLACK
6
CONTINUOUS
10
5.4530754724409451
20
-4.2683311417322836
11
5.4530072440944881
21
-4.2682524803149606
0
LINE
8
BLACK
6
CONTINUOUS
10
5.4530072440944881
20
-4.2682524803149606
11
5.4527054330708662
21
-4.2680048031496058
0
LINE
8
BLACK
6
CONTINUOUS
10
5.4527054330708662
20
-4.2680048031496058
11
5.4502682283464567
21
-4.2655675984251964
0
LINE
8
BLACK
6
CONTINUOUS
10
5.4502682283464567
20
-4.2655675984251964
11
5.4500203937007869
21
-4.2652656299212595
0
LINE
8
BLACK
6
CONTINUOUS
10
5.4500203937007869
20
-4.2652656299212595
11
5.449941889763779
21
-4.2651975196850396
0
LINE
8
BLACK
6
CONTINUOUS
10
5.449941889763779
20
-4.2651975196850396
11
5.4498673228346455
21
-4.2650790944881889
0
LINE
8
BLACK
6
CONTINUOUS
10
5.4498673228346455
20
-4.2650790944881889
11
5.4497786220472442
21
-4.2649709842519687
0
LINE
8
BLACK
6
CONTINUOUS
10
5.4497786220472442
20
-4.2649709842519687
11
5.4497388188976377
21
-4.2648749212598425
0
LINE
8
BLACK
6
CONTINUOUS
10
5.4497388188976377
20
-4.2648749212598425
11
5.4495307480314956
21
-4.26454437007874
0
LINE
8
BLACK
6
CONTINUOUS
10
5.4495307480314956
20
-4.26454437007874
11
5.4470935826771649
21
-4.2596699999999998
0
LINE
8
BLACK
6
CONTINUOUS
10
5.4470935826771649
20
-4.2596699999999998
11
5.4468177559055118
21
-4.2589492125984254
0
LINE
8
BLACK
6
CONTINUOUS
10
5.4468177559055118
20
-4.2589492125984254
11
5.4468077165354334
21
-4.2588081102362203
0
LINE
8
BLACK
6
CONTINUOUS
10
5.4468077165354334
20
-4.2588081102362203
11
5.4467535826771654
21
-4.2586774015748032
0
LINE
8
BLACK
6
CONTINUOUS
10
5.4467535826771654
20
-4.2586774015748032
11
5.4466779527559055
21
-4.2579093307086611
0
LINE
8
BLACK
6
CONTINUOUS
10
5.4466779527559055
20
-4.2579093307086611
11
5.4466779527559055
21
-4.2530349212598422
0
LINE
8
BLACK
6
CONTINUOUS
10
5.4466779527559055
20
-4.2530349212598422
11
5.4467535826771654
21
-4.2522668503937009
0
LINE
8
BLACK
6
CONTINUOUS
10
5.4467535826771654
20
-4.2522668503937009
11
5.4468077165354334
21
-4.2521361023622042
0
LINE
8
BLACK
6
CONTINUOUS
10
5.4468077165354334
20
-4.2521361023622042
11
5.4468177559055118
21
-4.2519950393700787
0
LINE
8
BLACK
6
CONTINUOUS
10
5.4468177559055118
20
-4.2519950393700787
11
5.4470935826771649
21
-4.2512742519685043
0
LINE
8
BLACK
6
CONTINUOUS
10
5.4470935826771649
20
-4.2512742519685043
11
5.4495307480314956
21
-4.2463998818897633
0
LINE
8
BLACK
6
CONTINUOUS
10
5.4495307480314956
20
-4.2463998818897633
11
5.4497388188976377
21
-4.2460692913385829
0
LINE
8
BLACK
6
CONTINUOUS
10
5.4497388188976377
20
-4.2460692913385829
11
5.4497786220472442
21
-4.2459732677165354
0
LINE
8
BLACK
6
CONTINUOUS
10
5.4497786220472442
20
-4.2459732677165354
11
5.4498673228346455
21
-4.2458651181102365
0
LINE
8
BLACK
6
CONTINUOUS
10
5.4498673228346455
20
-4.2458651181102365
11
5.449941889763779
21
-4.2457467322834646
0
LINE
8
BLACK
6
CONTINUOUS
10
5.449941889763779
20
-4.2457467322834646
11
5.4500203937007869
21
-4.245678582677165
0
LINE
8
BLACK
6
CONTINUOUS
10
5.4500203937007869
20
-4.245678582677165
11
5.4502682283464567
21
-4.2453766535433068
0
LINE
8
BLACK
6
CONTINUOUS
10
5.4502682283464567
20
-4.2453766535433068
11
5.4527054330708662
21
-4.2429394488188974
0
LINE
8
BLACK
6
CONTINUOUS
10
5.4527054330708662
20
-4.2429394488188974
11
5.4530072440944881
21
-4.2426917322834647
0
LINE
8
BLACK
6
CONTINUOUS
10
5.4530072440944881
20
-4.2426917322834647
11
5.4530754724409451
21
-4.2426131102362206
0
LINE
8
BLACK
6
CONTINUOUS
10
5.4530754724409451
20
-4.2426131102362206
11
5.4531940157480312
21
-4.2425384645669286
0
LINE
8
BLACK
6
CONTINUOUS
10
5.4531940157480312
20
-4.2425384645669286
11
5.4533020472440947
21
-4.2424498425196848
0
LINE
8
BLACK
6
CONTINUOUS
10
5.4533020472440947
20
-4.2424498425196848
11
5.4533979921259839
21
-4.2424100787401571
0
LINE
8
BLACK
6
CONTINUOUS
10
5.4533979921259839
20
-4.2424100787401571
11
5.4537286614173226
21
-4.2422019685039372
0
LINE
8
BLACK
6
CONTINUOUS
10
5.4537286614173226
20
-4.2422019685039372
11
5.4586030708661415
21
-4.2397647637795277
0
LINE
8
BLACK
6
CONTINUOUS
10
5.4586030708661415
20
-4.2397647637795277
11
5.4593238582677168
21
-4.2394889370078737
0
LINE
8
BLACK
6
CONTINUOUS
10
5.4593238582677168
20
-4.2394889370078737
11
5.4594649212598423
21
-4.2394788976377953
0
LINE
8
BLACK
6
CONTINUOUS
10
5.4594649212598423
20
-4.2394788976377953
11
5.4595956692913381
21
-4.2394247637795273
0
LINE
8
BLACK
6
CONTINUOUS
10
5.4595956692913381
20
-4.2394247637795273
11
5.4603637401574803
21
-4.2393491338582674
0
LINE
8
BLACK
6
CONTINUOUS
10
5.4603637401574803
20
-4.2393491338582674
11
5.47254968503937
21
-4.2393491338582674
0
LINE
8
BLACK
6
CONTINUOUS
10
5.47254968503937
20
-4.2393491338582674
11
5.4729383858267715
21
-4.2393874015748034
0
LINE
8
BLACK
6
CONTINUOUS
10
5.5606774015748028
20
-4.2393874015748034
11
5.5607811023622045
21
-4.2393800393700785
0
LINE
8
BLACK
6
CONTINUOUS
10
5.5607811023622045
20
-4.2393800393700785
11
5.5609174409448814
21
-4.239411023622047
0
LINE
8
BLACK
6
CONTINUOUS
10
5.5609174409448814
20
-4.239411023622047
11
5.5610567716535435
21
-4.2394247637795273
0
LINE
8
BLACK
6
CONTINUOUS
10
5.5610567716535435
20
-4.2394247637795273
11
5.5611529133858264
21
-4.2394645669291338
0
LINE
8
BLACK
6
CONTINUOUS
10
5.5611529133858264
20
-4.2394645669291338
11
5.5615337007874013
21
-4.2395511811023621
0
LINE
8
BLACK
6
CONTINUOUS
10
5.5615337007874013
20
-4.2395511811023621
11
5.5688453149606296
21
-4.2419883858267715
0
LINE
8
BLACK
6
CONTINUOUS
10
5.5688453149606296
20
-4.2419883858267715
11
5.5695500393700783
21
-4.2423029921259845
0
LINE
8
BLACK
6
CONTINUOUS
10
5.5695500393700783
20
-4.2423029921259845
11
5.5707105511811026
21
-4.2433095275590551
0
LINE
8
BLACK
6
CONTINUOUS
10
5.5707105511811026
20
-4.2433095275590551
11
5.5713975196850392
21
-4.2446834645669291
0
LINE
8
BLACK
6
CONTINUOUS
10
5.5713975196850392
20
-4.2446834645669291
11
5.5715064173228344
21
-4.2462157874015745
0
LINE
8
BLACK
6
CONTINUOUS
10
5.5715064173228344
20
-4.2462157874015745
11
5.5710206692913387
21
-4.2476730708661412
0
LINE
8
BLACK
6
CONTINUOUS
10
5.5710206692913387
20
-4.2476730708661412
11
5.5700141732283459
21
-4.2488335433070867
0
LINE
8
BLACK
6
CONTINUOUS
10
5.5700141732283459
20
-4.2488335433070867
11
5.5686401968503931
21
-4.2495205511811021
0
LINE
8
BLACK
6
CONTINUOUS
10
5.5686401968503931
20
-4.2495205511811021
11
5.5671079133858266
21
-4.2496294488188973
0
LINE
8
BLACK
6
CONTINUOUS
10
5.5671079133858266
20
-4.2496294488188973
11
5.5663553149606297
21
-4.2494583070866137
0
LINE
8
BLACK
6
CONTINUOUS
10
5.5663553149606297
20
-4.2494583070866137
11
5.5596498425196845
21
-4.2472231496062989
0
LINE
8
BLACK
6
CONTINUOUS
10
5.5596498425196845
20
-4.2472231496062989
11
5.5490322047244094
21
-4.2472231496062989
0
LINE
8
BLACK
6
CONTINUOUS
10
5.5490322047244094
20
-4.2472231496062989
11
5.5455604724409451
21
-4.2489589763779527
0
LINE
8
BLACK
6
CONTINUOUS
10
5.5455604724409451
20
-4.2489589763779527
11
5.5440267716535434
21
-4.2504926771653544
0
LINE
8
BLACK
6
CONTINUOUS
10
5.5440267716535434
20
-4.2504926771653544
11
5.5422909842519683
21
-4.2539642913385824
0
LINE
8
BLACK
6
CONTINUOUS
10
5.5422909842519683
20
-4.2539642913385824
11
5.5422909842519683
21
-4.256979921259842
0
LINE
8
BLACK
6
CONTINUOUS
10
5.5422909842519683
20
-4.256979921259842
11
5.5440267716535434
21
-4.260451535433071
0
LINE
8
BLACK
6
CONTINUOUS
10
5.5440267716535434
20
-4.260451535433071
11
5.5455604724409451
21
-4.2619852362204727
0
LINE
8
BLACK
6
CONTINUOUS
10
5.5455604724409451
20
-4.2619852362204727
11
5.5494769685039369
21
-4.2639434645669292
0
LINE
8
BLACK
6
CONTINUOUS
10
5.5494769685039369
20
-4.2639434645669292
11
5.5588064173228346
21
-4.2662758661417319
0
LINE
8
BLACK
6
CONTINUOUS
10
5.5588064173228346
20
-4.2662758661417319
11
5.5588630314960632
21
-4.2662960629921258
0
LINE
8
BLACK
6
CONTINUOUS
10
5.5588630314960632
20
-4.2662960629921258
11
5.5588914173228341
21
-4.2662981102362201
0
LINE
8
BLACK
6
CONTINUOUS
10
5.5588914173228341
20
-4.2662981102362201
11
5.5592110236220469
21
-4.2664203937007876
0
LINE
8
BLACK
6
CONTINUOUS
10
5.5592110236220469
20
-4.2664203937007876
11
5.5595331889763777
21
-4.2665355118110231
0
LINE
8
BLACK
6
CONTINUOUS
10
5.5595331889763777
20
-4.2665355118110231
11
5.5595560236220471
21
-4.2665524409448814
0
LINE
8
BLACK
6
CONTINUOUS
10
5.5595560236220471
20
-4.2665524409448814
11
5.5596122047244094
21
-4.2665739370078741
0
LINE
8
BLACK
6
CONTINUOUS
10
5.5596122047244094
20
-4.2665739370078741
11
5.5644865748031496
21
-4.2690111023622048
0
LINE
8
BLACK
6
CONTINUOUS
10
5.5644865748031496
20
-4.2690111023622048
11
5.564817125984252
21
-4.269219173228346
0
LINE
8
BLACK
6
CONTINUOUS
10
5.564817125984252
20
-4.269219173228346
11
5.5649131889763774
21
-4.2692589763779525
0
LINE
8
BLACK
6
CONTINUOUS
10
5.5649131889763774
20
-4.2692589763779525
11
5.5650212992125985
21
-4.2693476771653538
0
LINE
8
BLACK
6
CONTINUOUS
10
5.5650212992125985
20
-4.2693476771653538
11
5.5651397244094483
21
-4.2694222440944882
0
LINE
8
BLACK
6
CONTINUOUS
10
5.5651397244094483
20
-4.2694222440944882
11
5.565207834645669
21
-4.2695007480314962
0
LINE
8
BLACK
6
CONTINUOUS
10
5.565207834645669
20
-4.2695007480314962
11
5.565509803149606
21
-4.2697485826771651
0
LINE
8
BLACK
6
CONTINUOUS
10
5.565509803149606
20
-4.2697485826771651
11
5.5679470078740154
21
-4.2721857874015745
0
LINE
8
BLACK
6
CONTINUOUS
10
5.5679470078740154
20
-4.2721857874015745
11
5.5681946850393702
21
-4.2724875984251964
0
LINE
8
BLACK
6
CONTINUOUS
10
5.5681946850393702
20
-4.2724875984251964
11
5.5682733464566931
21
-4.2725558267716535
0
LINE
8
BLACK
6
CONTINUOUS
10
5.5682733464566931
20
-4.2725558267716535
11
5.5683479527559054
21
-4.2726743700787404
0
LINE
8
BLACK
6
CONTINUOUS
10
5.5683479527559054
20
-4.2726743700787404
11
5.568436614173228
21
-4.272782401574803
0
LINE
8
BLACK
6
CONTINUOUS
10
5.568436614173228
20
-4.272782401574803
11
5.568476338582677
21
-4.2728783464566931
0
LINE
8
BLACK
6
CONTINUOUS
10
5.568476338582677
20
-4.2728783464566931
11
5.5686844881889765
21
-4.2732090157480318
0
LINE
8
BLACK
6
CONTINUOUS
10
5.5686844881889765
20
-4.2732090157480318
11
5.571121692913386
21
-4.2780834251968507
0
LINE
8
BLACK
6
CONTINUOUS
10
5.571121692913386
20
-4.2780834251968507
11
5.5713975196850392
21
-4.2788042125984251
0
LINE
8
BLACK
6
CONTINUOUS
10
5.5713975196850392
20
-4.2788042125984251
11
5.5714075196850397
21
-4.2789452755905515
0
LINE
8
BLACK
6
CONTINUOUS
10
5.5714075196850397
20
-4.2789452755905515
11
5.5714616929133856
21
-4.2790760236220473
0
LINE
8
BLACK
6
CONTINUOUS
10
5.5714616929133856
20
-4.2790760236220473
11
5.5715373228346454
21
-4.2798440944881886
0
LINE
8
BLACK
6
CONTINUOUS
10
5.5715373228346454
20
-4.2798440944881886
11
5.5715373228346454
21
-4.2847184645669287
0
LINE
8
BLACK
6
CONTINUOUS
10
5.5715373228346454
20
-4.2847184645669287
11
5.5714616929133856
21
-4.2854865354330709
0
LINE
8
BLACK
6
CONTINUOUS
10
5.5714616929133856
20
-4.2854865354330709
11
5.5714075196850397
21
-4.285617244094488
0
LINE
8
BLACK
6
CONTINUOUS
10
5.5714075196850397
20
-4.285617244094488
11
5.5713975196850392
21
-4.2857583464566931
0
LINE
8
BLACK
6
CONTINUOUS
10
5.5713975196850392
20
-4.2857583464566931
11
5.571121692913386
21
-4.2864791338582675
0
LINE
8
BLACK
6
CONTINUOUS
10
5.571121692913386
20
-4.2864791338582675
11
5.5686844881889765
21
-4.2913535433070864
0
LINE
8
BLACK
6
CONTINUOUS
10
5.5686844881889765
20
-4.2913535433070864
11
5.568476338582677
21
-4.2916841732283464
0
LINE
8
BLACK
6
CONTINUOUS
10
5.568476338582677
20
-4.2916841732283464
11
5.568436614173228
21
-4.2917801574803152
0
LINE
8
BLACK
6
CONTINUOUS
10
5.568436614173228
20
-4.2917801574803152
11
5.5683479527559054
21
-4.2918881496062991
0
LINE
8
BLACK
6
CONTINUOUS
10
5.5683479527559054
20
-4.2918881496062991
11
5.5682733464566931
21
-4.2920067322834647
0
LINE
8
BLACK
6
CONTINUOUS
10
5.5682733464566931
20
-4.2920067322834647
11
5.5681946850393702
21
-4.2920749212598421
0
LINE
8
BLACK
6
CONTINUOUS
10
5.5681946850393702
20
-4.2920749212598421
11
5.5679470078740154
21
-4.2923767716535428
0
LINE
8
BLACK
6
CONTINUOUS
10
5.5679470078740154
20
-4.2923767716535428
11
5.565509803149606
21
-4.2948139763779523
0
LINE
8
BLACK
6
CONTINUOUS
10
5.565509803149606
20
-4.2948139763779523
11
5.565207834645669
21
-4.2950617716535433
0
LINE
8
BLACK
6
CONTINUOUS
10
5.565207834645669
20
-4.2950617716535433
11
5.5651397244094483
21
-4.29514031496063
0
LINE
8
BLACK
6
CONTINUOUS
10
5.5651397244094483
20
-4.29514031496063
11
5.5650212992125985
21
-4.2952148425196848
0
LINE
8
BLACK
6
CONTINUOUS
10
5.5650212992125985
20
-4.2952148425196848
11
5.5649131889763774
21
-4.2953035826771648
0
LINE
8
BLACK
6
CONTINUOUS
10
5.5649131889763774
20
-4.2953035826771648
11
5.564817125984252
21
-4.2953433464566926
0
LINE
8
BLACK
6
CONTINUOUS
10
5.564817125984252
20
-4.2953433464566926
11
5.5644865748031496
21
-4.2955514566929134
0
LINE
8
BLACK
6
CONTINUOUS
10
5.5644865748031496
20
-4.2955514566929134
11
5.5596122047244094
21
-4.2979886220472441
0
LINE
8
BLACK
6
CONTINUOUS
10
5.5596122047244094
20
-4.2979886220472441
11
5.5588914173228341
21
-4.2982644488188972
0
LINE
8
BLACK
6
CONTINUOUS
10
5.5588914173228341
20
-4.2982644488188972
11
5.5587503149606299
21
-4.2982744488188978
0
LINE
8
BLACK
6
CONTINUOUS
10
5.5587503149606299
20
-4.2982744488188978
11
5.5586196062992128
21
-4.2983286220472436
0
LINE
8
BLACK
6
CONTINUOUS
10
5.5586196062992128
20
-4.2983286220472436
11
5.5578515354330706
21
-4.2984042519685035
0
LINE
8
BLACK
6
CONTINUOUS
10
5.5578515354330706
20
-4.2984042519685035
11
5.5456655511811022
21
-4.2984042519685035
0
LINE
8
BLACK
6
CONTINUOUS
10
5.5456655511811022
20
-4.2984042519685035
11
5.5452768110236219
21
-4.2983659448818896
0
LINE
8
BLACK
6
CONTINUOUS
10
5.5452768110236219
20
-4.2983659448818896
11
5.545173149606299
21
-4.2983733464566924
0
LINE
8
BLACK
6
CONTINUOUS
10
5.545173149606299
20
-4.2983733464566924
11
5.5450367322834646
21
-4.298342322834646
0
LINE
8
BLACK
6
CONTINUOUS
10
5.5450367322834646
20
-4.298342322834646
11
5.5448974803149609
21
-4.2983286220472436
0
LINE
8
BLACK
6
CONTINUOUS
10
5.5448974803149609
20
-4.2983286220472436
11
5.5448013779527558
21
-4.298288818897638
0
LINE
8
BLACK
6
CONTINUOUS
10
5.5448013779527558
20
-4.298288818897638
11
5.544420590551181
21
-4.2982022440944885
0
LINE
8
BLACK
6
CONTINUOUS
10
5.544420590551181
20
-4.2982022440944885
11
5.5371090157480314
21
-4.295765039370079
0
LINE
8
BLACK
6
CONTINUOUS
10
5.5371090157480314
20
-4.295765039370079
11
5.5364042519685039
21
-4.295450433070866
0
LINE
8
BLACK
6
CONTINUOUS
10
5.5364042519685039
20
-4.295450433070866
11
5.5352437795275593
21
-4.2944439370078742
0
LINE
8
BLACK
6
CONTINUOUS
10
5.5352437795275593
20
-4.2944439370078742
11
5.5345567716535431
21
-4.2930699606299214
0
LINE
8
BLACK
6
CONTINUOUS
10
5.5345567716535431
20
-4.2930699606299214
11
5.5344478740157479
21
-4.2915376771653539
0
LINE
8
BLACK
6
CONTINUOUS
10
5.5344478740157479
20
-4.2915376771653539
11
5.5349336220472436
21
-4.2900803543307084
0
LINE
8
BLACK
6
CONTINUOUS
10
5.5349336220472436
20
-4.2900803543307084
11
5.5359401181102363
21
-4.2889198818897638
0
LINE
8
BLACK
6
CONTINUOUS
10
5.5359401181102363
20
-4.2889198818897638
11
5.5373140944881891
21
-4.2882328740157476
0
LINE
8
BLACK
6
CONTINUOUS
10
5.5373140944881891
20
-4.2882328740157476
11
5.5388463779527557
21
-4.2881239763779524
0
LINE
8
BLACK
6
CONTINUOUS
10
5.5388463779527557
20
-4.2881239763779524
11
5.5395989370078738
21
-4.288295118110236
0
LINE
8
BLACK
6
CONTINUOUS
10
5.5395989370078738
20
-4.288295118110236
11
5.546304409448819
21
-4.290530236220472
0
LINE
8
BLACK
6
CONTINUOUS
10
5.546304409448819
20
-4.290530236220472
11
5.5569221259842516
21
-4.290530236220472
0
LINE
8
BLACK
6
CONTINUOUS
10
5.5569221259842516
20
-4.290530236220472
11
5.5603937401574806
21
-4.2887944094488191
0
LINE
8
BLACK
6
CONTINUOUS
10
5.5603937401574806
20
-4.2887944094488191
11
5.5619274409448813
21
-4.2872607086614174
0
LINE
8
BLACK
6
CONTINUOUS
10
5.5619274409448813
20
-4.2872607086614174
11
5.5636633070866139
21
-4.2837890157480318
0
LINE
8
BLACK
6
CONTINUOUS
10
5.5636633070866139
20
-4.2837890157480318
11
5.5636633070866139
21
-4.2807735039370076
0
LINE
8
BLACK
6
CONTINUOUS
10
5.5636633070866139
20
-4.2807735039370076
11
5.5619274409448813
21
-4.2773018110236221
0
LINE
8
BLACK
6
CONTINUOUS
10
5.5619274409448813
20
-4.2773018110236221
11
5.5603937401574806
21
-4.2757681102362204
0
LINE
8
BLACK
6
CONTINUOUS
10
5.5603937401574806
20
-4.2757681102362204
11
5.5564773622047241
21
-4.2738099212598426
0
LINE
8
BLACK
6
CONTINUOUS
10
5.5564773622047241
20
-4.2738099212598426
11
5.5471478740157476
21
-4.2714775590551177
0
LINE
8
BLACK
6
CONTINUOUS
10
5.5471478740157476
20
-4.2714775590551177
11
5.5470912204724412
21
-4.271457322834646
0
LINE
8
BLACK
6
CONTINUOUS
10
5.5470912204724412
20
-4.271457322834646
11
5.5470628740157482
21
-4.2714553149606296
0
LINE
8
BLACK
6
CONTINUOUS
10
5.5470628740157482
20
-4.2714553149606296
11
5.5467432283464566
21
-4.2713329921259842
0
LINE
8
BLACK
6
CONTINUOUS
10
5.5467432283464566
20
-4.2713329921259842
11
5.5464211023622045
21
-4.2712179133858266
0
LINE
8
BLACK
6
CONTINUOUS
10
5.5464211023622045
20
-4.2712179133858266
11
5.5463982283464563
21
-4.2712009448818895
0
LINE
8
BLACK
6
CONTINUOUS
10
5.5463982283464563
20
-4.2712009448818895
11
5.5463420866141728
21
-4.2711794881889764
0
LINE
8
BLACK
6
CONTINUOUS
10
5.5463420866141728
20
-4.2711794881889764
11
5.5414676771653539
21
-4.268742283464567
0
LINE
8
BLACK
6
CONTINUOUS
10
5.5414676771653539
20
-4.268742283464567
11
5.5411370078740152
21
-4.2685341338582674
0
LINE
8
BLACK
6
CONTINUOUS
10
5.5411370078740152
20
-4.2685341338582674
11
5.5410410629921261
21
-4.2684944094488184
0
LINE
8
BLACK
6
CONTINUOUS
10
5.5410410629921261
20
-4.2684944094488184
11
5.5409330314960625
21
-4.2684057480314959
0
LINE
8
BLACK
6
CONTINUOUS
10
5.5409330314960625
20
-4.2684057480314959
11
5.5408144881889765
21
-4.2683311417322836
0
LINE
8
BLACK
6
CONTINUOUS
10
5.5408144881889765
20
-4.2683311417322836
11
5.5407462598425194
21
-4.2682524803149606
0
LINE
8
BLACK
6
CONTINUOUS
10
5.5407462598425194
20
-4.2682524803149606
11
5.5404444488188975
21
-4.2680048031496058
0
LINE
8
BLACK
6
CONTINUOUS
10
5.5404444488188975
20
-4.2680048031496058
11
5.5380072440944881
21
-4.2655675984251964
0
LINE
8
BLACK
6
CONTINUOUS
10
5.5380072440944881
20
-4.2655675984251964
11
5.5377594094488192
21
-4.2652656299212595
0
LINE
8
BLACK
6
CONTINUOUS
10
5.5377594094488192
20
-4.2652656299212595
11
5.5376809055118112
21
-4.2651975196850396
0
LINE
8
BLACK
6
CONTINUOUS
10
5.5376809055118112
20
-4.2651975196850396
11
5.5376063385826768
21
-4.2650790944881889
0
LINE
8
BLACK
6
CONTINUOUS
10
5.5376063385826768
20
-4.2650790944881889
11
5.5375176377952755
21
-4.2649709842519687
0
LINE
8
BLACK
6
CONTINUOUS
10
5.5375176377952755
20
-4.2649709842519687
11
5.537477834645669
21
-4.2648749212598425
0
LINE
8
BLACK
6
CONTINUOUS
10
5.537477834645669
20
-4.2648749212598425
11
5.5372697637795278
21
-4.26454437007874
0
LINE
8
BLACK
6
CONTINUOUS
10
5.5372697637795278
20
-4.26454437007874
11
5.5348325984251971
21
-4.2596699999999998
0
LINE
8
BLACK
6
CONTINUOUS
10
5.5348325984251971
20
-4.2596699999999998
11
5.5345567716535431
21
-4.2589492125984254
0
LINE
8
BLACK
6
CONTINUOUS
10
5.5345567716535431
20
-4.2589492125984254
11
5.5345467322834647
21
-4.2588081102362203
0
LINE
8
BLACK
6
CONTINUOUS
10
5.5345467322834647
20
-4.2588081102362203
11
5.5344925984251967
21
-4.2586774015748032
0
LINE
8
BLACK
6
CONTINUOUS
10
5.5344925984251967
20
-4.2586774015748032
11
5.5344169685039368
21
-4.2579093307086611
0
LINE
8
BLACK
6
CONTINUOUS
10
5.5344169685039368
20
-4.2579093307086611
11
5.5344169685039368
21
-4.2530349212598422
0
LINE
8
BLACK
6
CONTINUOUS
10
5.5344169685039368
20
-4.2530349212598422
11
5.5344925984251967
21
-4.2522668503937009
0
LINE
8
BLACK
6
CONTINUOUS
10
5.5344925984251967
20
-4.2522668503937009
11
5.5345467322834647
21
-4.2521361023622042
0
LINE
8
BLACK
6
CONTINUOUS
10
5.5345467322834647
20
-4.2521361023622042
11
5.5345567716535431
21
-4.2519950393700787
0
LINE
8
BLACK
6
CONTINUOUS
10
5.5345567716535431
20
-4.2519950393700787
11
5.5348325984251971
21
-4.2512742519685043
0
LINE
8
BLACK
6
CONTINUOUS
10
5.5348325984251971
20
-4.2512742519685043
11
5.5372697637795278
21
-4.2463998818897633
0
LINE
8
BLACK
6
CONTINUOUS
10
5.5372697637795278
20
-4.2463998818897633
11
5.537477834645669
21
-4.2460692913385829
0
LINE
8
BLACK
6
CONTINUOUS
10
5.537477834645669
20
-4.2460692913385829
11
5.5375176377952755
21
-4.2459732677165354
0
LINE
8
BLACK
6
CONTINUOUS
10
5.5375176377952755
20
-4.2459732677165354
11
5.5376063385826768
21
-4.2458651181102365
0
LINE
8
BLACK
6
CONTINUOUS
10
5.5376063385826768
20
-4.2458651181102365
11
5.5376809055118112
21
-4.2457467322834646
0
LINE
8
BLACK
6
CONTINUOUS
10
5.5376809055118112
20
-4.2457467322834646
11
5.5377594094488192
21
-4.245678582677165
0
LINE
8
BLACK
6
CONTINUOUS
10
5.5377594094488192
20
-4.245678582677165
11
5.5380072440944881
21
-4.2453766535433068
0
LINE
8
BLACK
6
CONTINUOUS
10
5.5380072440944881
20
-4.2453766535433068
11
5.5404444488188975
21
-4.2429394488188974
0
LINE
8
BLACK
6
CONTINUOUS
10
5.5404444488188975
20
-4.2429394488188974
11
5.5407462598425194
21
-4.2426917322834647
0
LINE
8
BLACK
6
CONTINUOUS
10
5.5407462598425194
20
-4.2426917322834647
11
5.5408144881889765
21
-4.2426131102362206
0
LINE
8
BLACK
6
CONTINUOUS
10
5.5408144881889765
20
-4.2426131102362206
11
5.5409330314960625
21
-4.2425384645669286
0
LINE
8
BLACK
6
CONTINUOUS
10
5.5409330314960625
20
-4.2425384645669286
11
5.5410410629921261
21
-4.2424498425196848
0
LINE
8
BLACK
6
CONTINUOUS
10
5.5410410629921261
20
-4.2424498425196848
11
5.5411370078740152
21
-4.2424100787401571
0
LINE
8
BLACK
6
CONTINUOUS
10
5.5411370078740152
20
-4.2424100787401571
11
5.5414676771653539
21
-4.2422019685039372
0
LINE
8
BLACK
6
CONTINUOUS
10
5.5414676771653539
20
-4.2422019685039372
11
5.5463420866141728
21
-4.2397647637795277
0
LINE
8
BLACK
6
CONTINUOUS
10
5.5463420866141728
20
-4.2397647637795277
11
5.5470628740157482
21
-4.2394889370078737
0
LINE
8
BLACK
6
CONTINUOUS
10
5.5470628740157482
20
-4.2394889370078737
11
5.5472039370078736
21
-4.2394788976377953
0
LINE
8
BLACK
6
CONTINUOUS
10
5.5472039370078736
20
-4.2394788976377953
11
5.5473346850393703
21
-4.2394247637795273
0
LINE
8
BLACK
6
CONTINUOUS
10
5.5473346850393703
20
-4.2394247637795273
11
5.5481027559055116
21
-4.2393491338582674
0
LINE
8
BLACK
6
CONTINUOUS
10
5.5481027559055116
20
-4.2393491338582674
11
5.5602887007874013
21
-4.2393491338582674
0
LINE
8
BLACK
6
CONTINUOUS
10
5.5602887007874013
20
-4.2393491338582674
11
5.5606774015748028
21
-4.2393874015748034
0
LINE
8
BLACK
6
CONTINUOUS
10
5.7389720472440944
20
-4.2394247637795273
11
5.7391027559055114
21
-4.2394788976377953
0
LINE
8
BLACK
6
CONTINUOUS
10
5.7391027559055114
20
-4.2394788976377953
11
5.7392438582677165
21
-4.2394889370078737
0
LINE
8
BLACK
6
CONTINUOUS
10
5.7392438582677165
20
-4.2394889370078737
11
5.7399646850393697
21
-4.2397647637795277
0
LINE
8
BLACK
6
CONTINUOUS
10
5.7399646850393697
20
-4.2397647637795277
11
5.7448390551181099
21
-4.2422019685039372
0
LINE
8
BLACK
6
CONTINUOUS
10
5.7448390551181099
20
-4.2422019685039372
11
5.7451696850393699
21
-4.2424100787401571
0
LINE
8
BLACK
6
CONTINUOUS
10
5.7451696850393699
20
-4.2424100787401571
11
5.7452656299212599
21
-4.2424498425196848
0
LINE
8
BLACK
6
CONTINUOUS
10
5.7452656299212599
20
-4.2424498425196848
11
5.7453736220472438
21
-4.2425384645669286
0
LINE
8
BLACK
6
CONTINUOUS
10
5.7453736220472438
20
-4.2425384645669286
11
5.7454922047244095
21
-4.2426131102362206
0
LINE
8
BLACK
6
CONTINUOUS
10
5.7454922047244095
20
-4.2426131102362206
11
5.7455603937007869
21
-4.2426917322834647
0
LINE
8
BLACK
6
CONTINUOUS
10
5.7455603937007869
20
-4.2426917322834647
11
5.7458622440944884
21
-4.2429394488188974
0
LINE
8
BLACK
6
CONTINUOUS
10
5.7458622440944884
20
-4.2429394488188974
11
5.7482994488188979
21
-4.2453766535433068
0
LINE
8
BLACK
6
CONTINUOUS
10
5.7482994488188979
20
-4.2453766535433068
11
5.7485471259842518
21
-4.2456784645669288
0
LINE
8
BLACK
6
CONTINUOUS
10
5.7485471259842518
20
-4.2456784645669288
11
5.7486257874015747
21
-4.2457466929133858
0
LINE
8
BLACK
6
CONTINUOUS
10
5.7486257874015747
20
-4.2457466929133858
11
5.748700393700787
21
-4.2458652362204727
0
LINE
8
BLACK
6
CONTINUOUS
10
5.748700393700787
20
-4.2458652362204727
11
5.7487890551181104
21
-4.2459732677165354
0
LINE
8
BLACK
6
CONTINUOUS
10
5.7487890551181104
20
-4.2459732677165354
11
5.7488287795275586
21
-4.2460691732283466
0
LINE
8
BLACK
6
CONTINUOUS
10
5.7488287795275586
20
-4.2460691732283466
11
5.7490369291338581
21
-4.2463998425196854
0
LINE
8
BLACK
6
CONTINUOUS
10
5.7490369291338581
20
-4.2463998425196854
11
5.7514741338582676
21
-4.2512742125984255
0
LINE
8
BLACK
6
CONTINUOUS
10
5.7514741338582676
20
-4.2512742125984255
11
5.7514956299212594
21
-4.2513304330708657
0
LINE
8
BLACK
6
CONTINUOUS
10
5.7514956299212594
20
-4.2513304330708657
11
5.7515125590551177
21
-4.2513532677165351
0
LINE
8
BLACK
6
CONTINUOUS
10
5.7515125590551177
20
-4.2513532677165351
11
5.7516274803149603
21
-4.2516749212598421
0
LINE
8
BLACK
6
CONTINUOUS
10
5.7516274803149603
20
-4.2516749212598421
11
5.7517499606299207
21
-4.2519950393700787
0
LINE
8
BLACK
6
CONTINUOUS
10
5.7517499606299207
20
-4.2519950393700787
11
5.7517519685039371
21
-4.2520233858267718
0
LINE
8
BLACK
6
CONTINUOUS
10
5.7517519685039371
20
-4.2520233858267718
11
5.7517722047244098
21
-4.2520800393700791
0
LINE
8
BLACK
6
CONTINUOUS
10
5.7517722047244098
20
-4.2520800393700791
11
5.7542094094488192
21
-4.2618288188976381
0
LINE
8
BLACK
6
CONTINUOUS
10
5.7542094094488192
20
-4.2618288188976381
11
5.7542290944881884
21
-4.2619619291338582
0
LINE
8
BLACK
6
CONTINUOUS
10
5.7542290944881884
20
-4.2619619291338582
11
5.7542513385826775
21
-4.2620156299212599
0
LINE
8
BLACK
6
CONTINUOUS
10
5.7542513385826775
20
-4.2620156299212599
11
5.7542798031496059
21
-4.2623049999999996
0
LINE
8
BLACK
6
CONTINUOUS
10
5.7542798031496059
20
-4.2623049999999996
11
5.7543223228346454
21
-4.2625923228346458
0
LINE
8
BLACK
6
CONTINUOUS
10
5.7543223228346454
20
-4.2625923228346458
11
5.75431374015748
21
-4.2626497244094486
0
LINE
8
BLACK
6
CONTINUOUS
10
5.75431374015748
20
-4.2626497244094486
11
5.7543269685039364
21
-4.2627837007874012
0
LINE
8
BLACK
6
CONTINUOUS
10
5.7543269685039364
20
-4.2627837007874012
11
5.7543269685039364
21
-4.2749696850393697
0
LINE
8
BLACK
6
CONTINUOUS
10
5.7543269685039364
20
-4.2749696850393697
11
5.75431374015748
21
-4.2751036220472436
0
LINE
8
BLACK
6
CONTINUOUS
10
5.75431374015748
20
-4.2751036220472436
11
5.7543223228346454
21
-4.2751610629921259
0
LINE
8
BLACK
6
CONTINUOUS
10
5.7543223228346454
20
-4.2751610629921259
11
5.7542798031496059
21
-4.2754483464566926
0
LINE
8
BLACK
6
CONTINUOUS
10
5.7542798031496059
20
-4.2754483464566926
11
5.7542513385826775
21
-4.2757377559055119
0
LINE
8
BLACK
6
CONTINUOUS
10
5.7542513385826775
20
-4.2757377559055119
11
5.7542290944881884
21
-4.2757914173228349
0
LINE
8
BLACK
6
CONTINUOUS
10
5.7542290944881884
20
-4.2757914173228349
11
5.7542094094488192
21
-4.2759245669291337
0
LINE
8
BLACK
6
CONTINUOUS
10
5.7542094094488192
20
-4.2759245669291337
11
5.7517722047244098
21
-4.2856733464566927
0
LINE
8
BLACK
6
CONTINUOUS
10
5.7517722047244098
20
-4.2856733464566927
11
5.7517519685039371
21
-4.2857299606299213
0
LINE
8
BLACK
6
CONTINUOUS
10
5.7517519685039371
20
-4.2857299606299213
11
5.7517499606299207
21
-4.2857583464566931
0
LINE
8
BLACK
6
CONTINUOUS
10
5.7517499606299207
20
-4.2857583464566931
11
5.7516276377952753
21
-4.286077952755905
0
LINE
8
BLACK
6
CONTINUOUS
10
5.7516276377952753
20
-4.286077952755905
11
5.7515125590551177
21
-4.2864001181102358
0
LINE
8
BLACK
6
CONTINUOUS
10
5.7515125590551177
20
-4.2864001181102358
11
5.7514955905511806
21
-4.2864229527559052
0
LINE
8
BLACK
6
CONTINUOUS
10
5.7514955905511806
20
-4.2864229527559052
11
5.7514741338582676
21
-4.2864791338582675
0
LINE
8
BLACK
6
CONTINUOUS
10
5.7514741338582676
20
-4.2864791338582675
11
5.7490369291338581
21
-4.2913535433070864
0
LINE
8
BLACK
6
CONTINUOUS
10
5.7490369291338581
20
-4.2913535433070864
11
5.7488287795275586
21
-4.2916841732283464
0
LINE
8
BLACK
6
CONTINUOUS
10
5.7488287795275586
20
-4.2916841732283464
11
5.7487890551181104
21
-4.2917801574803152
0
LINE
8
BLACK
6
CONTINUOUS
10
5.7487890551181104
20
-4.2917801574803152
11
5.748700393700787
21
-4.2918881496062991
0
LINE
8
BLACK
6
CONTINUOUS
10
5.748700393700787
20
-4.2918881496062991
11
5.7486257874015747
21
-4.2920067322834647
0
LINE
8
BLACK
6
CONTINUOUS
10
5.7486257874015747
20
-4.2920067322834647
11
5.7485471259842518
21
-4.2920749212598421
0
LINE
8
BLACK
6
CONTINUOUS
10
5.7485471259842518
20
-4.2920749212598421
11
5.7482994488188979
21
-4.2923767716535428
0
LINE
8
BLACK
6
CONTINUOUS
10
5.7482994488188979
20
-4.2923767716535428
11
5.7458622440944884
21
-4.2948139763779523
0
LINE
8
BLACK
6
CONTINUOUS
10
5.7458622440944884
20
-4.2948139763779523
11
5.7455602755905515
21
-4.2950617716535433
0
LINE
8
BLACK
6
CONTINUOUS
10
5.7455602755905515
20
-4.2950617716535433
11
5.7454921653543307
21
-4.29514031496063
0
LINE
8
BLACK
6
CONTINUOUS
10
5.7454921653543307
20
-4.29514031496063
11
5.74537374015748
21
-4.2952148425196848
0
LINE
8
BLACK
6
CONTINUOUS
10
5.74537374015748
20
-4.2952148425196848
11
5.7452656299212599
21
-4.2953035826771648
0
LINE
8
BLACK
6
CONTINUOUS
10
5.7452656299212599
20
-4.2953035826771648
11
5.7451695669291336
21
-4.2953433464566926
0
LINE
8
BLACK
6
CONTINUOUS
10
5.7451695669291336
20
-4.2953433464566926
11
5.7448390157480311
21
-4.2955514566929134
0
LINE
8
BLACK
6
CONTINUOUS
10
5.7448390157480311
20
-4.2955514566929134
11
5.739964645669291
21
-4.2979886220472441
0
LINE
8
BLACK
6
CONTINUOUS
10
5.739964645669291
20
-4.2979886220472441
11
5.7392438582677165
21
-4.2982644488188972
0
LINE
8
BLACK
6
CONTINUOUS
10
5.7392438582677165
20
-4.2982644488188972
11
5.7391027559055114
21
-4.2982744488188978
0
LINE
8
BLACK
6
CONTINUOUS
10
5.7391027559055114
20
-4.2982744488188978
11
5.7389720472440944
21
-4.2983286220472436
0
LINE
8
BLACK
6
CONTINUOUS
10
5.7389720472440944
20
-4.2983286220472436
11
5.7382039763779522
21
-4.2984042519685035
0
LINE
8
BLACK
6
CONTINUOUS
10
5.7382039763779522
20
-4.2984042519685035
11
5.7333295669291333
21
-4.2984042519685035
0
LINE
8
BLACK
6
CONTINUOUS
10
5.7333295669291333
20
-4.2984042519685035
11
5.732561496062992
21
-4.2983286220472436
0
LINE
8
BLACK
6
CONTINUOUS
10
5.732561496062992
20
-4.2983286220472436
11
5.7324307480314962
21
-4.2982744488188978
0
LINE
8
BLACK
6
CONTINUOUS
10
5.7324307480314962
20
-4.2982744488188978
11
5.7322896850393699
21
-4.2982644488188972
0
LINE
8
BLACK
6
CONTINUOUS
10
5.7322896850393699
20
-4.2982644488188972
11
5.7315688976377954
21
-4.2979886220472441
0
LINE
8
BLACK
6
CONTINUOUS
10
5.7315688976377954
20
-4.2979886220472441
11
5.7266945275590553
21
-4.2955514566929134
0
LINE
8
BLACK
6
CONTINUOUS
10
5.7266945275590553
20
-4.2955514566929134
11
5.726363937007874
21
-4.2953433464566926
0
LINE
8
BLACK
6
CONTINUOUS
10
5.726363937007874
20
-4.2953433464566926
11
5.7262679133858265
21
-4.2953035826771648
0
LINE
8
BLACK
6
CONTINUOUS
10
5.7262679133858265
20
-4.2953035826771648
11
5.7261597637795276
21
-4.2952148425196848
0
LINE
8
BLACK
6
CONTINUOUS
10
5.7261597637795276
20
-4.2952148425196848
11
5.7260413779527557
21
-4.29514031496063
0
LINE
8
BLACK
6
CONTINUOUS
10
5.7260413779527557
20
-4.29514031496063
11
5.7259732677165349
21
-4.2950617716535433
0
LINE
8
BLACK
6
CONTINUOUS
10
5.7259732677165349
20
-4.2950617716535433
11
5.725671299212598
21
-4.2948139763779523
0
LINE
8
BLACK
6
CONTINUOUS
10
5.725671299212598
20
-4.2948139763779523
11
5.7232340944881885
21
-4.2923767716535428
0
LINE
8
BLACK
6
CONTINUOUS
10
5.7232340944881885
20
-4.2923767716535428
11
5.7229863779527559
21
-4.2920749212598421
0
LINE
8
BLACK
6
CONTINUOUS
10
5.7229863779527559
20
-4.2920749212598421
11
5.7229077559055117
21
-4.2920067322834647
0
LINE
8
BLACK
6
CONTINUOUS
10
5.7229077559055117
20
-4.2920067322834647
11
5.7228331102362207
21
-4.2918881496062991
0
LINE
8
BLACK
6
CONTINUOUS
10
5.7228331102362207
20
-4.2918881496062991
11
5.722744488188976
21
-4.2917801574803152
0
LINE
8
BLACK
6
CONTINUOUS
10
5.722744488188976
20
-4.2917801574803152
11
5.7227047244094491
21
-4.2916842125984251
0
LINE
8
BLACK
6
CONTINUOUS
10
5.7227047244094491
20
-4.2916842125984251
11
5.7224966141732283
21
-4.2913535826771652
0
LINE
8
BLACK
6
CONTINUOUS
10
5.7224966141732283
20
-4.2913535826771652
11
5.7200594094488189
21
-4.2864791338582675
0
LINE
8
BLACK
6
CONTINUOUS
10
5.7200594094488189
20
-4.2864791338582675
11
5.720037913385827
21
-4.2864229527559052
0
LINE
8
BLACK
6
CONTINUOUS
10
5.720037913385827
20
-4.2864229527559052
11
5.7200209842519687
21
-4.2864001181102358
0
LINE
8
BLACK
6
CONTINUOUS
10
5.7200209842519687
20
-4.2864001181102358
11
5.7199058661417324
21
-4.286077952755905
0
LINE
8
BLACK
6
CONTINUOUS
10
5.7199058661417324
20
-4.286077952755905
11
5.7197835826771648
21
-4.2857583464566931
0
LINE
8
BLACK
6
CONTINUOUS
10
5.7197835826771648
20
-4.2857583464566931
11
5.7197815354330706
21
-4.2857299606299213
0
LINE
8
BLACK
6
CONTINUOUS
10
5.7197815354330706
20
-4.2857299606299213
11
5.7197613385826767
21
-4.2856733464566927
0
LINE
8
BLACK
6
CONTINUOUS
10
5.7197613385826767
20
-4.2856733464566927
11
5.717324173228346
21
-4.2759245275590549
0
LINE
8
BLACK
6
CONTINUOUS
10
5.717324173228346
20
-4.2759245275590549
11
5.7173044881889759
21
-4.2757914566929136
0
LINE
8
BLACK
6
CONTINUOUS
10
5.7173044881889759
20
-4.2757914566929136
11
5.7172822440944877
21
-4.2757377559055119
0
LINE
8
BLACK
6
CONTINUOUS
10
5.7172822440944877
20
-4.2757377559055119
11
5.7172537401574806
21
-4.2754483070866138
0
LINE
8
BLACK
6
CONTINUOUS
10
5.7172537401574806
20
-4.2754483070866138
11
5.7172112598425198
21
-4.2751610629921259
0
LINE
8
BLACK
6
CONTINUOUS
10
5.7172112598425198
20
-4.2751610629921259
11
5.7172198031496064
21
-4.2751036220472436
0
LINE
8
BLACK
6
CONTINUOUS
10
5.7172198031496064
20
-4.2751036220472436
11
5.7172066141732278
21
-4.2749696850393697
0
LINE
8
BLACK
6
CONTINUOUS
10
5.7172066141732278
20
-4.2749696850393697
11
5.7172066141732278
21
-4.2627837007874012
0
LINE
8
BLACK
6
CONTINUOUS
10
5.7172066141732278
20
-4.2627837007874012
11
5.7172198031496064
21
-4.2626497244094486
0
LINE
8
BLACK
6
CONTINUOUS
10
5.7172198031496064
20
-4.2626497244094486
11
5.7172112598425198
21
-4.2625923228346458
0
LINE
8
BLACK
6
CONTINUOUS
10
5.7172112598425198
20
-4.2625923228346458
11
5.7172537401574806
21
-4.2623050393700783
0
LINE
8
BLACK
6
CONTINUOUS
10
5.7172537401574806
20
-4.2623050393700783
11
5.7172822440944877
21
-4.2620156299212599
0
LINE
8
BLACK
6
CONTINUOUS
10
5.7172822440944877
20
-4.2620156299212599
11
5.7173044881889759
21
-4.2619618897637794
0
LINE
8
BLACK
6
CONTINUOUS
10
5.7173044881889759
20
-4.2619618897637794
11
5.717324173228346
21
-4.2618288582677168
0
LINE
8
BLACK
6
CONTINUOUS
10
5.717324173228346
20
-4.2618288582677168
11
5.7197613385826767
21
-4.2520800393700791
0
LINE
8
BLACK
6
CONTINUOUS
10
5.7197613385826767
20
-4.2520800393700791
11
5.7197815354330706
21
-4.2520233858267718
0
LINE
8
BLACK
6
CONTINUOUS
10
5.7197815354330706
20
-4.2520233858267718
11
5.7197835826771648
21
-4.2519950393700787
0
LINE
8
BLACK
6
CONTINUOUS
10
5.7197835826771648
20
-4.2519950393700787
11
5.7199060629921261
21
-4.2516749212598421
0
LINE
8
BLACK
6
CONTINUOUS
10
5.7199060629921261
20
-4.2516749212598421
11
5.7200209842519687
21
-4.2513532677165351
0
LINE
8
BLACK
6
CONTINUOUS
10
5.7200209842519687
20
-4.2513532677165351
11
5.7200378740157483
21
-4.2513304330708657
0
LINE
8
BLACK
6
CONTINUOUS
10
5.7200378740157483
20
-4.2513304330708657
11
5.7200594094488189
21
-4.2512742125984255
0
LINE
8
BLACK
6
CONTINUOUS
10
5.7200594094488189
20
-4.2512742125984255
11
5.7224966141732283
21
-4.2463998425196854
0
LINE
8
BLACK
6
CONTINUOUS
10
5.7224966141732283
20
-4.2463998425196854
11
5.7227047244094491
21
-4.2460691732283466
0
LINE
8
BLACK
6
CONTINUOUS
10
5.7227047244094491
20
-4.2460691732283466
11
5.722744488188976
21
-4.2459732677165354
0
LINE
8
BLACK
6
CONTINUOUS
10
5.722744488188976
20
-4.2459732677165354
11
5.7228331102362207
21
-4.2458652362204727
0
LINE
8
BLACK
6
CONTINUOUS
10
5.7228331102362207
20
-4.2458652362204727
11
5.7229077559055117
21
-4.2457466929133858
0
LINE
8
BLACK
6
CONTINUOUS
10
5.7229077559055117
20
-4.2457466929133858
11
5.7229863779527559
21
-4.2456784645669288
0
LINE
8
BLACK
6
CONTINUOUS
10
5.7229863779527559
20
-4.2456784645669288
11
5.7232340944881885
21
-4.2453766535433068
0
LINE
8
BLACK
6
CONTINUOUS
10
5.7232340944881885
20
-4.2453766535433068
11
5.725671299212598
21
-4.2429394488188974
0
LINE
8
BLACK
6
CONTINUOUS
10
5.725671299212598
20
-4.2429394488188974
11
5.7259731102362199
21
-4.2426917322834647
0
LINE
8
BLACK
6
CONTINUOUS
10
5.7259731102362199
20
-4.2426917322834647
11
5.7260413385826769
21
-4.2426131102362206
0
LINE
8
BLACK
6
CONTINUOUS
10
5.7260413385826769
20
-4.2426131102362206
11
5.7261598818897639
21
-4.2425384645669286
0
LINE
8
BLACK
6
CONTINUOUS
10
5.7261598818897639
20
-4.2425384645669286
11
5.7262679133858265
21
-4.2424498425196848
0
LINE
8
BLACK
6
CONTINUOUS
10
5.7262679133858265
20
-4.2424498425196848
11
5.7263638188976378
21
-4.2424100787401571
0
LINE
8
BLACK
6
CONTINUOUS
10
5.7263638188976378
20
-4.2424100787401571
11
5.7266944881889765
21
-4.2422019685039372
0
LINE
8
BLACK
6
CONTINUOUS
10
5.7266944881889765
20
-4.2422019685039372
11
5.7315688582677167
21
-4.2397647637795277
0
LINE
8
BLACK
6
CONTINUOUS
10
5.7315688582677167
20
-4.2397647637795277
11
5.7322896850393699
21
-4.2394889370078737
0
LINE
8
BLACK
6
CONTINUOUS
10
5.7322896850393699
20
-4.2394889370078737
11
5.7324307480314962
21
-4.2394788976377953
0
LINE
8
BLACK
6
CONTINUOUS
10
5.7324307480314962
20
-4.2394788976377953
11
5.732561496062992
21
-4.2394247637795273
0
LINE
8
BLACK
6
CONTINUOUS
10
5.732561496062992
20
-4.2394247637795273
11
5.7333295669291333
21
-4.2393491338582674
0
LINE
8
BLACK
6
CONTINUOUS
10
5.7333295669291333
20
-4.2393491338582674
11
5.7382039763779522
21
-4.2393491338582674
0
LINE
8
BLACK
6
CONTINUOUS
10
5.7382039763779522
20
-4.2393491338582674
11
5.7389720472440944
21
-4.2394247637795273
0
LINE
8
BLACK
6
CONTINUOUS
10
5.7307873228346455
20
-4.2489589763779527
11
5.7292536220472439
21
-4.2504926771653544
0
LINE
8
BLACK
6
CONTINUOUS
10
5.7292536220472439
20
-4.2504926771653544
11
5.7272953543307086
21
-4.254409212598425
0
LINE
8
BLACK
6
CONTINUOUS
10
5.7272953543307086
20
-4.254409212598425
11
5.7250806299212593
21
-4.2632682677165352
0
LINE
8
BLACK
6
CONTINUOUS
10
5.7250806299212593
20
-4.2632682677165352
11
5.7250806299212593
21
-4.2744850787401578
0
LINE
8
BLACK
6
CONTINUOUS
10
5.7250806299212593
20
-4.2744850787401578
11
5.7272953937007873
21
-4.2833442519685034
0
LINE
8
BLACK
6
CONTINUOUS
10
5.7272953937007873
20
-4.2833442519685034
11
5.7292536220472439
21
-4.2872607086614174
0
LINE
8
BLACK
6
CONTINUOUS
10
5.7292536220472439
20
-4.2872607086614174
11
5.7307873228346455
21
-4.2887944094488191
0
LINE
8
BLACK
6
CONTINUOUS
10
5.7307873228346455
20
-4.2887944094488191
11
5.7342589763779523
21
-4.290530236220472
0
LINE
8
BLACK
6
CONTINUOUS
10
5.7342589763779523
20
-4.290530236220472
11
5.7372745669291341
21
-4.290530236220472
0
LINE
8
BLACK
6
CONTINUOUS
10
5.7372745669291341
20
-4.290530236220472
11
5.7407461811023621
21
-4.2887944094488191
0
LINE
8
BLACK
6
CONTINUOUS
10
5.7407461811023621
20
-4.2887944094488191
11
5.7422798818897638
21
-4.2872607086614174
0
LINE
8
BLACK
6
CONTINUOUS
10
5.7422798818897638
20
-4.2872607086614174
11
5.7442381102362203
21
-4.2833442125984247
0
LINE
8
BLACK
6
CONTINUOUS
10
5.7442381102362203
20
-4.2833442125984247
11
5.746452952755905
21
-4.2744850000000003
0
LINE
8
BLACK
6
CONTINUOUS
10
5.746452952755905
20
-4.2744850000000003
11
5.746452952755905
21
-4.2632683464566927
0
LINE
8
BLACK
6
CONTINUOUS
10
5.746452952755905
20
-4.2632683464566927
11
5.7442381496062991
21
-4.2544091732283462
0
LINE
8
BLACK
6
CONTINUOUS
10
5.7442381496062991
20
-4.2544091732283462
11
5.7422798818897638
21
-4.2504926771653544
0
LINE
8
BLACK
6
CONTINUOUS
10
5.7422798818897638
20
-4.2504926771653544
11
5.7407461811023621
21
-4.2489589763779527
0
LINE
8
BLACK
6
CONTINUOUS
10
5.7407461811023621
20
-4.2489589763779527
11
5.7372745275590553
21
-4.2472231496062989
0
LINE
8
BLACK
6
CONTINUOUS
10
5.7372745275590553
20
-4.2472231496062989
11
5.7342590157480311
21
-4.2472231496062989
0
LINE
8
BLACK
6
CONTINUOUS
10
5.7342590157480311
20
-4.2472231496062989
11
5.7307873228346455
21
-4.2489589763779527
0
LINE
8
BLACK
6
CONTINUOUS
10
5.784888858267716
20
-4.2394247637795273
11
5.7852787401574801
21
-4.2394247637795273
0
LINE
8
BLACK
6
CONTINUOUS
10
5.7852787401574801
20
-4.2394247637795273
11
5.7856351181102363
21
-4.2395723622047239
0
LINE
8
BLACK
6
CONTINUOUS
10
5.7856351181102363
20
-4.2395723622047239
11
5.7860135039370073
21
-4.2396472440944883
0
LINE
8
BLACK
6
CONTINUOUS
10
5.7860135039370073
20
-4.2396472440944883
11
5.7863378346456695
21
-4.2398634645669286
0
LINE
8
BLACK
6
CONTINUOUS
10
5.7863378346456695
20
-4.2398634645669286
11
5.7866979527559055
21
-4.2400126377952754
0
LINE
8
BLACK
6
CONTINUOUS
10
5.7866979527559055
20
-4.2400126377952754
11
5.7869706299212593
21
-4.2402853149606301
0
LINE
8
BLACK
6
CONTINUOUS
10
5.7869706299212593
20
-4.2402853149606301
11
5.7872916535433072
21
-4.2404993307086611
0
LINE
8
BLACK
6
CONTINUOUS
10
5.7872916535433072
20
-4.2404993307086611
11
5.7875085826771651
21
-4.240823267716535
0
LINE
8
BLACK
6
CONTINUOUS
10
5.7875085826771651
20
-4.240823267716535
11
5.7877841732283466
21
-4.2410988582677165
0
LINE
8
BLACK
6
CONTINUOUS
10
5.7877841732283466
20
-4.2410988582677165
11
5.7879317716535432
21
-4.241455196850394
0
LINE
8
BLACK
6
CONTINUOUS
10
5.7879317716535432
20
-4.241455196850394
11
5.7881464173228343
21
-4.2417757086614172
0
LINE
8
BLACK
6
CONTINUOUS
10
5.7881464173228343
20
-4.2417757086614172
11
5.7882228346456692
21
-4.2421578740157475
0
LINE
8
BLACK
6
CONTINUOUS
10
5.7882228346456692
20
-4.2421578740157475
11
5.7883720472440947
21
-4.2425180708661419
0
LINE
8
BLACK
6
CONTINUOUS
10
5.7883720472440947
20
-4.2425180708661419
11
5.7884468503937008
21
-4.243277992125984
0
LINE
8
BLACK
6
CONTINUOUS
10
5.7884468503937008
20
-4.243277992125984
11
5.7884476771653546
21
-4.2432820078740159
0
LINE
8
BLACK
6
CONTINUOUS
10
5.7884476771653546
20
-4.2432820078740159
11
5.7884474015748033
21
-4.2432833464566926
0
LINE
8
BLACK
6
CONTINUOUS
10
5.7884474015748033
20
-4.2432833464566926
11
5.7884476771653546
21
-4.2432861417322831
0
LINE
8
BLACK
6
CONTINUOUS
10
5.7884476771653546
20
-4.2432861417322831
11
5.7884476771653546
21
-4.290530236220472
0
LINE
8
BLACK
6
CONTINUOUS
10
5.7884476771653546
20
-4.290530236220472
11
5.7991338582677168
21
-4.290530236220472
0
LINE
8
BLACK
6
CONTINUOUS
10
5.7991338582677168
20
-4.290530236220472
11
5.799901929133858
21
-4.2906058661417319
0
LINE
8
BLACK
6
CONTINUOUS
10
5.799901929133858
20
-4.2906058661417319
11
5.8013211417322834
21
-4.29119374015748
0
LINE
8
BLACK
6
CONTINUOUS
10
5.8013211417322834
20
-4.29119374015748
11
5.8024073622047245
21
-4.2922799606299211
0
LINE
8
BLACK
6
CONTINUOUS
10
5.8024073622047245
20
-4.2922799606299211
11
5.8029952362204726
21
-4.2936991732283465
0
LINE
8
BLACK
6
CONTINUOUS
10
5.8029952362204726
20
-4.2936991732283465
11
5.8029952362204726
21
-4.2952353149606299
0
LINE
8
BLACK
6
CONTINUOUS
10
5.8029952362204726
20
-4.2952353149606299
11
5.8024073622047245
21
-4.2966545275590553
0
LINE
8
BLACK
6
CONTINUOUS
10
5.8024073622047245
20
-4.2966545275590553
11
5.8013211417322834
21
-4.2977407480314955
0
LINE
8
BLACK
6
CONTINUOUS
10
5.8013211417322834
20
-4.2977407480314955
11
5.799901929133858
21
-4.2983286220472436
0
LINE
8
BLACK
6
CONTINUOUS
10
5.799901929133858
20
-4.2983286220472436
11
5.7991338582677168
21
-4.2984042519685035
0
LINE
8
BLACK
6
CONTINUOUS
10
5.7991338582677168
20
-4.2984042519685035
11
5.7698875196850397
21
-4.2984042519685035
0
LINE
8
BLACK
6
CONTINUOUS
10
5.7698875196850397
20
-4.2984042519685035
11
5.7691194488188975
21
-4.2983286220472436
0
LINE
8
BLACK
6
CONTINUOUS
10
5.7691194488188975
20
-4.2983286220472436
11
5.7677002362204721
21
-4.2977407480314955
0
LINE
8
BLACK
6
CONTINUOUS
10
5.7677002362204721
20
-4.2977407480314955
11
5.766614015748031
21
-4.2966545275590553
0
LINE
8
BLACK
6
CONTINUOUS
10
5.766614015748031
20
-4.2966545275590553
11
5.7660261417322829
21
-4.2952353149606299
0
LINE
8
BLACK
6
CONTINUOUS
10
5.7660261417322829
20
-4.2952353149606299
11
5.7660261417322829
21
-4.2936991732283465
0
LINE
8
BLACK
6
CONTINUOUS
10
5.7660261417322829
20
-4.2936991732283465
11
5.766614015748031
21
-4.2922799606299211
0
LINE
8
BLACK
6
CONTINUOUS
10
5.766614015748031
20
-4.2922799606299211
11
5.7677002362204721
21
-4.29119374015748
0
LINE
8
BLACK
6
CONTINUOUS
10
5.7677002362204721
20
-4.29119374015748
11
5.7691194488188975
21
-4.2906058661417319
0
LINE
8
BLACK
6
CONTINUOUS
10
5.7691194488188975
20
-4.2906058661417319
11
5.7698875196850397
21
-4.290530236220472
0
LINE
8
BLACK
6
CONTINUOUS
10
5.7698875196850397
20
-4.290530236220472
11
5.7805736614173231
21
-4.290530236220472
0
LINE
8
BLACK
6
CONTINUOUS
10
5.7805736614173231
20
-4.290530236220472
11
5.7805736614173231
21
-4.2552281102362199
0
LINE
8
BLACK
6
CONTINUOUS
10
5.7805736614173231
20
-4.2552281102362199
11
5.7775457480314962
21
-4.2582560236220468
0
LINE
8
BLACK
6
CONTINUOUS
10
5.7775457480314962
20
-4.2582560236220468
11
5.7772439763779531
21
-4.2585036614173228
0
LINE
8
BLACK
6
CONTINUOUS
10
5.7772439763779531
20
-4.2585036614173228
11
5.777175748031496
21
-4.2585823622047245
0
LINE
8
BLACK
6
CONTINUOUS
10
5.777175748031496
20
-4.2585823622047245
11
5.7770571259842516
21
-4.2586570078740156
0
LINE
8
BLACK
6
CONTINUOUS
10
5.7770571259842516
20
-4.2586570078740156
11
5.7769491732283464
21
-4.2587456299212594
0
LINE
8
BLACK
6
CONTINUOUS
10
5.7769491732283464
20
-4.2587456299212594
11
5.7768532283464564
21
-4.2587853543307084
0
LINE
8
BLACK
6
CONTINUOUS
10
5.7768532283464564
20
-4.2587853543307084
11
5.7765225984251964
21
-4.2589935039370079
0
LINE
8
BLACK
6
CONTINUOUS
10
5.7765225984251964
20
-4.2589935039370079
11
5.7716482283464563
21
-4.2614307086614174
0
LINE
8
BLACK
6
CONTINUOUS
10
5.7716482283464563
20
-4.2614307086614174
11
5.7709274015748031
21
-4.2617065354330705
0
LINE
8
BLACK
6
CONTINUOUS
10
5.7709274015748031
20
-4.2617065354330705
11
5.7693951181102365
21
-4.2618154330708657
0
LINE
8
BLACK
6
CONTINUOUS
10
5.7693951181102365
20
-4.2618154330708657
11
5.7679377952755901
21
-4.2613296456692913
0
LINE
8
BLACK
6
CONTINUOUS
10
5.7679377952755901
20
-4.2613296456692913
11
5.7667772834645668
21
-4.2603231889763782
0
LINE
8
BLACK
6
CONTINUOUS
10
5.7667772834645668
20
-4.2603231889763782
11
5.7660903149606302
21
-4.2589492125984254
0
LINE
8
BLACK
6
CONTINUOUS
10
5.7660903149606302
20
-4.2589492125984254
11
5.7659814173228341
21
-4.2574169291338579
0
LINE
8
BLACK
6
CONTINUOUS
10
5.7659814173228341
20
-4.2574169291338579
11
5.7664672047244094
21
-4.2559596062992124
0
LINE
8
BLACK
6
CONTINUOUS
10
5.7664672047244094
20
-4.2559596062992124
11
5.7674736614173225
21
-4.254799094488189
0
LINE
8
BLACK
6
CONTINUOUS
10
5.7674736614173225
20
-4.254799094488189
11
5.7681268110236221
21
-4.2543879527559056
0
LINE
8
BLACK
6
CONTINUOUS
10
5.7681268110236221
20
-4.2543879527559056
11
5.7724298425196849
21
-4.2522364173228349
0
LINE
8
BLACK
6
CONTINUOUS
10
5.7724298425196849
20
-4.2522364173228349
11
5.7765766929133857
21
-4.2480895275590553
0
LINE
8
BLACK
6
CONTINUOUS
10
5.7765766929133857
20
-4.2480895275590553
11
5.7812348818897634
21
-4.2411022834645671
0
LINE
8
BLACK
6
CONTINUOUS
10
5.7812348818897634
20
-4.2411022834645671
11
5.7812366141732285
21
-4.2411001181102357
0
LINE
8
BLACK
6
CONTINUOUS
10
5.7812366141732285
20
-4.2411001181102357
11
5.7812371653543302
21
-4.2410988582677165
0
LINE
8
BLACK
6
CONTINUOUS
10
5.7812371653543302
20
-4.2410988582677165
11
5.7812400393700782
21
-4.2410959448818897
0
LINE
8
BLACK
6
CONTINUOUS
10
5.7812400393700782
20
-4.2410959448818897
11
5.7817238582677168
21
-4.2405051574803148
0
LINE
8
BLACK
6
CONTINUOUS
10
5.7817238582677168
20
-4.2405051574803148
11
5.7820477952755907
21
-4.2402881889763782
0
LINE
8
BLACK
6
CONTINUOUS
10
5.7820477952755907
20
-4.2402881889763782
11
5.7823233858267713
21
-4.2400126377952754
0
LINE
8
BLACK
6
CONTINUOUS
10
5.7823233858267713
20
-4.2400126377952754
11
5.7826797244094488
21
-4.239865
0
LINE
8
BLACK
6
CONTINUOUS
10
5.7826797244094488
20
-4.239865
11
5.783000236220472
21
-4.2396503937007877
0
LINE
8
BLACK
6
CONTINUOUS
10
5.783000236220472
20
-4.2396503937007877
11
5.7833824015748032
21
-4.239573937007874
0
LINE
8
BLACK
6
CONTINUOUS
10
5.7833824015748032
20
-4.239573937007874
11
5.7837425984251967
21
-4.2394247637795273
0
LINE
8
BLACK
6
CONTINUOUS
10
5.7837425984251967
20
-4.2394247637795273
11
5.7841283858267714
21
-4.2394247637795273
0
LINE
8
BLACK
6
CONTINUOUS
10
5.7841283858267714
20
-4.2394247637795273
11
5.7845065354330707
21
-4.2393491338582674
0
LINE
8
BLACK
6
CONTINUOUS
10
5.7845065354330707
20
-4.2393491338582674
11
5.784888858267716
21
-4.2394247637795273
0
LINE
8
BLACK
6
CONTINUOUS
10
5.8315766141732279
20
-4.2394689763779523
11
5.831857244094488
21
-4.2394889370078737
0
LINE
8
BLACK
6
CONTINUOUS
10
5.831857244094488
20
-4.2394889370078737
11
5.8322987795275587
21
-4.2397097244094484
0
LINE
8
BLACK
6
CONTINUOUS
10
5.8322987795275587
20
-4.2397097244094484
11
5.8327670866141732
21
-4.2398658267716538
0
LINE
8
BLACK
6
CONTINUOUS
10
5.8327670866141732
20
-4.2398658267716538
11
5.8329796062992125
21
-4.2400501181102364
0
LINE
8
BLACK
6
CONTINUOUS
10
5.8329796062992125
20
-4.2400501181102364
11
5.8332311811023621
21
-4.2401759448818899
0
LINE
8
BLACK
6
CONTINUOUS
10
5.8332311811023621
20
-4.2401759448818899
11
5.8335546456692908
21
-4.2405488976377947
0
LINE
8
BLACK
6
CONTINUOUS
10
5.8335546456692908
20
-4.2405488976377947
11
5.8339275590551178
21
-4.2408723228346457
0
LINE
8
BLACK
6
CONTINUOUS
10
5.8339275590551178
20
-4.2408723228346457
11
5.8340532677165351
21
-4.2411237795275589
0
LINE
8
BLACK
6
CONTINUOUS
10
5.8340532677165351
20
-4.2411237795275589
11
5.8342377165354327
21
-4.2413364173228345
0
LINE
8
BLACK
6
CONTINUOUS
10
5.8342377165354327
20
-4.2413364173228345
11
5.8345523228346456
21
-4.2420411417322832
0
LINE
8
BLACK
6
CONTINUOUS
10
5.8345523228346456
20
-4.2420411417322832
11
5.851612716535433
21
-4.2932222834645666
0
LINE
8
BLACK
6
CONTINUOUS
10
5.851612716535433
20
-4.2932222834645666
11
5.8517838582677166
21
-4.2939748425196846
0
LINE
8
BLACK
6
CONTINUOUS
10
5.8517838582677166
20
-4.2939748425196846
11
5.8516749606299214
21
-4.2955071259842521
0
LINE
8
BLACK
6
CONTINUOUS
10
5.8516749606299214
20
-4.2955071259842521
11
5.850987992125984
21
-4.2968811023622049
0
LINE
8
BLACK
6
CONTINUOUS
10
5.850987992125984
20
-4.2968811023622049
11
5.8498274803149606
21
-4.2978875984251967
0
LINE
8
BLACK
6
CONTINUOUS
10
5.8498274803149606
20
-4.2978875984251967
11
5.8483701968503938
21
-4.2983733858267712
0
LINE
8
BLACK
6
CONTINUOUS
10
5.8483701968503938
20
-4.2983733858267712
11
5.8468379133858264
21
-4.2982644488188972
0
LINE
8
BLACK
6
CONTINUOUS
10
5.8468379133858264
20
-4.2982644488188972
11
5.8454639370078736
21
-4.2975774803149607
0
LINE
8
BLACK
6
CONTINUOUS
10
5.8454639370078736
20
-4.2975774803149607
11
5.8444574409448817
21
-4.296417007874016
0
LINE
8
BLACK
6
CONTINUOUS
10
5.8444574409448817
20
-4.296417007874016
11
5.84414279527559
21
-4.2957122440944877
0
LINE
8
BLACK
6
CONTINUOUS
10
5.84414279527559
20
-4.2957122440944877
11
5.8401657480314961
21
-4.2837811023622043
0
LINE
8
BLACK
6
CONTINUOUS
10
5.8401657480314961
20
-4.2837811023622043
11
5.8214690157480318
21
-4.2837811023622043
0
LINE
8
BLACK
6
CONTINUOUS
10
5.8214690157480318
20
-4.2837811023622043
11
5.817491968503937
21
-4.2957122440944877
0
LINE
8
BLACK
6
CONTINUOUS
10
5.817491968503937
20
-4.2957122440944877
11
5.817177362204724
21
-4.2964169685039373
0
LINE
8
BLACK
6
CONTINUOUS
10
5.817177362204724
20
-4.2964169685039373
11
5.8161708661417322
21
-4.2975774409448819
0
LINE
8
BLACK
6
CONTINUOUS
10
5.8161708661417322
20
-4.2975774409448819
11
5.8147968897637794
21
-4.2982644488188972
0
LINE
8
BLACK
6
CONTINUOUS
10
5.8147968897637794
20
-4.2982644488188972
11
5.8132646062992128
21
-4.2983733464566924
0
LINE
8
BLACK
6
CONTINUOUS
10
5.8132646062992128
20
-4.2983733464566924
11
5.8118072834645664
21
-4.2978875984251967
0
LINE
8
BLACK
6
CONTINUOUS
10
5.8118072834645664
20
-4.2978875984251967
11
5.8106468110236218
21
-4.2968811023622049
0
LINE
8
BLACK
6
CONTINUOUS
10
5.8106468110236218
20
-4.2968811023622049
11
5.8099598031496065
21
-4.2955071259842521
0
LINE
8
BLACK
6
CONTINUOUS
10
5.8099598031496065
20
-4.2955071259842521
11
5.8098509055118113
21
-4.2939748425196846
0
LINE
8
BLACK
6
CONTINUOUS
10
5.8098509055118113
20
-4.2939748425196846
11
5.810022047244094
21
-4.2932222440944878
0
LINE
8
BLACK
6
CONTINUOUS
10
5.810022047244094
20
-4.2932222440944878
11
5.8270824015748026
21
-4.2420411417322832
0
LINE
8
BLACK
6
CONTINUOUS
10
5.8270824015748026
20
-4.2420411417322832
11
5.8273970078740156
21
-4.2413364173228345
0
LINE
8
BLACK
6
CONTINUOUS
10
5.8273970078740156
20
-4.2413364173228345
11
5.8275814173228344
21
-4.2411237795275589
0
LINE
8
BLACK
6
CONTINUOUS
10
5.8275814173228344
20
-4.2411237795275589
11
5.8277071653543304
21
-4.2408723228346457
0
LINE
8
BLACK
6
CONTINUOUS
10
5.8277071653543304
20
-4.2408723228346457
11
5.8280799606299212
21
-4.2405489370078735
0
LINE
8
BLACK
6
CONTINUOUS
10
5.8280799606299212
20
-4.2405489370078735
11
5.8284035039370075
21
-4.2401759448818899
0
LINE
8
BLACK
6
CONTINUOUS
10
5.8284035039370075
20
-4.2401759448818899
11
5.8286550393700782
21
-4.2400501574803151
0
LINE
8
BLACK
6
CONTINUOUS
10
5.8286550393700782
20
-4.2400501574803151
11
5.8288676377952751
21
-4.239865787401575
0
LINE
8
BLACK
6
CONTINUOUS
10
5.8288676377952751
20
-4.239865787401575
11
5.8293360236220471
21
-4.2397096456692909
0
LINE
8
BLACK
6
CONTINUOUS
10
5.8293360236220471
20
-4.2397096456692909
11
5.8297774803149602
21
-4.2394889370078737
0
LINE
8
BLACK
6
CONTINUOUS
10
5.8297774803149602
20
-4.2394889370078737
11
5.8300580708661416
21
-4.2394689763779523
0
LINE
8
BLACK
6
CONTINUOUS
10
5.8300580708661416
20
-4.2394689763779523
11
5.8303249606299214
21
-4.2393800393700785
0
LINE
8
BLACK
6
CONTINUOUS
10
5.8303249606299214
20
-4.2393800393700785
11
5.8308173622047246
21
-4.2394150000000002
0
LINE
8
BLACK
6
CONTINUOUS
10
5.8308173622047246
20
-4.2394150000000002
11
5.8313097637795277
21
-4.2393800393700785
0
LINE
8
BLACK
6
CONTINUOUS
10
5.8313097637795277
20
-4.2393800393700785
11
5.8315766141732279
21
-4.2394689763779523
0
LINE
8
BLACK
6
CONTINUOUS
10
5.8240937007874019
20
-4.2759070866141728
11
5.8375410629921261
21
-4.2759070866141728
0
LINE
8
BLACK
6
CONTINUOUS
10
5.8375410629921261
20
-4.2759070866141728
11
5.8308173622047246
21
-4.2557359842519684
0
LINE
8
BLACK
6
CONTINUOUS
10
5.8308173622047246
20
-4.2557359842519684
11
5.8240937007874019
21
-4.2759070866141728
0
LINE
8
BLACK
6
CONTINUOUS
10
5.5244988582677168
20
-4.2394247637795273
11
5.5259180708661413
21
-4.2400126377952754
0
LINE
8
BLACK
6
CONTINUOUS
10
5.5259180708661413
20
-4.2400126377952754
11
5.5270042913385824
21
-4.2410988582677165
0
LINE
8
BLACK
6
CONTINUOUS
10
5.5270042913385824
20
-4.2410988582677165
11
5.5275921653543305
21
-4.2425180708661419
0
LINE
8
BLACK
6
CONTINUOUS
10
5.5275921653543305
20
-4.2425180708661419
11
5.5275921653543305
21
-4.2440542125984253
0
LINE
8
BLACK
6
CONTINUOUS
10
5.5275921653543305
20
-4.2440542125984253
11
5.5270042913385824
21
-4.2454734251968507
0
LINE
8
BLACK
6
CONTINUOUS
10
5.5270042913385824
20
-4.2454734251968507
11
5.5259180708661413
21
-4.2465596456692909
0
LINE
8
BLACK
6
CONTINUOUS
10
5.5259180708661413
20
-4.2465596456692909
11
5.5244988582677168
21
-4.247147519685039
0
LINE
8
BLACK
6
CONTINUOUS
10
5.5244988582677168
20
-4.247147519685039
11
5.5237307874015746
21
-4.2472231496062989
0
LINE
8
BLACK
6
CONTINUOUS
10
5.5237307874015746
20
-4.2472231496062989
11
5.5130446456692912
21
-4.2472231496062989
0
LINE
8
BLACK
6
CONTINUOUS
10
5.5130446456692912
20
-4.2472231496062989
11
5.5130446456692912
21
-4.2944672440944878
0
LINE
8
BLACK
6
CONTINUOUS
10
5.5130446456692912
20
-4.2944672440944878
11
5.5129690157480313
21
-4.2952353149606299
0
LINE
8
BLACK
6
CONTINUOUS
10
5.5129690157480313
20
-4.2952353149606299
11
5.5123811417322832
21
-4.2966545275590553
0
LINE
8
BLACK
6
CONTINUOUS
10
5.5123811417322832
20
-4.2966545275590553
11
5.5112949212598421
21
-4.2977407480314955
0
LINE
8
BLACK
6
CONTINUOUS
10
5.5112949212598421
20
-4.2977407480314955
11
5.5098757086614176
21
-4.2983286220472436
0
LINE
8
BLACK
6
CONTINUOUS
10
5.5098757086614176
20
-4.2983286220472436
11
5.5083395669291333
21
-4.2983286220472436
0
LINE
8
BLACK
6
CONTINUOUS
10
5.5083395669291333
20
-4.2983286220472436
11
5.5069203543307088
21
-4.2977407480314955
0
LINE
8
BLACK
6
CONTINUOUS
10
5.5069203543307088
20
-4.2977407480314955
11
5.5058341338582677
21
-4.2966545275590553
0
LINE
8
BLACK
6
CONTINUOUS
10
5.5058341338582677
20
-4.2966545275590553
11
5.5052462598425196
21
-4.2952353149606299
0
LINE
8
BLACK
6
CONTINUOUS
10
5.5052462598425196
20
-4.2952353149606299
11
5.5051706299212597
21
-4.2944672440944878
0
LINE
8
BLACK
6
CONTINUOUS
10
5.5051706299212597
20
-4.2944672440944878
11
5.5051706299212597
21
-4.2472231496062989
0
LINE
8
BLACK
6
CONTINUOUS
10
5.5051706299212597
20
-4.2472231496062989
11
5.4944844488188975
21
-4.2472231496062989
0
LINE
8
BLACK
6
CONTINUOUS
10
5.4944844488188975
20
-4.2472231496062989
11
5.4937163779527554
21
-4.247147519685039
0
LINE
8
BLACK
6
CONTINUOUS
10
5.4937163779527554
20
-4.247147519685039
11
5.4922971653543309
21
-4.2465596456692909
0
LINE
8
BLACK
6
CONTINUOUS
10
5.4922971653543309
20
-4.2465596456692909
11
5.4912109448818898
21
-4.2454734251968507
0
LINE
8
BLACK
6
CONTINUOUS
10
5.4912109448818898
20
-4.2454734251968507
11
5.4906230708661417
21
-4.2440542125984253
0
LINE
8
BLACK
6
CONTINUOUS
10
5.4906230708661417
20
-4.2440542125984253
11
5.4906230708661417
21
-4.2425180708661419
0
LINE
8
BLACK
6
CONTINUOUS
10
5.4906230708661417
20
-4.2425180708661419
11
5.4912109448818898
21
-4.2410988582677165
0
LINE
8
BLACK
6
CONTINUOUS
10
5.4912109448818898
20
-4.2410988582677165
11
5.4922971653543309
21
-4.2400126377952754
0
LINE
8
BLACK
6
CONTINUOUS
10
5.4922971653543309
20
-4.2400126377952754
11
5.4937163779527554
21
-4.2394247637795273
0
LINE
8
BLACK
6
CONTINUOUS
10
5.4937163779527554
20
-4.2394247637795273
11
5.4944844488188975
21
-4.2393491338582674
0
LINE
8
BLACK
6
CONTINUOUS
10
5.4944844488188975
20
-4.2393491338582674
11
5.5237307874015746
21
-4.2393491338582674
0
LINE
8
BLACK
6
CONTINUOUS
10
5.5237307874015746
20
-4.2393491338582674
11
5.5244988582677168
21
-4.2394247637795273
0
LINE
8
BLACK
6
CONTINUOUS
10
5.5917223228346451
20
-4.2400126377952754
11
5.5928085433070862
21
-4.2410988582677165
0
LINE
8
BLACK
6
CONTINUOUS
10
5.5928085433070862
20
-4.2410988582677165
11
5.5933964173228343
21
-4.2425180708661419
0
LINE
8
BLACK
6
CONTINUOUS
10
5.5933964173228343
20
-4.2425180708661419
11
5.5934720472440942
21
-4.2432861417322831
0
LINE
8
BLACK
6
CONTINUOUS
10
5.5934720472440942
20
-4.2432861417322831
11
5.5934720472440942
21
-4.2944672440944878
0
LINE
8
BLACK
6
CONTINUOUS
10
5.5934720472440942
20
-4.2944672440944878
11
5.5933964173228343
21
-4.2952353149606299
0
LINE
8
BLACK
6
CONTINUOUS
10
5.5933964173228343
20
-4.2952353149606299
11
5.5928085433070862
21
-4.2966545275590553
0
LINE
8
BLACK
6
CONTINUOUS
10
5.5928085433070862
20
-4.2966545275590553
11
5.5917223228346451
21
-4.2977407480314955
0
LINE
8
BLACK
6
CONTINUOUS
10
5.5917223228346451
20
-4.2977407480314955
11
5.5903031102362206
21
-4.2983286220472436
0
LINE
8
BLACK
6
CONTINUOUS
10
5.5903031102362206
20
-4.2983286220472436
11
5.5887669685039372
21
-4.2983286220472436
0
LINE
8
BLACK
6
CONTINUOUS
10
5.5887669685039372
20
-4.2983286220472436
11
5.5873477559055118
21
-4.2977407480314955
0
LINE
8
BLACK
6
CONTINUOUS
10
5.5873477559055118
20
-4.2977407480314955
11
5.5862615354330707
21
-4.2966545275590553
0
LINE
8
BLACK
6
CONTINUOUS
10
5.5862615354330707
20
-4.2966545275590553
11
5.5856736614173226
21
-4.2952353149606299
0
LINE
8
BLACK
6
CONTINUOUS
10
5.5856736614173226
20
-4.2952353149606299
11
5.5855980314960627
21
-4.2944672440944878
0
LINE
8
BLACK
6
CONTINUOUS
10
5.5855980314960627
20
-4.2944672440944878
11
5.5855980314960627
21
-4.2432861417322831
0
LINE
8
BLACK
6
CONTINUOUS
10
5.5855980314960627
20
-4.2432861417322831
11
5.5856736614173226
21
-4.2425180708661419
0
LINE
8
BLACK
6
CONTINUOUS
10
5.5856736614173226
20
-4.2425180708661419
11
5.5862615354330707
21
-4.2410988582677165
0
LINE
8
BLACK
6
CONTINUOUS
10
5.5862615354330707
20
-4.2410988582677165
11
5.5873477559055118
21
-4.2400126377952754
0
LINE
8
BLACK
6
CONTINUOUS
10
5.5873477559055118
20
-4.2400126377952754
11
5.5887669685039372
21
-4.2394247637795273
0
LINE
8
BLACK
6
CONTINUOUS
10
5.5887669685039372
20
-4.2394247637795273
11
5.5903031102362206
21
-4.2394247637795273
0
LINE
8
BLACK
6
CONTINUOUS
10
5.5903031102362206
20
-4.2394247637795273
11
5.5917223228346451
21
-4.2400126377952754
0
LINE
8
BLACK
6
CONTINUOUS
10
5.6341726377952757
20
-4.2394247637795273
11
5.6343033464566927
21
-4.2394788976377953
0
LINE
8
BLACK
6
CONTINUOUS
10
5.6343033464566927
20
-4.2394788976377953
11
5.6344444488188978
21
-4.2394889370078737
0
LINE
8
BLACK
6
CONTINUOUS
10
5.6344444488188978
20
-4.2394889370078737
11
5.6351652362204723
21
-4.2397647637795277
0
LINE
8
BLACK
6
CONTINUOUS
10
5.6351652362204723
20
-4.2397647637795277
11
5.6400396850393699
21
-4.2422019685039372
0
LINE
8
BLACK
6
CONTINUOUS
10
5.6400396850393699
20
-4.2422019685039372
11
5.6403703149606299
21
-4.2424100787401571
0
LINE
8
BLACK
6
CONTINUOUS
10
5.6403703149606299
20
-4.2424100787401571
11
5.6404662598425199
21
-4.2424498425196848
0
LINE
8
BLACK
6
CONTINUOUS
10
5.6404662598425199
20
-4.2424498425196848
11
5.6405742519685038
21
-4.2425384645669286
0
LINE
8
BLACK
6
CONTINUOUS
10
5.6405742519685038
20
-4.2425384645669286
11
5.6406928346456695
21
-4.2426131102362206
0
LINE
8
BLACK
6
CONTINUOUS
10
5.6406928346456695
20
-4.2426131102362206
11
5.6407610236220469
21
-4.2426917322834647
0
LINE
8
BLACK
6
CONTINUOUS
10
5.6407610236220469
20
-4.2426917322834647
11
5.6410628740157476
21
-4.2429394488188974
0
LINE
8
BLACK
6
CONTINUOUS
10
5.6410628740157476
20
-4.2429394488188974
11
5.643500078740157
21
-4.2453766535433068
0
LINE
8
BLACK
6
CONTINUOUS
10
5.643500078740157
20
-4.2453766535433068
11
5.6437478740157481
21
-4.2456786220472438
0
LINE
8
BLACK
6
CONTINUOUS
10
5.6437478740157481
20
-4.2456786220472438
11
5.6438264173228347
21
-4.2457467322834646
0
LINE
8
BLACK
6
CONTINUOUS
10
5.6438264173228347
20
-4.2457467322834646
11
5.6439009448818895
21
-4.2458651181102365
0
LINE
8
BLACK
6
CONTINUOUS
10
5.6439009448818895
20
-4.2458651181102365
11
5.6439896850393696
21
-4.2459732677165354
0
LINE
8
BLACK
6
CONTINUOUS
10
5.6439896850393696
20
-4.2459732677165354
11
5.6440294488188973
21
-4.2460692913385829
0
LINE
8
BLACK
6
CONTINUOUS
10
5.6440294488188973
20
-4.2460692913385829
11
5.6442375590551181
21
-4.2463998818897633
0
LINE
8
BLACK
6
CONTINUOUS
10
5.6442375590551181
20
-4.2463998818897633
11
5.6466747244094488
21
-4.2512742519685043
0
LINE
8
BLACK
6
CONTINUOUS
10
5.6466747244094488
20
-4.2512742519685043
11
5.646950551181102
21
-4.2519950393700787
0
LINE
8
BLACK
6
CONTINUOUS
10
5.646950551181102
20
-4.2519950393700787
11
5.6469605511811025
21
-4.2521361023622042
0
LINE
8
BLACK
6
CONTINUOUS
10
5.6469605511811025
20
-4.2521361023622042
11
5.6470147244094484
21
-4.2522668503937009
0
LINE
8
BLACK
6
CONTINUOUS
10
5.6470147244094484
20
-4.2522668503937009
11
5.6470903543307083
21
-4.2530349212598422
0
LINE
8
BLACK
6
CONTINUOUS
10
5.6470903543307083
20
-4.2530349212598422
11
5.6470903543307083
21
-4.2603465354330705
0
LINE
8
BLACK
6
CONTINUOUS
10
5.6470903543307083
20
-4.2603465354330705
11
5.6470147244094484
21
-4.2611146062992127
0
LINE
8
BLACK
6
CONTINUOUS
10
5.6470147244094484
20
-4.2611146062992127
11
5.6469605511811025
21
-4.2612453149606297
0
LINE
8
BLACK
6
CONTINUOUS
10
5.6469605511811025
20
-4.2612453149606297
11
5.646950551181102
21
-4.2613864173228349
0
LINE
8
BLACK
6
CONTINUOUS
10
5.646950551181102
20
-4.2613864173228349
11
5.6466747244094488
21
-4.2621072047244093
0
LINE
8
BLACK
6
CONTINUOUS
10
5.6466747244094488
20
-4.2621072047244093
11
5.6442375590551181
21
-4.2669815748031494
0
LINE
8
BLACK
6
CONTINUOUS
10
5.6442375590551181
20
-4.2669815748031494
11
5.6440294488188973
21
-4.2673121259842519
0
LINE
8
BLACK
6
CONTINUOUS
10
5.6440294488188973
20
-4.2673121259842519
11
5.6439896850393696
21
-4.2674081889763782
0
LINE
8
BLACK
6
CONTINUOUS
10
5.6439896850393696
20
-4.2674081889763782
11
5.6439009448818895
21
-4.2675162992125983
0
LINE
8
BLACK
6
CONTINUOUS
10
5.6439009448818895
20
-4.2675162992125983
11
5.6438264173228347
21
-4.267634724409449
0
LINE
8
BLACK
6
CONTINUOUS
10
5.6438264173228347
20
-4.267634724409449
11
5.6437478740157481
21
-4.2677027952755902
0
LINE
8
BLACK
6
CONTINUOUS
10
5.6437478740157481
20
-4.2677027952755902
11
5.643500078740157
21
-4.2680048031496058
0
LINE
8
BLACK
6
CONTINUOUS
10
5.643500078740157
20
-4.2680048031496058
11
5.6410628740157476
21
-4.2704420078740153
0
LINE
8
BLACK
6
CONTINUOUS
10
5.6410628740157476
20
-4.2704420078740153
11
5.6407610236220469
21
-4.2706896850393701
0
LINE
8
BLACK
6
CONTINUOUS
10
5.6407610236220469
20
-4.2706896850393701
11
5.6406928346456695
21
-4.270768346456693
0
LINE
8
BLACK
6
CONTINUOUS
10
5.6406928346456695
20
-4.270768346456693
11
5.6405742519685038
21
-4.2708429527559053
0
LINE
8
BLACK
6
CONTINUOUS
10
5.6405742519685038
20
-4.2708429527559053
11
5.6404662598425199
21
-4.2709316141732279
0
LINE
8
BLACK
6
CONTINUOUS
10
5.6404662598425199
20
-4.2709316141732279
11
5.6403703149606299
21
-4.2709713385826769
0
LINE
8
BLACK
6
CONTINUOUS
10
5.6403703149606299
20
-4.2709713385826769
11
5.6400396850393699
21
-4.2711794881889764
0
LINE
8
BLACK
6
CONTINUOUS
10
5.6400396850393699
20
-4.2711794881889764
11
5.6351652362204723
21
-4.2736166929133859
0
LINE
8
BLACK
6
CONTINUOUS
10
5.6351652362204723
20
-4.2736166929133859
11
5.6344444488188978
21
-4.273892519685039
0
LINE
8
BLACK
6
CONTINUOUS
10
5.6344444488188978
20
-4.273892519685039
11
5.6343033464566927
21
-4.2739025196850395
0
LINE
8
BLACK
6
CONTINUOUS
10
5.6343033464566927
20
-4.2739025196850395
11
5.6341726377952757
21
-4.2739566929133854
0
LINE
8
BLACK
6
CONTINUOUS
10
5.6341726377952757
20
-4.2739566929133854
11
5.6334045669291335
21
-4.2740323228346453
0
LINE
8
BLACK
6
CONTINUOUS
10
5.6334045669291335
20
-4.2740323228346453
11
5.6178440157480312
21
-4.2740323228346453
0
LINE
8
BLACK
6
CONTINUOUS
10
5.6178440157480312
20
-4.2740323228346453
11
5.6178440157480312
21
-4.2944672440944878
0
LINE
8
BLACK
6
CONTINUOUS
10
5.6178440157480312
20
-4.2944672440944878
11
5.6177683858267713
21
-4.2952353149606299
0
LINE
8
BLACK
6
CONTINUOUS
10
5.6177683858267713
20
-4.2952353149606299
11
5.6171805118110232
21
-4.2966545275590553
0
LINE
8
BLACK
6
CONTINUOUS
10
5.6171805118110232
20
-4.2966545275590553
11
5.616094291338583
21
-4.2977407480314955
0
LINE
8
BLACK
6
CONTINUOUS
10
5.616094291338583
20
-4.2977407480314955
11
5.6146750787401576
21
-4.2983286220472436
0
LINE
8
BLACK
6
CONTINUOUS
10
5.6146750787401576
20
-4.2983286220472436
11
5.6131389370078741
21
-4.2983286220472436
0
LINE
8
BLACK
6
CONTINUOUS
10
5.6131389370078741
20
-4.2983286220472436
11
5.6117197244094488
21
-4.2977407480314955
0
LINE
8
BLACK
6
CONTINUOUS
10
5.6117197244094488
20
-4.2977407480314955
11
5.6106335039370077
21
-4.2966545275590553
0
LINE
8
BLACK
6
CONTINUOUS
10
5.6106335039370077
20
-4.2966545275590553
11
5.6100456299212595
21
-4.2952353149606299
0
LINE
8
BLACK
6
CONTINUOUS
10
5.6100456299212595
20
-4.2952353149606299
11
5.6099699999999997
21
-4.2944672440944878
0
LINE
8
BLACK
6
CONTINUOUS
10
5.6099699999999997
20
-4.2944672440944878
11
5.6099699999999997
21
-4.2432861417322831
0
LINE
8
BLACK
6
CONTINUOUS
10
5.6099699999999997
20
-4.2432861417322831
11
5.6100456299212595
21
-4.2425180708661419
0
LINE
8
BLACK
6
CONTINUOUS
10
5.6100456299212595
20
-4.2425180708661419
11
5.6106335039370077
21
-4.2410988582677165
0
LINE
8
BLACK
6
CONTINUOUS
10
5.6106335039370077
20
-4.2410988582677165
11
5.6117197244094488
21
-4.2400126377952754
0
LINE
8
BLACK
6
CONTINUOUS
10
5.6117197244094488
20
-4.2400126377952754
11
5.6131389370078741
21
-4.2394247637795273
0
LINE
8
BLACK
6
CONTINUOUS
10
5.6131389370078741
20
-4.2394247637795273
11
5.6139070078740154
21
-4.2393491338582674
0
LINE
8
BLACK
6
CONTINUOUS
10
5.6139070078740154
20
-4.2393491338582674
11
5.6334045669291335
21
-4.2393491338582674
0
LINE
8
BLACK
6
CONTINUOUS
10
5.6334045669291335
20
-4.2393491338582674
11
5.6341726377952757
21
-4.2394247637795273
0
LINE
8
BLACK
6
CONTINUOUS
10
5.6178440157480312
20
-4.2661583070866138
11
5.6324751574803145
21
-4.2661583070866138
0
LINE
8
BLACK
6
CONTINUOUS
10
5.6324751574803145
20
-4.2661583070866138
11
5.6359468110236222
21
-4.2644224803149609
0
LINE
8
BLACK
6
CONTINUOUS
10
5.6359468110236222
20
-4.2644224803149609
11
5.6374805118110238
21
-4.2628887401574804
0
LINE
8
BLACK
6
CONTINUOUS
10
5.6374805118110238
20
-4.2628887401574804
11
5.6392163385826768
21
-4.2594171259842515
0
LINE
8
BLACK
6
CONTINUOUS
10
5.6392163385826768
20
-4.2594171259842515
11
5.6392163385826768
21
-4.2539642913385824
0
LINE
8
BLACK
6
CONTINUOUS
10
5.6392163385826768
20
-4.2539642913385824
11
5.6374805118110238
21
-4.2504926771653544
0
LINE
8
BLACK
6
CONTINUOUS
10
5.6374805118110238
20
-4.2504926771653544
11
5.6359468110236222
21
-4.2489589763779527
0
LINE
8
BLACK
6
CONTINUOUS
10
5.6359468110236222
20
-4.2489589763779527
11
5.6324751574803145
21
-4.2472231496062989
0
LINE
8
BLACK
6
CONTINUOUS
10
5.6324751574803145
20
-4.2472231496062989
11
5.6178440157480312
21
-4.2472231496062989
0
LINE
8
BLACK
6
CONTINUOUS
10
5.6178440157480312
20
-4.2472231496062989
11
5.6178440157480312
21
-4.2661583070866138
0
LINE
8
BLACK
6
CONTINUOUS
10
5.6992937795275589
20
-4.2394247637795273
11
5.6999769291338582
21
-4.2394247637795273
0
LINE
8
BLACK
6
CONTINUOUS
10
5.6999769291338582
20
-4.2394247637795273
11
5.7000579921259842
21
-4.2394583464566926
0
LINE
8
BLACK
6
CONTINUOUS
10
5.7000579921259842
20
-4.2394583464566926
11
5.7001457874015751
21
-4.2394622047244095
0
LINE
8
BLACK
6
CONTINUOUS
10
5.7001457874015751
20
-4.2394622047244095
11
5.7007655905511809
21
-4.2397514173228341
0
LINE
8
BLACK
6
CONTINUOUS
10
5.7007655905511809
20
-4.2397514173228341
11
5.7013961417322836
21
-4.2400126377952754
0
LINE
8
BLACK
6
CONTINUOUS
10
5.7013961417322836
20
-4.2400126377952754
11
5.7014581102362207
21
-4.2400746062992125
0
LINE
8
BLACK
6
CONTINUOUS
10
5.7014581102362207
20
-4.2400746062992125
11
5.7015377952755903
21
-4.2401118110236222
0
LINE
8
BLACK
6
CONTINUOUS
10
5.7015377952755903
20
-4.2401118110236222
11
5.7019997637795274
21
-4.2406162598425192
0
LINE
8
BLACK
6
CONTINUOUS
10
5.7019997637795274
20
-4.2406162598425192
11
5.7024823622047247
21
-4.2410988582677165
0
LINE
8
BLACK
6
CONTINUOUS
10
5.7024823622047247
20
-4.2410988582677165
11
5.7025159055118113
21
-4.2411798425196849
0
LINE
8
BLACK
6
CONTINUOUS
10
5.7025159055118113
20
-4.2411798425196849
11
5.7025752755905508
21
-4.2412446850393701
0
LINE
8
BLACK
6
CONTINUOUS
10
5.7025752755905508
20
-4.2412446850393701
11
5.7028088976377953
21
-4.2418872047244092
0
LINE
8
BLACK
6
CONTINUOUS
10
5.7028088976377953
20
-4.2418872047244092
11
5.7030702362204719
21
-4.2425180708661419
0
LINE
8
BLACK
6
CONTINUOUS
10
5.7030702362204719
20
-4.2425180708661419
11
5.7030820866141729
21
-4.2426384251968505
0
LINE
8
BLACK
6
CONTINUOUS
10
5.7030820866141729
20
-4.2426384251968505
11
5.7031002362204726
21
-4.2426883464566929
0
LINE
8
BLACK
6
CONTINUOUS
10
5.7031002362204726
20
-4.2426883464566929
11
5.7030961417322832
21
-4.2427812598425199
0
LINE
8
BLACK
6
CONTINUOUS
10
5.7030961417322832
20
-4.2427812598425199
11
5.7031458661417318
21
-4.2432861417322831
0
LINE
8
BLACK
6
CONTINUOUS
10
5.7031458661417318
20
-4.2432861417322831
11
5.7031458661417318
21
-4.2944672440944878
0
LINE
8
BLACK
6
CONTINUOUS
10
5.7031458661417318
20
-4.2944672440944878
11
5.7030702362204719
21
-4.2952353149606299
0
LINE
8
BLACK
6
CONTINUOUS
10
5.7030702362204719
20
-4.2952353149606299
11
5.7024823622047247
21
-4.2966545275590553
0
LINE
8
BLACK
6
CONTINUOUS
10
5.7024823622047247
20
-4.2966545275590553
11
5.7013961417322836
21
-4.2977407480314955
0
LINE
8
BLACK
6
CONTINUOUS
10
5.7013961417322836
20
-4.2977407480314955
11
5.6999769291338582
21
-4.2983286220472436
0
LINE
8
BLACK
6
CONTINUOUS
10
5.6999769291338582
20
-4.2983286220472436
11
5.6984407874015748
21
-4.2983286220472436
0
LINE
8
BLACK
6
CONTINUOUS
10
5.6984407874015748
20
-4.2983286220472436
11
5.6970215748031494
21
-4.2977407480314955
0
LINE
8
BLACK
6
CONTINUOUS
10
5.6970215748031494
20
-4.2977407480314955
11
5.6959353543307083
21
-4.2966545275590553
0
LINE
8
BLACK
6
CONTINUOUS
10
5.6959353543307083
20
-4.2966545275590553
11
5.6953474803149602
21
-4.2952353149606299
0
LINE
8
BLACK
6
CONTINUOUS
10
5.6953474803149602
20
-4.2952353149606299
11
5.6952718503937003
21
-4.2944672440944878
0
LINE
8
BLACK
6
CONTINUOUS
10
5.6952718503937003
20
-4.2944672440944878
11
5.6952718503937003
21
-4.2610324409448816
0
LINE
8
BLACK
6
CONTINUOUS
10
5.6952718503937003
20
-4.2610324409448816
11
5.685716141732283
21
-4.2815089763779524
0
LINE
8
BLACK
6
CONTINUOUS
10
5.685716141732283
20
-4.2815089763779524
11
5.6855496062992126
21
-4.2817901181102362
0
LINE
8
BLACK
6
CONTINUOUS
10
5.6855496062992126
20
-4.2817901181102362
11
5.6855149212598421
21
-4.2818855118110237
0
LINE
8
BLACK
6
CONTINUOUS
10
5.6855149212598421
20
-4.2818855118110237
11
5.6854531496062988
21
-4.2819529527559057
0
LINE
8
BLACK
6
CONTINUOUS
10
5.6854531496062988
20
-4.2819529527559057
11
5.6853227952755905
21
-4.2821730314960629
0
LINE
8
BLACK
6
CONTINUOUS
10
5.6853227952755905
20
-4.2821730314960629
11
5.6848816141732286
21
-4.282577007874016
0
LINE
8
BLACK
6
CONTINUOUS
10
5.6848816141732286
20
-4.282577007874016
11
5.6844774409448817
21
-4.2830183858267716
0
LINE
8
BLACK
6
CONTINUOUS
10
5.6844774409448817
20
-4.2830183858267716
11
5.6843188582677167
21
-4.2830923622047239
0
LINE
8
BLACK
6
CONTINUOUS
10
5.6843188582677167
20
-4.2830923622047239
11
5.6841899212598426
21
-4.2832104724409445
0
LINE
8
BLACK
6
CONTINUOUS
10
5.6841899212598426
20
-4.2832104724409445
11
5.6836279527559057
21
-4.283414803149606
0
LINE
8
BLACK
6
CONTINUOUS
10
5.6836279527559057
20
-4.283414803149606
11
5.6830854330708664
21
-4.2836680314960631
0
LINE
8
BLACK
6
CONTINUOUS
10
5.6830854330708664
20
-4.2836680314960631
11
5.6829105511811022
21
-4.2836757086614172
0
LINE
8
BLACK
6
CONTINUOUS
10
5.6829105511811022
20
-4.2836757086614172
11
5.6827462598425198
21
-4.2837354724409451
0
LINE
8
BLACK
6
CONTINUOUS
10
5.6827462598425198
20
-4.2837354724409451
11
5.6821485039370074
21
-4.2837091732283463
0
LINE
8
BLACK
6
CONTINUOUS
10
5.6821485039370074
20
-4.2837091732283463
11
5.681550748031496
21
-4.2837354724409451
0
LINE
8
BLACK
6
CONTINUOUS
10
5.681550748031496
20
-4.2837354724409451
11
5.681386377952756
21
-4.2836757086614172
0
LINE
8
BLACK
6
CONTINUOUS
10
5.681386377952756
20
-4.2836757086614172
11
5.6812116141732281
21
-4.2836680314960631
0
LINE
8
BLACK
6
CONTINUOUS
10
5.6812116141732281
20
-4.2836680314960631
11
5.6806693700787401
21
-4.283414960629921
0
LINE
8
BLACK
6
CONTINUOUS
10
5.6806693700787401
20
-4.283414960629921
11
5.6801070866141732
21
-4.2832105118110233
0
LINE
8
BLACK
6
CONTINUOUS
10
5.6801070866141732
20
-4.2832105118110233
11
5.6799780314960628
21
-4.2830923228346451
0
LINE
8
BLACK
6
CONTINUOUS
10
5.6799780314960628
20
-4.2830923228346451
11
5.679819566929134
21
-4.2830183858267716
0
LINE
8
BLACK
6
CONTINUOUS
10
5.679819566929134
20
-4.2830183858267716
11
5.6794155511811022
21
-4.2825772047244097
0
LINE
8
BLACK
6
CONTINUOUS
10
5.6794155511811022
20
-4.2825772047244097
11
5.6789742125984253
21
-4.2821730314960629
0
LINE
8
BLACK
6
CONTINUOUS
10
5.6789742125984253
20
-4.2821730314960629
11
5.6788437401574798
21
-4.2819527952755907
0
LINE
8
BLACK
6
CONTINUOUS
10
5.6788437401574798
20
-4.2819527952755907
11
5.6787821259842515
21
-4.2818855118110237
0
LINE
8
BLACK
6
CONTINUOUS
10
5.6787821259842515
20
-4.2818855118110237
11
5.6787474803149607
21
-4.28179031496063
0
LINE
8
BLACK
6
CONTINUOUS
10
5.6787474803149607
20
-4.28179031496063
11
5.6785808661417319
21
-4.2815090157480311
0
LINE
8
BLACK
6
CONTINUOUS
10
5.6785808661417319
20
-4.2815090157480311
11
5.6690251181102358
21
-4.2610324015748029
0
LINE
8
BLACK
6
CONTINUOUS
10
5.6690251181102358
20
-4.2610324015748029
11
5.6690251181102358
21
-4.2944672440944878
0
LINE
8
BLACK
6
CONTINUOUS
10
5.6690251181102358
20
-4.2944672440944878
11
5.6689494881889759
21
-4.2952353149606299
0
LINE
8
BLACK
6
CONTINUOUS
10
5.6689494881889759
20
-4.2952353149606299
11
5.6683616141732278
21
-4.2966545275590553
0
LINE
8
BLACK
6
CONTINUOUS
10
5.6683616141732278
20
-4.2966545275590553
11
5.6672753937007876
21
-4.2977407480314955
0
LINE
8
BLACK
6
CONTINUOUS
10
5.6672753937007876
20
-4.2977407480314955
11
5.6658561811023622
21
-4.2983286220472436
0
LINE
8
BLACK
6
CONTINUOUS
10
5.6658561811023622
20
-4.2983286220472436
11
5.6643200393700788
21
-4.2983286220472436
0
LINE
8
BLACK
6
CONTINUOUS
10
5.6643200393700788
20
-4.2983286220472436
11
5.6629008267716534
21
-4.2977407480314955
0
LINE
8
BLACK
6
CONTINUOUS
10
5.6629008267716534
20
-4.2977407480314955
11
5.6618146062992123
21
-4.2966545275590553
0
LINE
8
BLACK
6
CONTINUOUS
10
5.6618146062992123
20
-4.2966545275590553
11
5.6612267322834642
21
-4.2952353149606299
0
LINE
8
BLACK
6
CONTINUOUS
10
5.6612267322834642
20
-4.2952353149606299
11
5.6611511023622043
21
-4.2944672440944878
0
LINE
8
BLACK
6
CONTINUOUS
10
5.6611511023622043
20
-4.2944672440944878
11
5.6611511023622043
21
-4.2432861417322831
0
LINE
8
BLACK
6
CONTINUOUS
10
5.6611511023622043
20
-4.2432861417322831
11
5.6612007874015751
21
-4.2427812598425199
0
LINE
8
BLACK
6
CONTINUOUS
10
5.6612007874015751
20
-4.2427812598425199
11
5.6611967322834644
21
-4.2426883858267717
0
LINE
8
BLACK
6
CONTINUOUS
10
5.6611967322834644
20
-4.2426883858267717
11
5.6612148425196853
21
-4.2426384645669293
0
LINE
8
BLACK
6
CONTINUOUS
10
5.6612148425196853
20
-4.2426384645669293
11
5.6612267322834642
21
-4.2425180708661419
0
LINE
8
BLACK
6
CONTINUOUS
10
5.6612267322834642
20
-4.2425180708661419
11
5.6614883070866142
21
-4.2418864960629916
0
LINE
8
BLACK
6
CONTINUOUS
10
5.6614883070866142
20
-4.2418864960629916
11
5.6617217322834641
21
-4.2412447244094489
0
LINE
8
BLACK
6
CONTINUOUS
10
5.6617217322834641
20
-4.2412447244094489
11
5.6617809842519682
21
-4.2411799999999999
0
LINE
8
BLACK
6
CONTINUOUS
10
5.6617809842519682
20
-4.2411799999999999
11
5.6618146062992123
21
-4.2410988582677165
0
LINE
8
BLACK
6
CONTINUOUS
10
5.6618146062992123
20
-4.2410988582677165
11
5.6622977952755909
21
-4.2406156299212601
0
LINE
8
BLACK
6
CONTINUOUS
10
5.6622977952755909
20
-4.2406156299212601
11
5.6627591732283467
21
-4.240111850393701
0
LINE
8
BLACK
6
CONTINUOUS
10
5.6627591732283467
20
-4.240111850393701
11
5.66283874015748
21
-4.24007468503937
0
LINE
8
BLACK
6
CONTINUOUS
10
5.66283874015748
20
-4.24007468503937
11
5.6629008267716534
21
-4.2400126377952754
0
LINE
8
BLACK
6
CONTINUOUS
10
5.6629008267716534
20
-4.2400126377952754
11
5.663531889763779
21
-4.2397512204724412
0
LINE
8
BLACK
6
CONTINUOUS
10
5.663531889763779
20
-4.2397512204724412
11
5.6641512204724407
21
-4.2394622047244095
0
LINE
8
BLACK
6
CONTINUOUS
10
5.6641512204724407
20
-4.2394622047244095
11
5.6642389370078741
21
-4.2394583464566926
0
LINE
8
BLACK
6
CONTINUOUS
10
5.6642389370078741
20
-4.2394583464566926
11
5.6643200393700788
21
-4.2394247637795273
0
LINE
8
BLACK
6
CONTINUOUS
10
5.6643200393700788
20
-4.2394247637795273
11
5.6650031889763781
21
-4.2394247637795273
0
LINE
8
BLACK
6
CONTINUOUS
10
5.6650031889763781
20
-4.2394247637795273
11
5.6656858661417324
21
-4.2393947637795275
0
LINE
8
BLACK
6
CONTINUOUS
10
5.6656858661417324
20
-4.2393947637795275
11
5.6657683464566926
21
-4.2394247637795273
0
LINE
8
BLACK
6
CONTINUOUS
10
5.6657683464566926
20
-4.2394247637795273
11
5.6658561811023622
21
-4.2394247637795273
0
LINE
8
BLACK
6
CONTINUOUS
10
5.6658561811023622
20
-4.2394247637795273
11
5.6664877165354328
21
-4.2396863385826773
0
LINE
8
BLACK
6
CONTINUOUS
10
5.6664877165354328
20
-4.2396863385826773
11
5.6671295275590552
21
-4.2399197637795272
0
LINE
8
BLACK
6
CONTINUOUS
10
5.6671295275590552
20
-4.2399197637795272
11
5.6671942125984254
21
-4.2399790157480313
0
LINE
8
BLACK
6
CONTINUOUS
10
5.6671942125984254
20
-4.2399790157480313
11
5.6672753937007876
21
-4.2400126377952754
0
LINE
8
BLACK
6
CONTINUOUS
10
5.6672753937007876
20
-4.2400126377952754
11
5.6677585826771653
21
-4.240495826771653
0
LINE
8
BLACK
6
CONTINUOUS
10
5.6677585826771653
20
-4.240495826771653
11
5.6682624015748031
21
-4.2409572047244097
0
LINE
8
BLACK
6
CONTINUOUS
10
5.6682624015748031
20
-4.2409572047244097
11
5.6683240551181102
21
-4.241061299212598
0
LINE
8
BLACK
6
CONTINUOUS
10
5.6683240551181102
20
-4.241061299212598
11
5.6683616141732278
21
-4.2410988582677165
0
LINE
8
BLACK
6
CONTINUOUS
10
5.6683616141732278
20
-4.2410988582677165
11
5.6683971653543308
21
-4.2411847244094485
0
LINE
8
BLACK
6
CONTINUOUS
10
5.6683971653543308
20
-4.2411847244094485
11
5.6686557480314956
21
-4.2416212204724406
0
LINE
8
BLACK
6
CONTINUOUS
10
5.6686557480314956
20
-4.2416212204724406
11
5.6821485039370074
21
-4.2705342125984247
0
LINE
8
BLACK
6
CONTINUOUS
10
5.6821485039370074
20
-4.2705342125984247
11
5.6956412204724405
21
-4.2416212204724406
0
LINE
8
BLACK
6
CONTINUOUS
10
5.6956412204724405
20
-4.2416212204724406
11
5.6958997637795274
21
-4.2411847244094485
0
LINE
8
BLACK
6
CONTINUOUS
10
5.6958997637795274
20
-4.2411847244094485
11
5.6959353543307083
21
-4.2410988582677165
0
LINE
8
BLACK
6
CONTINUOUS
10
5.6959353543307083
20
-4.2410988582677165
11
5.695972874015748
21
-4.241061299212598
0
LINE
8
BLACK
6
CONTINUOUS
10
5.695972874015748
20
-4.241061299212598
11
5.6960345669291339
21
-4.2409572047244097
0
LINE
8
BLACK
6
CONTINUOUS
10
5.6960345669291339
20
-4.2409572047244097
11
5.6965385826771655
21
-4.2404955905511814
0
LINE
8
BLACK
6
CONTINUOUS
10
5.6965385826771655
20
-4.2404955905511814
11
5.6970215748031494
21
-4.2400126377952754
0
LINE
8
BLACK
6
CONTINUOUS
10
5.6970215748031494
20
-4.2400126377952754
11
5.6971026377952754
21
-4.2399790157480313
0
LINE
8
BLACK
6
CONTINUOUS
10
5.6971026377952754
20
-4.2399790157480313
11
5.6971674409448818
21
-4.2399197244094484
0
LINE
8
BLACK
6
CONTINUOUS
10
5.6971674409448818
20
-4.2399197244094484
11
5.6978096456692908
21
-4.2396861811023623
0
LINE
8
BLACK
6
CONTINUOUS
10
5.6978096456692908
20
-4.2396861811023623
11
5.6984407874015748
21
-4.2394247637795273
0
LINE
8
BLACK
6
CONTINUOUS
10
5.6984407874015748
20
-4.2394247637795273
11
5.6985285826771657
21
-4.2394247637795273
0
LINE
8
BLACK
6
CONTINUOUS
10
5.6985285826771657
20
-4.2394247637795273
11
5.6986111023622046
21
-4.2393947637795275
0
LINE
8
BLACK
6
CONTINUOUS
10
5.6986111023622046
20
-4.2393947637795275
11
5.6992937795275589
21
-4.2394247637795273
0
LINE
8
BLACK
6
CONTINUOUS
10
6.5410396062992122
20
-4.232949803149606
11
6.5411703149606302
21
-4.233003937007874
0
LINE
8
BLACK
6
CONTINUOUS
10
6.5411703149606302
20
-4.233003937007874
11
6.5413114173228344
21
-4.2330139763779524
0
LINE
8
BLACK
6
CONTINUOUS
10
6.5413114173228344
20
-4.2330139763779524
11
6.5420322047244097
21
-4.2332898031496065
0
LINE
8
BLACK
6
CONTINUOUS
10
6.5420322047244097
20
-4.2332898031496065
11
6.5469066535433074
21
-4.2357270078740159
0
LINE
8
BLACK
6
CONTINUOUS
10
6.5469066535433074
20
-4.2357270078740159
11
6.5472372440944877
21
-4.2359350787401571
0
LINE
8
BLACK
6
CONTINUOUS
10
6.5472372440944877
20
-4.2359350787401571
11
6.5473332677165352
21
-4.2359748818897636
0
LINE
8
BLACK
6
CONTINUOUS
10
6.5473332677165352
20
-4.2359748818897636
11
6.5474412992125979
21
-4.2360635433070861
0
LINE
8
BLACK
6
CONTINUOUS
10
6.5474412992125979
20
-4.2360635433070861
11
6.5475598031496061
21
-4.2361381496062993
0
LINE
8
BLACK
6
CONTINUOUS
10
6.5475598031496061
20
-4.2361381496062993
11
6.5476279921259843
21
-4.2362167716535435
0
LINE
8
BLACK
6
CONTINUOUS
10
6.5476279921259843
20
-4.2362167716535435
11
6.547929842519685
21
-4.2364645275590549
0
LINE
8
BLACK
6
CONTINUOUS
10
6.547929842519685
20
-4.2364645275590549
11
6.5528042125984252
21
-4.2413389370078738
0
LINE
8
BLACK
6
CONTINUOUS
10
6.5528042125984252
20
-4.2413389370078738
11
6.5532938188976377
21
-4.2419355118110236
0
LINE
8
BLACK
6
CONTINUOUS
10
6.5532938188976377
20
-4.2419355118110236
11
6.5534058267716535
21
-4.2422059055118106
0
LINE
8
BLACK
6
CONTINUOUS
10
6.5534058267716535
20
-4.2422059055118106
11
6.5535801181102364
21
-4.2424411417322831
0
LINE
8
BLACK
6
CONTINUOUS
10
6.5535801181102364
20
-4.2424411417322831
11
6.5538397637795276
21
-4.2431679133858271
0
LINE
8
BLACK
6
CONTINUOUS
10
6.5538397637795276
20
-4.2431679133858271
11
6.556276968503937
21
-4.2529166929133861
0
LINE
8
BLACK
6
CONTINUOUS
10
6.556276968503937
20
-4.2529166929133861
11
6.5562966535433072
21
-4.2530498031496062
0
LINE
8
BLACK
6
CONTINUOUS
10
6.5562966535433072
20
-4.2530498031496062
11
6.5563188976377953
21
-4.253103503937008
0
LINE
8
BLACK
6
CONTINUOUS
10
6.5563188976377953
20
-4.253103503937008
11
6.5563473622047246
21
-4.2533928740157476
0
LINE
8
BLACK
6
CONTINUOUS
10
6.5563473622047246
20
-4.2533928740157476
11
6.5563898818897632
21
-4.2536801968503939
0
LINE
8
BLACK
6
CONTINUOUS
10
6.5563898818897632
20
-4.2536801968503939
11
6.5563812992125987
21
-4.2537375984251966
0
LINE
8
BLACK
6
CONTINUOUS
10
6.5563812992125987
20
-4.2537375984251966
11
6.5563945275590552
21
-4.2538715748031493
0
LINE
8
BLACK
6
CONTINUOUS
10
6.5563945275590552
20
-4.2538715748031493
11
6.5563945275590552
21
-4.2709319291338579
0
LINE
8
BLACK
6
CONTINUOUS
10
6.5563945275590552
20
-4.2709319291338579
11
6.5563812992125987
21
-4.2710658661417318
0
LINE
8
BLACK
6
CONTINUOUS
10
6.5563812992125987
20
-4.2710658661417318
11
6.5563898818897632
21
-4.2711233070866141
0
LINE
8
BLACK
6
CONTINUOUS
10
6.5563898818897632
20
-4.2711233070866141
11
6.5563473622047246
21
-4.2714105905511808
0
LINE
8
BLACK
6
CONTINUOUS
10
6.5563473622047246
20
-4.2714105905511808
11
6.5563188976377953
21
-4.2717000000000001
0
LINE
8
BLACK
6
CONTINUOUS
10
6.5563188976377953
20
-4.2717000000000001
11
6.5562966535433072
21
-4.271753661417323
0
LINE
8
BLACK
6
CONTINUOUS
10
6.5562966535433072
20
-4.271753661417323
11
6.556276968503937
21
-4.2718868110236219
0
LINE
8
BLACK
6
CONTINUOUS
10
6.556276968503937
20
-4.2718868110236219
11
6.5538397637795276
21
-4.2816355905511809
0
LINE
8
BLACK
6
CONTINUOUS
10
6.5538397637795276
20
-4.2816355905511809
11
6.5535801181102364
21
-4.282362362204724
0
LINE
8
BLACK
6
CONTINUOUS
10
6.5535801181102364
20
-4.282362362204724
11
6.5534058267716535
21
-4.2825975590551177
0
LINE
8
BLACK
6
CONTINUOUS
10
6.5534058267716535
20
-4.2825975590551177
11
6.5532938188976377
21
-4.2828679921259845
0
LINE
8
BLACK
6
CONTINUOUS
10
6.5532938188976377
20
-4.2828679921259845
11
6.5528042125984252
21
-4.2834645669291334
0
LINE
8
BLACK
6
CONTINUOUS
10
6.5528042125984252
20
-4.2834645669291334
11
6.547929842519685
21
-4.2883389763779522
0
LINE
8
BLACK
6
CONTINUOUS
10
6.547929842519685
20
-4.2883389763779522
11
6.5476278740157481
21
-4.2885867716535433
0
LINE
8
BLACK
6
CONTINUOUS
10
6.5476278740157481
20
-4.2885867716535433
11
6.5475597637795273
21
-4.2886653543307087
0
LINE
8
BLACK
6
CONTINUOUS
10
6.5475597637795273
20
-4.2886653543307087
11
6.5474414566929129
21
-4.288739803149606
0
LINE
8
BLACK
6
CONTINUOUS
10
6.5474414566929129
20
-4.288739803149606
11
6.5473332677165352
21
-4.2888286220472436
0
LINE
8
BLACK
6
CONTINUOUS
10
6.5473332677165352
20
-4.2888286220472436
11
6.5472370866141727
21
-4.2888684251968501
0
LINE
8
BLACK
6
CONTINUOUS
10
6.5472370866141727
20
-4.2888684251968501
11
6.5469065748031499
21
-4.2890764960629921
0
LINE
8
BLACK
6
CONTINUOUS
10
6.5469065748031499
20
-4.2890764960629921
11
6.5420322047244097
21
-4.2915136614173228
0
LINE
8
BLACK
6
CONTINUOUS
10
6.5420322047244097
20
-4.2915136614173228
11
6.5413113779527556
21
-4.291789488188976
0
LINE
8
BLACK
6
CONTINUOUS
10
6.5413113779527556
20
-4.291789488188976
11
6.5411703149606302
21
-4.2917994881889765
0
LINE
8
BLACK
6
CONTINUOUS
10
6.5411703149606302
20
-4.2917994881889765
11
6.5410396062992122
21
-4.2918536614173224
0
LINE
8
BLACK
6
CONTINUOUS
10
6.5410396062992122
20
-4.2918536614173224
11
6.5402715354330709
21
-4.2919292913385823
0
LINE
8
BLACK
6
CONTINUOUS
10
6.5402715354330709
20
-4.2919292913385823
11
6.5305227559055119
21
-4.2919292913385823
0
LINE
8
BLACK
6
CONTINUOUS
10
6.5305227559055119
20
-4.2919292913385823
11
6.5297546850393697
21
-4.2918536614173224
0
LINE
8
BLACK
6
CONTINUOUS
10
6.5297546850393697
20
-4.2918536614173224
11
6.5296239370078739
21
-4.2917994881889765
0
LINE
8
BLACK
6
CONTINUOUS
10
6.5296239370078739
20
-4.2917994881889765
11
6.5294828740157476
21
-4.291789488188976
0
LINE
8
BLACK
6
CONTINUOUS
10
6.5294828740157476
20
-4.291789488188976
11
6.5287620866141731
21
-4.2915136614173228
0
LINE
8
BLACK
6
CONTINUOUS
10
6.5287620866141731
20
-4.2915136614173228
11
6.523887716535433
21
-4.2890764960629921
0
LINE
8
BLACK
6
CONTINUOUS
10
6.523887716535433
20
-4.2890764960629921
11
6.5235571259842517
21
-4.2888683858267713
0
LINE
8
BLACK
6
CONTINUOUS
10
6.5235571259842517
20
-4.2888683858267713
11
6.5234611023622042
21
-4.2888286220472436
0
LINE
8
BLACK
6
CONTINUOUS
10
6.5234611023622042
20
-4.2888286220472436
11
6.5233529527559053
21
-4.2887398818897635
0
LINE
8
BLACK
6
CONTINUOUS
10
6.5233529527559053
20
-4.2887398818897635
11
6.5232345669291334
21
-4.2886653543307087
0
LINE
8
BLACK
6
CONTINUOUS
10
6.5232345669291334
20
-4.2886653543307087
11
6.5231664566929135
21
-4.288586811023622
0
LINE
8
BLACK
6
CONTINUOUS
10
6.5231664566929135
20
-4.288586811023622
11
6.5228644881889766
21
-4.288339015748031
0
LINE
8
BLACK
6
CONTINUOUS
10
6.5228644881889766
20
-4.288339015748031
11
6.5179900787401577
21
-4.2834646062992121
0
LINE
8
BLACK
6
CONTINUOUS
10
6.5179900787401577
20
-4.2834646062992121
11
6.5175004724409451
21
-4.2828679921259845
0
LINE
8
BLACK
6
CONTINUOUS
10
6.5175004724409451
20
-4.2828679921259845
11
6.5173884251968506
21
-4.2825975590551177
0
LINE
8
BLACK
6
CONTINUOUS
10
6.5173884251968506
20
-4.2825975590551177
11
6.5172141732283464
21
-4.282362362204724
0
LINE
8
BLACK
6
CONTINUOUS
10
6.5172141732283464
20
-4.282362362204724
11
6.5169545275590552
21
-4.2816355905511809
0
LINE
8
BLACK
6
CONTINUOUS
10
6.5169545275590552
20
-4.2816355905511809
11
6.5145173622047245
21
-4.2718867716535431
0
LINE
8
BLACK
6
CONTINUOUS
10
6.5145173622047245
20
-4.2718867716535431
11
6.5144976771653544
21
-4.2717537007874018
0
LINE
8
BLACK
6
CONTINUOUS
10
6.5144976771653544
20
-4.2717537007874018
11
6.5144754330708663
21
-4.2717000000000001
0
LINE
8
BLACK
6
CONTINUOUS
10
6.5144754330708663
20
-4.2717000000000001
11
6.5144469291338583
21
-4.271410551181102
0
LINE
8
BLACK
6
CONTINUOUS
10
6.5144469291338583
20
-4.271410551181102
11
6.5144044488188975
21
-4.2711233070866141
0
LINE
8
BLACK
6
CONTINUOUS
10
6.5144044488188975
20
-4.2711233070866141
11
6.5144129921259841
21
-4.2710658661417318
0
LINE
8
BLACK
6
CONTINUOUS
10
6.5144129921259841
20
-4.2710658661417318
11
6.5143998031496064
21
-4.2709319291338579
0
LINE
8
BLACK
6
CONTINUOUS
10
6.5143998031496064
20
-4.2709319291338579
11
6.5143998031496064
21
-4.2538715748031493
0
LINE
8
BLACK
6
CONTINUOUS
10
6.5143998031496064
20
-4.2538715748031493
11
6.5144129921259841
21
-4.2537375984251966
0
LINE
8
BLACK
6
CONTINUOUS
10
6.5144129921259841
20
-4.2537375984251966
11
6.5144044488188975
21
-4.2536801968503939
0
LINE
8
BLACK
6
CONTINUOUS
10
6.5144044488188975
20
-4.2536801968503939
11
6.5144469291338583
21
-4.2533929133858264
0
LINE
8
BLACK
6
CONTINUOUS
10
6.5144469291338583
20
-4.2533929133858264
11
6.5144754330708663
21
-4.253103503937008
0
LINE
8
BLACK
6
CONTINUOUS
10
6.5144754330708663
20
-4.253103503937008
11
6.5144976771653544
21
-4.2530497637795275
0
LINE
8
BLACK
6
CONTINUOUS
10
6.5144976771653544
20
-4.2530497637795275
11
6.5145173622047245
21
-4.2529167322834649
0
LINE
8
BLACK
6
CONTINUOUS
10
6.5145173622047245
20
-4.2529167322834649
11
6.5169545275590552
21
-4.2431679133858271
0
LINE
8
BLACK
6
CONTINUOUS
10
6.5169545275590552
20
-4.2431679133858271
11
6.5172141732283464
21
-4.2424411417322831
0
LINE
8
BLACK
6
CONTINUOUS
10
6.5172141732283464
20
-4.2424411417322831
11
6.5173884251968506
21
-4.2422059055118106
0
LINE
8
BLACK
6
CONTINUOUS
10
6.5173884251968506
20
-4.2422059055118106
11
6.5175004724409451
21
-4.2419355118110236
0
LINE
8
BLACK
6
CONTINUOUS
10
6.5175004724409451
20
-4.2419355118110236
11
6.5179900787401577
21
-4.241338897637795
0
LINE
8
BLACK
6
CONTINUOUS
10
6.5179900787401577
20
-4.241338897637795
11
6.5228644881889766
21
-4.2364644881889761
0
LINE
8
BLACK
6
CONTINUOUS
10
6.5228644881889766
20
-4.2364644881889761
11
6.5231662992125985
21
-4.2362167716535435
0
LINE
8
BLACK
6
CONTINUOUS
10
6.5231662992125985
20
-4.2362167716535435
11
6.5232345275590546
21
-4.2361381496062993
0
LINE
8
BLACK
6
CONTINUOUS
10
6.5232345275590546
20
-4.2361381496062993
11
6.5233530708661416
21
-4.2360635039370074
0
LINE
8
BLACK
6
CONTINUOUS
10
6.5233530708661416
20
-4.2360635039370074
11
6.5234611023622042
21
-4.2359748818897636
0
LINE
8
BLACK
6
CONTINUOUS
10
6.5234611023622042
20
-4.2359748818897636
11
6.5235570078740155
21
-4.2359351181102358
0
LINE
8
BLACK
6
CONTINUOUS
10
6.5235570078740155
20
-4.2359351181102358
11
6.5238876771653542
21
-4.2357270078740159
0
LINE
8
BLACK
6
CONTINUOUS
10
6.5238876771653542
20
-4.2357270078740159
11
6.5287620472440944
21
-4.2332898031496065
0
LINE
8
BLACK
6
CONTINUOUS
10
6.5287620472440944
20
-4.2332898031496065
11
6.5294828740157476
21
-4.2330139763779524
0
LINE
8
BLACK
6
CONTINUOUS
10
6.5294828740157476
20
-4.2330139763779524
11
6.5296239370078739
21
-4.233003937007874
0
LINE
8
BLACK
6
CONTINUOUS
10
6.5296239370078739
20
-4.233003937007874
11
6.5297546850393697
21
-4.232949803149606
0
LINE
8
BLACK
6
CONTINUOUS
10
6.5297546850393697
20
-4.232949803149606
11
6.5305227559055119
21
-4.2328741732283461
0
LINE
8
BLACK
6
CONTINUOUS
10
6.5305227559055119
20
-4.2328741732283461
11
6.5402715354330709
21
-4.2328741732283461
0
LINE
8
BLACK
6
CONTINUOUS
10
6.5402715354330709
20
-4.2328741732283461
11
6.5410396062992122
21
-4.232949803149606
0
LINE
8
BLACK
6
CONTINUOUS
10
6.5279805118110232
20
-4.2424840157480315
11
6.5243288976377949
21
-4.2461356299212598
0
LINE
8
BLACK
6
CONTINUOUS
10
6.5243288976377949
20
-4.2461356299212598
11
6.5222738188976379
21
-4.2543561417322833
0
LINE
8
BLACK
6
CONTINUOUS
10
6.5222738188976379
20
-4.2543561417322833
11
6.5222738188976379
21
-4.270447322834646
0
LINE
8
BLACK
6
CONTINUOUS
10
6.5222738188976379
20
-4.270447322834646
11
6.5243288976377949
21
-4.2786678346456695
0
LINE
8
BLACK
6
CONTINUOUS
10
6.5243288976377949
20
-4.2786678346456695
11
6.5279805118110232
21
-4.2823194488188978
0
LINE
8
BLACK
6
CONTINUOUS
10
6.5279805118110232
20
-4.2823194488188978
11
6.5314521653543309
21
-4.2840552755905508
0
LINE
8
BLACK
6
CONTINUOUS
10
6.5314521653543309
20
-4.2840552755905508
11
6.5393421259842519
21
-4.2840552755905508
0
LINE
8
BLACK
6
CONTINUOUS
10
6.5393421259842519
20
-4.2840552755905508
11
6.5428138582677162
21
-4.2823194094488191
0
LINE
8
BLACK
6
CONTINUOUS
10
6.5428138582677162
20
-4.2823194094488191
11
6.5464653149606296
21
-4.278667913385827
0
LINE
8
BLACK
6
CONTINUOUS
10
6.5464653149606296
20
-4.278667913385827
11
6.5485205118110237
21
-4.2704472440944885
0
LINE
8
BLACK
6
CONTINUOUS
10
6.5485205118110237
20
-4.2704472440944885
11
6.5485205118110237
21
-4.2543562204724408
0
LINE
8
BLACK
6
CONTINUOUS
10
6.5485205118110237
20
-4.2543562204724408
11
6.5464653149606296
21
-4.2461355511811023
0
LINE
8
BLACK
6
CONTINUOUS
10
6.5464653149606296
20
-4.2461355511811023
11
6.5428138188976375
21
-4.2424840157480315
0
LINE
8
BLACK
6
CONTINUOUS
10
6.5428138188976375
20
-4.2424840157480315
11
6.5393421259842519
21
-4.2407481889763776
0
LINE
8
BLACK
6
CONTINUOUS
10
6.5393421259842519
20
-4.2407481889763776
11
6.5314522047244097
21
-4.2407481889763776
0
LINE
8
BLACK
6
CONTINUOUS
10
6.5314522047244097
20
-4.2407481889763776
11
6.5279805118110232
21
-4.2424840157480315
0
LINE
8
BLACK
6
CONTINUOUS
10
6.5765795669291336
20
-4.2335376771653541
11
6.5776657874015747
21
-4.2346238976377952
0
LINE
8
BLACK
6
CONTINUOUS
10
6.5776657874015747
20
-4.2346238976377952
11
6.5782536614173228
21
-4.2360431102362206
0
LINE
8
BLACK
6
CONTINUOUS
10
6.5782536614173228
20
-4.2360431102362206
11
6.5783292913385827
21
-4.2368111811023619
0
LINE
8
BLACK
6
CONTINUOUS
10
6.5783292913385827
20
-4.2368111811023619
11
6.5783292913385827
21
-4.2773140944881884
0
LINE
8
BLACK
6
CONTINUOUS
10
6.5783292913385827
20
-4.2773140944881884
11
6.5800651181102356
21
-4.2807857480314961
0
LINE
8
BLACK
6
CONTINUOUS
10
6.5800651181102356
20
-4.2807857480314961
11
6.5815988188976373
21
-4.2823194488188978
0
LINE
8
BLACK
6
CONTINUOUS
10
6.5815988188976373
20
-4.2823194488188978
11
6.585070472440945
21
-4.2840552755905508
0
LINE
8
BLACK
6
CONTINUOUS
10
6.585070472440945
20
-4.2840552755905508
11
6.592960433070866
21
-4.2840552755905508
0
LINE
8
BLACK
6
CONTINUOUS
10
6.592960433070866
20
-4.2840552755905508
11
6.5964320866141728
21
-4.2823194488188978
0
LINE
8
BLACK
6
CONTINUOUS
10
6.5964320866141728
20
-4.2823194488188978
11
6.5979657874015745
21
-4.2807857480314961
0
LINE
8
BLACK
6
CONTINUOUS
10
6.5979657874015745
20
-4.2807857480314961
11
6.5997016141732283
21
-4.2773141338582672
0
LINE
8
BLACK
6
CONTINUOUS
10
6.5997016141732283
20
-4.2773141338582672
11
6.5997016141732283
21
-4.2368111811023619
0
LINE
8
BLACK
6
CONTINUOUS
10
6.5997016141732283
20
-4.2368111811023619
11
6.5997772440944882
21
-4.2360431102362206
0
LINE
8
BLACK
6
CONTINUOUS
10
6.5997772440944882
20
-4.2360431102362206
11
6.6003651181102363
21
-4.2346238976377952
0
LINE
8
BLACK
6
CONTINUOUS
10
6.6003651181102363
20
-4.2346238976377952
11
6.6014513385826774
21
-4.2335376771653541
0
LINE
8
BLACK
6
CONTINUOUS
10
6.6014513385826774
20
-4.2335376771653541
11
6.6028705511811019
21
-4.232949803149606
0
LINE
8
BLACK
6
CONTINUOUS
10
6.6028705511811019
20
-4.232949803149606
11
6.6044066929133853
21
-4.232949803149606
0
LINE
8
BLACK
6
CONTINUOUS
10
6.6044066929133853
20
-4.232949803149606
11
6.6058259055118107
21
-4.2335376771653541
0
LINE
8
BLACK
6
CONTINUOUS
10
6.6058259055118107
20
-4.2335376771653541
11
6.6069121259842518
21
-4.2346238976377952
0
LINE
8
BLACK
6
CONTINUOUS
10
6.6069121259842518
20
-4.2346238976377952
11
6.6074999999999999
21
-4.2360431102362206
0
LINE
8
BLACK
6
CONTINUOUS
10
6.6074999999999999
20
-4.2360431102362206
11
6.6075756299212598
21
-4.2368111811023619
0
LINE
8
BLACK
6
CONTINUOUS
10
6.6075756299212598
20
-4.2368111811023619
11
6.6075756299212598
21
-4.2782435039370075
0
LINE
8
BLACK
6
CONTINUOUS
10
6.6075756299212598
20
-4.2782435039370075
11
6.6074999999999999
21
-4.2790115748031496
0
LINE
8
BLACK
6
CONTINUOUS
10
6.6074999999999999
20
-4.2790115748031496
11
6.6074458267716532
21
-4.2791422834645667
0
LINE
8
BLACK
6
CONTINUOUS
10
6.6074458267716532
20
-4.2791422834645667
11
6.6074358267716535
21
-4.2792833858267718
0
LINE
8
BLACK
6
CONTINUOUS
10
6.6074358267716535
20
-4.2792833858267718
11
6.6071599999999995
21
-4.2800041732283463
0
LINE
8
BLACK
6
CONTINUOUS
10
6.6071599999999995
20
-4.2800041732283463
11
6.6047228346456688
21
-4.2848785826771651
0
LINE
8
BLACK
6
CONTINUOUS
10
6.6047228346456688
20
-4.2848785826771651
11
6.6045147244094489
21
-4.2852091338582676
0
LINE
8
BLACK
6
CONTINUOUS
10
6.6045147244094489
20
-4.2852091338582676
11
6.6044749606299211
21
-4.2853051968503939
0
LINE
8
BLACK
6
CONTINUOUS
10
6.6044749606299211
20
-4.2853051968503939
11
6.6043862204724411
21
-4.2854133070866141
0
LINE
8
BLACK
6
CONTINUOUS
10
6.6043862204724411
20
-4.2854133070866141
11
6.6043116929133854
21
-4.2855317322834647
0
LINE
8
BLACK
6
CONTINUOUS
10
6.6043116929133854
20
-4.2855317322834647
11
6.6042331496062987
21
-4.2855998425196846
0
LINE
8
BLACK
6
CONTINUOUS
10
6.6042331496062987
20
-4.2855998425196846
11
6.6039853543307085
21
-4.2859018110236216
0
LINE
8
BLACK
6
CONTINUOUS
10
6.6039853543307085
20
-4.2859018110236216
11
6.6015481496062991
21
-4.288339015748031
0
LINE
8
BLACK
6
CONTINUOUS
10
6.6015481496062991
20
-4.288339015748031
11
6.6012461811023622
21
-4.288586811023622
0
LINE
8
BLACK
6
CONTINUOUS
10
6.6012461811023622
20
-4.288586811023622
11
6.6011780708661414
21
-4.2886653543307087
0
LINE
8
BLACK
6
CONTINUOUS
10
6.6011780708661414
20
-4.2886653543307087
11
6.6010596456692916
21
-4.2887398425196848
0
LINE
8
BLACK
6
CONTINUOUS
10
6.6010596456692916
20
-4.2887398425196848
11
6.6009515354330706
21
-4.2888286220472436
0
LINE
8
BLACK
6
CONTINUOUS
10
6.6009515354330706
20
-4.2888286220472436
11
6.6008554330708664
21
-4.2888683858267713
0
LINE
8
BLACK
6
CONTINUOUS
10
6.6008554330708664
20
-4.2888683858267713
11
6.6005248818897639
21
-4.2890764960629921
0
LINE
8
BLACK
6
CONTINUOUS
10
6.6005248818897639
20
-4.2890764960629921
11
6.5956505118110238
21
-4.2915136614173228
0
LINE
8
BLACK
6
CONTINUOUS
10
6.5956505118110238
20
-4.2915136614173228
11
6.5949296850393697
21
-4.291789488188976
0
LINE
8
BLACK
6
CONTINUOUS
10
6.5949296850393697
20
-4.291789488188976
11
6.5947886220472443
21
-4.2917994881889765
0
LINE
8
BLACK
6
CONTINUOUS
10
6.5947886220472443
20
-4.2917994881889765
11
6.5946579133858263
21
-4.2918536614173224
0
LINE
8
BLACK
6
CONTINUOUS
10
6.5946579133858263
20
-4.2918536614173224
11
6.593889842519685
21
-4.2919292913385823
0
LINE
8
BLACK
6
CONTINUOUS
10
6.593889842519685
20
-4.2919292913385823
11
6.584141062992126
21
-4.2919292913385823
0
LINE
8
BLACK
6
CONTINUOUS
10
6.584141062992126
20
-4.2919292913385823
11
6.5833729921259838
21
-4.2918536614173224
0
LINE
8
BLACK
6
CONTINUOUS
10
6.5833729921259838
20
-4.2918536614173224
11
6.583242244094488
21
-4.2917994881889765
0
LINE
8
BLACK
6
CONTINUOUS
10
6.583242244094488
20
-4.2917994881889765
11
6.5831011811023616
21
-4.291789488188976
0
LINE
8
BLACK
6
CONTINUOUS
10
6.5831011811023616
20
-4.291789488188976
11
6.5823803937007872
21
-4.2915136614173228
0
LINE
8
BLACK
6
CONTINUOUS
10
6.5823803937007872
20
-4.2915136614173228
11
6.5775060236220471
21
-4.2890764960629921
0
LINE
8
BLACK
6
CONTINUOUS
10
6.5775060236220471
20
-4.2890764960629921
11
6.5771754330708658
21
-4.2888683858267713
0
LINE
8
BLACK
6
CONTINUOUS
10
6.5771754330708658
20
-4.2888683858267713
11
6.5770794094488192
21
-4.2888286220472436
0
LINE
8
BLACK
6
CONTINUOUS
10
6.5770794094488192
20
-4.2888286220472436
11
6.5769712598425194
21
-4.2887398818897635
0
LINE
8
BLACK
6
CONTINUOUS
10
6.5769712598425194
20
-4.2887398818897635
11
6.5768528740157475
21
-4.2886653543307087
0
LINE
8
BLACK
6
CONTINUOUS
10
6.5768528740157475
20
-4.2886653543307087
11
6.5767847637795276
21
-4.288586811023622
0
LINE
8
BLACK
6
CONTINUOUS
10
6.5767847637795276
20
-4.288586811023622
11
6.5764827952755907
21
-4.288339015748031
0
LINE
8
BLACK
6
CONTINUOUS
10
6.5764827952755907
20
-4.288339015748031
11
6.5740455905511812
21
-4.2859018110236216
0
LINE
8
BLACK
6
CONTINUOUS
10
6.5740455905511812
20
-4.2859018110236216
11
6.5737978740157477
21
-4.2855999606299209
0
LINE
8
BLACK
6
CONTINUOUS
10
6.5737978740157477
20
-4.2855999606299209
11
6.5737192519685035
21
-4.2855317716535435
0
LINE
8
BLACK
6
CONTINUOUS
10
6.5737192519685035
20
-4.2855317716535435
11
6.5736446062992124
21
-4.2854131889763778
0
LINE
8
BLACK
6
CONTINUOUS
10
6.5736446062992124
20
-4.2854131889763778
11
6.5735559842519686
21
-4.2853051968503939
0
LINE
8
BLACK
6
CONTINUOUS
10
6.5735559842519686
20
-4.2853051968503939
11
6.5735162204724409
21
-4.2852092519685039
0
LINE
8
BLACK
6
CONTINUOUS
10
6.5735162204724409
20
-4.2852092519685039
11
6.5733081102362201
21
-4.2848786220472439
0
LINE
8
BLACK
6
CONTINUOUS
10
6.5733081102362201
20
-4.2848786220472439
11
6.5708709055118106
21
-4.2800041732283463
0
LINE
8
BLACK
6
CONTINUOUS
10
6.5708709055118106
20
-4.2800041732283463
11
6.5705950787401575
21
-4.2792833858267718
0
LINE
8
BLACK
6
CONTINUOUS
10
6.5705950787401575
20
-4.2792833858267718
11
6.5705850393700782
21
-4.2791422834645667
0
LINE
8
BLACK
6
CONTINUOUS
10
6.5705850393700782
20
-4.2791422834645667
11
6.5705309055118111
21
-4.2790115748031496
0
LINE
8
BLACK
6
CONTINUOUS
10
6.5705309055118111
20
-4.2790115748031496
11
6.5704552755905512
21
-4.2782435039370075
0
LINE
8
BLACK
6
CONTINUOUS
10
6.5704552755905512
20
-4.2782435039370075
11
6.5704552755905512
21
-4.2368111811023619
0
LINE
8
BLACK
6
CONTINUOUS
10
6.5704552755905512
20
-4.2368111811023619
11
6.5705309055118111
21
-4.2360431102362206
0
LINE
8
BLACK
6
CONTINUOUS
10
6.5705309055118111
20
-4.2360431102362206
11
6.5711187795275592
21
-4.2346238976377952
0
LINE
8
BLACK
6
CONTINUOUS
10
6.5711187795275592
20
-4.2346238976377952
11
6.5722049999999994
21
-4.2335376771653541
0
LINE
8
BLACK
6
CONTINUOUS
10
6.5722049999999994
20
-4.2335376771653541
11
6.5736242125984248
21
-4.232949803149606
0
LINE
8
BLACK
6
CONTINUOUS
10
6.5736242125984248
20
-4.232949803149606
11
6.5751603543307082
21
-4.232949803149606
0
LINE
8
BLACK
6
CONTINUOUS
10
6.5751603543307082
20
-4.232949803149606
11
6.5765795669291336
21
-4.2335376771653541
0
LINE
8
BLACK
6
CONTINUOUS
10
6.6507134251968498
20
-4.232949803149606
11
6.6521326377952752
21
-4.2335376771653541
0
LINE
8
BLACK
6
CONTINUOUS
10
6.6521326377952752
20
-4.2335376771653541
11
6.6532188582677163
21
-4.2346238976377952
0
LINE
8
BLACK
6
CONTINUOUS
10
6.6532188582677163
20
-4.2346238976377952
11
6.6538067322834644
21
-4.2360431102362206
0
LINE
8
BLACK
6
CONTINUOUS
10
6.6538067322834644
20
-4.2360431102362206
11
6.6538067322834644
21
-4.237579251968504
0
LINE
8
BLACK
6
CONTINUOUS
10
6.6538067322834644
20
-4.237579251968504
11
6.6532188582677163
21
-4.2389984645669294
0
LINE
8
BLACK
6
CONTINUOUS
10
6.6532188582677163
20
-4.2389984645669294
11
6.6521326377952752
21
-4.2400846850393696
0
LINE
8
BLACK
6
CONTINUOUS
10
6.6521326377952752
20
-4.2400846850393696
11
6.6507134251968498
21
-4.2406725590551178
0
LINE
8
BLACK
6
CONTINUOUS
10
6.6507134251968498
20
-4.2406725590551178
11
6.6499453543307085
21
-4.2407481889763776
0
LINE
8
BLACK
6
CONTINUOUS
10
6.6499453543307085
20
-4.2407481889763776
11
6.6392592125984251
21
-4.2407481889763776
0
LINE
8
BLACK
6
CONTINUOUS
10
6.6392592125984251
20
-4.2407481889763776
11
6.6392592125984251
21
-4.2879922834645665
0
LINE
8
BLACK
6
CONTINUOUS
10
6.6392592125984251
20
-4.2879922834645665
11
6.6391835826771652
21
-4.2887603543307087
0
LINE
8
BLACK
6
CONTINUOUS
10
6.6391835826771652
20
-4.2887603543307087
11
6.6385957086614171
21
-4.290179566929134
0
LINE
8
BLACK
6
CONTINUOUS
10
6.6385957086614171
20
-4.290179566929134
11
6.637509488188976
21
-4.2912657874015743
0
LINE
8
BLACK
6
CONTINUOUS
10
6.637509488188976
20
-4.2912657874015743
11
6.6360902755905506
21
-4.2918536614173224
0
LINE
8
BLACK
6
CONTINUOUS
10
6.6360902755905506
20
-4.2918536614173224
11
6.6345541338582672
21
-4.2918536614173224
0
LINE
8
BLACK
6
CONTINUOUS
10
6.6345541338582672
20
-4.2918536614173224
11
6.6331349212598427
21
-4.2912657874015743
0
LINE
8
BLACK
6
CONTINUOUS
10
6.6331349212598427
20
-4.2912657874015743
11
6.6320487007874016
21
-4.290179566929134
0
LINE
8
BLACK
6
CONTINUOUS
10
6.6320487007874016
20
-4.290179566929134
11
6.6314608267716535
21
-4.2887603543307087
0
LINE
8
BLACK
6
CONTINUOUS
10
6.6314608267716535
20
-4.2887603543307087
11
6.6313851968503936
21
-4.2879922834645665
0
LINE
8
BLACK
6
CONTINUOUS
10
6.6313851968503936
20
-4.2879922834645665
11
6.6313851968503936
21
-4.2407481889763776
0
LINE
8
BLACK
6
CONTINUOUS
10
6.6313851968503936
20
-4.2407481889763776
11
6.6206990157480314
21
-4.2407481889763776
0
LINE
8
BLACK
6
CONTINUOUS
10
6.6206990157480314
20
-4.2407481889763776
11
6.6199309448818893
21
-4.2406725590551178
0
LINE
8
BLACK
6
CONTINUOUS
10
6.6199309448818893
20
-4.2406725590551178
11
6.6185117322834648
21
-4.2400846850393696
0
LINE
8
BLACK
6
CONTINUOUS
10
6.6185117322834648
20
-4.2400846850393696
11
6.6174255118110237
21
-4.2389984645669294
0
LINE
8
BLACK
6
CONTINUOUS
10
6.6174255118110237
20
-4.2389984645669294
11
6.6168376377952756
21
-4.237579251968504
0
LINE
8
BLACK
6
CONTINUOUS
10
6.6168376377952756
20
-4.237579251968504
11
6.6168376377952756
21
-4.2360431102362206
0
LINE
8
BLACK
6
CONTINUOUS
10
6.6168376377952756
20
-4.2360431102362206
11
6.6174255118110237
21
-4.2346238976377952
0
LINE
8
BLACK
6
CONTINUOUS
10
6.6174255118110237
20
-4.2346238976377952
11
6.6185117322834648
21
-4.2335376771653541
0
LINE
8
BLACK
6
CONTINUOUS
10
6.6185117322834648
20
-4.2335376771653541
11
6.6199309448818893
21
-4.232949803149606
0
LINE
8
BLACK
6
CONTINUOUS
10
6.6199309448818893
20
-4.232949803149606
11
6.6206990157480314
21
-4.2328741732283461
0
LINE
8
BLACK
6
CONTINUOUS
10
6.6206990157480314
20
-4.2328741732283461
11
6.6499453543307085
21
-4.2328741732283461
0
LINE
8
BLACK
6
CONTINUOUS
10
6.6499453543307085
20
-4.2328741732283461
11
6.6507134251968498
21
-4.232949803149606
0
LINE
8
BLACK
6
CONTINUOUS
10
4.7309562992125986
20
-4.187888622047244
11
4.7351984645669294
21
-4.1903378346456694
0
LINE
8
BLACK
6
CONTINUOUS
10
4.7351984645669294
20
-4.1903378346456694
11
4.7386621653543308
21
-4.1938015354330709
0
LINE
8
BLACK
6
CONTINUOUS
10
4.7386621653543308
20
-4.1938015354330709
11
4.7411113779527554
21
-4.1980437007874016
0
LINE
8
BLACK
6
CONTINUOUS
10
4.7411113779527554
20
-4.1980437007874016
11
4.7423792125984248
21
-4.2027751968503937
0
LINE
8
BLACK
6
CONTINUOUS
10
4.7423792125984248
20
-4.2027751968503937
11
4.7423792125984248
21
-4.2076736220472437
0
LINE
8
BLACK
6
CONTINUOUS
10
4.7423792125984248
20
-4.2076736220472437
11
4.7411113779527554
21
-4.2124051181102358
0
LINE
8
BLACK
6
CONTINUOUS
10
4.7411113779527554
20
-4.2124051181102358
11
4.7386621653543308
21
-4.2166472834645665
0
LINE
8
BLACK
6
CONTINUOUS
10
4.7386621653543308
20
-4.2166472834645665
11
4.7351984645669294
21
-4.2201109842519688
0
LINE
8
BLACK
6
CONTINUOUS
10
4.7351984645669294
20
-4.2201109842519688
11
4.7309562992125986
21
-4.2225601968503934
0
LINE
8
BLACK
6
CONTINUOUS
10
4.7309562992125986
20
-4.2225601968503934
11
4.7262248031496066
21
-4.2238280314960628
0
LINE
8
BLACK
6
CONTINUOUS
10
4.7262248031496066
20
-4.2238280314960628
11
4.7213263779527557
21
-4.2238280314960628
0
LINE
8
BLACK
6
CONTINUOUS
10
4.7213263779527557
20
-4.2238280314960628
11
4.7165948818897636
21
-4.2225601968503934
0
LINE
8
BLACK
6
CONTINUOUS
10
4.7165948818897636
20
-4.2225601968503934
11
4.7123527165354329
21
-4.2201109842519688
0
LINE
8
BLACK
6
CONTINUOUS
10
4.7123527165354329
20
-4.2201109842519688
11
4.7088890157480314
21
-4.2166472834645665
0
LINE
8
BLACK
6
CONTINUOUS
10
4.7088890157480314
20
-4.2166472834645665
11
4.706439803149606
21
-4.2124051181102358
0
LINE
8
BLACK
6
CONTINUOUS
10
4.706439803149606
20
-4.2124051181102358
11
4.7051719685039366
21
-4.2076736220472437
0
LINE
8
BLACK
6
CONTINUOUS
10
4.7051719685039366
20
-4.2076736220472437
11
4.7051719685039366
21
-4.2035315354330711
0
LINE
8
BLACK
6
CONTINUOUS
10
4.7051719685039366
20
-4.2035315354330711
11
4.7051719685039366
21
-4.2027751968503937
0
LINE
8
BLACK
6
CONTINUOUS
10
4.7051719685039366
20
-4.2027751968503937
11
4.706439803149606
21
-4.1980437007874016
0
LINE
8
BLACK
6
CONTINUOUS
10
4.706439803149606
20
-4.1980437007874016
11
4.7088890157480314
21
-4.1938015354330709
0
LINE
8
BLACK
6
CONTINUOUS
10
4.7088890157480314
20
-4.1938015354330709
11
4.7123527165354329
21
-4.1903378346456694
0
LINE
8
BLACK
6
CONTINUOUS
10
4.7123527165354329
20
-4.1903378346456694
11
4.7165948818897636
21
-4.187888622047244
0
LINE
8
BLACK
6
CONTINUOUS
10
4.7165948818897636
20
-4.187888622047244
11
4.7213263779527557
21
-4.1866207874015746
0
LINE
8
BLACK
6
CONTINUOUS
10
4.7213263779527557
20
-4.1866207874015746
11
4.7262248031496066
21
-4.1866207874015746
0
LINE
8
BLACK
6
CONTINUOUS
10
4.7262248031496066
20
-4.1866207874015746
11
4.7309562992125986
21
-4.187888622047244
0
LINE
8
BLACK
6
CONTINUOUS
10
4.7109169685039367
20
-4.2069172834645672
11
4.7117932677165353
21
-4.2101876377952756
0
LINE
8
BLACK
6
CONTINUOUS
10
4.7117932677165353
20
-4.2101876377952756
11
4.7134861417322833
21
-4.2131197637795275
0
LINE
8
BLACK
6
CONTINUOUS
10
4.7134861417322833
20
-4.2131197637795275
11
4.7158802362204719
21
-4.2155138582677161
0
LINE
8
BLACK
6
CONTINUOUS
10
4.7158802362204719
20
-4.2155138582677161
11
4.7188123622047247
21
-4.2172067322834641
0
LINE
8
BLACK
6
CONTINUOUS
10
4.7188123622047247
20
-4.2172067322834641
11
4.7220827165354331
21
-4.2180830314960627
0
LINE
8
BLACK
6
CONTINUOUS
10
4.7220827165354331
20
-4.2180830314960627
11
4.7254684645669291
21
-4.2180830314960627
0
LINE
8
BLACK
6
CONTINUOUS
10
4.7254684645669291
20
-4.2180830314960627
11
4.7287388188976376
21
-4.2172067322834641
0
LINE
8
BLACK
6
CONTINUOUS
10
4.7287388188976376
20
-4.2172067322834641
11
4.7316709448818894
21
-4.2155138582677161
0
LINE
8
BLACK
6
CONTINUOUS
10
4.7316709448818894
20
-4.2155138582677161
11
4.7340650393700789
21
-4.2131197637795275
0
LINE
8
BLACK
6
CONTINUOUS
10
4.7340650393700789
20
-4.2131197637795275
11
4.735757913385827
21
-4.2101876377952756
0
LINE
8
BLACK
6
CONTINUOUS
10
4.735757913385827
20
-4.2101876377952756
11
4.7366342125984247
21
-4.2069172834645672
0
LINE
8
BLACK
6
CONTINUOUS
10
4.7366342125984247
20
-4.2069172834645672
11
4.7366342125984247
21
-4.2035315354330711
0
LINE
8
BLACK
6
CONTINUOUS
10
4.7366342125984247
20
-4.2035315354330711
11
4.735757913385827
21
-4.2002611811023618
0
LINE
8
BLACK
6
CONTINUOUS
10
4.735757913385827
20
-4.2002611811023618
11
4.7340650393700789
21
-4.1973290551181099
0
LINE
8
BLACK
6
CONTINUOUS
10
4.7340650393700789
20
-4.1973290551181099
11
4.7316709448818894
21
-4.1949349606299213
0
LINE
8
BLACK
6
CONTINUOUS
10
4.7316709448818894
20
-4.1949349606299213
11
4.7287388188976376
21
-4.1932420866141733
0
LINE
8
BLACK
6
CONTINUOUS
10
4.7287388188976376
20
-4.1932420866141733
11
4.7254684645669291
21
-4.1923657874015747
0
LINE
8
BLACK
6
CONTINUOUS
10
4.7254684645669291
20
-4.1923657874015747
11
4.7220827165354331
21
-4.1923657874015747
0
LINE
8
BLACK
6
CONTINUOUS
10
4.7220827165354331
20
-4.1923657874015747
11
4.7188123622047247
21
-4.1932420866141733
0
LINE
8
BLACK
6
CONTINUOUS
10
4.7188123622047247
20
-4.1932420866141733
11
4.7158802362204719
21
-4.1949349606299213
0
LINE
8
BLACK
6
CONTINUOUS
10
4.7158802362204719
20
-4.1949349606299213
11
4.7134861417322833
21
-4.1973290551181099
0
LINE
8
BLACK
6
CONTINUOUS
10
4.7134861417322833
20
-4.1973290551181099
11
4.7117932677165353
21
-4.2002611811023618
0
LINE
8
BLACK
6
CONTINUOUS
10
4.7117932677165353
20
-4.2002611811023618
11
4.7109169685039367
21
-4.2035315354330711
0
LINE
8
BLACK
6
CONTINUOUS
10
4.7109169685039367
20
-4.2035315354330711
11
4.7109169685039367
21
-4.2069172834645672
0
LINE
8
BLACK
6
CONTINUOUS
10
4.6991207874015748
20
-4.1071511811023624
11
4.6999354330708663
21
-4.107965826771653
0
LINE
8
BLACK
6
CONTINUOUS
10
4.6999354330708663
20
-4.107965826771653
11
4.7003763385826769
21
-4.1090302362204723
0
LINE
8
BLACK
6
CONTINUOUS
10
4.7003763385826769
20
-4.1090302362204723
11
4.7004330708661417
21
-4.1096062992125981
0
LINE
8
BLACK
6
CONTINUOUS
10
4.7004330708661417
20
-4.1096062992125981
11
4.7004330708661417
21
-4.2198425196850389
0
LINE
8
BLACK
6
CONTINUOUS
10
4.7004330708661417
20
-4.2198425196850389
11
4.7003763385826769
21
-4.2204185826771656
0
LINE
8
BLACK
6
CONTINUOUS
10
4.7003763385826769
20
-4.2204185826771656
11
4.6999354330708663
21
-4.221482992125984
0
LINE
8
BLACK
6
CONTINUOUS
10
4.6999354330708663
20
-4.221482992125984
11
4.6991207874015748
21
-4.2222976377952754
0
LINE
8
BLACK
6
CONTINUOUS
10
4.6991207874015748
20
-4.2222976377952754
11
4.6980563779527555
21
-4.2227385433070861
0
LINE
8
BLACK
6
CONTINUOUS
10
4.6980563779527555
20
-4.2227385433070861
11
4.6969042519685038
21
-4.2227385433070861
0
LINE
8
BLACK
6
CONTINUOUS
10
4.6969042519685038
20
-4.2227385433070861
11
4.6958398425196846
21
-4.2222976377952754
0
LINE
8
BLACK
6
CONTINUOUS
10
4.6958398425196846
20
-4.2222976377952754
11
4.695025196850394
21
-4.221482992125984
0
LINE
8
BLACK
6
CONTINUOUS
10
4.695025196850394
20
-4.221482992125984
11
4.6945842913385825
21
-4.2204185826771656
0
LINE
8
BLACK
6
CONTINUOUS
10
4.6945842913385825
20
-4.2204185826771656
11
4.6945275590551176
21
-4.2198425196850389
0
LINE
8
BLACK
6
CONTINUOUS
10
4.6945275590551176
20
-4.2198425196850389
11
4.6945275590551176
21
-4.1096062992125981
0
LINE
8
BLACK
6
CONTINUOUS
10
4.6945275590551176
20
-4.1096062992125981
11
4.6945842913385825
21
-4.1090302362204723
0
LINE
8
BLACK
6
CONTINUOUS
10
4.6945842913385825
20
-4.1090302362204723
11
4.695025196850394
21
-4.107965826771653
0
LINE
8
BLACK
6
CONTINUOUS
10
4.695025196850394
20
-4.107965826771653
11
4.6958398425196846
21
-4.1071511811023624
0
LINE
8
BLACK
6
CONTINUOUS
10
4.6958398425196846
20
-4.1071511811023624
11
4.6969042519685038
21
-4.1067102755905509
0
LINE
8
BLACK
6
CONTINUOUS
10
4.6969042519685038
20
-4.1067102755905509
11
4.6980563779527555
21
-4.1067102755905509
0
LINE
8
BLACK
6
CONTINUOUS
10
4.6980563779527555
20
-4.1067102755905509
11
4.6991207874015748
21
-4.1071511811023624
0
LINE
8
BLACK
6
CONTINUOUS
10
4.9747113385826767
20
-4.1071511811023624
11
4.9755259842519681
21
-4.107965826771653
0
LINE
8
BLACK
6
CONTINUOUS
10
4.9755259842519681
20
-4.107965826771653
11
4.9759668897637797
21
-4.1090302362204723
0
LINE
8
BLACK
6
CONTINUOUS
10
4.9759668897637797
20
-4.1090302362204723
11
4.9760236220472436
21
-4.1096062992125981
0
LINE
8
BLACK
6
CONTINUOUS
10
4.9760236220472436
20
-4.1096062992125981
11
4.9760236220472436
21
-4.2198425196850389
0
LINE
8
BLACK
6
CONTINUOUS
10
4.9760236220472436
20
-4.2198425196850389
11
4.9759668897637797
21
-4.2204185826771656
0
LINE
8
BLACK
6
CONTINUOUS
10
4.9759668897637797
20
-4.2204185826771656
11
4.9755259842519681
21
-4.221482992125984
0
LINE
8
BLACK
6
CONTINUOUS
10
4.9755259842519681
20
-4.221482992125984
11
4.9747113385826767
21
-4.2222976377952754
0
LINE
8
BLACK
6
CONTINUOUS
10
4.9747113385826767
20
-4.2222976377952754
11
4.9736469291338583
21
-4.2227385433070861
0
LINE
8
BLACK
6
CONTINUOUS
10
4.9736469291338583
20
-4.2227385433070861
11
4.9724948031496066
21
-4.2227385433070861
0
LINE
8
BLACK
6
CONTINUOUS
10
4.9724948031496066
20
-4.2227385433070861
11
4.9714303937007873
21
-4.2222976377952754
0
LINE
8
BLACK
6
CONTINUOUS
10
4.9714303937007873
20
-4.2222976377952754
11
4.9706157480314959
21
-4.221482992125984
0
LINE
8
BLACK
6
CONTINUOUS
10
4.9706157480314959
20
-4.221482992125984
11
4.9701748425196852
21
-4.2204185826771656
0
LINE
8
BLACK
6
CONTINUOUS
10
4.9701748425196852
20
-4.2204185826771656
11
4.9701181102362204
21
-4.2198425196850389
0
LINE
8
BLACK
6
CONTINUOUS
10
4.9701181102362204
20
-4.2198425196850389
11
4.9701181102362204
21
-4.1096062992125981
0
LINE
8
BLACK
6
CONTINUOUS
10
4.9701181102362204
20
-4.1096062992125981
11
4.9701748425196852
21
-4.1090302362204723
0
LINE
8
BLACK
6
CONTINUOUS
10
4.9701748425196852
20
-4.1090302362204723
11
4.9706157480314959
21
-4.107965826771653
0
LINE
8
BLACK
6
CONTINUOUS
10
4.9706157480314959
20
-4.107965826771653
11
4.9714303937007873
21
-4.1071511811023624
0
LINE
8
BLACK
6
CONTINUOUS
10
4.9714303937007873
20
-4.1071511811023624
11
4.9724948031496066
21
-4.1067102755905509
0
LINE
8
BLACK
6
CONTINUOUS
10
4.9724948031496066
20
-4.1067102755905509
11
4.9736469291338583
21
-4.1067102755905509
0
LINE
8
BLACK
6
CONTINUOUS
10
4.9736469291338583
20
-4.1067102755905509
11
4.9747113385826767
21
-4.1071511811023624
0
LINE
8
BLACK
6
CONTINUOUS
10
6.6616404724409444
20
-4.1222692913385828
11
6.6624551181102358
21
-4.1230839370078742
0
LINE
8
BLACK
6
CONTINUOUS
10
6.6624551181102358
20
-4.1230839370078742
11
6.6628960236220474
21
-4.1241483464566926
0
LINE
8
BLACK
6
CONTINUOUS
10
6.6628960236220474
20
-4.1241483464566926
11
6.6629527559055113
21
-4.1247244094488185
0
LINE
8
BLACK
6
CONTINUOUS
10
6.6629527559055113
20
-4.1247244094488185
11
6.6629527559055113
21
-4.2117716535433072
0
LINE
8
BLACK
6
CONTINUOUS
10
6.6629527559055113
20
-4.2117716535433072
11
6.8570472440944883
21
-4.2117716535433072
0
LINE
8
BLACK
6
CONTINUOUS
10
6.8570472440944883
20
-4.2117716535433072
11
6.8570472440944883
21
-4.1247244094488185
0
LINE
8
BLACK
6
CONTINUOUS
10
6.8570472440944883
20
-4.1247244094488185
11
6.8571039763779522
21
-4.1241483464566926
0
LINE
8
BLACK
6
CONTINUOUS
10
6.8571039763779522
20
-4.1241483464566926
11
6.8575448818897637
21
-4.1230839370078742
0
LINE
8
BLACK
6
CONTINUOUS
10
6.8575448818897637
20
-4.1230839370078742
11
6.8583595275590552
21
-4.1222692913385828
0
LINE
8
BLACK
6
CONTINUOUS
10
6.8583595275590552
20
-4.1222692913385828
11
6.8594239370078736
21
-4.1218283858267712
0
LINE
8
BLACK
6
CONTINUOUS
10
6.8594239370078736
20
-4.1218283858267712
11
6.8605760629921262
21
-4.1218283858267712
0
LINE
8
BLACK
6
CONTINUOUS
10
6.8605760629921262
20
-4.1218283858267712
11
6.8616404724409445
21
-4.1222692913385828
0
LINE
8
BLACK
6
CONTINUOUS
10
6.8616404724409445
20
-4.1222692913385828
11
6.862455118110236
21
-4.1230839370078742
0
LINE
8
BLACK
6
CONTINUOUS
10
6.862455118110236
20
-4.1230839370078742
11
6.8628960236220466
21
-4.1241483464566926
0
LINE
8
BLACK
6
CONTINUOUS
10
6.8628960236220466
20
-4.1241483464566926
11
6.8629527559055115
21
-4.1247244094488185
0
LINE
8
BLACK
6
CONTINUOUS
10
6.8629527559055115
20
-4.1247244094488185
11
6.8629527559055115
21
-4.2147244094488192
0
LINE
8
BLACK
6
CONTINUOUS
10
6.8629527559055115
20
-4.2147244094488192
11
6.8628960236220466
21
-4.2153004724409451
0
LINE
8
BLACK
6
CONTINUOUS
10
6.8628960236220466
20
-4.2153004724409451
11
6.862455118110236
21
-4.2163648818897634
0
LINE
8
BLACK
6
CONTINUOUS
10
6.862455118110236
20
-4.2163648818897634
11
6.8616404724409445
21
-4.2171795275590549
0
LINE
8
BLACK
6
CONTINUOUS
10
6.8616404724409445
20
-4.2171795275590549
11
6.8605760629921262
21
-4.2176204330708664
0
LINE
8
BLACK
6
CONTINUOUS
10
6.8605760629921262
20
-4.2176204330708664
11
6.8599999999999994
21
-4.2176771653543303
0
LINE
8
BLACK
6
CONTINUOUS
10
6.8599999999999994
20
-4.2176771653543303
11
6.6600000000000001
21
-4.2176771653543303
0
LINE
8
BLACK
6
CONTINUOUS
10
6.6600000000000001
20
-4.2176771653543303
11
6.6594239370078743
21
-4.2176204330708664
0
LINE
8
BLACK
6
CONTINUOUS
10
6.6594239370078743
20
-4.2176204330708664
11
6.658359527559055
21
-4.2171795275590549
0
LINE
8
BLACK
6
CONTINUOUS
10
6.658359527559055
20
-4.2171795275590549
11
6.6575448818897636
21
-4.2163648818897634
0
LINE
8
BLACK
6
CONTINUOUS
10
6.6575448818897636
20
-4.2163648818897634
11
6.6571039763779529
21
-4.2153004724409451
0
LINE
8
BLACK
6
CONTINUOUS
10
6.6571039763779529
20
-4.2153004724409451
11
6.6570472440944881
21
-4.2147244094488192
0
LINE
8
BLACK
6
CONTINUOUS
10
6.6570472440944881
20
-4.2147244094488192
11
6.6570472440944881
21
-4.1247244094488185
0
LINE
8
BLACK
6
CONTINUOUS
10
6.6570472440944881
20
-4.1247244094488185
11
6.6571039763779529
21
-4.1241483464566926
0
LINE
8
BLACK
6
CONTINUOUS
10
6.6571039763779529
20
-4.1241483464566926
11
6.6575448818897636
21
-4.1230839370078742
0
LINE
8
BLACK
6
CONTINUOUS
10
6.6575448818897636
20
-4.1230839370078742
11
6.658359527559055
21
-4.1222692913385828
0
LINE
8
BLACK
6
CONTINUOUS
10
6.658359527559055
20
-4.1222692913385828
11
6.6594239370078743
21
-4.1218283858267712
0
LINE
8
BLACK
6
CONTINUOUS
10
6.6594239370078743
20
-4.1218283858267712
11
6.660576062992126
21
-4.1218283858267712
0
LINE
8
BLACK
6
CONTINUOUS
10
6.660576062992126
20
-4.1218283858267712
11
6.6616404724409444
21
-4.1222692913385828
0
LINE
8
BLACK
6
CONTINUOUS
10
5.5015461023622043
20
-4.1576139370078735
11
5.5026323228346454
21
-4.1587001574803146
0
LINE
8
BLACK
6
CONTINUOUS
10
5.5026323228346454
20
-4.1587001574803146
11
5.5032201968503935
21
-4.16011937007874
0
LINE
8
BLACK
6
CONTINUOUS
10
5.5032201968503935
20
-4.16011937007874
11
5.5032958267716534
21
-4.1608874409448822
0
LINE
8
BLACK
6
CONTINUOUS
10
5.5032958267716534
20
-4.1608874409448822
11
5.5032958267716534
21
-4.2013903543307087
0
LINE
8
BLACK
6
CONTINUOUS
10
5.5032958267716534
20
-4.2013903543307087
11
5.5050316535433073
21
-4.2048620078740155
0
LINE
8
BLACK
6
CONTINUOUS
10
5.5050316535433073
20
-4.2048620078740155
11
5.5065653543307089
21
-4.2063957086614172
0
LINE
8
BLACK
6
CONTINUOUS
10
5.5065653543307089
20
-4.2063957086614172
11
5.5100370078740157
21
-4.2081315354330711
0
LINE
8
BLACK
6
CONTINUOUS
10
5.5100370078740157
20
-4.2081315354330711
11
5.5179269685039367
21
-4.2081315354330711
0
LINE
8
BLACK
6
CONTINUOUS
10
5.5179269685039367
20
-4.2081315354330711
11
5.5213986220472444
21
-4.2063957086614172
0
LINE
8
BLACK
6
CONTINUOUS
10
5.5213986220472444
20
-4.2063957086614172
11
5.5229323228346452
21
-4.2048620078740155
0
LINE
8
BLACK
6
CONTINUOUS
10
5.5229323228346452
20
-4.2048620078740155
11
5.524668149606299
21
-4.2013903937007875
0
LINE
8
BLACK
6
CONTINUOUS
10
5.524668149606299
20
-4.2013903937007875
11
5.524668149606299
21
-4.1608874409448822
0
LINE
8
BLACK
6
CONTINUOUS
10
5.524668149606299
20
-4.1608874409448822
11
5.5247437795275589
21
-4.16011937007874
0
LINE
8
BLACK
6
CONTINUOUS
10
5.5247437795275589
20
-4.16011937007874
11
5.525331653543307
21
-4.1587001574803146
0
LINE
8
BLACK
6
CONTINUOUS
10
5.525331653543307
20
-4.1587001574803146
11
5.5264178740157481
21
-4.1576139370078735
0
LINE
8
BLACK
6
CONTINUOUS
10
5.5264178740157481
20
-4.1576139370078735
11
5.5278370866141735
21
-4.1570260629921263
0
LINE
8
BLACK
6
CONTINUOUS
10
5.5278370866141735
20
-4.1570260629921263
11
5.5293732283464569
21
-4.1570260629921263
0
LINE
8
BLACK
6
CONTINUOUS
10
5.5293732283464569
20
-4.1570260629921263
11
5.5307924409448814
21
-4.1576139370078735
0
LINE
8
BLACK
6
CONTINUOUS
10
5.5307924409448814
20
-4.1576139370078735
11
5.5318786614173225
21
-4.1587001574803146
0
LINE
8
BLACK
6
CONTINUOUS
10
5.5318786614173225
20
-4.1587001574803146
11
5.5324665354330707
21
-4.16011937007874
0
LINE
8
BLACK
6
CONTINUOUS
10
5.5324665354330707
20
-4.16011937007874
11
5.5325421653543305
21
-4.1608874409448822
0
LINE
8
BLACK
6
CONTINUOUS
10
5.5325421653543305
20
-4.1608874409448822
11
5.5325421653543305
21
-4.2023197637795278
0
LINE
8
BLACK
6
CONTINUOUS
10
5.5325421653543305
20
-4.2023197637795278
11
5.5324665354330707
21
-4.203087834645669
0
LINE
8
BLACK
6
CONTINUOUS
10
5.5324665354330707
20
-4.203087834645669
11
5.5324123622047239
21
-4.2032185433070861
0
LINE
8
BLACK
6
CONTINUOUS
10
5.5324123622047239
20
-4.2032185433070861
11
5.5324023622047243
21
-4.2033596456692912
0
LINE
8
BLACK
6
CONTINUOUS
10
5.5324023622047243
20
-4.2033596456692912
11
5.5321265354330711
21
-4.2040804330708657
0
LINE
8
BLACK
6
CONTINUOUS
10
5.5321265354330711
20
-4.2040804330708657
11
5.5296893700787404
21
-4.2089548425196845
0
LINE
8
BLACK
6
CONTINUOUS
10
5.5296893700787404
20
-4.2089548425196845
11
5.5294812598425196
21
-4.209285393700787
0
LINE
8
BLACK
6
CONTINUOUS
10
5.5294812598425196
20
-4.209285393700787
11
5.5294414960629918
21
-4.2093814566929133
0
LINE
8
BLACK
6
CONTINUOUS
10
5.5294414960629918
20
-4.2093814566929133
11
5.5293527559055118
21
-4.2094895669291335
0
LINE
8
BLACK
6
CONTINUOUS
10
5.5293527559055118
20
-4.2094895669291335
11
5.529278228346457
21
-4.2096079921259841
0
LINE
8
BLACK
6
CONTINUOUS
10
5.529278228346457
20
-4.2096079921259841
11
5.5291996850393703
21
-4.2096761023622049
0
LINE
8
BLACK
6
CONTINUOUS
10
5.5291996850393703
20
-4.2096761023622049
11
5.5289518897637793
21
-4.2099780708661418
0
LINE
8
BLACK
6
CONTINUOUS
10
5.5289518897637793
20
-4.2099780708661418
11
5.5265146850393698
21
-4.2124152755905513
0
LINE
8
BLACK
6
CONTINUOUS
10
5.5265146850393698
20
-4.2124152755905513
11
5.5262127165354329
21
-4.2126630708661414
0
LINE
8
BLACK
6
CONTINUOUS
10
5.5262127165354329
20
-4.2126630708661414
11
5.5261446062992121
21
-4.2127416141732281
0
LINE
8
BLACK
6
CONTINUOUS
10
5.5261446062992121
20
-4.2127416141732281
11
5.5260261811023623
21
-4.2128161023622051
0
LINE
8
BLACK
6
CONTINUOUS
10
5.5260261811023623
20
-4.2128161023622051
11
5.5259180708661413
21
-4.2129048818897639
0
LINE
8
BLACK
6
CONTINUOUS
10
5.5259180708661413
20
-4.2129048818897639
11
5.5258219685039371
21
-4.2129446456692916
0
LINE
8
BLACK
6
CONTINUOUS
10
5.5258219685039371
20
-4.2129446456692916
11
5.5254914173228347
21
-4.2131527559055115
0
LINE
8
BLACK
6
CONTINUOUS
10
5.5254914173228347
20
-4.2131527559055115
11
5.5206170472440945
21
-4.2155899212598422
0
LINE
8
BLACK
6
CONTINUOUS
10
5.5206170472440945
20
-4.2155899212598422
11
5.5198962204724404
21
-4.2158657480314963
0
LINE
8
BLACK
6
CONTINUOUS
10
5.5198962204724404
20
-4.2158657480314963
11
5.519755157480315
21
-4.2158757480314959
0
LINE
8
BLACK
6
CONTINUOUS
10
5.519755157480315
20
-4.2158757480314959
11
5.5196244488188979
21
-4.2159299212598427
0
LINE
8
BLACK
6
CONTINUOUS
10
5.5196244488188979
20
-4.2159299212598427
11
5.5188563779527557
21
-4.2160055511811025
0
LINE
8
BLACK
6
CONTINUOUS
10
5.5188563779527557
20
-4.2160055511811025
11
5.5091075984251967
21
-4.2160055511811025
0
LINE
8
BLACK
6
CONTINUOUS
10
5.5091075984251967
20
-4.2160055511811025
11
5.5083395275590554
21
-4.2159299212598427
0
LINE
8
BLACK
6
CONTINUOUS
10
5.5083395275590554
20
-4.2159299212598427
11
5.5082087795275587
21
-4.2158757480314959
0
LINE
8
BLACK
6
CONTINUOUS
10
5.5082087795275587
20
-4.2158757480314959
11
5.5080677165354333
21
-4.2158657480314963
0
LINE
8
BLACK
6
CONTINUOUS
10
5.5080677165354333
20
-4.2158657480314963
11
5.5073469291338579
21
-4.2155899212598422
0
LINE
8
BLACK
6
CONTINUOUS
10
5.5073469291338579
20
-4.2155899212598422
11
5.5024725590551178
21
-4.2131527559055115
0
LINE
8
BLACK
6
CONTINUOUS
10
5.5024725590551178
20
-4.2131527559055115
11
5.5021419685039366
21
-4.2129446456692916
0
LINE
8
BLACK
6
CONTINUOUS
10
5.5021419685039366
20
-4.2129446456692916
11
5.5020459448818899
21
-4.2129048818897639
0
LINE
8
BLACK
6
CONTINUOUS
10
5.5020459448818899
20
-4.2129048818897639
11
5.5019377952755901
21
-4.2128161417322838
0
LINE
8
BLACK
6
CONTINUOUS
10
5.5019377952755901
20
-4.2128161417322838
11
5.5018194094488191
21
-4.2127416141732281
0
LINE
8
BLACK
6
CONTINUOUS
10
5.5018194094488191
20
-4.2127416141732281
11
5.5017512992125983
21
-4.2126630708661414
0
LINE
8
BLACK
6
CONTINUOUS
10
5.5017512992125983
20
-4.2126630708661414
11
5.5014493307086614
21
-4.2124152755905513
0
LINE
8
BLACK
6
CONTINUOUS
10
5.5014493307086614
20
-4.2124152755905513
11
5.4990121259842519
21
-4.2099780708661418
0
LINE
8
BLACK
6
CONTINUOUS
10
5.4990121259842519
20
-4.2099780708661418
11
5.4987644094488184
21
-4.2096762204724412
0
LINE
8
BLACK
6
CONTINUOUS
10
5.4987644094488184
20
-4.2096762204724412
11
5.4986857874015751
21
-4.2096080314960629
0
LINE
8
BLACK
6
CONTINUOUS
10
5.4986857874015751
20
-4.2096080314960629
11
5.4986111417322832
21
-4.2094894488188972
0
LINE
8
BLACK
6
CONTINUOUS
10
5.4986111417322832
20
-4.2094894488188972
11
5.4985225196850394
21
-4.2093814566929133
0
LINE
8
BLACK
6
CONTINUOUS
10
5.4985225196850394
20
-4.2093814566929133
11
5.4984827559055116
21
-4.2092855118110233
0
LINE
8
BLACK
6
CONTINUOUS
10
5.4984827559055116
20
-4.2092855118110233
11
5.4982746456692908
21
-4.2089548818897633
0
LINE
8
BLACK
6
CONTINUOUS
10
5.4982746456692908
20
-4.2089548818897633
11
5.4958374409448814
21
-4.2040804330708657
0
LINE
8
BLACK
6
CONTINUOUS
10
5.4958374409448814
20
-4.2040804330708657
11
5.4955616141732282
21
-4.2033596456692912
0
LINE
8
BLACK
6
CONTINUOUS
10
5.4955616141732282
20
-4.2033596456692912
11
5.4955515748031498
21
-4.2032185433070861
0
LINE
8
BLACK
6
CONTINUOUS
10
5.4955515748031498
20
-4.2032185433070861
11
5.4954974409448818
21
-4.203087834645669
0
LINE
8
BLACK
6
CONTINUOUS
10
5.4954974409448818
20
-4.203087834645669
11
5.4954218110236219
21
-4.2023197637795278
0
LINE
8
BLACK
6
CONTINUOUS
10
5.4954218110236219
20
-4.2023197637795278
11
5.4954218110236219
21
-4.1608874409448822
0
LINE
8
BLACK
6
CONTINUOUS
10
5.4954218110236219
20
-4.1608874409448822
11
5.4954974409448818
21
-4.16011937007874
0
LINE
8
BLACK
6
CONTINUOUS
10
5.4954974409448818
20
-4.16011937007874
11
5.4960853149606299
21
-4.1587001574803146
0
LINE
8
BLACK
6
CONTINUOUS
10
5.4960853149606299
20
-4.1587001574803146
11
5.497171535433071
21
-4.1576139370078735
0
LINE
8
BLACK
6
CONTINUOUS
10
5.497171535433071
20
-4.1576139370078735
11
5.4985907480314955
21
-4.1570260629921263
0
LINE
8
BLACK
6
CONTINUOUS
10
5.4985907480314955
20
-4.1570260629921263
11
5.5001268897637798
21
-4.1570260629921263
0
LINE
8
BLACK
6
CONTINUOUS
10
5.5001268897637798
20
-4.1570260629921263
11
5.5015461023622043
21
-4.1576139370078735
0
LINE
8
BLACK
6
CONTINUOUS
10
5.5728633858267713
20
-4.1569887007874016
11
5.5729670866141729
21
-4.1569813385826775
0
LINE
8
BLACK
6
CONTINUOUS
10
5.5729670866141729
20
-4.1569813385826775
11
5.5731034251968499
21
-4.1570123228346452
0
LINE
8
BLACK
6
CONTINUOUS
10
5.5731034251968499
20
-4.1570123228346452
11
5.573242755905512
21
-4.1570260629921263
0
LINE
8
BLACK
6
CONTINUOUS
10
5.573242755905512
20
-4.1570260629921263
11
5.5733388976377949
21
-4.1570658661417319
0
LINE
8
BLACK
6
CONTINUOUS
10
5.5733388976377949
20
-4.1570658661417319
11
5.5737196850393698
21
-4.1571524803149602
0
LINE
8
BLACK
6
CONTINUOUS
10
5.5737196850393698
20
-4.1571524803149602
11
5.5810312992125981
21
-4.1595896850393697
0
LINE
8
BLACK
6
CONTINUOUS
10
5.5810312992125981
20
-4.1595896850393697
11
5.5817360236220468
21
-4.1599042913385826
0
LINE
8
BLACK
6
CONTINUOUS
10
5.5817360236220468
20
-4.1599042913385826
11
5.5828965354330711
21
-4.1609108267716532
0
LINE
8
BLACK
6
CONTINUOUS
10
5.5828965354330711
20
-4.1609108267716532
11
5.5835835039370076
21
-4.1622847637795273
0
LINE
8
BLACK
6
CONTINUOUS
10
5.5835835039370076
20
-4.1622847637795273
11
5.5836924015748028
21
-4.1638170866141735
0
LINE
8
BLACK
6
CONTINUOUS
10
5.5836924015748028
20
-4.1638170866141735
11
5.5832066535433071
21
-4.1652743700787402
0
LINE
8
BLACK
6
CONTINUOUS
10
5.5832066535433071
20
-4.1652743700787402
11
5.5822001574803144
21
-4.1664348425196849
0
LINE
8
BLACK
6
CONTINUOUS
10
5.5822001574803144
20
-4.1664348425196849
11
5.5808261811023625
21
-4.1671218503937011
0
LINE
8
BLACK
6
CONTINUOUS
10
5.5808261811023625
20
-4.1671218503937011
11
5.579293897637795
21
-4.1672307480314963
0
LINE
8
BLACK
6
CONTINUOUS
10
5.579293897637795
20
-4.1672307480314963
11
5.5785412992125982
21
-4.1670596062992127
0
LINE
8
BLACK
6
CONTINUOUS
10
5.5785412992125982
20
-4.1670596062992127
11
5.571835826771653
21
-4.1648244488188979
0
LINE
8
BLACK
6
CONTINUOUS
10
5.571835826771653
20
-4.1648244488188979
11
5.5612181889763779
21
-4.1648244488188979
0
LINE
8
BLACK
6
CONTINUOUS
10
5.5612181889763779
20
-4.1648244488188979
11
5.5577464566929136
21
-4.1665602755905509
0
LINE
8
BLACK
6
CONTINUOUS
10
5.5577464566929136
20
-4.1665602755905509
11
5.5562127559055119
21
-4.1680939763779525
0
LINE
8
BLACK
6
CONTINUOUS
10
5.5562127559055119
20
-4.1680939763779525
11
5.5544769685039368
21
-4.1715655905511806
0
LINE
8
BLACK
6
CONTINUOUS
10
5.5544769685039368
20
-4.1715655905511806
11
5.5544769685039368
21
-4.1745812204724411
0
LINE
8
BLACK
6
CONTINUOUS
10
5.5544769685039368
20
-4.1745812204724411
11
5.5562127559055119
21
-4.1780528346456691
0
LINE
8
BLACK
6
CONTINUOUS
10
5.5562127559055119
20
-4.1780528346456691
11
5.5577464566929136
21
-4.1795865354330708
0
LINE
8
BLACK
6
CONTINUOUS
10
5.5577464566929136
20
-4.1795865354330708
11
5.5616629527559054
21
-4.1815447637795273
0
LINE
8
BLACK
6
CONTINUOUS
10
5.5616629527559054
20
-4.1815447637795273
11
5.5709924015748031
21
-4.183877165354331
0
LINE
8
BLACK
6
CONTINUOUS
10
5.5709924015748031
20
-4.183877165354331
11
5.5710490157480317
21
-4.183897362204724
0
LINE
8
BLACK
6
CONTINUOUS
10
5.5710490157480317
20
-4.183897362204724
11
5.5710774015748026
21
-4.1838994094488191
0
LINE
8
BLACK
6
CONTINUOUS
10
5.5710774015748026
20
-4.1838994094488191
11
5.5713970078740154
21
-4.1840216929133858
0
LINE
8
BLACK
6
CONTINUOUS
10
5.5713970078740154
20
-4.1840216929133858
11
5.5717191732283462
21
-4.1841368110236221
0
LINE
8
BLACK
6
CONTINUOUS
10
5.5717191732283462
20
-4.1841368110236221
11
5.5717420078740156
21
-4.1841537401574804
0
LINE
8
BLACK
6
CONTINUOUS
10
5.5717420078740156
20
-4.1841537401574804
11
5.5717981889763779
21
-4.1841752362204723
0
LINE
8
BLACK
6
CONTINUOUS
10
5.5717981889763779
20
-4.1841752362204723
11
5.5766725590551181
21
-4.186612401574803
0
LINE
8
BLACK
6
CONTINUOUS
10
5.5766725590551181
20
-4.186612401574803
11
5.5770031102362205
21
-4.186820472440945
0
LINE
8
BLACK
6
CONTINUOUS
10
5.5770031102362205
20
-4.186820472440945
11
5.5770991732283459
21
-4.1868602755905515
0
LINE
8
BLACK
6
CONTINUOUS
10
5.5770991732283459
20
-4.1868602755905515
11
5.577207283464567
21
-4.1869489763779528
0
LINE
8
BLACK
6
CONTINUOUS
10
5.577207283464567
20
-4.1869489763779528
11
5.5773257086614176
21
-4.1870235433070864
0
LINE
8
BLACK
6
CONTINUOUS
10
5.5773257086614176
20
-4.1870235433070864
11
5.5773938188976375
21
-4.1871020472440943
0
LINE
8
BLACK
6
CONTINUOUS
10
5.5773938188976375
20
-4.1871020472440943
11
5.5776957874015745
21
-4.1873498818897641
0
LINE
8
BLACK
6
CONTINUOUS
10
5.5776957874015745
20
-4.1873498818897641
11
5.5801329921259839
21
-4.1897870866141735
0
LINE
8
BLACK
6
CONTINUOUS
10
5.5801329921259839
20
-4.1897870866141735
11
5.5803806692913387
21
-4.1900888976377955
0
LINE
8
BLACK
6
CONTINUOUS
10
5.5803806692913387
20
-4.1900888976377955
11
5.5804593307086616
21
-4.1901571259842516
0
LINE
8
BLACK
6
CONTINUOUS
10
5.5804593307086616
20
-4.1901571259842516
11
5.5805339370078739
21
-4.1902756692913385
0
LINE
8
BLACK
6
CONTINUOUS
10
5.5805339370078739
20
-4.1902756692913385
11
5.5806225984251965
21
-4.1903837007874012
0
LINE
8
BLACK
6
CONTINUOUS
10
5.5806225984251965
20
-4.1903837007874012
11
5.5806623228346455
21
-4.1904796456692912
0
LINE
8
BLACK
6
CONTINUOUS
10
5.5806623228346455
20
-4.1904796456692912
11
5.580870472440945
21
-4.1908103149606299
0
LINE
8
BLACK
6
CONTINUOUS
10
5.580870472440945
20
-4.1908103149606299
11
5.5833076771653545
21
-4.1956847244094488
0
LINE
8
BLACK
6
CONTINUOUS
10
5.5833076771653545
20
-4.1956847244094488
11
5.5835835039370076
21
-4.1964055118110233
0
LINE
8
BLACK
6
CONTINUOUS
10
5.5835835039370076
20
-4.1964055118110233
11
5.5835935039370082
21
-4.1965465748031496
0
LINE
8
BLACK
6
CONTINUOUS
10
5.5835935039370082
20
-4.1965465748031496
11
5.583647677165354
21
-4.1966773228346455
0
LINE
8
BLACK
6
CONTINUOUS
10
5.583647677165354
20
-4.1966773228346455
11
5.5837233070866139
21
-4.1974453937007876
0
LINE
8
BLACK
6
CONTINUOUS
10
5.5837233070866139
20
-4.1974453937007876
11
5.5837233070866139
21
-4.2023197637795278
0
LINE
8
BLACK
6
CONTINUOUS
10
5.5837233070866139
20
-4.2023197637795278
11
5.583647677165354
21
-4.203087834645669
0
LINE
8
BLACK
6
CONTINUOUS
10
5.583647677165354
20
-4.203087834645669
11
5.5835935039370082
21
-4.2032185433070861
0
LINE
8
BLACK
6
CONTINUOUS
10
5.5835935039370082
20
-4.2032185433070861
11
5.5835835039370076
21
-4.2033596456692912
0
LINE
8
BLACK
6
CONTINUOUS
10
5.5835835039370076
20
-4.2033596456692912
11
5.5833076771653545
21
-4.2040804330708657
0
LINE
8
BLACK
6
CONTINUOUS
10
5.5833076771653545
20
-4.2040804330708657
11
5.580870472440945
21
-4.2089548425196845
0
LINE
8
BLACK
6
CONTINUOUS
10
5.580870472440945
20
-4.2089548425196845
11
5.5806623228346455
21
-4.2092854724409445
0
LINE
8
BLACK
6
CONTINUOUS
10
5.5806623228346455
20
-4.2092854724409445
11
5.5806225984251965
21
-4.2093814566929133
0
LINE
8
BLACK
6
CONTINUOUS
10
5.5806225984251965
20
-4.2093814566929133
11
5.5805339370078739
21
-4.2094894488188972
0
LINE
8
BLACK
6
CONTINUOUS
10
5.5805339370078739
20
-4.2094894488188972
11
5.5804593307086616
21
-4.2096080314960629
0
LINE
8
BLACK
6
CONTINUOUS
10
5.5804593307086616
20
-4.2096080314960629
11
5.5803806692913387
21
-4.2096762204724412
0
LINE
8
BLACK
6
CONTINUOUS
10
5.5803806692913387
20
-4.2096762204724412
11
5.5801329921259839
21
-4.2099780708661418
0
LINE
8
BLACK
6
CONTINUOUS
10
5.5801329921259839
20
-4.2099780708661418
11
5.5776957874015745
21
-4.2124152755905513
0
LINE
8
BLACK
6
CONTINUOUS
10
5.5776957874015745
20
-4.2124152755905513
11
5.5773938188976375
21
-4.2126630708661414
0
LINE
8
BLACK
6
CONTINUOUS
10
5.5773938188976375
20
-4.2126630708661414
11
5.5773257086614176
21
-4.2127416141732281
0
LINE
8
BLACK
6
CONTINUOUS
10
5.5773257086614176
20
-4.2127416141732281
11
5.577207283464567
21
-4.2128161417322838
0
LINE
8
BLACK
6
CONTINUOUS
10
5.577207283464567
20
-4.2128161417322838
11
5.5770991732283459
21
-4.2129048818897639
0
LINE
8
BLACK
6
CONTINUOUS
10
5.5770991732283459
20
-4.2129048818897639
11
5.5770031102362205
21
-4.2129446456692916
0
LINE
8
BLACK
6
CONTINUOUS
10
5.5770031102362205
20
-4.2129446456692916
11
5.5766725590551181
21
-4.2131527559055115
0
LINE
8
BLACK
6
CONTINUOUS
10
5.5766725590551181
20
-4.2131527559055115
11
5.5717981889763779
21
-4.2155899212598422
0
LINE
8
BLACK
6
CONTINUOUS
10
5.5717981889763779
20
-4.2155899212598422
11
5.5710774015748026
21
-4.2158657480314963
0
LINE
8
BLACK
6
CONTINUOUS
10
5.5710774015748026
20
-4.2158657480314963
11
5.5709362992125984
21
-4.2158757480314959
0
LINE
8
BLACK
6
CONTINUOUS
10
5.5709362992125984
20
-4.2158757480314959
11
5.5708055905511813
21
-4.2159299212598427
0
LINE
8
BLACK
6
CONTINUOUS
10
5.5708055905511813
20
-4.2159299212598427
11
5.5700375196850391
21
-4.2160055511811025
0
LINE
8
BLACK
6
CONTINUOUS
10
5.5700375196850391
20
-4.2160055511811025
11
5.5578515354330706
21
-4.2160055511811025
0
LINE
8
BLACK
6
CONTINUOUS
10
5.5578515354330706
20
-4.2160055511811025
11
5.5574627952755904
21
-4.2159672440944878
0
LINE
8
BLACK
6
CONTINUOUS
10
5.5574627952755904
20
-4.2159672440944878
11
5.5573591338582675
21
-4.2159746456692915
0
LINE
8
BLACK
6
CONTINUOUS
10
5.5573591338582675
20
-4.2159746456692915
11
5.5572227165354331
21
-4.2159436220472442
0
LINE
8
BLACK
6
CONTINUOUS
10
5.5572227165354331
20
-4.2159436220472442
11
5.5570834645669294
21
-4.2159299212598427
0
LINE
8
BLACK
6
CONTINUOUS
10
5.5570834645669294
20
-4.2159299212598427
11
5.5569873622047243
21
-4.2158901181102362
0
LINE
8
BLACK
6
CONTINUOUS
10
5.5569873622047243
20
-4.2158901181102362
11
5.5566065748031495
21
-4.2158035433070866
0
LINE
8
BLACK
6
CONTINUOUS
10
5.5566065748031495
20
-4.2158035433070866
11
5.5492949999999999
21
-4.2133663385826772
0
LINE
8
BLACK
6
CONTINUOUS
10
5.5492949999999999
20
-4.2133663385826772
11
5.5485902362204724
21
-4.2130517322834642
0
LINE
8
BLACK
6
CONTINUOUS
10
5.5485902362204724
20
-4.2130517322834642
11
5.5474297637795278
21
-4.2120452362204723
0
LINE
8
BLACK
6
CONTINUOUS
10
5.5474297637795278
20
-4.2120452362204723
11
5.5467427559055116
21
-4.2106712598425196
0
LINE
8
BLACK
6
CONTINUOUS
10
5.5467427559055116
20
-4.2106712598425196
11
5.5466338582677164
21
-4.209138976377953
0
LINE
8
BLACK
6
CONTINUOUS
10
5.5466338582677164
20
-4.209138976377953
11
5.5471196062992121
21
-4.2076816535433066
0
LINE
8
BLACK
6
CONTINUOUS
10
5.5471196062992121
20
-4.2076816535433066
11
5.5481261023622048
21
-4.206521181102362
0
LINE
8
BLACK
6
CONTINUOUS
10
5.5481261023622048
20
-4.206521181102362
11
5.5495000787401576
21
-4.2058341732283466
0
LINE
8
BLACK
6
CONTINUOUS
10
5.5495000787401576
20
-4.2058341732283466
11
5.5510323622047242
21
-4.2057252755905514
0
LINE
8
BLACK
6
CONTINUOUS
10
5.5510323622047242
20
-4.2057252755905514
11
5.5517849212598422
21
-4.2058964173228341
0
LINE
8
BLACK
6
CONTINUOUS
10
5.5517849212598422
20
-4.2058964173228341
11
5.5584903937007875
21
-4.2081315354330711
0
LINE
8
BLACK
6
CONTINUOUS
10
5.5584903937007875
20
-4.2081315354330711
11
5.5691081102362201
21
-4.2081315354330711
0
LINE
8
BLACK
6
CONTINUOUS
10
5.5691081102362201
20
-4.2081315354330711
11
5.572579724409449
21
-4.2063957086614172
0
LINE
8
BLACK
6
CONTINUOUS
10
5.572579724409449
20
-4.2063957086614172
11
5.5741134251968498
21
-4.2048620078740155
0
LINE
8
BLACK
6
CONTINUOUS
10
5.5741134251968498
20
-4.2048620078740155
11
5.5758492913385824
21
-4.20139031496063
0
LINE
8
BLACK
6
CONTINUOUS
10
5.5758492913385824
20
-4.20139031496063
11
5.5758492913385824
21
-4.1983748031496058
0
LINE
8
BLACK
6
CONTINUOUS
10
5.5758492913385824
20
-4.1983748031496058
11
5.5741134251968498
21
-4.1949031102362202
0
LINE
8
BLACK
6
CONTINUOUS
10
5.5741134251968498
20
-4.1949031102362202
11
5.572579724409449
21
-4.1933694094488185
0
LINE
8
BLACK
6
CONTINUOUS
10
5.572579724409449
20
-4.1933694094488185
11
5.5686633464566926
21
-4.1914112204724407
0
LINE
8
BLACK
6
CONTINUOUS
10
5.5686633464566926
20
-4.1914112204724407
11
5.5593338582677161
21
-4.1890788582677168
0
LINE
8
BLACK
6
CONTINUOUS
10
5.5593338582677161
20
-4.1890788582677168
11
5.5592772047244097
21
-4.1890586220472441
0
LINE
8
BLACK
6
CONTINUOUS
10
5.5592772047244097
20
-4.1890586220472441
11
5.5592488582677166
21
-4.1890566141732286
0
LINE
8
BLACK
6
CONTINUOUS
10
5.5592488582677166
20
-4.1890566141732286
11
5.5589292125984251
21
-4.1889342913385823
0
LINE
8
BLACK
6
CONTINUOUS
10
5.5589292125984251
20
-4.1889342913385823
11
5.558607086614173
21
-4.1888192125984247
0
LINE
8
BLACK
6
CONTINUOUS
10
5.558607086614173
20
-4.1888192125984247
11
5.5585842125984248
21
-4.1888022440944885
0
LINE
8
BLACK
6
CONTINUOUS
10
5.5585842125984248
20
-4.1888022440944885
11
5.5585280708661413
21
-4.1887807874015746
0
LINE
8
BLACK
6
CONTINUOUS
10
5.5585280708661413
20
-4.1887807874015746
11
5.5536536614173224
21
-4.1863435826771651
0
LINE
8
BLACK
6
CONTINUOUS
10
5.5536536614173224
20
-4.1863435826771651
11
5.5533229921259846
21
-4.1861354330708664
0
LINE
8
BLACK
6
CONTINUOUS
10
5.5533229921259846
20
-4.1861354330708664
11
5.5532270472440945
21
-4.1860957086614174
0
LINE
8
BLACK
6
CONTINUOUS
10
5.5532270472440945
20
-4.1860957086614174
11
5.553119015748031
21
-4.186007047244094
0
LINE
8
BLACK
6
CONTINUOUS
10
5.553119015748031
20
-4.186007047244094
11
5.553000472440945
21
-4.1859324409448817
0
LINE
8
BLACK
6
CONTINUOUS
10
5.553000472440945
20
-4.1859324409448817
11
5.5529322440944879
21
-4.1858537795275588
0
LINE
8
BLACK
6
CONTINUOUS
10
5.5529322440944879
20
-4.1858537795275588
11
5.552630433070866
21
-4.1856061023622049
0
LINE
8
BLACK
6
CONTINUOUS
10
5.552630433070866
20
-4.1856061023622049
11
5.5501932283464566
21
-4.1831688976377954
0
LINE
8
BLACK
6
CONTINUOUS
10
5.5501932283464566
20
-4.1831688976377954
11
5.5499453937007877
21
-4.1828669291338585
0
LINE
8
BLACK
6
CONTINUOUS
10
5.5499453937007877
20
-4.1828669291338585
11
5.5498668897637797
21
-4.1827988188976377
0
LINE
8
BLACK
6
CONTINUOUS
10
5.5498668897637797
20
-4.1827988188976377
11
5.5497923228346453
21
-4.182680393700787
0
LINE
8
BLACK
6
CONTINUOUS
10
5.5497923228346453
20
-4.182680393700787
11
5.549703622047244
21
-4.1825722834645669
0
LINE
8
BLACK
6
CONTINUOUS
10
5.549703622047244
20
-4.1825722834645669
11
5.5496638188976375
21
-4.1824762204724406
0
LINE
8
BLACK
6
CONTINUOUS
10
5.5496638188976375
20
-4.1824762204724406
11
5.5494557480314963
21
-4.1821456692913381
0
LINE
8
BLACK
6
CONTINUOUS
10
5.5494557480314963
20
-4.1821456692913381
11
5.5470185826771656
21
-4.177271299212598
0
LINE
8
BLACK
6
CONTINUOUS
10
5.5470185826771656
20
-4.177271299212598
11
5.5467427559055116
21
-4.1765505118110235
0
LINE
8
BLACK
6
CONTINUOUS
10
5.5467427559055116
20
-4.1765505118110235
11
5.5467327165354332
21
-4.1764094094488184
0
LINE
8
BLACK
6
CONTINUOUS
10
5.5467327165354332
20
-4.1764094094488184
11
5.5466785826771652
21
-4.1762787007874014
0
LINE
8
BLACK
6
CONTINUOUS
10
5.5466785826771652
20
-4.1762787007874014
11
5.5466029527559053
21
-4.1755106299212601
0
LINE
8
BLACK
6
CONTINUOUS
10
5.5466029527559053
20
-4.1755106299212601
11
5.5466029527559053
21
-4.1706362204724412
0
LINE
8
BLACK
6
CONTINUOUS
10
5.5466029527559053
20
-4.1706362204724412
11
5.5466785826771652
21
-4.169868149606299
0
LINE
8
BLACK
6
CONTINUOUS
10
5.5466785826771652
20
-4.169868149606299
11
5.5467327165354332
21
-4.1697374015748032
0
LINE
8
BLACK
6
CONTINUOUS
10
5.5467327165354332
20
-4.1697374015748032
11
5.5467427559055116
21
-4.1695963385826769
0
LINE
8
BLACK
6
CONTINUOUS
10
5.5467427559055116
20
-4.1695963385826769
11
5.5470185826771656
21
-4.1688755511811024
0
LINE
8
BLACK
6
CONTINUOUS
10
5.5470185826771656
20
-4.1688755511811024
11
5.5494557480314963
21
-4.1640011811023623
0
LINE
8
BLACK
6
CONTINUOUS
10
5.5494557480314963
20
-4.1640011811023623
11
5.5496638188976375
21
-4.163670590551181
0
LINE
8
BLACK
6
CONTINUOUS
10
5.5496638188976375
20
-4.163670590551181
11
5.549703622047244
21
-4.1635745669291335
0
LINE
8
BLACK
6
CONTINUOUS
10
5.549703622047244
20
-4.1635745669291335
11
5.5497923228346453
21
-4.1634664173228346
0
LINE
8
BLACK
6
CONTINUOUS
10
5.5497923228346453
20
-4.1634664173228346
11
5.5498668897637797
21
-4.1633480314960627
0
LINE
8
BLACK
6
CONTINUOUS
10
5.5498668897637797
20
-4.1633480314960627
11
5.5499453937007877
21
-4.1632798818897641
0
LINE
8
BLACK
6
CONTINUOUS
10
5.5499453937007877
20
-4.1632798818897641
11
5.5501932283464566
21
-4.162977952755905
0
LINE
8
BLACK
6
CONTINUOUS
10
5.5501932283464566
20
-4.162977952755905
11
5.552630433070866
21
-4.1605407480314955
0
LINE
8
BLACK
6
CONTINUOUS
10
5.552630433070866
20
-4.1605407480314955
11
5.5529322440944879
21
-4.1602930314960629
0
LINE
8
BLACK
6
CONTINUOUS
10
5.5529322440944879
20
-4.1602930314960629
11
5.553000472440945
21
-4.1602144094488187
0
LINE
8
BLACK
6
CONTINUOUS
10
5.553000472440945
20
-4.1602144094488187
11
5.553119015748031
21
-4.1601397637795277
0
LINE
8
BLACK
6
CONTINUOUS
10
5.553119015748031
20
-4.1601397637795277
11
5.5532270472440945
21
-4.160051141732283
0
LINE
8
BLACK
6
CONTINUOUS
10
5.5532270472440945
20
-4.160051141732283
11
5.5533229921259846
21
-4.1600113779527561
0
LINE
8
BLACK
6
CONTINUOUS
10
5.5533229921259846
20
-4.1600113779527561
11
5.5536536614173224
21
-4.1598032677165353
0
LINE
8
BLACK
6
CONTINUOUS
10
5.5536536614173224
20
-4.1598032677165353
11
5.5585280708661413
21
-4.1573660629921259
0
LINE
8
BLACK
6
CONTINUOUS
10
5.5585280708661413
20
-4.1573660629921259
11
5.5592488582677166
21
-4.1570902362204727
0
LINE
8
BLACK
6
CONTINUOUS
10
5.5592488582677166
20
-4.1570902362204727
11
5.5593899212598421
21
-4.1570801968503934
0
LINE
8
BLACK
6
CONTINUOUS
10
5.5593899212598421
20
-4.1570801968503934
11
5.5595206692913388
21
-4.1570260629921263
0
LINE
8
BLACK
6
CONTINUOUS
10
5.5595206692913388
20
-4.1570260629921263
11
5.5602887401574801
21
-4.1569504330708664
0
LINE
8
BLACK
6
CONTINUOUS
10
5.5602887401574801
20
-4.1569504330708664
11
5.5724746850393698
21
-4.1569504330708664
0
LINE
8
BLACK
6
CONTINUOUS
10
5.5724746850393698
20
-4.1569504330708664
11
5.5728633858267713
21
-4.1569887007874016
0
LINE
8
BLACK
6
CONTINUOUS
10
5.6849743700787396
20
-4.1569887007874016
11
5.6850780708661413
21
-4.1569813385826775
0
LINE
8
BLACK
6
CONTINUOUS
10
5.6850780708661413
20
-4.1569813385826775
11
5.6852144094488191
21
-4.1570123228346452
0
LINE
8
BLACK
6
CONTINUOUS
10
5.6852144094488191
20
-4.1570123228346452
11
5.6853537401574803
21
-4.1570260629921263
0
LINE
8
BLACK
6
CONTINUOUS
10
5.6853537401574803
20
-4.1570260629921263
11
5.6854498818897641
21
-4.1570658661417319
0
LINE
8
BLACK
6
CONTINUOUS
10
5.6854498818897641
20
-4.1570658661417319
11
5.6858306692913381
21
-4.1571524803149602
0
LINE
8
BLACK
6
CONTINUOUS
10
5.6858306692913381
20
-4.1571524803149602
11
5.6931422834645664
21
-4.1595896850393697
0
LINE
8
BLACK
6
CONTINUOUS
10
5.6931422834645664
20
-4.1595896850393697
11
5.693847007874016
21
-4.1599042913385826
0
LINE
8
BLACK
6
CONTINUOUS
10
5.693847007874016
20
-4.1599042913385826
11
5.6939538976377948
21
-4.1599969685039371
0
LINE
8
BLACK
6
CONTINUOUS
10
5.6939538976377948
20
-4.1599969685039371
11
5.6940846062992128
21
-4.160051141732283
0
LINE
8
BLACK
6
CONTINUOUS
10
5.6940846062992128
20
-4.160051141732283
11
5.6946811811023617
21
-4.1605407874015743
0
LINE
8
BLACK
6
CONTINUOUS
10
5.6946811811023617
20
-4.1605407874015743
11
5.6971183464566924
21
-4.1629779921259837
0
LINE
8
BLACK
6
CONTINUOUS
10
5.6971183464566924
20
-4.1629779921259837
11
5.6976079921259846
21
-4.1635745669291335
0
LINE
8
BLACK
6
CONTINUOUS
10
5.6976079921259846
20
-4.1635745669291335
11
5.698195826771653
21
-4.1649938188976376
0
LINE
8
BLACK
6
CONTINUOUS
10
5.698195826771653
20
-4.1649938188976376
11
5.6981957874015743
21
-4.1665299606299211
0
LINE
8
BLACK
6
CONTINUOUS
10
5.6981957874015743
20
-4.1665299606299211
11
5.6976079527559058
21
-4.1679491732283465
0
LINE
8
BLACK
6
CONTINUOUS
10
5.6976079527559058
20
-4.1679491732283465
11
5.6965217322834647
21
-4.1690353937007876
0
LINE
8
BLACK
6
CONTINUOUS
10
5.6965217322834647
20
-4.1690353937007876
11
5.6951024803149606
21
-4.1696232283464569
0
LINE
8
BLACK
6
CONTINUOUS
10
5.6951024803149606
20
-4.1696232283464569
11
5.6935663385826771
21
-4.1696231889763782
0
LINE
8
BLACK
6
CONTINUOUS
10
5.6935663385826771
20
-4.1696231889763782
11
5.6921471259842518
21
-4.1690353543307088
0
LINE
8
BLACK
6
CONTINUOUS
10
5.6921471259842518
20
-4.1690353543307088
11
5.691550551181102
21
-4.1685457086614175
0
LINE
8
BLACK
6
CONTINUOUS
10
5.691550551181102
20
-4.1685457086614175
11
5.6897705511811019
21
-4.1667656692913386
0
LINE
8
BLACK
6
CONTINUOUS
10
5.6897705511811019
20
-4.1667656692913386
11
5.6839468110236222
21
-4.1648244488188979
0
LINE
8
BLACK
6
CONTINUOUS
10
5.6839468110236222
20
-4.1648244488188979
11
5.6803501574803148
21
-4.1648244488188979
0
LINE
8
BLACK
6
CONTINUOUS
10
5.6803501574803148
20
-4.1648244488188979
11
5.674526456692913
21
-4.1667656692913386
0
LINE
8
BLACK
6
CONTINUOUS
10
5.674526456692913
20
-4.1667656692913386
11
5.6707609448818896
21
-4.170531181102362
0
LINE
8
BLACK
6
CONTINUOUS
10
5.6707609448818896
20
-4.170531181102362
11
5.6688026771653544
21
-4.1744477165354326
0
LINE
8
BLACK
6
CONTINUOUS
10
5.6688026771653544
20
-4.1744477165354326
11
5.6665879527559051
21
-4.1833067716535428
0
LINE
8
BLACK
6
CONTINUOUS
10
5.6665879527559051
20
-4.1833067716535428
11
5.6665879527559051
21
-4.1896491732283465
0
LINE
8
BLACK
6
CONTINUOUS
10
5.6665879527559051
20
-4.1896491732283465
11
5.6688027165354331
21
-4.198508346456693
0
LINE
8
BLACK
6
CONTINUOUS
10
5.6688027165354331
20
-4.198508346456693
11
5.6707609448818896
21
-4.2024248031496061
0
LINE
8
BLACK
6
CONTINUOUS
10
5.6707609448818896
20
-4.2024248031496061
11
5.674526456692913
21
-4.2061903149606295
0
LINE
8
BLACK
6
CONTINUOUS
10
5.674526456692913
20
-4.2061903149606295
11
5.6803501574803148
21
-4.2081315354330711
0
LINE
8
BLACK
6
CONTINUOUS
10
5.6803501574803148
20
-4.2081315354330711
11
5.683946850393701
21
-4.2081315354330711
0
LINE
8
BLACK
6
CONTINUOUS
10
5.683946850393701
20
-4.2081315354330711
11
5.6897705511811019
21
-4.2061903149606295
0
LINE
8
BLACK
6
CONTINUOUS
10
5.6897705511811019
20
-4.2061903149606295
11
5.691550551181102
21
-4.2044103149606302
0
LINE
8
BLACK
6
CONTINUOUS
10
5.691550551181102
20
-4.2044103149606302
11
5.6921471259842518
21
-4.2039206692913389
0
LINE
8
BLACK
6
CONTINUOUS
10
5.6921471259842518
20
-4.2039206692913389
11
5.6935663385826771
21
-4.2033328346456695
0
LINE
8
BLACK
6
CONTINUOUS
10
5.6935663385826771
20
-4.2033328346456695
11
5.6951024803149606
21
-4.2033327952755908
0
LINE
8
BLACK
6
CONTINUOUS
10
5.6951024803149606
20
-4.2033327952755908
11
5.6965217322834647
21
-4.2039206299212601
0
LINE
8
BLACK
6
CONTINUOUS
10
5.6965217322834647
20
-4.2039206299212601
11
5.6976079527559058
21
-4.2050068503937004
0
LINE
8
BLACK
6
CONTINUOUS
10
5.6976079527559058
20
-4.2050068503937004
11
5.6981957874015743
21
-4.2064260629921257
0
LINE
8
BLACK
6
CONTINUOUS
10
5.6981957874015743
20
-4.2064260629921257
11
5.698195826771653
21
-4.2079622047244092
0
LINE
8
BLACK
6
CONTINUOUS
10
5.698195826771653
20
-4.2079622047244092
11
5.6976079921259846
21
-4.2093814566929133
0
LINE
8
BLACK
6
CONTINUOUS
10
5.6976079921259846
20
-4.2093814566929133
11
5.6971183464566924
21
-4.2099780314960631
0
LINE
8
BLACK
6
CONTINUOUS
10
5.6971183464566924
20
-4.2099780314960631
11
5.6946811811023617
21
-4.2124152362204725
0
LINE
8
BLACK
6
CONTINUOUS
10
5.6946811811023617
20
-4.2124152362204725
11
5.6940846062992128
21
-4.2129048818897639
0
LINE
8
BLACK
6
CONTINUOUS
10
5.6940846062992128
20
-4.2129048818897639
11
5.6939538188976373
21
-4.212959015748031
0
LINE
8
BLACK
6
CONTINUOUS
10
5.6939538188976373
20
-4.212959015748031
11
5.6938469685039372
21
-4.2130517322834642
0
LINE
8
BLACK
6
CONTINUOUS
10
5.6938469685039372
20
-4.2130517322834642
11
5.6931422440944877
21
-4.2133663779527559
0
LINE
8
BLACK
6
CONTINUOUS
10
5.6931422440944877
20
-4.2133663779527559
11
5.6858306299212593
21
-4.2158035039370079
0
LINE
8
BLACK
6
CONTINUOUS
10
5.6858306299212593
20
-4.2158035039370079
11
5.6854498818897641
21
-4.2158900787401574
0
LINE
8
BLACK
6
CONTINUOUS
10
5.6854498818897641
20
-4.2158900787401574
11
5.6853537401574803
21
-4.2159299212598427
0
LINE
8
BLACK
6
CONTINUOUS
10
5.6853537401574803
20
-4.2159299212598427
11
5.6852143700787403
21
-4.2159436220472442
0
LINE
8
BLACK
6
CONTINUOUS
10
5.6852143700787403
20
-4.2159436220472442
11
5.6850780708661413
21
-4.2159746456692915
0
LINE
8
BLACK
6
CONTINUOUS
10
5.6850780708661413
20
-4.2159746456692915
11
5.6849743700787396
21
-4.2159672440944878
0
LINE
8
BLACK
6
CONTINUOUS
10
5.6849743700787396
20
-4.2159672440944878
11
5.6845856692913381
21
-4.2160055511811025
0
LINE
8
BLACK
6
CONTINUOUS
10
5.6845856692913381
20
-4.2160055511811025
11
5.679711299212598
21
-4.2160055511811025
0
LINE
8
BLACK
6
CONTINUOUS
10
5.679711299212598
20
-4.2160055511811025
11
5.6793225590551177
21
-4.2159672440944878
0
LINE
8
BLACK
6
CONTINUOUS
10
5.6793225590551177
20
-4.2159672440944878
11
5.6792188976377949
21
-4.2159746456692915
0
LINE
8
BLACK
6
CONTINUOUS
10
5.6792188976377949
20
-4.2159746456692915
11
5.6790824803149604
21
-4.2159436220472442
0
LINE
8
BLACK
6
CONTINUOUS
10
5.6790824803149604
20
-4.2159436220472442
11
5.6789432283464567
21
-4.2159299212598427
0
LINE
8
BLACK
6
CONTINUOUS
10
5.6789432283464567
20
-4.2159299212598427
11
5.6788471259842517
21
-4.2158901181102362
0
LINE
8
BLACK
6
CONTINUOUS
10
5.6788471259842517
20
-4.2158901181102362
11
5.6784663385826768
21
-4.2158035433070866
0
LINE
8
BLACK
6
CONTINUOUS
10
5.6784663385826768
20
-4.2158035433070866
11
5.6711547637795272
21
-4.2133663385826772
0
LINE
8
BLACK
6
CONTINUOUS
10
5.6711547637795272
20
-4.2133663385826772
11
5.6704499999999998
21
-4.2130517322834642
0
LINE
8
BLACK
6
CONTINUOUS
10
5.6704499999999998
20
-4.2130517322834642
11
5.6703430708661413
21
-4.2129589763779522
0
LINE
8
BLACK
6
CONTINUOUS
10
5.6703430708661413
20
-4.2129589763779522
11
5.6702124409448817
21
-4.2129048818897639
0
LINE
8
BLACK
6
CONTINUOUS
10
5.6702124409448817
20
-4.2129048818897639
11
5.6696158267716532
21
-4.2124152755905513
0
LINE
8
BLACK
6
CONTINUOUS
10
5.6696158267716532
20
-4.2124152755905513
11
5.6647414173228343
21
-4.2075408661417324
0
LINE
8
BLACK
6
CONTINUOUS
10
5.6647414173228343
20
-4.2075408661417324
11
5.6644937007874017
21
-4.2072390157480317
0
LINE
8
BLACK
6
CONTINUOUS
10
5.6644937007874017
20
-4.2072390157480317
11
5.6644150787401575
21
-4.2071708267716534
0
LINE
8
BLACK
6
CONTINUOUS
10
5.6644150787401575
20
-4.2071708267716534
11
5.6643404330708664
21
-4.2070522440944877
0
LINE
8
BLACK
6
CONTINUOUS
10
5.6643404330708664
20
-4.2070522440944877
11
5.6642518110236217
21
-4.2069442519685039
0
LINE
8
BLACK
6
CONTINUOUS
10
5.6642518110236217
20
-4.2069442519685039
11
5.664212047244094
21
-4.2068483070866138
0
LINE
8
BLACK
6
CONTINUOUS
10
5.664212047244094
20
-4.2068483070866138
11
5.6640039370078741
21
-4.2065176771653539
0
LINE
8
BLACK
6
CONTINUOUS
10
5.6640039370078741
20
-4.2065176771653539
11
5.6615667322834646
21
-4.2016432283464562
0
LINE
8
BLACK
6
CONTINUOUS
10
5.6615667322834646
20
-4.2016432283464562
11
5.6615452362204719
21
-4.2015870472440948
0
LINE
8
BLACK
6
CONTINUOUS
10
5.6615452362204719
20
-4.2015870472440948
11
5.6615283070866145
21
-4.2015642125984254
0
LINE
8
BLACK
6
CONTINUOUS
10
5.6615283070866145
20
-4.2015642125984254
11
5.6614131889763781
21
-4.2012420472440946
0
LINE
8
BLACK
6
CONTINUOUS
10
5.6614131889763781
20
-4.2012420472440946
11
5.6612909055118106
21
-4.2009224409448818
0
LINE
8
BLACK
6
CONTINUOUS
10
5.6612909055118106
20
-4.2009224409448818
11
5.6612888582677163
21
-4.20089405511811
0
LINE
8
BLACK
6
CONTINUOUS
10
5.6612888582677163
20
-4.20089405511811
11
5.6612686614173224
21
-4.2008374409448814
0
LINE
8
BLACK
6
CONTINUOUS
10
5.6612686614173224
20
-4.2008374409448814
11
5.6588314960629917
21
-4.1910886220472436
0
LINE
8
BLACK
6
CONTINUOUS
10
5.6588314960629917
20
-4.1910886220472436
11
5.6588118110236216
21
-4.1909555511811023
0
LINE
8
BLACK
6
CONTINUOUS
10
5.6588118110236216
20
-4.1909555511811023
11
5.6587895669291335
21
-4.1909018503937006
0
LINE
8
BLACK
6
CONTINUOUS
10
5.6587895669291335
20
-4.1909018503937006
11
5.6587610629921254
21
-4.1906124015748034
0
LINE
8
BLACK
6
CONTINUOUS
10
5.6587610629921254
20
-4.1906124015748034
11
5.6587185826771655
21
-4.1903251574803146
0
LINE
8
BLACK
6
CONTINUOUS
10
5.6587185826771655
20
-4.1903251574803146
11
5.6587271259842522
21
-4.1902677165354332
0
LINE
8
BLACK
6
CONTINUOUS
10
5.6587271259842522
20
-4.1902677165354332
11
5.6587139370078736
21
-4.1901337795275593
0
LINE
8
BLACK
6
CONTINUOUS
10
5.6587139370078736
20
-4.1901337795275593
11
5.6587139370078736
21
-4.1828222047244097
0
LINE
8
BLACK
6
CONTINUOUS
10
5.6587139370078736
20
-4.1828222047244097
11
5.6587271259842522
21
-4.182688228346457
0
LINE
8
BLACK
6
CONTINUOUS
10
5.6587271259842522
20
-4.182688228346457
11
5.6587185826771655
21
-4.1826308267716534
0
LINE
8
BLACK
6
CONTINUOUS
10
5.6587185826771655
20
-4.1826308267716534
11
5.6587610629921254
21
-4.182343503937008
0
LINE
8
BLACK
6
CONTINUOUS
10
5.6587610629921254
20
-4.182343503937008
11
5.6587895669291335
21
-4.1820541338582675
0
LINE
8
BLACK
6
CONTINUOUS
10
5.6587895669291335
20
-4.1820541338582675
11
5.6588118110236216
21
-4.182000393700787
0
LINE
8
BLACK
6
CONTINUOUS
10
5.6588118110236216
20
-4.182000393700787
11
5.6588314960629917
21
-4.1818673622047244
0
LINE
8
BLACK
6
CONTINUOUS
10
5.6588314960629917
20
-4.1818673622047244
11
5.6612686614173224
21
-4.1721185433070866
0
LINE
8
BLACK
6
CONTINUOUS
10
5.6612686614173224
20
-4.1721185433070866
11
5.6612888582677163
21
-4.1720618897637793
0
LINE
8
BLACK
6
CONTINUOUS
10
5.6612888582677163
20
-4.1720618897637793
11
5.6612909055118106
21
-4.1720335433070863
0
LINE
8
BLACK
6
CONTINUOUS
10
5.6612909055118106
20
-4.1720335433070863
11
5.6614133858267719
21
-4.1717134251968506
0
LINE
8
BLACK
6
CONTINUOUS
10
5.6614133858267719
20
-4.1717134251968506
11
5.6615283070866145
21
-4.1713917716535436
0
LINE
8
BLACK
6
CONTINUOUS
10
5.6615283070866145
20
-4.1713917716535436
11
5.6615451968503931
21
-4.1713689370078741
0
LINE
8
BLACK
6
CONTINUOUS
10
5.6615451968503931
20
-4.1713689370078741
11
5.6615667322834646
21
-4.1713127165354331
0
LINE
8
BLACK
6
CONTINUOUS
10
5.6615667322834646
20
-4.1713127165354331
11
5.6640039370078741
21
-4.166438346456693
0
LINE
8
BLACK
6
CONTINUOUS
10
5.6640039370078741
20
-4.166438346456693
11
5.664212047244094
21
-4.1661076771653542
0
LINE
8
BLACK
6
CONTINUOUS
10
5.664212047244094
20
-4.1661076771653542
11
5.6642518110236217
21
-4.166011771653543
0
LINE
8
BLACK
6
CONTINUOUS
10
5.6642518110236217
20
-4.166011771653543
11
5.6643404330708664
21
-4.1659037401574803
0
LINE
8
BLACK
6
CONTINUOUS
10
5.6643404330708664
20
-4.1659037401574803
11
5.6644150787401575
21
-4.1657851968503934
0
LINE
8
BLACK
6
CONTINUOUS
10
5.6644150787401575
20
-4.1657851968503934
11
5.6644937007874017
21
-4.1657169685039372
0
LINE
8
BLACK
6
CONTINUOUS
10
5.6644937007874017
20
-4.1657169685039372
11
5.6647414173228343
21
-4.1654151574803144
0
LINE
8
BLACK
6
CONTINUOUS
10
5.6647414173228343
20
-4.1654151574803144
11
5.6696158267716532
21
-4.1605407480314955
0
LINE
8
BLACK
6
CONTINUOUS
10
5.6696158267716532
20
-4.1605407480314955
11
5.6702124409448817
21
-4.160051141732283
0
LINE
8
BLACK
6
CONTINUOUS
10
5.6702124409448817
20
-4.160051141732283
11
5.6703430708661413
21
-4.1599970078740158
0
LINE
8
BLACK
6
CONTINUOUS
10
5.6703430708661413
20
-4.1599970078740158
11
5.6704499999999998
21
-4.1599042913385826
0
LINE
8
BLACK
6
CONTINUOUS
10
5.6704499999999998
20
-4.1599042913385826
11
5.6711547244094485
21
-4.1595896850393697
0
LINE
8
BLACK
6
CONTINUOUS
10
5.6711547244094485
20
-4.1595896850393697
11
5.678466299212598
21
-4.1571524803149602
0
LINE
8
BLACK
6
CONTINUOUS
10
5.678466299212598
20
-4.1571524803149602
11
5.6788470472440942
21
-4.1570658661417319
0
LINE
8
BLACK
6
CONTINUOUS
10
5.6788470472440942
20
-4.1570658661417319
11
5.6789432283464567
21
-4.1570260629921263
0
LINE
8
BLACK
6
CONTINUOUS
10
5.6789432283464567
20
-4.1570260629921263
11
5.6790825196850392
21
-4.1570123228346452
0
LINE
8
BLACK
6
CONTINUOUS
10
5.6790825196850392
20
-4.1570123228346452
11
5.6792188976377949
21
-4.1569813385826775
0
LINE
8
BLACK
6
CONTINUOUS
10
5.6792188976377949
20
-4.1569813385826775
11
5.6793225590551177
21
-4.1569887007874016
0
LINE
8
BLACK
6
CONTINUOUS
10
5.6793225590551177
20
-4.1569887007874016
11
5.679711299212598
21
-4.1569504330708664
0
LINE
8
BLACK
6
CONTINUOUS
10
5.679711299212598
20
-4.1569504330708664
11
5.6845856692913381
21
-4.1569504330708664
0
LINE
8
BLACK
6
CONTINUOUS
10
5.6845856692913381
20
-4.1569504330708664
11
5.6849743700787396
21
-4.1569887007874016
0
LINE
8
BLACK
6
CONTINUOUS
10
5.746283622047244
20
-4.1570260629921263
11
5.7466400000000002
21
-4.1571736614173229
0
LINE
8
BLACK
6
CONTINUOUS
10
5.7466400000000002
20
-4.1571736614173229
11
5.7470183858267712
21
-4.1572485433070865
0
LINE
8
BLACK
6
CONTINUOUS
10
5.7470183858267712
20
-4.1572485433070865
11
5.7473427165354334
21
-4.1574647637795277
0
LINE
8
BLACK
6
CONTINUOUS
10
5.7473427165354334
20
-4.1574647637795277
11
5.7477028346456693
21
-4.1576139370078735
0
LINE
8
BLACK
6
CONTINUOUS
10
5.7477028346456693
20
-4.1576139370078735
11
5.7479755118110232
21
-4.1578866141732282
0
LINE
8
BLACK
6
CONTINUOUS
10
5.7479755118110232
20
-4.1578866141732282
11
5.7482965354330711
21
-4.1581006299212602
0
LINE
8
BLACK
6
CONTINUOUS
10
5.7482965354330711
20
-4.1581006299212602
11
5.7485134645669289
21
-4.158424566929134
0
LINE
8
BLACK
6
CONTINUOUS
10
5.7485134645669289
20
-4.158424566929134
11
5.7487890551181104
21
-4.1587001574803146
0
LINE
8
BLACK
6
CONTINUOUS
10
5.7487890551181104
20
-4.1587001574803146
11
5.7489366535433071
21
-4.1590564960629921
0
LINE
8
BLACK
6
CONTINUOUS
10
5.7489366535433071
20
-4.1590564960629921
11
5.7491512992125982
21
-4.1593770078740153
0
LINE
8
BLACK
6
CONTINUOUS
10
5.7491512992125982
20
-4.1593770078740153
11
5.7492277165354331
21
-4.1597591732283465
0
LINE
8
BLACK
6
CONTINUOUS
10
5.7492277165354331
20
-4.1597591732283465
11
5.7493769291338586
21
-4.16011937007874
0
LINE
8
BLACK
6
CONTINUOUS
10
5.7493769291338586
20
-4.16011937007874
11
5.7493769291338586
21
-4.1605051574803147
0
LINE
8
BLACK
6
CONTINUOUS
10
5.7493769291338586
20
-4.1605051574803147
11
5.7494525590551175
21
-4.1608833464566928
0
LINE
8
BLACK
6
CONTINUOUS
10
5.7494525590551175
20
-4.1608833464566928
11
5.7493769291338586
21
-4.1612656299212594
0
LINE
8
BLACK
6
CONTINUOUS
10
5.7493769291338586
20
-4.1612656299212594
11
5.7493769291338586
21
-4.1616555118110234
0
LINE
8
BLACK
6
CONTINUOUS
10
5.7493769291338586
20
-4.1616555118110234
11
5.7492292913385823
21
-4.1620118897637797
0
LINE
8
BLACK
6
CONTINUOUS
10
5.7492292913385823
20
-4.1620118897637797
11
5.7491544488188975
21
-4.1623902755905515
0
LINE
8
BLACK
6
CONTINUOUS
10
5.7491544488188975
20
-4.1623902755905515
11
5.7487913385826772
21
-4.1630712992125982
0
LINE
8
BLACK
6
CONTINUOUS
10
5.7487913385826772
20
-4.1630712992125982
11
5.7187512204724404
21
-4.2081315354330711
0
LINE
8
BLACK
6
CONTINUOUS
10
5.7187512204724404
20
-4.2081315354330711
11
5.7455155511811018
21
-4.2081315354330711
0
LINE
8
BLACK
6
CONTINUOUS
10
5.7455155511811018
20
-4.2081315354330711
11
5.746283622047244
21
-4.2082071653543309
0
LINE
8
BLACK
6
CONTINUOUS
10
5.746283622047244
20
-4.2082071653543309
11
5.7477028346456693
21
-4.208795039370079
0
LINE
8
BLACK
6
CONTINUOUS
10
5.7477028346456693
20
-4.208795039370079
11
5.7487890551181104
21
-4.2098812598425193
0
LINE
8
BLACK
6
CONTINUOUS
10
5.7487890551181104
20
-4.2098812598425193
11
5.7493769291338586
21
-4.2113004724409446
0
LINE
8
BLACK
6
CONTINUOUS
10
5.7493769291338586
20
-4.2113004724409446
11
5.7493769291338586
21
-4.2128366141732281
0
LINE
8
BLACK
6
CONTINUOUS
10
5.7493769291338586
20
-4.2128366141732281
11
5.7487890551181104
21
-4.2142558267716534
0
LINE
8
BLACK
6
CONTINUOUS
10
5.7487890551181104
20
-4.2142558267716534
11
5.7477028346456693
21
-4.2153420472440946
0
LINE
8
BLACK
6
CONTINUOUS
10
5.7477028346456693
20
-4.2153420472440946
11
5.746283622047244
21
-4.2159299212598427
0
LINE
8
BLACK
6
CONTINUOUS
10
5.746283622047244
20
-4.2159299212598427
11
5.7455155511811018
21
-4.2160055511811025
0
LINE
8
BLACK
6
CONTINUOUS
10
5.7455155511811018
20
-4.2160055511811025
11
5.7113989763779527
21
-4.2160055511811025
0
LINE
8
BLACK
6
CONTINUOUS
10
5.7113989763779527
20
-4.2160055511811025
11
5.7113948425196845
21
-4.2160055511811025
0
LINE
8
BLACK
6
CONTINUOUS
10
5.7113948425196845
20
-4.2160055511811025
11
5.7106267716535433
21
-4.2159299212598427
0
LINE
8
BLACK
6
CONTINUOUS
10
5.7106267716535433
20
-4.2159299212598427
11
5.7102703543307083
21
-4.2157822834645664
0
LINE
8
BLACK
6
CONTINUOUS
10
5.7102703543307083
20
-4.2157822834645664
11
5.7098920078740152
21
-4.2157074409448816
0
LINE
8
BLACK
6
CONTINUOUS
10
5.7098920078740152
20
-4.2157074409448816
11
5.7095676377952751
21
-4.2154911811023625
0
LINE
8
BLACK
6
CONTINUOUS
10
5.7095676377952751
20
-4.2154911811023625
11
5.7092075590551179
21
-4.2153420472440946
0
LINE
8
BLACK
6
CONTINUOUS
10
5.7092075590551179
20
-4.2153420472440946
11
5.7089348425196853
21
-4.2150693307086611
0
LINE
8
BLACK
6
CONTINUOUS
10
5.7089348425196853
20
-4.2150693307086611
11
5.7086138582677162
21
-4.2148553543307088
0
LINE
8
BLACK
6
CONTINUOUS
10
5.7086138582677162
20
-4.2148553543307088
11
5.7083968897637796
21
-4.2145313779527562
0
LINE
8
BLACK
6
CONTINUOUS
10
5.7083968897637796
20
-4.2145313779527562
11
5.7081213385826768
21
-4.2142558267716534
0
LINE
8
BLACK
6
CONTINUOUS
10
5.7081213385826768
20
-4.2142558267716534
11
5.7079737007874014
21
-4.2138994488188972
0
LINE
8
BLACK
6
CONTINUOUS
10
5.7079737007874014
20
-4.2138994488188972
11
5.7077590944881891
21
-4.2135789763779528
0
LINE
8
BLACK
6
CONTINUOUS
10
5.7077590944881891
20
-4.2135789763779528
11
5.7076826377952754
21
-4.2131967716535428
0
LINE
8
BLACK
6
CONTINUOUS
10
5.7076826377952754
20
-4.2131967716535428
11
5.7075334645669287
21
-4.2128366141732281
0
LINE
8
BLACK
6
CONTINUOUS
10
5.7075334645669287
20
-4.2128366141732281
11
5.7075334645669287
21
-4.2124508267716534
0
LINE
8
BLACK
6
CONTINUOUS
10
5.7075334645669287
20
-4.2124508267716534
11
5.7074578346456688
21
-4.2120726771653541
0
LINE
8
BLACK
6
CONTINUOUS
10
5.7074578346456688
20
-4.2120726771653541
11
5.7075334645669287
21
-4.2116903543307087
0
LINE
8
BLACK
6
CONTINUOUS
10
5.7075334645669287
20
-4.2116903543307087
11
5.7075334645669287
21
-4.2113004724409446
0
LINE
8
BLACK
6
CONTINUOUS
10
5.7075334645669287
20
-4.2113004724409446
11
5.7076810629921262
21
-4.2109440551181105
0
LINE
8
BLACK
6
CONTINUOUS
10
5.7076810629921262
20
-4.2109440551181105
11
5.7077559448818898
21
-4.2105657086614174
0
LINE
8
BLACK
6
CONTINUOUS
10
5.7077559448818898
20
-4.2105657086614174
11
5.70811905511811
21
-4.2098846850393699
0
LINE
8
BLACK
6
CONTINUOUS
10
5.70811905511811
20
-4.2098846850393699
11
5.7381591732283459
21
-4.1648244488188979
0
LINE
8
BLACK
6
CONTINUOUS
10
5.7381591732283459
20
-4.1648244488188979
11
5.7113948425196845
21
-4.1648244488188979
0
LINE
8
BLACK
6
CONTINUOUS
10
5.7113948425196845
20
-4.1648244488188979
11
5.7106267716535433
21
-4.164748818897638
0
LINE
8
BLACK
6
CONTINUOUS
10
5.7106267716535433
20
-4.164748818897638
11
5.7092075590551179
21
-4.1641609448818899
0
LINE
8
BLACK
6
CONTINUOUS
10
5.7092075590551179
20
-4.1641609448818899
11
5.7081213385826768
21
-4.1630747244094488
0
LINE
8
BLACK
6
CONTINUOUS
10
5.7081213385826768
20
-4.1630747244094488
11
5.7075334645669287
21
-4.1616555118110234
0
LINE
8
BLACK
6
CONTINUOUS
10
5.7075334645669287
20
-4.1616555118110234
11
5.7075334645669287
21
-4.16011937007874
0
LINE
8
BLACK
6
CONTINUOUS
10
5.7075334645669287
20
-4.16011937007874
11
5.7081213385826768
21
-4.1587001574803146
0
LINE
8
BLACK
6
CONTINUOUS
10
5.7081213385826768
20
-4.1587001574803146
11
5.7092075590551179
21
-4.1576139370078735
0
LINE
8
BLACK
6
CONTINUOUS
10
5.7092075590551179
20
-4.1576139370078735
11
5.7106267716535433
21
-4.1570260629921263
0
LINE
8
BLACK
6
CONTINUOUS
10
5.7106267716535433
20
-4.1570260629921263
11
5.7113948425196845
21
-4.1569504330708664
0
LINE
8
BLACK
6
CONTINUOUS
10
5.7113948425196845
20
-4.1569504330708664
11
5.7455155511811018
21
-4.1569504330708664
0
LINE
8
BLACK
6
CONTINUOUS
10
5.7455155511811018
20
-4.1569504330708664
11
5.746283622047244
21
-4.1570260629921263
0
LINE
8
BLACK
6
CONTINUOUS
10
5.6244238582677166
20
-4.1570260629921263
11
5.625843070866142
21
-4.1576139370078735
0
LINE
8
BLACK
6
CONTINUOUS
10
5.625843070866142
20
-4.1576139370078735
11
5.6269292913385822
21
-4.1587001574803146
0
LINE
8
BLACK
6
CONTINUOUS
10
5.6269292913385822
20
-4.1587001574803146
11
5.6275171653543303
21
-4.16011937007874
0
LINE
8
BLACK
6
CONTINUOUS
10
5.6275171653543303
20
-4.16011937007874
11
5.6275171653543303
21
-4.1616555118110234
0
LINE
8
BLACK
6
CONTINUOUS
10
5.6275171653543303
20
-4.1616555118110234
11
5.6269292913385822
21
-4.1630747244094488
0
LINE
8
BLACK
6
CONTINUOUS
10
5.6269292913385822
20
-4.1630747244094488
11
5.625843070866142
21
-4.1641609448818899
0
LINE
8
BLACK
6
CONTINUOUS
10
5.625843070866142
20
-4.1641609448818899
11
5.6244238582677166
21
-4.164748818897638
0
LINE
8
BLACK
6
CONTINUOUS
10
5.6244238582677166
20
-4.164748818897638
11
5.6236557874015745
21
-4.1648244488188979
0
LINE
8
BLACK
6
CONTINUOUS
10
5.6236557874015745
20
-4.1648244488188979
11
5.612969645669291
21
-4.1648244488188979
0
LINE
8
BLACK
6
CONTINUOUS
10
5.612969645669291
20
-4.1648244488188979
11
5.612969645669291
21
-4.2120685433070868
0
LINE
8
BLACK
6
CONTINUOUS
10
5.612969645669291
20
-4.2120685433070868
11
5.6128940157480312
21
-4.2128366141732281
0
LINE
8
BLACK
6
CONTINUOUS
10
5.6128940157480312
20
-4.2128366141732281
11
5.612306141732283
21
-4.2142558267716534
0
LINE
8
BLACK
6
CONTINUOUS
10
5.612306141732283
20
-4.2142558267716534
11
5.6112199212598428
21
-4.2153420472440946
0
LINE
8
BLACK
6
CONTINUOUS
10
5.6112199212598428
20
-4.2153420472440946
11
5.6098007086614174
21
-4.2159299212598427
0
LINE
8
BLACK
6
CONTINUOUS
10
5.6098007086614174
20
-4.2159299212598427
11
5.608264566929134
21
-4.2159299212598427
0
LINE
8
BLACK
6
CONTINUOUS
10
5.608264566929134
20
-4.2159299212598427
11
5.6068453543307086
21
-4.2153420472440946
0
LINE
8
BLACK
6
CONTINUOUS
10
5.6068453543307086
20
-4.2153420472440946
11
5.6057591338582675
21
-4.2142558267716534
0
LINE
8
BLACK
6
CONTINUOUS
10
5.6057591338582675
20
-4.2142558267716534
11
5.6051712598425194
21
-4.2128366141732281
0
LINE
8
BLACK
6
CONTINUOUS
10
5.6051712598425194
20
-4.2128366141732281
11
5.6050956299212595
21
-4.2120685433070868
0
LINE
8
BLACK
6
CONTINUOUS
10
5.6050956299212595
20
-4.2120685433070868
11
5.6050956299212595
21
-4.1648244488188979
0
LINE
8
BLACK
6
CONTINUOUS
10
5.6050956299212595
20
-4.1648244488188979
11
5.5944094488188973
21
-4.1648244488188979
0
LINE
8
BLACK
6
CONTINUOUS
10
5.5944094488188973
20
-4.1648244488188979
11
5.5936413779527561
21
-4.164748818897638
0
LINE
8
BLACK
6
CONTINUOUS
10
5.5936413779527561
20
-4.164748818897638
11
5.5922221653543307
21
-4.1641609448818899
0
LINE
8
BLACK
6
CONTINUOUS
10
5.5922221653543307
20
-4.1641609448818899
11
5.5911359448818896
21
-4.1630747244094488
0
LINE
8
BLACK
6
CONTINUOUS
10
5.5911359448818896
20
-4.1630747244094488
11
5.5905480708661415
21
-4.1616555118110234
0
LINE
8
BLACK
6
CONTINUOUS
10
5.5905480708661415
20
-4.1616555118110234
11
5.5905480708661415
21
-4.16011937007874
0
LINE
8
BLACK
6
CONTINUOUS
10
5.5905480708661415
20
-4.16011937007874
11
5.5911359448818896
21
-4.1587001574803146
0
LINE
8
BLACK
6
CONTINUOUS
10
5.5911359448818896
20
-4.1587001574803146
11
5.5922221653543307
21
-4.1576139370078735
0
LINE
8
BLACK
6
CONTINUOUS
10
5.5922221653543307
20
-4.1576139370078735
11
5.5936413779527561
21
-4.1570260629921263
0
LINE
8
BLACK
6
CONTINUOUS
10
5.5936413779527561
20
-4.1570260629921263
11
5.5944094488188973
21
-4.1569504330708664
0
LINE
8
BLACK
6
CONTINUOUS
10
5.5944094488188973
20
-4.1569504330708664
11
5.6236557874015745
21
-4.1569504330708664
0
LINE
8
BLACK
6
CONTINUOUS
10
5.6236557874015745
20
-4.1569504330708664
11
5.6244238582677166
21
-4.1570260629921263
0
LINE
8
BLACK
6
CONTINUOUS
10
5.6418998425196847
20
-4.2035049606299211
11
5.6429034251968506
21
-4.2039206299212601
0
LINE
8
BLACK
6
CONTINUOUS
10
5.6429034251968506
20
-4.2039206299212601
11
5.6429036220472444
21
-4.203920826771653
0
LINE
8
BLACK
6
CONTINUOUS
10
5.6429036220472444
20
-4.203920826771653
11
5.6435000393700783
21
-4.2044102755905515
0
LINE
8
BLACK
6
CONTINUOUS
10
5.6435000393700783
20
-4.2044102755905515
11
5.6459372440944877
21
-4.2068474803149609
0
LINE
8
BLACK
6
CONTINUOUS
10
5.6459372440944877
20
-4.2068474803149609
11
5.6464266535433065
21
-4.2074438582677161
0
LINE
8
BLACK
6
CONTINUOUS
10
5.6464266535433065
20
-4.2074438582677161
11
5.646426889763779
21
-4.2074440944881886
0
LINE
8
BLACK
6
CONTINUOUS
10
5.646426889763779
20
-4.2074440944881886
11
5.6466414960629923
21
-4.2079622440944879
0
LINE
8
BLACK
6
CONTINUOUS
10
5.6466414960629923
20
-4.2079622440944879
11
5.6470147244094484
21
-4.2088633070866139
0
LINE
8
BLACK
6
CONTINUOUS
10
5.6470147244094484
20
-4.2088633070866139
11
5.6470147244094484
21
-4.2103994488188974
0
LINE
8
BLACK
6
CONTINUOUS
10
5.6470147244094484
20
-4.2103994488188974
11
5.6469021259842522
21
-4.2106712598425196
0
LINE
8
BLACK
6
CONTINUOUS
10
5.6469021259842522
20
-4.2106712598425196
11
5.6464268503937003
21
-4.2118187007874015
0
LINE
8
BLACK
6
CONTINUOUS
10
5.6464268503937003
20
-4.2118187007874015
11
5.645937204724409
21
-4.2124152755905513
0
LINE
8
BLACK
6
CONTINUOUS
10
5.645937204724409
20
-4.2124152755905513
11
5.6434999999999995
21
-4.214852440944882
0
LINE
8
BLACK
6
CONTINUOUS
10
5.6434999999999995
20
-4.214852440944882
11
5.6429034251968506
21
-4.2153420866141733
0
LINE
8
BLACK
6
CONTINUOUS
10
5.6429034251968506
20
-4.2153420866141733
11
5.6418998425196847
21
-4.2157577165354327
0
LINE
8
BLACK
6
CONTINUOUS
10
5.6418998425196847
20
-4.2157577165354327
11
5.6414842125984253
21
-4.2159299212598427
0
LINE
8
BLACK
6
CONTINUOUS
10
5.6414842125984253
20
-4.2159299212598427
11
5.6414841732283465
21
-4.2159299212598427
0
LINE
8
BLACK
6
CONTINUOUS
10
5.6414841732283465
20
-4.2159299212598427
11
5.6399480708661418
21
-4.2159299212598427
0
LINE
8
BLACK
6
CONTINUOUS
10
5.6399480708661418
20
-4.2159299212598427
11
5.638883267716535
21
-4.2154888582677161
0
LINE
8
BLACK
6
CONTINUOUS
10
5.638883267716535
20
-4.2154888582677161
11
5.6385288188976377
21
-4.2153420472440946
0
LINE
8
BLACK
6
CONTINUOUS
10
5.6385288188976377
20
-4.2153420472440946
11
5.6379322440944879
21
-4.2148524015748032
0
LINE
8
BLACK
6
CONTINUOUS
10
5.6379322440944879
20
-4.2148524015748032
11
5.6354950787401572
21
-4.2124152755905513
0
LINE
8
BLACK
6
CONTINUOUS
10
5.6354950787401572
20
-4.2124152755905513
11
5.6350056299212596
21
-4.2118188582677165
0
LINE
8
BLACK
6
CONTINUOUS
10
5.6350056299212596
20
-4.2118188582677165
11
5.6350054724409446
21
-4.2118187007874015
0
LINE
8
BLACK
6
CONTINUOUS
10
5.6350054724409446
20
-4.2118187007874015
11
5.6345301968503936
21
-4.2106712598425196
0
LINE
8
BLACK
6
CONTINUOUS
10
5.6345301968503936
20
-4.2106712598425196
11
5.6344175984251965
21
-4.2103994488188974
0
LINE
8
BLACK
6
CONTINUOUS
10
5.6344175984251965
20
-4.2103994488188974
11
5.6344175984251965
21
-4.2088633070866139
0
LINE
8
BLACK
6
CONTINUOUS
10
5.6344175984251965
20
-4.2088633070866139
11
5.6347908267716535
21
-4.2079622440944879
0
LINE
8
BLACK
6
CONTINUOUS
10
5.6347908267716535
20
-4.2079622440944879
11
5.6350054330708659
21
-4.2074440944881886
0
LINE
8
BLACK
6
CONTINUOUS
10
5.6350054330708659
20
-4.2074440944881886
11
5.6354950787401572
21
-4.2068475196850397
0
LINE
8
BLACK
6
CONTINUOUS
10
5.6354950787401572
20
-4.2068475196850397
11
5.6379322440944879
21
-4.2044103149606302
0
LINE
8
BLACK
6
CONTINUOUS
10
5.6379322440944879
20
-4.2044103149606302
11
5.6385288188976377
21
-4.2039206692913389
0
LINE
8
BLACK
6
CONTINUOUS
10
5.6385288188976377
20
-4.2039206692913389
11
5.6393300000000002
21
-4.2035888188976376
0
LINE
8
BLACK
6
CONTINUOUS
10
5.6393300000000002
20
-4.2035888188976376
11
5.6399480708661418
21
-4.2033327952755908
0
LINE
8
BLACK
6
CONTINUOUS
10
5.6399480708661418
20
-4.2033327952755908
11
5.6414842125984253
21
-4.2033327952755908
0
LINE
8
BLACK
6
CONTINUOUS
10
5.6414842125984253
20
-4.2033327952755908
11
5.6418998425196847
21
-4.2035049606299211
0
LINE
8
BLACK
6
CONTINUOUS
10
6.5337280314960626
20
-4.1329498031496064
11
6.5338587401574806
21
-4.1330039370078735
0
LINE
8
BLACK
6
CONTINUOUS
10
6.5338587401574806
20
-4.1330039370078735
11
6.5339998425196848
21
-4.1330139763779528
0
LINE
8
BLACK
6
CONTINUOUS
10
6.5339998425196848
20
-4.1330139763779528
11
6.5347206299212601
21
-4.1332898031496059
0
LINE
8
BLACK
6
CONTINUOUS
10
6.5347206299212601
20
-4.1332898031496059
11
6.5395950787401578
21
-4.1357270078740154
0
LINE
8
BLACK
6
CONTINUOUS
10
6.5395950787401578
20
-4.1357270078740154
11
6.5402482283464565
21
-4.1361381496062988
0
LINE
8
BLACK
6
CONTINUOUS
10
6.5402482283464565
20
-4.1361381496062988
11
6.5412546850393696
21
-4.1372986614173231
0
LINE
8
BLACK
6
CONTINUOUS
10
6.5412546850393696
20
-4.1372986614173231
11
6.5417404724409449
21
-4.1387559842519686
0
LINE
8
BLACK
6
CONTINUOUS
10
6.5417404724409449
20
-4.1387559842519686
11
6.5416315748031497
21
-4.1402882677165351
0
LINE
8
BLACK
6
CONTINUOUS
10
6.5416315748031497
20
-4.1402882677165351
11
6.5409446062992123
21
-4.1416622440944879
0
LINE
8
BLACK
6
CONTINUOUS
10
6.5409446062992123
20
-4.1416622440944879
11
6.5397840944881889
21
-4.1426687007874019
0
LINE
8
BLACK
6
CONTINUOUS
10
6.5397840944881889
20
-4.1426687007874019
11
6.5383267716535434
21
-4.1431544881889764
0
LINE
8
BLACK
6
CONTINUOUS
10
6.5383267716535434
20
-4.1431544881889764
11
6.5367944881889759
21
-4.1430455905511812
0
LINE
8
BLACK
6
CONTINUOUS
10
6.5367944881889759
20
-4.1430455905511812
11
6.5360737007874015
21
-4.1427697637795271
0
LINE
8
BLACK
6
CONTINUOUS
10
6.5360737007874015
20
-4.1427697637795271
11
6.5320305511811023
21
-4.140748188976378
0
LINE
8
BLACK
6
CONTINUOUS
10
6.5320305511811023
20
-4.140748188976378
11
6.5262872440944877
21
-4.140748188976378
0
LINE
8
BLACK
6
CONTINUOUS
10
6.5262872440944877
20
-4.140748188976378
11
6.5204635433070868
21
-4.1426894094488187
0
LINE
8
BLACK
6
CONTINUOUS
10
6.5204635433070868
20
-4.1426894094488187
11
6.5166980314960625
21
-4.1464549212598421
0
LINE
8
BLACK
6
CONTINUOUS
10
6.5166980314960625
20
-4.1464549212598421
11
6.5147397637795272
21
-4.1503714566929135
0
LINE
8
BLACK
6
CONTINUOUS
10
6.5147397637795272
20
-4.1503714566929135
11
6.5125250393700789
21
-4.1592305118110238
0
LINE
8
BLACK
6
CONTINUOUS
10
6.5125250393700789
20
-4.1592305118110238
11
6.5125250393700789
21
-4.1655729133858266
0
LINE
8
BLACK
6
CONTINUOUS
10
6.5125250393700789
20
-4.1655729133858266
11
6.514739803149606
21
-4.1744320866141731
0
LINE
8
BLACK
6
CONTINUOUS
10
6.514739803149606
20
-4.1744320866141731
11
6.5166980314960625
21
-4.1783485433070862
0
LINE
8
BLACK
6
CONTINUOUS
10
6.5166980314960625
20
-4.1783485433070862
11
6.5204635433070868
21
-4.1821140551181104
0
LINE
8
BLACK
6
CONTINUOUS
10
6.5204635433070868
20
-4.1821140551181104
11
6.5262872440944877
21
-4.1840552755905511
0
LINE
8
BLACK
6
CONTINUOUS
10
6.5262872440944877
20
-4.1840552755905511
11
6.5298839370078738
21
-4.1840552755905511
0
LINE
8
BLACK
6
CONTINUOUS
10
6.5298839370078738
20
-4.1840552755905511
11
6.5357076377952756
21
-4.1821140551181104
0
LINE
8
BLACK
6
CONTINUOUS
10
6.5357076377952756
20
-4.1821140551181104
11
6.5363345275590552
21
-4.1814871653543308
0
LINE
8
BLACK
6
CONTINUOUS
10
6.5363345275590552
20
-4.1814871653543308
11
6.5363345275590552
21
-4.1699945275590551
0
LINE
8
BLACK
6
CONTINUOUS
10
6.5363345275590552
20
-4.1699945275590551
11
6.5305227559055119
21
-4.1699945275590551
0
LINE
8
BLACK
6
CONTINUOUS
10
6.5305227559055119
20
-4.1699945275590551
11
6.5297546850393697
21
-4.1699188976377952
0
LINE
8
BLACK
6
CONTINUOUS
10
6.5297546850393697
20
-4.1699188976377952
11
6.5283354724409444
21
-4.1693310236220471
0
LINE
8
BLACK
6
CONTINUOUS
10
6.5283354724409444
20
-4.1693310236220471
11
6.5272492519685041
21
-4.168244803149606
0
LINE
8
BLACK
6
CONTINUOUS
10
6.5272492519685041
20
-4.168244803149606
11
6.526661377952756
21
-4.1668255905511806
0
LINE
8
BLACK
6
CONTINUOUS
10
6.526661377952756
20
-4.1668255905511806
11
6.526661377952756
21
-4.1652894488188972
0
LINE
8
BLACK
6
CONTINUOUS
10
6.526661377952756
20
-4.1652894488188972
11
6.5272492519685041
21
-4.1638702362204727
0
LINE
8
BLACK
6
CONTINUOUS
10
6.5272492519685041
20
-4.1638702362204727
11
6.5283354724409444
21
-4.1627840157480316
0
LINE
8
BLACK
6
CONTINUOUS
10
6.5283354724409444
20
-4.1627840157480316
11
6.5297546850393697
21
-4.1621961417322835
0
LINE
8
BLACK
6
CONTINUOUS
10
6.5297546850393697
20
-4.1621961417322835
11
6.5305227559055119
21
-4.1621205118110236
0
LINE
8
BLACK
6
CONTINUOUS
10
6.5305227559055119
20
-4.1621205118110236
11
6.5402715354330709
21
-4.1621205118110236
0
LINE
8
BLACK
6
CONTINUOUS
10
6.5402715354330709
20
-4.1621205118110236
11
6.5410396062992122
21
-4.1621961417322835
0
LINE
8
BLACK
6
CONTINUOUS
10
6.5410396062992122
20
-4.1621961417322835
11
6.5424588188976376
21
-4.1627840157480316
0
LINE
8
BLACK
6
CONTINUOUS
10
6.5424588188976376
20
-4.1627840157480316
11
6.5435450393700787
21
-4.1638702362204727
0
LINE
8
BLACK
6
CONTINUOUS
10
6.5435450393700787
20
-4.1638702362204727
11
6.5441329133858268
21
-4.1652894488188972
0
LINE
8
BLACK
6
CONTINUOUS
10
6.5441329133858268
20
-4.1652894488188972
11
6.5442085433070867
21
-4.1660575196850393
0
LINE
8
BLACK
6
CONTINUOUS
10
6.5442085433070867
20
-4.1660575196850393
11
6.5442085433070867
21
-4.1831179133858267
0
LINE
8
BLACK
6
CONTINUOUS
10
6.5442085433070867
20
-4.1831179133858267
11
6.5441329133858268
21
-4.183885984251968
0
LINE
8
BLACK
6
CONTINUOUS
10
6.5441329133858268
20
-4.183885984251968
11
6.5440314566929132
21
-4.184130905511811
0
LINE
8
BLACK
6
CONTINUOUS
10
6.5440314566929132
20
-4.184130905511811
11
6.5435450787401575
21
-4.1853051968503934
0
LINE
8
BLACK
6
CONTINUOUS
10
6.5435450787401575
20
-4.1853051968503934
11
6.5430554330708661
21
-4.1859017716535432
0
LINE
8
BLACK
6
CONTINUOUS
10
6.5430554330708661
20
-4.1859017716535432
11
6.5406182677165354
21
-4.1883389763779526
0
LINE
8
BLACK
6
CONTINUOUS
10
6.5406182677165354
20
-4.1883389763779526
11
6.5400216929133856
21
-4.1888286220472439
0
LINE
8
BLACK
6
CONTINUOUS
10
6.5400216929133856
20
-4.1888286220472439
11
6.5398909055118111
21
-4.188882755905512
0
LINE
8
BLACK
6
CONTINUOUS
10
6.5398909055118111
20
-4.188882755905512
11
6.5397840551181101
21
-4.1889754724409451
0
LINE
8
BLACK
6
CONTINUOUS
10
6.5397840551181101
20
-4.1889754724409451
11
6.5390793307086614
21
-4.189290118110236
0
LINE
8
BLACK
6
CONTINUOUS
10
6.5390793307086614
20
-4.189290118110236
11
6.5317677165354331
21
-4.1917272440944879
0
LINE
8
BLACK
6
CONTINUOUS
10
6.5317677165354331
20
-4.1917272440944879
11
6.531386968503937
21
-4.1918138188976375
0
LINE
8
BLACK
6
CONTINUOUS
10
6.531386968503937
20
-4.1918138188976375
11
6.5312908267716532
21
-4.1918536614173227
0
LINE
8
BLACK
6
CONTINUOUS
10
6.5312908267716532
20
-4.1918536614173227
11
6.5311514566929132
21
-4.1918673622047242
0
LINE
8
BLACK
6
CONTINUOUS
10
6.5311514566929132
20
-4.1918673622047242
11
6.531015157480315
21
-4.1918983858267715
0
LINE
8
BLACK
6
CONTINUOUS
10
6.531015157480315
20
-4.1918983858267715
11
6.5309114566929134
21
-4.1918909842519687
0
LINE
8
BLACK
6
CONTINUOUS
10
6.5309114566929134
20
-4.1918909842519687
11
6.5305227559055119
21
-4.1919292913385826
0
LINE
8
BLACK
6
CONTINUOUS
10
6.5305227559055119
20
-4.1919292913385826
11
6.5256483858267718
21
-4.1919292913385826
0
LINE
8
BLACK
6
CONTINUOUS
10
6.5256483858267718
20
-4.1919292913385826
11
6.5252596456692915
21
-4.1918909842519687
0
LINE
8
BLACK
6
CONTINUOUS
10
6.5252596456692915
20
-4.1918909842519687
11
6.5251559842519686
21
-4.1918983858267715
0
LINE
8
BLACK
6
CONTINUOUS
10
6.5251559842519686
20
-4.1918983858267715
11
6.5250195669291333
21
-4.1918673622047242
0
LINE
8
BLACK
6
CONTINUOUS
10
6.5250195669291333
20
-4.1918673622047242
11
6.5248803149606296
21
-4.1918536614173227
0
LINE
8
BLACK
6
CONTINUOUS
10
6.5248803149606296
20
-4.1918536614173227
11
6.5247842125984254
21
-4.1918138582677162
0
LINE
8
BLACK
6
CONTINUOUS
10
6.5247842125984254
20
-4.1918138582677162
11
6.5244034251968506
21
-4.1917272834645667
0
LINE
8
BLACK
6
CONTINUOUS
10
6.5244034251968506
20
-4.1917272834645667
11
6.517091850393701
21
-4.1892900787401572
0
LINE
8
BLACK
6
CONTINUOUS
10
6.517091850393701
20
-4.1892900787401572
11
6.5163870866141727
21
-4.1889754724409451
0
LINE
8
BLACK
6
CONTINUOUS
10
6.5163870866141727
20
-4.1889754724409451
11
6.5162801574803151
21
-4.1888827165354332
0
LINE
8
BLACK
6
CONTINUOUS
10
6.5162801574803151
20
-4.1888827165354332
11
6.5161495275590546
21
-4.1888286220472439
0
LINE
8
BLACK
6
CONTINUOUS
10
6.5161495275590546
20
-4.1888286220472439
11
6.515552913385827
21
-4.1883390157480314
0
LINE
8
BLACK
6
CONTINUOUS
10
6.515552913385827
20
-4.1883390157480314
11
6.5106785039370081
21
-4.1834646062992125
0
LINE
8
BLACK
6
CONTINUOUS
10
6.5106785039370081
20
-4.1834646062992125
11
6.5104307874015745
21
-4.1831627559055118
0
LINE
8
BLACK
6
CONTINUOUS
10
6.5104307874015745
20
-4.1831627559055118
11
6.5103521653543304
21
-4.1830945669291335
0
LINE
8
BLACK
6
CONTINUOUS
10
6.5103521653543304
20
-4.1830945669291335
11
6.5102775196850393
21
-4.1829759842519687
0
LINE
8
BLACK
6
CONTINUOUS
10
6.5102775196850393
20
-4.1829759842519687
11
6.5101888976377955
21
-4.1828679921259839
0
LINE
8
BLACK
6
CONTINUOUS
10
6.5101888976377955
20
-4.1828679921259839
11
6.5101491338582678
21
-4.1827720472440948
0
LINE
8
BLACK
6
CONTINUOUS
10
6.5101491338582678
20
-4.1827720472440948
11
6.509941023622047
21
-4.1824414173228348
0
LINE
8
BLACK
6
CONTINUOUS
10
6.509941023622047
20
-4.1824414173228348
11
6.5075038188976375
21
-4.1775669685039372
0
LINE
8
BLACK
6
CONTINUOUS
10
6.5075038188976375
20
-4.1775669685039372
11
6.5074823228346457
21
-4.1775107874015749
0
LINE
8
BLACK
6
CONTINUOUS
10
6.5074823228346457
20
-4.1775107874015749
11
6.5074653937007874
21
-4.1774879527559055
0
LINE
8
BLACK
6
CONTINUOUS
10
6.5074653937007874
20
-4.1774879527559055
11
6.507350275590551
21
-4.1771657874015746
0
LINE
8
BLACK
6
CONTINUOUS
10
6.507350275590551
20
-4.1771657874015746
11
6.5072279921259844
21
-4.1768461811023618
0
LINE
8
BLACK
6
CONTINUOUS
10
6.5072279921259844
20
-4.1768461811023618
11
6.5072259448818892
21
-4.1768177952755901
0
LINE
8
BLACK
6
CONTINUOUS
10
6.5072259448818892
20
-4.1768177952755901
11
6.5072057480314962
21
-4.1767611811023624
0
LINE
8
BLACK
6
CONTINUOUS
10
6.5072057480314962
20
-4.1767611811023624
11
6.5047685826771655
21
-4.1670123622047246
0
LINE
8
BLACK
6
CONTINUOUS
10
6.5047685826771655
20
-4.1670123622047246
11
6.5047488976377954
21
-4.1668792913385824
0
LINE
8
BLACK
6
CONTINUOUS
10
6.5047488976377954
20
-4.1668792913385824
11
6.5047266535433073
21
-4.1668255905511806
0
LINE
8
BLACK
6
CONTINUOUS
10
6.5047266535433073
20
-4.1668255905511806
11
6.5046981496062992
21
-4.1665361417322835
0
LINE
8
BLACK
6
CONTINUOUS
10
6.5046981496062992
20
-4.1665361417322835
11
6.5046556692913384
21
-4.1662488976377956
0
LINE
8
BLACK
6
CONTINUOUS
10
6.5046556692913384
20
-4.1662488976377956
11
6.5046642125984251
21
-4.1661914566929132
0
LINE
8
BLACK
6
CONTINUOUS
10
6.5046642125984251
20
-4.1661914566929132
11
6.5046510236220474
21
-4.1660575196850393
0
LINE
8
BLACK
6
CONTINUOUS
10
6.5046510236220474
20
-4.1660575196850393
11
6.5046510236220474
21
-4.1587459448818898
0
LINE
8
BLACK
6
CONTINUOUS
10
6.5046510236220474
20
-4.1587459448818898
11
6.5046642125984251
21
-4.1586119685039371
0
LINE
8
BLACK
6
CONTINUOUS
10
6.5046642125984251
20
-4.1586119685039371
11
6.5046556692913384
21
-4.1585545669291335
0
LINE
8
BLACK
6
CONTINUOUS
10
6.5046556692913384
20
-4.1585545669291335
11
6.5046981496062992
21
-4.1582672834645669
0
LINE
8
BLACK
6
CONTINUOUS
10
6.5046981496062992
20
-4.1582672834645669
11
6.5047266535433073
21
-4.1579778740157476
0
LINE
8
BLACK
6
CONTINUOUS
10
6.5047266535433073
20
-4.1579778740157476
11
6.5047488976377954
21
-4.157924133858268
0
LINE
8
BLACK
6
CONTINUOUS
10
6.5047488976377954
20
-4.157924133858268
11
6.5047685826771655
21
-4.1577911023622045
0
LINE
8
BLACK
6
CONTINUOUS
10
6.5047685826771655
20
-4.1577911023622045
11
6.5072057480314962
21
-4.1480422834645667
0
LINE
8
BLACK
6
CONTINUOUS
10
6.5072057480314962
20
-4.1480422834645667
11
6.5072259448818892
21
-4.1479856299212594
0
LINE
8
BLACK
6
CONTINUOUS
10
6.5072259448818892
20
-4.1479856299212594
11
6.5072279921259844
21
-4.1479572834645673
0
LINE
8
BLACK
6
CONTINUOUS
10
6.5072279921259844
20
-4.1479572834645673
11
6.5073503543307085
21
-4.1476374015748032
0
LINE
8
BLACK
6
CONTINUOUS
10
6.5073503543307085
20
-4.1476374015748032
11
6.5074653937007874
21
-4.1473155118110236
0
LINE
8
BLACK
6
CONTINUOUS
10
6.5074653937007874
20
-4.1473155118110236
11
6.5074822834645669
21
-4.1472926771653542
0
LINE
8
BLACK
6
CONTINUOUS
10
6.5074822834645669
20
-4.1472926771653542
11
6.5075038188976375
21
-4.1472364566929132
0
LINE
8
BLACK
6
CONTINUOUS
10
6.5075038188976375
20
-4.1472364566929132
11
6.509941023622047
21
-4.142362086614173
0
LINE
8
BLACK
6
CONTINUOUS
10
6.509941023622047
20
-4.142362086614173
11
6.5101491338582678
21
-4.1420314173228343
0
LINE
8
BLACK
6
CONTINUOUS
10
6.5101491338582678
20
-4.1420314173228343
11
6.5101888976377955
21
-4.1419355118110239
0
LINE
8
BLACK
6
CONTINUOUS
10
6.5101888976377955
20
-4.1419355118110239
11
6.5102775196850393
21
-4.1418274803149604
0
LINE
8
BLACK
6
CONTINUOUS
10
6.5102775196850393
20
-4.1418274803149604
11
6.5103521653543304
21
-4.1417089370078743
0
LINE
8
BLACK
6
CONTINUOUS
10
6.5103521653543304
20
-4.1417089370078743
11
6.5104307874015745
21
-4.1416407086614173
0
LINE
8
BLACK
6
CONTINUOUS
10
6.5104307874015745
20
-4.1416407086614173
11
6.5106785039370081
21
-4.1413388976377954
0
LINE
8
BLACK
6
CONTINUOUS
10
6.5106785039370081
20
-4.1413388976377954
11
6.515552913385827
21
-4.1364644881889765
0
LINE
8
BLACK
6
CONTINUOUS
10
6.515552913385827
20
-4.1364644881889765
11
6.5161495275590546
21
-4.1359748818897639
0
LINE
8
BLACK
6
CONTINUOUS
10
6.5161495275590546
20
-4.1359748818897639
11
6.5162801574803151
21
-4.1359207480314959
0
LINE
8
BLACK
6
CONTINUOUS
10
6.5162801574803151
20
-4.1359207480314959
11
6.5163870866141727
21
-4.1358280314960627
0
LINE
8
BLACK
6
CONTINUOUS
10
6.5163870866141727
20
-4.1358280314960627
11
6.5170918110236222
21
-4.1355134251968506
0
LINE
8
BLACK
6
CONTINUOUS
10
6.5170918110236222
20
-4.1355134251968506
11
6.5244033858267718
21
-4.1330762204724412
0
LINE
8
BLACK
6
CONTINUOUS
10
6.5244033858267718
20
-4.1330762204724412
11
6.5247841338582679
21
-4.1329896062992129
0
LINE
8
BLACK
6
CONTINUOUS
10
6.5247841338582679
20
-4.1329896062992129
11
6.5248803149606296
21
-4.1329498031496064
0
LINE
8
BLACK
6
CONTINUOUS
10
6.5248803149606296
20
-4.1329498031496064
11
6.5250196062992121
21
-4.1329360629921261
0
LINE
8
BLACK
6
CONTINUOUS
10
6.5250196062992121
20
-4.1329360629921261
11
6.5251559842519686
21
-4.1329050787401576
0
LINE
8
BLACK
6
CONTINUOUS
10
6.5251559842519686
20
-4.1329050787401576
11
6.5252596456692915
21
-4.1329124409448816
0
LINE
8
BLACK
6
CONTINUOUS
10
6.5252596456692915
20
-4.1329124409448816
11
6.5256483858267718
21
-4.1328741732283465
0
LINE
8
BLACK
6
CONTINUOUS
10
6.5256483858267718
20
-4.1328741732283465
11
6.5329599606299213
21
-4.1328741732283465
0
LINE
8
BLACK
6
CONTINUOUS
10
6.5329599606299213
20
-4.1328741732283465
11
6.5337280314960626
21
-4.1329498031496064
0
LINE
8
BLACK
6
CONTINUOUS
10
6.6283992913385825
20
-4.1329124409448816
11
6.6285030314960629
21
-4.1329050787401576
0
LINE
8
BLACK
6
CONTINUOUS
10
6.6285030314960629
20
-4.1329050787401576
11
6.6286393700787398
21
-4.1329360629921261
0
LINE
8
BLACK
6
CONTINUOUS
10
6.6286393700787398
20
-4.1329360629921261
11
6.6287786614173223
21
-4.1329498031496064
0
LINE
8
BLACK
6
CONTINUOUS
10
6.6287786614173223
20
-4.1329498031496064
11
6.6288747637795273
21
-4.1329896062992129
0
LINE
8
BLACK
6
CONTINUOUS
10
6.6288747637795273
20
-4.1329896062992129
11
6.629255590551181
21
-4.1330762204724412
0
LINE
8
BLACK
6
CONTINUOUS
10
6.629255590551181
20
-4.1330762204724412
11
6.6365671653543306
21
-4.1355134251968506
0
LINE
8
BLACK
6
CONTINUOUS
10
6.6365671653543306
20
-4.1355134251968506
11
6.6372718897637792
21
-4.1358280708661415
0
LINE
8
BLACK
6
CONTINUOUS
10
6.6372718897637792
20
-4.1358280708661415
11
6.6373787007874014
21
-4.1359207086614171
0
LINE
8
BLACK
6
CONTINUOUS
10
6.6373787007874014
20
-4.1359207086614171
11
6.6375094488188973
21
-4.1359748818897639
0
LINE
8
BLACK
6
CONTINUOUS
10
6.6375094488188973
20
-4.1359748818897639
11
6.6381060629921258
21
-4.1364644881889765
0
LINE
8
BLACK
6
CONTINUOUS
10
6.6381060629921258
20
-4.1364644881889765
11
6.6429804724409447
21
-4.1413388976377954
0
LINE
8
BLACK
6
CONTINUOUS
10
6.6429804724409447
20
-4.1413388976377954
11
6.6432281496062995
21
-4.1416407086614173
0
LINE
8
BLACK
6
CONTINUOUS
10
6.6432281496062995
20
-4.1416407086614173
11
6.6433068110236215
21
-4.1417089370078743
0
LINE
8
BLACK
6
CONTINUOUS
10
6.6433068110236215
20
-4.1417089370078743
11
6.6433814173228347
21
-4.1418274803149604
0
LINE
8
BLACK
6
CONTINUOUS
10
6.6433814173228347
20
-4.1418274803149604
11
6.6434700787401573
21
-4.1419355118110239
0
LINE
8
BLACK
6
CONTINUOUS
10
6.6434700787401573
20
-4.1419355118110239
11
6.6435098031496063
21
-4.1420314173228343
0
LINE
8
BLACK
6
CONTINUOUS
10
6.6435098031496063
20
-4.1420314173228343
11
6.6437179527559049
21
-4.142362086614173
0
LINE
8
BLACK
6
CONTINUOUS
10
6.6437179527559049
20
-4.142362086614173
11
6.6461551574803144
21
-4.1472364566929132
0
LINE
8
BLACK
6
CONTINUOUS
10
6.6461551574803144
20
-4.1472364566929132
11
6.6461766535433071
21
-4.1472926771653542
0
LINE
8
BLACK
6
CONTINUOUS
10
6.6461766535433071
20
-4.1472926771653542
11
6.6461935826771654
21
-4.1473155118110236
0
LINE
8
BLACK
6
CONTINUOUS
10
6.6461935826771654
20
-4.1473155118110236
11
6.6463084645669293
21
-4.1476371653543307
0
LINE
8
BLACK
6
CONTINUOUS
10
6.6463084645669293
20
-4.1476371653543307
11
6.6464309842519684
21
-4.1479572834645673
0
LINE
8
BLACK
6
CONTINUOUS
10
6.6464309842519684
20
-4.1479572834645673
11
6.6464329921259839
21
-4.1479857086614169
0
LINE
8
BLACK
6
CONTINUOUS
10
6.6464329921259839
20
-4.1479857086614169
11
6.6464532283464566
21
-4.1480423228346455
0
LINE
8
BLACK
6
CONTINUOUS
10
6.6464532283464566
20
-4.1480423228346455
11
6.6488903937007873
21
-4.1577911023622045
0
LINE
8
BLACK
6
CONTINUOUS
10
6.6488903937007873
20
-4.1577911023622045
11
6.6489100393700786
21
-4.157924133858268
0
LINE
8
BLACK
6
CONTINUOUS
10
6.6489100393700786
20
-4.157924133858268
11
6.6489323228346455
21
-4.1579778740157476
0
LINE
8
BLACK
6
CONTINUOUS
10
6.6489323228346455
20
-4.1579778740157476
11
6.6489607874015748
21
-4.1582672834645669
0
LINE
8
BLACK
6
CONTINUOUS
10
6.6489607874015748
20
-4.1582672834645669
11
6.6490033070866144
21
-4.1585545669291335
0
LINE
8
BLACK
6
CONTINUOUS
10
6.6490033070866144
20
-4.1585545669291335
11
6.6489947244094489
21
-4.1586119685039371
0
LINE
8
BLACK
6
CONTINUOUS
10
6.6489947244094489
20
-4.1586119685039371
11
6.6490079527559054
21
-4.1587459448818898
0
LINE
8
BLACK
6
CONTINUOUS
10
6.6490079527559054
20
-4.1587459448818898
11
6.6490079527559054
21
-4.1660575196850393
0
LINE
8
BLACK
6
CONTINUOUS
10
6.6490079527559054
20
-4.1660575196850393
11
6.6489947244094489
21
-4.1661914566929132
0
LINE
8
BLACK
6
CONTINUOUS
10
6.6489947244094489
20
-4.1661914566929132
11
6.6490033070866144
21
-4.1662488976377956
0
LINE
8
BLACK
6
CONTINUOUS
10
6.6490033070866144
20
-4.1662488976377956
11
6.6489607874015748
21
-4.1665361417322835
0
LINE
8
BLACK
6
CONTINUOUS
10
6.6489607874015748
20
-4.1665361417322835
11
6.6489323228346455
21
-4.1668255905511806
0
LINE
8
BLACK
6
CONTINUOUS
10
6.6489323228346455
20
-4.1668255905511806
11
6.6489100393700786
21
-4.1668792913385824
0
LINE
8
BLACK
6
CONTINUOUS
10
6.6489100393700786
20
-4.1668792913385824
11
6.6488903937007873
21
-4.1670123622047246
0
LINE
8
BLACK
6
CONTINUOUS
10
6.6488903937007873
20
-4.1670123622047246
11
6.6464532283464566
21
-4.1767611417322836
0
LINE
8
BLACK
6
CONTINUOUS
10
6.6464532283464566
20
-4.1767611417322836
11
6.6464329921259839
21
-4.1768177165354325
0
LINE
8
BLACK
6
CONTINUOUS
10
6.6464329921259839
20
-4.1768177165354325
11
6.6464309842519684
21
-4.1768461811023618
0
LINE
8
BLACK
6
CONTINUOUS
10
6.6464309842519684
20
-4.1768461811023618
11
6.6463085826771655
21
-4.1771660236220471
0
LINE
8
BLACK
6
CONTINUOUS
10
6.6463085826771655
20
-4.1771660236220471
11
6.6461935826771654
21
-4.1774879527559055
0
LINE
8
BLACK
6
CONTINUOUS
10
6.6461935826771654
20
-4.1774879527559055
11
6.6461766141732284
21
-4.1775107874015749
0
LINE
8
BLACK
6
CONTINUOUS
10
6.6461766141732284
20
-4.1775107874015749
11
6.6461551574803144
21
-4.1775669685039372
0
LINE
8
BLACK
6
CONTINUOUS
10
6.6461551574803144
20
-4.1775669685039372
11
6.6437179527559049
21
-4.1824413779527561
0
LINE
8
BLACK
6
CONTINUOUS
10
6.6437179527559049
20
-4.1824413779527561
11
6.6435098031496063
21
-4.182772007874016
0
LINE
8
BLACK
6
CONTINUOUS
10
6.6435098031496063
20
-4.182772007874016
11
6.6434700787401573
21
-4.1828679921259839
0
LINE
8
BLACK
6
CONTINUOUS
10
6.6434700787401573
20
-4.1828679921259839
11
6.6433814173228347
21
-4.1829759842519687
0
LINE
8
BLACK
6
CONTINUOUS
10
6.6433814173228347
20
-4.1829759842519687
11
6.6433068110236215
21
-4.1830945669291335
0
LINE
8
BLACK
6
CONTINUOUS
10
6.6433068110236215
20
-4.1830945669291335
11
6.6432281496062995
21
-4.1831627559055118
0
LINE
8
BLACK
6
CONTINUOUS
10
6.6432281496062995
20
-4.1831627559055118
11
6.6429804724409447
21
-4.1834646062992125
0
LINE
8
BLACK
6
CONTINUOUS
10
6.6429804724409447
20
-4.1834646062992125
11
6.6381060629921258
21
-4.1883390157480314
0
LINE
8
BLACK
6
CONTINUOUS
10
6.6381060629921258
20
-4.1883390157480314
11
6.6375094488188973
21
-4.1888286220472439
0
LINE
8
BLACK
6
CONTINUOUS
10
6.6375094488188973
20
-4.1888286220472439
11
6.6373788188976377
21
-4.1888827165354332
0
LINE
8
BLACK
6
CONTINUOUS
10
6.6373788188976377
20
-4.1888827165354332
11
6.6372718897637792
21
-4.1889754724409451
0
LINE
8
BLACK
6
CONTINUOUS
10
6.6372718897637792
20
-4.1889754724409451
11
6.6365671653543306
21
-4.1892900787401572
0
LINE
8
BLACK
6
CONTINUOUS
10
6.6365671653543306
20
-4.1892900787401572
11
6.6292555511811022
21
-4.1917272440944879
0
LINE
8
BLACK
6
CONTINUOUS
10
6.6292555511811022
20
-4.1917272440944879
11
6.6288748031496061
21
-4.1918138188976375
0
LINE
8
BLACK
6
CONTINUOUS
10
6.6288748031496061
20
-4.1918138188976375
11
6.6287786614173223
21
-4.1918536614173227
0
LINE
8
BLACK
6
CONTINUOUS
10
6.6287786614173223
20
-4.1918536614173227
11
6.6286392913385823
21
-4.1918673622047242
0
LINE
8
BLACK
6
CONTINUOUS
10
6.6286392913385823
20
-4.1918673622047242
11
6.6285029921259842
21
-4.1918983858267715
0
LINE
8
BLACK
6
CONTINUOUS
10
6.6285029921259842
20
-4.1918983858267715
11
6.6283992913385825
21
-4.1918909842519687
0
LINE
8
BLACK
6
CONTINUOUS
10
6.6283992913385825
20
-4.1918909842519687
11
6.628010590551181
21
-4.1919292913385826
0
LINE
8
BLACK
6
CONTINUOUS
10
6.628010590551181
20
-4.1919292913385826
11
6.6158246062992125
21
-4.1919292913385826
0
LINE
8
BLACK
6
CONTINUOUS
10
6.6158246062992125
20
-4.1919292913385826
11
6.6150565354330704
21
-4.1918536614173227
0
LINE
8
BLACK
6
CONTINUOUS
10
6.6150565354330704
20
-4.1918536614173227
11
6.6136373228346459
21
-4.1912657874015746
0
LINE
8
BLACK
6
CONTINUOUS
10
6.6136373228346459
20
-4.1912657874015746
11
6.6125511023622048
21
-4.1901795669291335
0
LINE
8
BLACK
6
CONTINUOUS
10
6.6125511023622048
20
-4.1901795669291335
11
6.6119632283464567
21
-4.1887603543307081
0
LINE
8
BLACK
6
CONTINUOUS
10
6.6119632283464567
20
-4.1887603543307081
11
6.6118875984251968
21
-4.1879922834645669
0
LINE
8
BLACK
6
CONTINUOUS
10
6.6118875984251968
20
-4.1879922834645669
11
6.6118875984251968
21
-4.1368111811023622
0
LINE
8
BLACK
6
CONTINUOUS
10
6.6118875984251968
20
-4.1368111811023622
11
6.6119632283464567
21
-4.1360431102362201
0
LINE
8
BLACK
6
CONTINUOUS
10
6.6119632283464567
20
-4.1360431102362201
11
6.6125511023622048
21
-4.1346238976377956
0
LINE
8
BLACK
6
CONTINUOUS
10
6.6125511023622048
20
-4.1346238976377956
11
6.6136373228346459
21
-4.1335376771653545
0
LINE
8
BLACK
6
CONTINUOUS
10
6.6136373228346459
20
-4.1335376771653545
11
6.6150565354330704
21
-4.1329498031496064
0
LINE
8
BLACK
6
CONTINUOUS
10
6.6150565354330704
20
-4.1329498031496064
11
6.6158246062992125
21
-4.1328741732283465
0
LINE
8
BLACK
6
CONTINUOUS
10
6.6158246062992125
20
-4.1328741732283465
11
6.628010590551181
21
-4.1328741732283465
0
LINE
8
BLACK
6
CONTINUOUS
10
6.628010590551181
20
-4.1328741732283465
11
6.6283992913385825
21
-4.1329124409448816
0
LINE
8
BLACK
6
CONTINUOUS
10
6.6197616141732283
20
-4.1840552755905511
11
6.627371771653543
21
-4.1840552755905511
0
LINE
8
BLACK
6
CONTINUOUS
10
6.627371771653543
20
-4.1840552755905511
11
6.633195433070866
21
-4.1821140157480317
0
LINE
8
BLACK
6
CONTINUOUS
10
6.633195433070866
20
-4.1821140157480317
11
6.6369609055118106
21
-4.1783485433070862
0
LINE
8
BLACK
6
CONTINUOUS
10
6.6369609055118106
20
-4.1783485433070862
11
6.6389191732283459
21
-4.1744320078740156
0
LINE
8
BLACK
6
CONTINUOUS
10
6.6389191732283459
20
-4.1744320078740156
11
6.6411339370078739
21
-4.1655728740157478
0
LINE
8
BLACK
6
CONTINUOUS
10
6.6411339370078739
20
-4.1655728740157478
11
6.6411339370078739
21
-4.1592305511811025
0
LINE
8
BLACK
6
CONTINUOUS
10
6.6411339370078739
20
-4.1592305511811025
11
6.6389191732283459
21
-4.1503714173228348
0
LINE
8
BLACK
6
CONTINUOUS
10
6.6389191732283459
20
-4.1503714173228348
11
6.6369609055118106
21
-4.1464549212598421
0
LINE
8
BLACK
6
CONTINUOUS
10
6.6369609055118106
20
-4.1464549212598421
11
6.6331953937007873
21
-4.1426894094488187
0
LINE
8
BLACK
6
CONTINUOUS
10
6.6331953937007873
20
-4.1426894094488187
11
6.6273717322834642
21
-4.140748188976378
0
LINE
8
BLACK
6
CONTINUOUS
10
6.6273717322834642
20
-4.140748188976378
11
6.6197616141732283
21
-4.140748188976378
0
LINE
8
BLACK
6
CONTINUOUS
10
6.6197616141732283
20
-4.140748188976378
11
6.6197616141732283
21
-4.1840552755905511
0
LINE
8
BLACK
6
CONTINUOUS
10
6.5627233858267715
20
-4.1329498031496064
11
6.5629743700787397
21
-4.1329498031496064
0
LINE
8
BLACK
6
CONTINUOUS
10
6.5629743700787397
20
-4.1329498031496064
11
6.5634582283464562
21
-4.1331502362204722
0
LINE
8
BLACK
6
CONTINUOUS
10
6.5634582283464562
20
-4.1331502362204722
11
6.5639633070866141
21
-4.1332879921259842
0
LINE
8
BLACK
6
CONTINUOUS
10
6.5639633070866141
20
-4.1332879921259842
11
6.5641616535433069
21
-4.1334416141732282
0
LINE
8
BLACK
6
CONTINUOUS
10
6.5641616535433069
20
-4.1334416141732282
11
6.5643935826771651
21
-4.1335376771653545
0
LINE
8
BLACK
6
CONTINUOUS
10
6.5643935826771651
20
-4.1335376771653545
11
6.5647638582677166
21
-4.1339079527559051
0
LINE
8
BLACK
6
CONTINUOUS
10
6.5647638582677166
20
-4.1339079527559051
11
6.5651778346456693
21
-4.1342285433070867
0
LINE
8
BLACK
6
CONTINUOUS
10
6.5651778346456693
20
-4.1342285433070867
11
6.5654062992125981
21
-4.1345503937007875
0
LINE
8
BLACK
6
CONTINUOUS
10
6.5654062992125981
20
-4.1345503937007875
11
6.5654798031496062
21
-4.1346238976377956
0
LINE
8
BLACK
6
CONTINUOUS
10
6.5654798031496062
20
-4.1346238976377956
11
6.565509645669291
21
-4.1346960236220474
0
LINE
8
BLACK
6
CONTINUOUS
10
6.565509645669291
20
-4.1346960236220474
11
6.5656245669291335
21
-4.134857874015748
0
LINE
8
BLACK
6
CONTINUOUS
10
6.5656245669291335
20
-4.134857874015748
11
6.5875156299212598
21
-4.1731672047244093
0
LINE
8
BLACK
6
CONTINUOUS
10
6.5875156299212598
20
-4.1731672047244093
11
6.5875156299212598
21
-4.1368111811023622
0
LINE
8
BLACK
6
CONTINUOUS
10
6.5875156299212598
20
-4.1368111811023622
11
6.5875912598425197
21
-4.1360431102362201
0
LINE
8
BLACK
6
CONTINUOUS
10
6.5875912598425197
20
-4.1360431102362201
11
6.5881791338582678
21
-4.1346238976377956
0
LINE
8
BLACK
6
CONTINUOUS
10
6.5881791338582678
20
-4.1346238976377956
11
6.5892653543307089
21
-4.1335376771653545
0
LINE
8
BLACK
6
CONTINUOUS
10
6.5892653543307089
20
-4.1335376771653545
11
6.5906845669291334
21
-4.1329498031496064
0
LINE
8
BLACK
6
CONTINUOUS
10
6.5906845669291334
20
-4.1329498031496064
11
6.5922207086614169
21
-4.1329498031496064
0
LINE
8
BLACK
6
CONTINUOUS
10
6.5922207086614169
20
-4.1329498031496064
11
6.5936399212598422
21
-4.1335376771653545
0
LINE
8
BLACK
6
CONTINUOUS
10
6.5936399212598422
20
-4.1335376771653545
11
6.5947261417322833
21
-4.1346238976377956
0
LINE
8
BLACK
6
CONTINUOUS
10
6.5947261417322833
20
-4.1346238976377956
11
6.5953140157480314
21
-4.1360431102362201
0
LINE
8
BLACK
6
CONTINUOUS
10
6.5953140157480314
20
-4.1360431102362201
11
6.5953896456692913
21
-4.1368111811023622
0
LINE
8
BLACK
6
CONTINUOUS
10
6.5953896456692913
20
-4.1368111811023622
11
6.5953896456692913
21
-4.1879922834645669
0
LINE
8
BLACK
6
CONTINUOUS
10
6.5953896456692913
20
-4.1879922834645669
11
6.595370157480315
21
-4.1881898031496059
0
LINE
8
BLACK
6
CONTINUOUS
10
6.595370157480315
20
-4.1881898031496059
11
6.5953800393700783
21
-4.1882672440944884
0
LINE
8
BLACK
6
CONTINUOUS
10
6.5953800393700783
20
-4.1882672440944884
11
6.5953526771653541
21
-4.1883674409448819
0
LINE
8
BLACK
6
CONTINUOUS
10
6.5953526771653541
20
-4.1883674409448819
11
6.5953140157480314
21
-4.1887603543307081
0
LINE
8
BLACK
6
CONTINUOUS
10
6.5953140157480314
20
-4.1887603543307081
11
6.5951135433070869
21
-4.1892442519685043
0
LINE
8
BLACK
6
CONTINUOUS
10
6.5951135433070869
20
-4.1892442519685043
11
6.5949758267716536
21
-4.1897492913385825
0
LINE
8
BLACK
6
CONTINUOUS
10
6.5949758267716536
20
-4.1897492913385825
11
6.5948221653543309
21
-4.1899476377952753
0
LINE
8
BLACK
6
CONTINUOUS
10
6.5948221653543309
20
-4.1899476377952753
11
6.5947261417322833
21
-4.1901795669291335
0
LINE
8
BLACK
6
CONTINUOUS
10
6.5947261417322833
20
-4.1901795669291335
11
6.5943558267716531
21
-4.190549842519685
0
LINE
8
BLACK
6
CONTINUOUS
10
6.5943558267716531
20
-4.190549842519685
11
6.5940352755905511
21
-4.1909638188976377
0
LINE
8
BLACK
6
CONTINUOUS
10
6.5940352755905511
20
-4.1909638188976377
11
6.5938173622047245
21
-4.1910883070866145
0
LINE
8
BLACK
6
CONTINUOUS
10
6.5938173622047245
20
-4.1910883070866145
11
6.5936399212598422
21
-4.1912657874015746
0
LINE
8
BLACK
6
CONTINUOUS
10
6.5936399212598422
20
-4.1912657874015746
11
6.5931560629921258
21
-4.1914661811023617
0
LINE
8
BLACK
6
CONTINUOUS
10
6.5931560629921258
20
-4.1914661811023617
11
6.5927015354330711
21
-4.19172594488189
0
LINE
8
BLACK
6
CONTINUOUS
10
6.5927015354330711
20
-4.19172594488189
11
6.592452637795275
21
-4.1917575590551177
0
LINE
8
BLACK
6
CONTINUOUS
10
6.592452637795275
20
-4.1917575590551177
11
6.5922207086614169
21
-4.1918536614173227
0
LINE
8
BLACK
6
CONTINUOUS
10
6.5922207086614169
20
-4.1918536614173227
11
6.5916967716535435
21
-4.1918536614173227
0
LINE
8
BLACK
6
CONTINUOUS
10
6.5916967716535435
20
-4.1918536614173227
11
6.5911776377952753
21
-4.1919196456692909
0
LINE
8
BLACK
6
CONTINUOUS
10
6.5911776377952753
20
-4.1919196456692909
11
6.5909357086614175
21
-4.1918536614173227
0
LINE
8
BLACK
6
CONTINUOUS
10
6.5909357086614175
20
-4.1918536614173227
11
6.5906845669291334
21
-4.1918536614173227
0
LINE
8
BLACK
6
CONTINUOUS
10
6.5906845669291334
20
-4.1918536614173227
11
6.5902005511811019
21
-4.1916531496062994
0
LINE
8
BLACK
6
CONTINUOUS
10
6.5902005511811019
20
-4.1916531496062994
11
6.5896956299212599
21
-4.1915154724409449
0
LINE
8
BLACK
6
CONTINUOUS
10
6.5896956299212599
20
-4.1915154724409449
11
6.5894972440944883
21
-4.1913618110236222
0
LINE
8
BLACK
6
CONTINUOUS
10
6.5894972440944883
20
-4.1913618110236222
11
6.5892653543307089
21
-4.1912657874015746
0
LINE
8
BLACK
6
CONTINUOUS
10
6.5892653543307089
20
-4.1912657874015746
11
6.5888950393700787
21
-4.1908954724409444
0
LINE
8
BLACK
6
CONTINUOUS
10
6.5888950393700787
20
-4.1908954724409444
11
6.5884811023622047
21
-4.1905749212598424
0
LINE
8
BLACK
6
CONTINUOUS
10
6.5884811023622047
20
-4.1905749212598424
11
6.5882525590551175
21
-4.1902529921259841
0
LINE
8
BLACK
6
CONTINUOUS
10
6.5882525590551175
20
-4.1902529921259841
11
6.5881791338582678
21
-4.1901795669291335
0
LINE
8
BLACK
6
CONTINUOUS
10
6.5881791338582678
20
-4.1901795669291335
11
6.5881492913385822
21
-4.1901075196850393
0
LINE
8
BLACK
6
CONTINUOUS
10
6.5881492913385822
20
-4.1901075196850393
11
6.5880343307086608
21
-4.1899455905511811
0
LINE
8
BLACK
6
CONTINUOUS
10
6.5880343307086608
20
-4.1899455905511811
11
6.5661433070866142
21
-4.1516362204724411
0
LINE
8
BLACK
6
CONTINUOUS
10
6.5661433070866142
20
-4.1516362204724411
11
6.5661433070866142
21
-4.1879922834645669
0
LINE
8
BLACK
6
CONTINUOUS
10
6.5661433070866142
20
-4.1879922834645669
11
6.5660676771653543
21
-4.1887603543307081
0
LINE
8
BLACK
6
CONTINUOUS
10
6.5660676771653543
20
-4.1887603543307081
11
6.5654798031496062
21
-4.1901795669291335
0
LINE
8
BLACK
6
CONTINUOUS
10
6.5654798031496062
20
-4.1901795669291335
11
6.5643935826771651
21
-4.1912657874015746
0
LINE
8
BLACK
6
CONTINUOUS
10
6.5643935826771651
20
-4.1912657874015746
11
6.5629743700787397
21
-4.1918536614173227
0
LINE
8
BLACK
6
CONTINUOUS
10
6.5629743700787397
20
-4.1918536614173227
11
6.5614382283464563
21
-4.1918536614173227
0
LINE
8
BLACK
6
CONTINUOUS
10
6.5614382283464563
20
-4.1918536614173227
11
6.5600190157480309
21
-4.1912657874015746
0
LINE
8
BLACK
6
CONTINUOUS
10
6.5600190157480309
20
-4.1912657874015746
11
6.5589327952755907
21
-4.1901795669291335
0
LINE
8
BLACK
6
CONTINUOUS
10
6.5589327952755907
20
-4.1901795669291335
11
6.5583449212598426
21
-4.1887603543307081
0
LINE
8
BLACK
6
CONTINUOUS
10
6.5583449212598426
20
-4.1887603543307081
11
6.5582692913385827
21
-4.1879922834645669
0
LINE
8
BLACK
6
CONTINUOUS
10
6.5582692913385827
20
-4.1879922834645669
11
6.5582692913385827
21
-4.1368111811023622
0
LINE
8
BLACK
6
CONTINUOUS
10
6.5582692913385827
20
-4.1368111811023622
11
6.5582887401574803
21
-4.1366136220472436
0
LINE
8
BLACK
6
CONTINUOUS
10
6.5582887401574803
20
-4.1366136220472436
11
6.5582788976377948
21
-4.136536181102362
0
LINE
8
BLACK
6
CONTINUOUS
10
6.5582788976377948
20
-4.136536181102362
11
6.5583062204724412
21
-4.136435905511811
0
LINE
8
BLACK
6
CONTINUOUS
10
6.5583062204724412
20
-4.136435905511811
11
6.5583449212598426
21
-4.1360431102362201
0
LINE
8
BLACK
6
CONTINUOUS
10
6.5583449212598426
20
-4.1360431102362201
11
6.5585453543307084
21
-4.1355592125984248
0
LINE
8
BLACK
6
CONTINUOUS
10
6.5585453543307084
20
-4.1355592125984248
11
6.5586831102362204
21
-4.1350541732283466
0
LINE
8
BLACK
6
CONTINUOUS
10
6.5586831102362204
20
-4.1350541732283466
11
6.5588367322834644
21
-4.134855787401575
0
LINE
8
BLACK
6
CONTINUOUS
10
6.5588367322834644
20
-4.134855787401575
11
6.5589327952755907
21
-4.1346238976377956
0
LINE
8
BLACK
6
CONTINUOUS
10
6.5589327952755907
20
-4.1346238976377956
11
6.5593030708661413
21
-4.1342535826771654
0
LINE
8
BLACK
6
CONTINUOUS
10
6.5593030708661413
20
-4.1342535826771654
11
6.5596236614173229
21
-4.1338396456692914
0
LINE
8
BLACK
6
CONTINUOUS
10
6.5596236614173229
20
-4.1338396456692914
11
6.5598415354330708
21
-4.1337151181102358
0
LINE
8
BLACK
6
CONTINUOUS
10
6.5598415354330708
20
-4.1337151181102358
11
6.5600190157480309
21
-4.1335376771653545
0
LINE
8
BLACK
6
CONTINUOUS
10
6.5600190157480309
20
-4.1335376771653545
11
6.5605026771653545
21
-4.1333373228346453
0
LINE
8
BLACK
6
CONTINUOUS
10
6.5605026771653545
20
-4.1333373228346453
11
6.5609574015748029
21
-4.1330774803149604
0
LINE
8
BLACK
6
CONTINUOUS
10
6.5609574015748029
20
-4.1330774803149604
11
6.5612063779527556
21
-4.1330458267716539
0
LINE
8
BLACK
6
CONTINUOUS
10
6.5612063779527556
20
-4.1330458267716539
11
6.5614382283464563
21
-4.1329498031496064
0
LINE
8
BLACK
6
CONTINUOUS
10
6.5614382283464563
20
-4.1329498031496064
11
6.5619618897637793
21
-4.1329498031496064
0
LINE
8
BLACK
6
CONTINUOUS
10
6.5619618897637793
20
-4.1329498031496064
11
6.5624812992125987
21
-4.1328837795275586
0
LINE
8
BLACK
6
CONTINUOUS
10
6.5624812992125987
20
-4.1328837795275586
11
6.5627233858267715
21
-4.1329498031496064
0
LINE
8
BLACK
6
CONTINUOUS
10
4.8061816141732283
20
-4.1338271259842516
11
4.8069962598425198
21
-4.1346417716535431
0
LINE
8
BLACK
6
CONTINUOUS
10
4.8069962598425198
20
-4.1346417716535431
11
4.8074371653543304
21
-4.1357061811023623
0
LINE
8
BLACK
6
CONTINUOUS
10
4.8074371653543304
20
-4.1357061811023623
11
4.8074938976377952
21
-4.1362822440944882
0
LINE
8
BLACK
6
CONTINUOUS
10
4.8074938976377952
20
-4.1362822440944882
11
4.8074938976377952
21
-4.167456181102362
0
LINE
8
BLACK
6
CONTINUOUS
10
4.8074938976377952
20
-4.167456181102362
11
4.8088426377952755
21
-4.1701536614173227
0
LINE
8
BLACK
6
CONTINUOUS
10
4.8088426377952755
20
-4.1701536614173227
11
4.8100397637795274
21
-4.1713508267716533
0
LINE
8
BLACK
6
CONTINUOUS
10
4.8100397637795274
20
-4.1713508267716533
11
4.812737244094488
21
-4.1726995669291336
0
LINE
8
BLACK
6
CONTINUOUS
10
4.812737244094488
20
-4.1726995669291336
11
4.8188422047244091
21
-4.1726995669291336
0
LINE
8
BLACK
6
CONTINUOUS
10
4.8188422047244091
20
-4.1726995669291336
11
4.8215396456692909
21
-4.1713508267716533
0
LINE
8
BLACK
6
CONTINUOUS
10
4.8215396456692909
20
-4.1713508267716533
11
4.8227367716535428
21
-4.1701536614173227
0
LINE
8
BLACK
6
CONTINUOUS
10
4.8227367716535428
20
-4.1701536614173227
11
4.8240855511811018
21
-4.167456181102362
0
LINE
8
BLACK
6
CONTINUOUS
10
4.8240855511811018
20
-4.167456181102362
11
4.8240855511811018
21
-4.1362822440944882
0
LINE
8
BLACK
6
CONTINUOUS
10
4.8240855511811018
20
-4.1362822440944882
11
4.8241422834645666
21
-4.1357061811023623
0
LINE
8
BLACK
6
CONTINUOUS
10
4.8241422834645666
20
-4.1357061811023623
11
4.8245831889763782
21
-4.1346417716535431
0
LINE
8
BLACK
6
CONTINUOUS
10
4.8245831889763782
20
-4.1346417716535431
11
4.8253978346456687
21
-4.1338271259842516
0
LINE
8
BLACK
6
CONTINUOUS
10
4.8253978346456687
20
-4.1338271259842516
11
4.826462244094488
21
-4.133386220472441
0
LINE
8
BLACK
6
CONTINUOUS
10
4.826462244094488
20
-4.133386220472441
11
4.8276143700787397
21
-4.133386220472441
0
LINE
8
BLACK
6
CONTINUOUS
10
4.8276143700787397
20
-4.133386220472441
11
4.828678779527559
21
-4.1338271259842516
0
LINE
8
BLACK
6
CONTINUOUS
10
4.828678779527559
20
-4.1338271259842516
11
4.8294934251968504
21
-4.1346417716535431
0
LINE
8
BLACK
6
CONTINUOUS
10
4.8294934251968504
20
-4.1346417716535431
11
4.8299343307086611
21
-4.1357061811023623
0
LINE
8
BLACK
6
CONTINUOUS
10
4.8299343307086611
20
-4.1357061811023623
11
4.8299910629921259
21
-4.1362822440944882
0
LINE
8
BLACK
6
CONTINUOUS
10
4.8299910629921259
20
-4.1362822440944882
11
4.8299910629921259
21
-4.1681532283464566
0
LINE
8
BLACK
6
CONTINUOUS
10
4.8299910629921259
20
-4.1681532283464566
11
4.8299343307086611
21
-4.1687292913385825
0
LINE
8
BLACK
6
CONTINUOUS
10
4.8299343307086611
20
-4.1687292913385825
11
4.8298937401574804
21
-4.168827244094488
0
LINE
8
BLACK
6
CONTINUOUS
10
4.8298937401574804
20
-4.168827244094488
11
4.8298862204724404
21
-4.1689331496062989
0
LINE
8
BLACK
6
CONTINUOUS
10
4.8298862204724404
20
-4.1689331496062989
11
4.829679330708661
21
-4.1694737401574802
0
LINE
8
BLACK
6
CONTINUOUS
10
4.829679330708661
20
-4.1694737401574802
11
4.8278045669291334
21
-4.1732232677165353
0
LINE
8
BLACK
6
CONTINUOUS
10
4.8278045669291334
20
-4.1732232677165353
11
4.8276485039370076
21
-4.173471141732283
0
LINE
8
BLACK
6
CONTINUOUS
10
4.8276485039370076
20
-4.173471141732283
11
4.8276187007874016
21
-4.1735431889763781
0
LINE
8
BLACK
6
CONTINUOUS
10
4.8276187007874016
20
-4.1735431889763781
11
4.827552165354331
21
-4.1736242125984253
0
LINE
8
BLACK
6
CONTINUOUS
10
4.827552165354331
20
-4.1736242125984253
11
4.8274962204724412
21
-4.1737131496062991
0
LINE
8
BLACK
6
CONTINUOUS
10
4.8274962204724412
20
-4.1737131496062991
11
4.8274372047244096
21
-4.1737642913385828
0
LINE
8
BLACK
6
CONTINUOUS
10
4.8274372047244096
20
-4.1737642913385828
11
4.8272514566929132
21
-4.1739906692913387
0
LINE
8
BLACK
6
CONTINUOUS
10
4.8272514566929132
20
-4.1739906692913387
11
4.8253767322834644
21
-4.1758654330708662
0
LINE
8
BLACK
6
CONTINUOUS
10
4.8253767322834644
20
-4.1758654330708662
11
4.8251503543307086
21
-4.1760511811023617
0
LINE
8
BLACK
6
CONTINUOUS
10
4.8251503543307086
20
-4.1760511811023617
11
4.8250991732283461
21
-4.1761102362204721
0
LINE
8
BLACK
6
CONTINUOUS
10
4.8250991732283461
20
-4.1761102362204721
11
4.8250101968503936
21
-4.1761662204724406
0
LINE
8
BLACK
6
CONTINUOUS
10
4.8250101968503936
20
-4.1761662204724406
11
4.8249292519685039
21
-4.1762326771653546
0
LINE
8
BLACK
6
CONTINUOUS
10
4.8249292519685039
20
-4.1762326771653546
11
4.8248572834645671
21
-4.1762624803149606
0
LINE
8
BLACK
6
CONTINUOUS
10
4.8248572834645671
20
-4.1762624803149606
11
4.8246092913385823
21
-4.1764185826771651
0
LINE
8
BLACK
6
CONTINUOUS
10
4.8246092913385823
20
-4.1764185826771651
11
4.8208597637795272
21
-4.1782933464566927
0
LINE
8
BLACK
6
CONTINUOUS
10
4.8208597637795272
20
-4.1782933464566927
11
4.820319133858268
21
-4.1785002362204722
0
LINE
8
BLACK
6
CONTINUOUS
10
4.820319133858268
20
-4.1785002362204722
11
4.8202133070866138
21
-4.1785077165354334
0
LINE
8
BLACK
6
CONTINUOUS
10
4.8202133070866138
20
-4.1785077165354334
11
4.8201153149606295
21
-4.1785483464566928
0
LINE
8
BLACK
6
CONTINUOUS
10
4.8201153149606295
20
-4.1785483464566928
11
4.8195392519685036
21
-4.1786050787401576
0
LINE
8
BLACK
6
CONTINUOUS
10
4.8195392519685036
20
-4.1786050787401576
11
4.8120401968503934
21
-4.1786050787401576
0
LINE
8
BLACK
6
CONTINUOUS
10
4.8120401968503934
20
-4.1786050787401576
11
4.8114641338582675
21
-4.1785483464566928
0
LINE
8
BLACK
6
CONTINUOUS
10
4.8114641338582675
20
-4.1785483464566928
11
4.8113661417322833
21
-4.1785077559055122
0
LINE
8
BLACK
6
CONTINUOUS
10
4.8113661417322833
20
-4.1785077559055122
11
4.8112602755905511
21
-4.1785002362204722
0
LINE
8
BLACK
6
CONTINUOUS
10
4.8112602755905511
20
-4.1785002362204722
11
4.8107196850393699
21
-4.1782933464566927
0
LINE
8
BLACK
6
CONTINUOUS
10
4.8107196850393699
20
-4.1782933464566927
11
4.8069701574803148
21
-4.1764185826771651
0
LINE
8
BLACK
6
CONTINUOUS
10
4.8069701574803148
20
-4.1764185826771651
11
4.8067221259842521
21
-4.1762624803149606
0
LINE
8
BLACK
6
CONTINUOUS
10
4.8067221259842521
20
-4.1762624803149606
11
4.8066501968503932
21
-4.1762326771653546
0
LINE
8
BLACK
6
CONTINUOUS
10
4.8066501968503932
20
-4.1762326771653546
11
4.8065692125984247
21
-4.1761662204724406
0
LINE
8
BLACK
6
CONTINUOUS
10
4.8065692125984247
20
-4.1761662204724406
11
4.8064802755905509
21
-4.1761102362204721
0
LINE
8
BLACK
6
CONTINUOUS
10
4.8064802755905509
20
-4.1761102362204721
11
4.8064290551181097
21
-4.1760511811023617
0
LINE
8
BLACK
6
CONTINUOUS
10
4.8064290551181097
20
-4.1760511811023617
11
4.8062027165354326
21
-4.1758654330708662
0
LINE
8
BLACK
6
CONTINUOUS
10
4.8062027165354326
20
-4.1758654330708662
11
4.8043279527559051
21
-4.1739906299212599
0
LINE
8
BLACK
6
CONTINUOUS
10
4.8043279527559051
20
-4.1739906299212599
11
4.8041422047244096
21
-4.1737642913385828
0
LINE
8
BLACK
6
CONTINUOUS
10
4.8041422047244096
20
-4.1737642913385828
11
4.8040832283464567
21
-4.1737131496062991
0
LINE
8
BLACK
6
CONTINUOUS
10
4.8040832283464567
20
-4.1737131496062991
11
4.8040272440944882
21
-4.1736242125984253
0
LINE
8
BLACK
6
CONTINUOUS
10
4.8040272440944882
20
-4.1736242125984253
11
4.8039607480314963
21
-4.1735431889763781
0
LINE
8
BLACK
6
CONTINUOUS
10
4.8039607480314963
20
-4.1735431889763781
11
4.8039309055118107
21
-4.173471141732283
0
LINE
8
BLACK
6
CONTINUOUS
10
4.8039309055118107
20
-4.173471141732283
11
4.8037748818897636
21
-4.1732232677165353
0
LINE
8
BLACK
6
CONTINUOUS
10
4.8037748818897636
20
-4.1732232677165353
11
4.8019001181102361
21
-4.1694737401574802
0
LINE
8
BLACK
6
CONTINUOUS
10
4.8019001181102361
20
-4.1694737401574802
11
4.8016932283464566
21
-4.1689331102362202
0
LINE
8
BLACK
6
CONTINUOUS
10
4.8016932283464566
20
-4.1689331102362202
11
4.8016857086614175
21
-4.1688272834645668
0
LINE
8
BLACK
6
CONTINUOUS
10
4.8016857086614175
20
-4.1688272834645668
11
4.801645118110236
21
-4.1687292913385825
0
LINE
8
BLACK
6
CONTINUOUS
10
4.801645118110236
20
-4.1687292913385825
11
4.8015883858267712
21
-4.1681532283464566
0
LINE
8
BLACK
6
CONTINUOUS
10
4.8015883858267712
20
-4.1681532283464566
11
4.8015883858267712
21
-4.1362822440944882
0
LINE
8
BLACK
6
CONTINUOUS
10
4.8015883858267712
20
-4.1362822440944882
11
4.801645118110236
21
-4.1357061811023623
0
LINE
8
BLACK
6
CONTINUOUS
10
4.801645118110236
20
-4.1357061811023623
11
4.8020860236220475
21
-4.1346417716535431
0
LINE
8
BLACK
6
CONTINUOUS
10
4.8020860236220475
20
-4.1346417716535431
11
4.8029006692913381
21
-4.1338271259842516
0
LINE
8
BLACK
6
CONTINUOUS
10
4.8029006692913381
20
-4.1338271259842516
11
4.8039650787401573
21
-4.133386220472441
0
LINE
8
BLACK
6
CONTINUOUS
10
4.8039650787401573
20
-4.133386220472441
11
4.8051172047244091
21
-4.133386220472441
0
LINE
8
BLACK
6
CONTINUOUS
10
4.8051172047244091
20
-4.133386220472441
11
4.8061816141732283
21
-4.1338271259842516
0
LINE
8
BLACK
6
CONTINUOUS
10
4.8554434645669291
20
-4.133386220472441
11
4.8557358661417318
21
-4.133386220472441
0
LINE
8
BLACK
6
CONTINUOUS
10
4.8557358661417318
20
-4.133386220472441
11
4.8560031102362204
21
-4.1334969291338579
0
LINE
8
BLACK
6
CONTINUOUS
10
4.8560031102362204
20
-4.1334969291338579
11
4.8562869291338577
21
-4.1335530708661414
0
LINE
8
BLACK
6
CONTINUOUS
10
4.8562869291338577
20
-4.1335530708661414
11
4.856530196850394
21
-4.1337152362204721
0
LINE
8
BLACK
6
CONTINUOUS
10
4.856530196850394
20
-4.1337152362204721
11
4.8568002755905511
21
-4.1338271259842516
0
LINE
8
BLACK
6
CONTINUOUS
10
4.8568002755905511
20
-4.1338271259842516
11
4.8570047244094487
21
-4.1340315748031493
0
LINE
8
BLACK
6
CONTINUOUS
10
4.8570047244094487
20
-4.1340315748031493
11
4.8572455511811023
21
-4.134192125984252
0
LINE
8
BLACK
6
CONTINUOUS
10
4.8572455511811023
20
-4.134192125984252
11
4.8574082677165356
21
-4.1344351181102361
0
LINE
8
BLACK
6
CONTINUOUS
10
4.8574082677165356
20
-4.1344351181102361
11
4.8576149212598425
21
-4.1346417716535431
0
LINE
8
BLACK
6
CONTINUOUS
10
4.8576149212598425
20
-4.1346417716535431
11
4.8577255905511807
21
-4.134908976377953
0
LINE
8
BLACK
6
CONTINUOUS
10
4.8577255905511807
20
-4.134908976377953
11
4.8578866141732284
21
-4.135149409448819
0
LINE
8
BLACK
6
CONTINUOUS
10
4.8578866141732284
20
-4.135149409448819
11
4.8579439370078736
21
-4.1354360629921256
0
LINE
8
BLACK
6
CONTINUOUS
10
4.8579439370078736
20
-4.1354360629921256
11
4.8580558267716532
21
-4.1357061811023623
0
LINE
8
BLACK
6
CONTINUOUS
10
4.8580558267716532
20
-4.1357061811023623
11
4.8581119291338579
21
-4.1362761023622046
0
LINE
8
BLACK
6
CONTINUOUS
10
4.8581119291338579
20
-4.1362761023622046
11
4.858112559055118
21
-4.1362791338582676
0
LINE
8
BLACK
6
CONTINUOUS
10
4.858112559055118
20
-4.1362791338582676
11
4.8581123228346454
21
-4.1362801574803152
0
LINE
8
BLACK
6
CONTINUOUS
10
4.8581123228346454
20
-4.1362801574803152
11
4.858112559055118
21
-4.1362822440944882
0
LINE
8
BLACK
6
CONTINUOUS
10
4.858112559055118
20
-4.1362822440944882
11
4.858112559055118
21
-4.1726995669291336
0
LINE
8
BLACK
6
CONTINUOUS
10
4.858112559055118
20
-4.1726995669291336
11
4.8664083858267713
21
-4.1726995669291336
0
LINE
8
BLACK
6
CONTINUOUS
10
4.8664083858267713
20
-4.1726995669291336
11
4.8669844488188971
21
-4.1727562992125984
0
LINE
8
BLACK
6
CONTINUOUS
10
4.8669844488188971
20
-4.1727562992125984
11
4.8680488582677164
21
-4.173197204724409
0
LINE
8
BLACK
6
CONTINUOUS
10
4.8680488582677164
20
-4.173197204724409
11
4.8688635039370078
21
-4.1740118503937005
0
LINE
8
BLACK
6
CONTINUOUS
10
4.8688635039370078
20
-4.1740118503937005
11
4.8693044094488185
21
-4.1750762598425197
0
LINE
8
BLACK
6
CONTINUOUS
10
4.8693044094488185
20
-4.1750762598425197
11
4.8693044094488185
21
-4.1762283858267715
0
LINE
8
BLACK
6
CONTINUOUS
10
4.8693044094488185
20
-4.1762283858267715
11
4.8688635039370078
21
-4.1772927952755907
0
LINE
8
BLACK
6
CONTINUOUS
10
4.8688635039370078
20
-4.1772927952755907
11
4.8680488582677164
21
-4.1781074409448822
0
LINE
8
BLACK
6
CONTINUOUS
10
4.8680488582677164
20
-4.1781074409448822
11
4.8669844488188971
21
-4.1785483464566928
0
LINE
8
BLACK
6
CONTINUOUS
10
4.8669844488188971
20
-4.1785483464566928
11
4.8664083858267713
21
-4.1786050787401576
0
LINE
8
BLACK
6
CONTINUOUS
10
4.8664083858267713
20
-4.1786050787401576
11
4.8439112204724406
21
-4.1786050787401576
0
LINE
8
BLACK
6
CONTINUOUS
10
4.8439112204724406
20
-4.1786050787401576
11
4.8433351574803147
21
-4.1785483464566928
0
LINE
8
BLACK
6
CONTINUOUS
10
4.8433351574803147
20
-4.1785483464566928
11
4.8422707480314964
21
-4.1781074409448822
0
LINE
8
BLACK
6
CONTINUOUS
10
4.8422707480314964
20
-4.1781074409448822
11
4.8414561023622049
21
-4.1772927952755907
0
LINE
8
BLACK
6
CONTINUOUS
10
4.8414561023622049
20
-4.1772927952755907
11
4.8410151968503934
21
-4.1762283858267715
0
LINE
8
BLACK
6
CONTINUOUS
10
4.8410151968503934
20
-4.1762283858267715
11
4.8410151968503934
21
-4.1750762598425197
0
LINE
8
BLACK
6
CONTINUOUS
10
4.8410151968503934
20
-4.1750762598425197
11
4.8414561023622049
21
-4.1740118503937005
0
LINE
8
BLACK
6
CONTINUOUS
10
4.8414561023622049
20
-4.1740118503937005
11
4.8422707480314964
21
-4.173197204724409
0
LINE
8
BLACK
6
CONTINUOUS
10
4.8422707480314964
20
-4.173197204724409
11
4.8433351574803147
21
-4.1727562992125984
0
LINE
8
BLACK
6
CONTINUOUS
10
4.8433351574803147
20
-4.1727562992125984
11
4.8439112204724406
21
-4.1726995669291336
0
LINE
8
BLACK
6
CONTINUOUS
10
4.8439112204724406
20
-4.1726995669291336
11
4.8522070472440948
21
-4.1726995669291336
0
LINE
8
BLACK
6
CONTINUOUS
10
4.8522070472440948
20
-4.1726995669291336
11
4.8522070472440948
21
-4.1452855905511807
0
LINE
8
BLACK
6
CONTINUOUS
10
4.8522070472440948
20
-4.1452855905511807
11
4.8497486614173226
21
-4.1477439763779529
0
LINE
8
BLACK
6
CONTINUOUS
10
4.8497486614173226
20
-4.1477439763779529
11
4.8495222834645668
21
-4.1479297244094484
0
LINE
8
BLACK
6
CONTINUOUS
10
4.8495222834645668
20
-4.1479297244094484
11
4.8494711417322831
21
-4.14798874015748
0
LINE
8
BLACK
6
CONTINUOUS
10
4.8494711417322831
20
-4.14798874015748
11
4.8493821653543305
21
-4.1480446850393697
0
LINE
8
BLACK
6
CONTINUOUS
10
4.8493821653543305
20
-4.1480446850393697
11
4.8493012204724408
21
-4.1481111811023625
0
LINE
8
BLACK
6
CONTINUOUS
10
4.8493012204724408
20
-4.1481111811023625
11
4.8492292519685041
21
-4.1481409842519685
0
LINE
8
BLACK
6
CONTINUOUS
10
4.8492292519685041
20
-4.1481409842519685
11
4.8489812598425193
21
-4.1482970866141731
0
LINE
8
BLACK
6
CONTINUOUS
10
4.8489812598425193
20
-4.1482970866141731
11
4.8452317322834642
21
-4.1501718503937006
0
LINE
8
BLACK
6
CONTINUOUS
10
4.8452317322834642
20
-4.1501718503937006
11
4.844691102362205
21
-4.1503787401574801
0
LINE
8
BLACK
6
CONTINUOUS
10
4.844691102362205
20
-4.1503787401574801
11
4.8435418897637792
21
-4.1504603937007873
0
LINE
8
BLACK
6
CONTINUOUS
10
4.8435418897637792
20
-4.1504603937007873
11
4.842448937007874
21
-4.1500960629921257
0
LINE
8
BLACK
6
CONTINUOUS
10
4.842448937007874
20
-4.1500960629921257
11
4.8415785433070866
21
-4.1493412204724409
0
LINE
8
BLACK
6
CONTINUOUS
10
4.8415785433070866
20
-4.1493412204724409
11
4.841063307086614
21
-4.148310708661417
0
LINE
8
BLACK
6
CONTINUOUS
10
4.841063307086614
20
-4.148310708661417
11
4.8409816535433068
21
-4.1471614960629921
0
LINE
8
BLACK
6
CONTINUOUS
10
4.8409816535433068
20
-4.1471614960629921
11
4.8413459842519684
21
-4.146068543307087
0
LINE
8
BLACK
6
CONTINUOUS
10
4.8413459842519684
20
-4.146068543307087
11
4.8421008267716532
21
-4.1451981496062995
0
LINE
8
BLACK
6
CONTINUOUS
10
4.8421008267716532
20
-4.1451981496062995
11
4.8425907086614171
21
-4.1448898031496064
0
LINE
8
BLACK
6
CONTINUOUS
10
4.8425907086614171
20
-4.1448898031496064
11
4.8459116535433067
21
-4.1432293307086612
0
LINE
8
BLACK
6
CONTINUOUS
10
4.8459116535433067
20
-4.1432293307086612
11
4.8491155511811019
21
-4.1400254330708659
0
LINE
8
BLACK
6
CONTINUOUS
10
4.8491155511811019
20
-4.1400254330708659
11
4.8527029527559051
21
-4.1346443307086611
0
LINE
8
BLACK
6
CONTINUOUS
10
4.8527029527559051
20
-4.1346443307086611
11
4.8527042913385827
21
-4.1346426377952756
0
LINE
8
BLACK
6
CONTINUOUS
10
4.8527042913385827
20
-4.1346426377952756
11
4.8527046850393702
21
-4.1346417716535431
0
LINE
8
BLACK
6
CONTINUOUS
10
4.8527046850393702
20
-4.1346417716535431
11
4.8527066929133857
21
-4.1346397244094488
0
LINE
8
BLACK
6
CONTINUOUS
10
4.8527066929133857
20
-4.1346397244094488
11
4.8530697244094485
21
-4.1341964960629918
0
LINE
8
BLACK
6
CONTINUOUS
10
4.8530697244094485
20
-4.1341964960629918
11
4.8533125984251964
21
-4.1340338188976373
0
LINE
8
BLACK
6
CONTINUOUS
10
4.8533125984251964
20
-4.1340338188976373
11
4.8535193307086617
21
-4.1338271259842516
0
LINE
8
BLACK
6
CONTINUOUS
10
4.8535193307086617
20
-4.1338271259842516
11
4.8537866141732282
21
-4.1337163779527559
0
LINE
8
BLACK
6
CONTINUOUS
10
4.8537866141732282
20
-4.1337163779527559
11
4.8540270078740155
21
-4.1335554330708657
0
LINE
8
BLACK
6
CONTINUOUS
10
4.8540270078740155
20
-4.1335554330708657
11
4.8543136220472443
21
-4.1334980708661417
0
LINE
8
BLACK
6
CONTINUOUS
10
4.8543136220472443
20
-4.1334980708661417
11
4.8545837401574801
21
-4.133386220472441
0
LINE
8
BLACK
6
CONTINUOUS
10
4.8545837401574801
20
-4.133386220472441
11
4.8548730314960631
21
-4.133386220472441
0
LINE
8
BLACK
6
CONTINUOUS
10
4.8548730314960631
20
-4.133386220472441
11
4.8551566929133854
21
-4.1333294881889762
0
LINE
8
BLACK
6
CONTINUOUS
10
4.8551566929133854
20
-4.1333294881889762
11
4.8554434645669291
21
-4.133386220472441
0
LINE
8
BLACK
6
CONTINUOUS
10
6.6616404724409444
20
-4.0222692913385822
11
6.6624551181102358
21
-4.0230839370078737
0
LINE
8
BLACK
6
CONTINUOUS
10
6.6624551181102358
20
-4.0230839370078737
11
6.6628960236220474
21
-4.0241483464566929
0
LINE
8
BLACK
6
CONTINUOUS
10
6.6628960236220474
20
-4.0241483464566929
11
6.6629527559055113
21
-4.0247244094488188
0
LINE
8
BLACK
6
CONTINUOUS
10
6.6629527559055113
20
-4.0247244094488188
11
6.6629527559055113
21
-4.1117716535433066
0
LINE
8
BLACK
6
CONTINUOUS
10
6.6629527559055113
20
-4.1117716535433066
11
6.8570472440944883
21
-4.1117716535433066
0
LINE
8
BLACK
6
CONTINUOUS
10
6.8570472440944883
20
-4.1117716535433066
11
6.8570472440944883
21
-4.0247244094488188
0
LINE
8
BLACK
6
CONTINUOUS
10
6.8570472440944883
20
-4.0247244094488188
11
6.8571039763779522
21
-4.0241483464566929
0
LINE
8
BLACK
6
CONTINUOUS
10
6.8571039763779522
20
-4.0241483464566929
11
6.8575448818897637
21
-4.0230839370078737
0
LINE
8
BLACK
6
CONTINUOUS
10
6.8575448818897637
20
-4.0230839370078737
11
6.8583595275590552
21
-4.0222692913385822
0
LINE
8
BLACK
6
CONTINUOUS
10
6.8583595275590552
20
-4.0222692913385822
11
6.8594239370078736
21
-4.0218283858267716
0
LINE
8
BLACK
6
CONTINUOUS
10
6.8594239370078736
20
-4.0218283858267716
11
6.8605760629921262
21
-4.0218283858267716
0
LINE
8
BLACK
6
CONTINUOUS
10
6.8605760629921262
20
-4.0218283858267716
11
6.8616404724409445
21
-4.0222692913385822
0
LINE
8
BLACK
6
CONTINUOUS
10
6.8616404724409445
20
-4.0222692913385822
11
6.862455118110236
21
-4.0230839370078737
0
LINE
8
BLACK
6
CONTINUOUS
10
6.862455118110236
20
-4.0230839370078737
11
6.8628960236220466
21
-4.0241483464566929
0
LINE
8
BLACK
6
CONTINUOUS
10
6.8628960236220466
20
-4.0241483464566929
11
6.8629527559055115
21
-4.0247244094488188
0
LINE
8
BLACK
6
CONTINUOUS
10
6.8629527559055115
20
-4.0247244094488188
11
6.8629527559055115
21
-4.1147244094488187
0
LINE
8
BLACK
6
CONTINUOUS
10
6.8629527559055115
20
-4.1147244094488187
11
6.8628960236220466
21
-4.1153004724409445
0
LINE
8
BLACK
6
CONTINUOUS
10
6.8628960236220466
20
-4.1153004724409445
11
6.862455118110236
21
-4.1163648818897638
0
LINE
8
BLACK
6
CONTINUOUS
10
6.862455118110236
20
-4.1163648818897638
11
6.8616404724409445
21
-4.1171795275590553
0
LINE
8
BLACK
6
CONTINUOUS
10
6.8616404724409445
20
-4.1171795275590553
11
6.8605760629921262
21
-4.1176204330708659
0
LINE
8
BLACK
6
CONTINUOUS
10
6.8605760629921262
20
-4.1176204330708659
11
6.8599999999999994
21
-4.1176771653543307
0
LINE
8
BLACK
6
CONTINUOUS
10
6.8599999999999994
20
-4.1176771653543307
11
6.6600000000000001
21
-4.1176771653543307
0
LINE
8
BLACK
6
CONTINUOUS
10
6.6600000000000001
20
-4.1176771653543307
11
6.6594239370078743
21
-4.1176204330708659
0
LINE
8
BLACK
6
CONTINUOUS
10
6.6594239370078743
20
-4.1176204330708659
11
6.658359527559055
21
-4.1171795275590553
0
LINE
8
BLACK
6
CONTINUOUS
10
6.658359527559055
20
-4.1171795275590553
11
6.6575448818897636
21
-4.1163648818897638
0
LINE
8
BLACK
6
CONTINUOUS
10
6.6575448818897636
20
-4.1163648818897638
11
6.6571039763779529
21
-4.1153004724409445
0
LINE
8
BLACK
6
CONTINUOUS
10
6.6571039763779529
20
-4.1153004724409445
11
6.6570472440944881
21
-4.1147244094488187
0
LINE
8
BLACK
6
CONTINUOUS
10
6.6570472440944881
20
-4.1147244094488187
11
6.6570472440944881
21
-4.0247244094488188
0
LINE
8
BLACK
6
CONTINUOUS
10
6.6570472440944881
20
-4.0247244094488188
11
6.6571039763779529
21
-4.0241483464566929
0
LINE
8
BLACK
6
CONTINUOUS
10
6.6571039763779529
20
-4.0241483464566929
11
6.6575448818897636
21
-4.0230839370078737
0
LINE
8
BLACK
6
CONTINUOUS
10
6.6575448818897636
20
-4.0230839370078737
11
6.658359527559055
21
-4.0222692913385822
0
LINE
8
BLACK
6
CONTINUOUS
10
6.658359527559055
20
-4.0222692913385822
11
6.6594239370078743
21
-4.0218283858267716
0
LINE
8
BLACK
6
CONTINUOUS
10
6.6594239370078743
20
-4.0218283858267716
11
6.660576062992126
21
-4.0218283858267716
0
LINE
8
BLACK
6
CONTINUOUS
10
6.660576062992126
20
-4.0218283858267716
11
6.6616404724409444
21
-4.0222692913385822
0
LINE
8
BLACK
6
CONTINUOUS
10
6.5528637401574805
20
-4.0329141338582675
11
6.5529670866141734
21
-4.0329072834645672
0
LINE
8
BLACK
6
CONTINUOUS
10
6.5529670866141734
20
-4.0329072834645672
11
6.5530382283464563
21
-4.032931338582677
0
LINE
8
BLACK
6
CONTINUOUS
10
6.5530382283464563
20
-4.032931338582677
11
6.5532256299212595
21
-4.0329498031496058
0
LINE
8
BLACK
6
CONTINUOUS
10
6.5532256299212595
20
-4.0329498031496058
11
6.5538162992125981
21
-4.0331944488188975
0
LINE
8
BLACK
6
CONTINUOUS
10
6.5538162992125981
20
-4.0331944488188975
11
6.5544222834645671
21
-4.033399409448819
0
LINE
8
BLACK
6
CONTINUOUS
10
6.5544222834645671
20
-4.033399409448819
11
6.5545222440944881
21
-4.033486889763779
0
LINE
8
BLACK
6
CONTINUOUS
10
6.5545222440944881
20
-4.033486889763779
11
6.5546448425196848
21
-4.0335376771653539
0
LINE
8
BLACK
6
CONTINUOUS
10
6.5546448425196848
20
-4.0335376771653539
11
6.555096692913386
21
-4.0339895275590552
0
LINE
8
BLACK
6
CONTINUOUS
10
6.555096692913386
20
-4.0339895275590552
11
6.5555783464566924
21
-4.0344109842519682
0
LINE
8
BLACK
6
CONTINUOUS
10
6.5555783464566924
20
-4.0344109842519682
11
6.5556372047244089
21
-4.0345300393700789
0
LINE
8
BLACK
6
CONTINUOUS
10
6.5556372047244089
20
-4.0345300393700789
11
6.5557310629921259
21
-4.0346238976377951
0
LINE
8
BLACK
6
CONTINUOUS
10
6.5557310629921259
20
-4.0346238976377951
11
6.5559757086614168
21
-4.0352144881889762
0
LINE
8
BLACK
6
CONTINUOUS
10
6.5559757086614168
20
-4.0352144881889762
11
6.5562592913385824
21
-4.0357879527559053
0
LINE
8
BLACK
6
CONTINUOUS
10
6.5562592913385824
20
-4.0357879527559053
11
6.5562681102362204
21
-4.0359204330708662
0
LINE
8
BLACK
6
CONTINUOUS
10
6.5562681102362204
20
-4.0359204330708662
11
6.556318937007874
21
-4.0360431102362204
0
LINE
8
BLACK
6
CONTINUOUS
10
6.556318937007874
20
-4.0360431102362204
11
6.556318937007874
21
-4.0366827952755902
0
LINE
8
BLACK
6
CONTINUOUS
10
6.556318937007874
20
-4.0366827952755902
11
6.5563614566929136
21
-4.0373207086614169
0
LINE
8
BLACK
6
CONTINUOUS
10
6.5563614566929136
20
-4.0373207086614169
11
6.556318937007874
21
-4.0374464173228342
0
LINE
8
BLACK
6
CONTINUOUS
10
6.556318937007874
20
-4.0374464173228342
11
6.556318937007874
21
-4.0375792519685039
0
LINE
8
BLACK
6
CONTINUOUS
10
6.556318937007874
20
-4.0375792519685039
11
6.5560742519685036
21
-4.0381699212598425
0
LINE
8
BLACK
6
CONTINUOUS
10
6.5560742519685036
20
-4.0381699212598425
11
6.5558693307086608
21
-4.0387759055118106
0
LINE
8
BLACK
6
CONTINUOUS
10
6.5558693307086608
20
-4.0387759055118106
11
6.5557597637795277
21
-4.038929133858268
0
LINE
8
BLACK
6
CONTINUOUS
10
6.5557597637795277
20
-4.038929133858268
11
6.5557310629921259
21
-4.0389984645669292
0
LINE
8
BLACK
6
CONTINUOUS
10
6.5557310629921259
20
-4.0389984645669292
11
6.5556579133858266
21
-4.0390715748031498
0
LINE
8
BLACK
6
CONTINUOUS
10
6.5556579133858266
20
-4.0390715748031498
11
6.5554204724409448
21
-4.0394037401574803
0
LINE
8
BLACK
6
CONTINUOUS
10
6.5554204724409448
20
-4.0394037401574803
11
6.5439003149606298
21
-4.0525695669291339
0
LINE
8
BLACK
6
CONTINUOUS
10
6.5439003149606298
20
-4.0525695669291339
11
6.5444694881889767
21
-4.0527873622047244
0
LINE
8
BLACK
6
CONTINUOUS
10
6.5444694881889767
20
-4.0527873622047244
11
6.5493438582677168
21
-4.0552245669291338
0
LINE
8
BLACK
6
CONTINUOUS
10
6.5493438582677168
20
-4.0552245669291338
11
6.5496744881889759
21
-4.0554326771653546
0
LINE
8
BLACK
6
CONTINUOUS
10
6.5496744881889759
20
-4.0554326771653546
11
6.5497704330708659
21
-4.0554724409448815
0
LINE
8
BLACK
6
CONTINUOUS
10
6.5497704330708659
20
-4.0554724409448815
11
6.5498784251968498
21
-4.0555610629921262
0
LINE
8
BLACK
6
CONTINUOUS
10
6.5498784251968498
20
-4.0555610629921262
11
6.5499970078740155
21
-4.0556357086614172
0
LINE
8
BLACK
6
CONTINUOUS
10
6.5499970078740155
20
-4.0556357086614172
11
6.5500651968503938
21
-4.0557143307086614
0
LINE
8
BLACK
6
CONTINUOUS
10
6.5500651968503938
20
-4.0557143307086614
11
6.5503670472440945
21
-4.055962047244094
0
LINE
8
BLACK
6
CONTINUOUS
10
6.5503670472440945
20
-4.055962047244094
11
6.5528042519685039
21
-4.0583992519685035
0
LINE
8
BLACK
6
CONTINUOUS
10
6.5528042519685039
20
-4.0583992519685035
11
6.5530519291338578
21
-4.0587010629921263
0
LINE
8
BLACK
6
CONTINUOUS
10
6.5530519291338578
20
-4.0587010629921263
11
6.5531305905511807
21
-4.0587692913385824
0
LINE
8
BLACK
6
CONTINUOUS
10
6.5531305905511807
20
-4.0587692913385824
11
6.5532051968503939
21
-4.0588878346456694
0
LINE
8
BLACK
6
CONTINUOUS
10
6.5532051968503939
20
-4.0588878346456694
11
6.5532938582677165
21
-4.058995866141732
0
LINE
8
BLACK
6
CONTINUOUS
10
6.5532938582677165
20
-4.058995866141732
11
6.5533335826771655
21
-4.0590917716535433
0
LINE
8
BLACK
6
CONTINUOUS
10
6.5533335826771655
20
-4.0590917716535433
11
6.5535417322834641
21
-4.059422440944882
0
LINE
8
BLACK
6
CONTINUOUS
10
6.5535417322834641
20
-4.059422440944882
11
6.5559789370078736
21
-4.0642968110236222
0
LINE
8
BLACK
6
CONTINUOUS
10
6.5559789370078736
20
-4.0642968110236222
11
6.5562547637795277
21
-4.0650176377952754
0
LINE
8
BLACK
6
CONTINUOUS
10
6.5562547637795277
20
-4.0650176377952754
11
6.5562647637795273
21
-4.0651587007874017
0
LINE
8
BLACK
6
CONTINUOUS
10
6.5562647637795273
20
-4.0651587007874017
11
6.556318937007874
21
-4.0652894488188975
0
LINE
8
BLACK
6
CONTINUOUS
10
6.556318937007874
20
-4.0652894488188975
11
6.5563945669291339
21
-4.0660575196850397
0
LINE
8
BLACK
6
CONTINUOUS
10
6.5563945669291339
20
-4.0660575196850397
11
6.5563945669291339
21
-4.0782435039370082
0
LINE
8
BLACK
6
CONTINUOUS
10
6.5563945669291339
20
-4.0782435039370082
11
6.556318937007874
21
-4.0790115748031495
0
LINE
8
BLACK
6
CONTINUOUS
10
6.556318937007874
20
-4.0790115748031495
11
6.5562647637795273
21
-4.0791422834645665
0
LINE
8
BLACK
6
CONTINUOUS
10
6.5562647637795273
20
-4.0791422834645665
11
6.5562547637795277
21
-4.0792833858267716
0
LINE
8
BLACK
6
CONTINUOUS
10
6.5562547637795277
20
-4.0792833858267716
11
6.5559789370078736
21
-4.0800041732283461
0
LINE
8
BLACK
6
CONTINUOUS
10
6.5559789370078736
20
-4.0800041732283461
11
6.5535417322834641
21
-4.084878582677165
0
LINE
8
BLACK
6
CONTINUOUS
10
6.5535417322834641
20
-4.084878582677165
11
6.5533335826771655
21
-4.085209212598425
0
LINE
8
BLACK
6
CONTINUOUS
10
6.5533335826771655
20
-4.085209212598425
11
6.5532938582677165
21
-4.0853051968503937
0
LINE
8
BLACK
6
CONTINUOUS
10
6.5532938582677165
20
-4.0853051968503937
11
6.5532051968503939
21
-4.0854131889763776
0
LINE
8
BLACK
6
CONTINUOUS
10
6.5532051968503939
20
-4.0854131889763776
11
6.5531305905511807
21
-4.0855317716535433
0
LINE
8
BLACK
6
CONTINUOUS
10
6.5531305905511807
20
-4.0855317716535433
11
6.5530519291338578
21
-4.0855999606299216
0
LINE
8
BLACK
6
CONTINUOUS
10
6.5530519291338578
20
-4.0855999606299216
11
6.5528042519685039
21
-4.0859018110236223
0
LINE
8
BLACK
6
CONTINUOUS
10
6.5528042519685039
20
-4.0859018110236223
11
6.5503670472440945
21
-4.0883390157480317
0
LINE
8
BLACK
6
CONTINUOUS
10
6.5503670472440945
20
-4.0883390157480317
11
6.5500650787401575
21
-4.0885868110236219
0
LINE
8
BLACK
6
CONTINUOUS
10
6.5500650787401575
20
-4.0885868110236219
11
6.5499969685039368
21
-4.0886653543307085
0
LINE
8
BLACK
6
CONTINUOUS
10
6.5499969685039368
20
-4.0886653543307085
11
6.5498785433070861
21
-4.0887398818897633
0
LINE
8
BLACK
6
CONTINUOUS
10
6.5498785433070861
20
-4.0887398818897633
11
6.5497704330708659
21
-4.0888286220472443
0
LINE
8
BLACK
6
CONTINUOUS
10
6.5497704330708659
20
-4.0888286220472443
11
6.5496743700787396
21
-4.0888683858267711
0
LINE
8
BLACK
6
CONTINUOUS
10
6.5496743700787396
20
-4.0888683858267711
11
6.5493438188976381
21
-4.0890764960629919
0
LINE
8
BLACK
6
CONTINUOUS
10
6.5493438188976381
20
-4.0890764960629919
11
6.5444694488188979
21
-4.0915136614173226
0
LINE
8
BLACK
6
CONTINUOUS
10
6.5444694488188979
20
-4.0915136614173226
11
6.5437486614173226
21
-4.0917894881889767
0
LINE
8
BLACK
6
CONTINUOUS
10
6.5437486614173226
20
-4.0917894881889767
11
6.5436075590551184
21
-4.0917994881889763
0
LINE
8
BLACK
6
CONTINUOUS
10
6.5436075590551184
20
-4.0917994881889763
11
6.5434768503937004
21
-4.0918536614173231
0
LINE
8
BLACK
6
CONTINUOUS
10
6.5434768503937004
20
-4.0918536614173231
11
6.5427087795275591
21
-4.091929291338583
0
LINE
8
BLACK
6
CONTINUOUS
10
6.5427087795275591
20
-4.091929291338583
11
6.5280855905511812
21
-4.091929291338583
0
LINE
8
BLACK
6
CONTINUOUS
10
6.5280855905511812
20
-4.091929291338583
11
6.527317519685039
21
-4.0918536614173231
0
LINE
8
BLACK
6
CONTINUOUS
10
6.527317519685039
20
-4.0918536614173231
11
6.5271867716535432
21
-4.0917994881889763
0
LINE
8
BLACK
6
CONTINUOUS
10
6.5271867716535432
20
-4.0917994881889763
11
6.5270457086614169
21
-4.0917894881889767
0
LINE
8
BLACK
6
CONTINUOUS
10
6.5270457086614169
20
-4.0917894881889767
11
6.5263249212598424
21
-4.0915136614173226
0
LINE
8
BLACK
6
CONTINUOUS
10
6.5263249212598424
20
-4.0915136614173226
11
6.5214505511811023
21
-4.0890764960629919
0
LINE
8
BLACK
6
CONTINUOUS
10
6.5214505511811023
20
-4.0890764960629919
11
6.5211199606299211
21
-4.0888683858267711
0
LINE
8
BLACK
6
CONTINUOUS
10
6.5211199606299211
20
-4.0888683858267711
11
6.5210239370078735
21
-4.0888286220472443
0
LINE
8
BLACK
6
CONTINUOUS
10
6.5210239370078735
20
-4.0888286220472443
11
6.5209157874015746
21
-4.0887398818897633
0
LINE
8
BLACK
6
CONTINUOUS
10
6.5209157874015746
20
-4.0887398818897633
11
6.5207974015748027
21
-4.0886653543307085
0
LINE
8
BLACK
6
CONTINUOUS
10
6.5207974015748027
20
-4.0886653543307085
11
6.5207292913385828
21
-4.0885868110236219
0
LINE
8
BLACK
6
CONTINUOUS
10
6.5207292913385828
20
-4.0885868110236219
11
6.5204273228346459
21
-4.0883390157480317
0
LINE
8
BLACK
6
CONTINUOUS
10
6.5204273228346459
20
-4.0883390157480317
11
6.5179901181102364
21
-4.0859018110236223
0
LINE
8
BLACK
6
CONTINUOUS
10
6.5179901181102364
20
-4.0859018110236223
11
6.5175005118110239
21
-4.0853051968503937
0
LINE
8
BLACK
6
CONTINUOUS
10
6.5175005118110239
20
-4.0853051968503937
11
6.5169126377952757
21
-4.0838859842519684
0
LINE
8
BLACK
6
CONTINUOUS
10
6.5169126377952757
20
-4.0838859842519684
11
6.5169126377952757
21
-4.0823498425196849
0
LINE
8
BLACK
6
CONTINUOUS
10
6.5169126377952757
20
-4.0823498425196849
11
6.5175005118110239
21
-4.0809306299212595
0
LINE
8
BLACK
6
CONTINUOUS
10
6.5175005118110239
20
-4.0809306299212595
11
6.5185867322834641
21
-4.0798444094488184
0
LINE
8
BLACK
6
CONTINUOUS
10
6.5185867322834641
20
-4.0798444094488184
11
6.5200059448818894
21
-4.0792565354330712
0
LINE
8
BLACK
6
CONTINUOUS
10
6.5200059448818894
20
-4.0792565354330712
11
6.5215420866141729
21
-4.0792565354330712
0
LINE
8
BLACK
6
CONTINUOUS
10
6.5215420866141729
20
-4.0792565354330712
11
6.5229612992125983
21
-4.0798444094488184
0
LINE
8
BLACK
6
CONTINUOUS
10
6.5229612992125983
20
-4.0798444094488184
11
6.5235579133858268
21
-4.080334015748031
0
LINE
8
BLACK
6
CONTINUOUS
10
6.5235579133858268
20
-4.080334015748031
11
6.5255433464566925
21
-4.0823194488188976
0
LINE
8
BLACK
6
CONTINUOUS
10
6.5255433464566925
20
-4.0823194488188976
11
6.5290150000000002
21
-4.0840552755905515
0
LINE
8
BLACK
6
CONTINUOUS
10
6.5290150000000002
20
-4.0840552755905515
11
6.5417793700787401
21
-4.0840552755905515
0
LINE
8
BLACK
6
CONTINUOUS
10
6.5417793700787401
20
-4.0840552755905515
11
6.5452509842519682
21
-4.0823194488188976
0
LINE
8
BLACK
6
CONTINUOUS
10
6.5452509842519682
20
-4.0823194488188976
11
6.5467846850393698
21
-4.080785748031496
0
LINE
8
BLACK
6
CONTINUOUS
10
6.5467846850393698
20
-4.080785748031496
11
6.5485205511811024
21
-4.0773140551181104
0
LINE
8
BLACK
6
CONTINUOUS
10
6.5485205511811024
20
-4.0773140551181104
11
6.5485205511811024
21
-4.0669869685039366
0
LINE
8
BLACK
6
CONTINUOUS
10
6.5485205511811024
20
-4.0669869685039366
11
6.5467846850393698
21
-4.063515275590551
0
LINE
8
BLACK
6
CONTINUOUS
10
6.5467846850393698
20
-4.063515275590551
11
6.5452509842519682
21
-4.0619815748031494
0
LINE
8
BLACK
6
CONTINUOUS
10
6.5452509842519682
20
-4.0619815748031494
11
6.5417793307086614
21
-4.0602457480314964
0
LINE
8
BLACK
6
CONTINUOUS
10
6.5417793307086614
20
-4.0602457480314964
11
6.5353971653543308
21
-4.0602457480314964
0
LINE
8
BLACK
6
CONTINUOUS
10
6.5353971653543308
20
-4.0602457480314964
11
6.5349909448818897
21
-4.0602057480314961
0
LINE
8
BLACK
6
CONTINUOUS
10
6.5349909448818897
20
-4.0602057480314961
11
6.5348876377952756
21
-4.0602126377952752
0
LINE
8
BLACK
6
CONTINUOUS
10
6.5348876377952756
20
-4.0602126377952752
11
6.534816456692913
21
-4.0601885433070866
0
LINE
8
BLACK
6
CONTINUOUS
10
6.534816456692913
20
-4.0601885433070866
11
6.5346290944881886
21
-4.0601701181102365
0
LINE
8
BLACK
6
CONTINUOUS
10
6.5346290944881886
20
-4.0601701181102365
11
6.5340383858267712
21
-4.0599254330708661
0
LINE
8
BLACK
6
CONTINUOUS
10
6.5340383858267712
20
-4.0599254330708661
11
6.5334324409448818
21
-4.0597205118110233
0
LINE
8
BLACK
6
CONTINUOUS
10
6.5334324409448818
20
-4.0597205118110233
11
6.5333324409448821
21
-4.0596329921259837
0
LINE
8
BLACK
6
CONTINUOUS
10
6.5333324409448821
20
-4.0596329921259837
11
6.5332098818897633
21
-4.0595822440944884
0
LINE
8
BLACK
6
CONTINUOUS
10
6.5332098818897633
20
-4.0595822440944884
11
6.5327579921259842
21
-4.0591303543307085
0
LINE
8
BLACK
6
CONTINUOUS
10
6.5327579921259842
20
-4.0591303543307085
11
6.5322763779527557
21
-4.0587089370078742
0
LINE
8
BLACK
6
CONTINUOUS
10
6.5322763779527557
20
-4.0587089370078742
11
6.5322174803149604
21
-4.0585898425196847
0
LINE
8
BLACK
6
CONTINUOUS
10
6.5322174803149604
20
-4.0585898425196847
11
6.532123661417323
21
-4.0584960236220473
0
LINE
8
BLACK
6
CONTINUOUS
10
6.532123661417323
20
-4.0584960236220473
11
6.5318789763779526
21
-4.0579053937007874
0
LINE
8
BLACK
6
CONTINUOUS
10
6.5318789763779526
20
-4.0579053937007874
11
6.5315954330708657
21
-4.0573319685039371
0
LINE
8
BLACK
6
CONTINUOUS
10
6.5315954330708657
20
-4.0573319685039371
11
6.5315865748031499
21
-4.0571994488188974
0
LINE
8
BLACK
6
CONTINUOUS
10
6.5315865748031499
20
-4.0571994488188974
11
6.5315357874015749
21
-4.0570768110236219
0
LINE
8
BLACK
6
CONTINUOUS
10
6.5315357874015749
20
-4.0570768110236219
11
6.5315357874015749
21
-4.0564370866141735
0
LINE
8
BLACK
6
CONTINUOUS
10
6.5315357874015749
20
-4.0564370866141735
11
6.5314932677165354
21
-4.0557992125984255
0
LINE
8
BLACK
6
CONTINUOUS
10
6.5314932677165354
20
-4.0557992125984255
11
6.5315357874015749
21
-4.0556734645669295
0
LINE
8
BLACK
6
CONTINUOUS
10
6.5315357874015749
20
-4.0556734645669295
11
6.5315357874015749
21
-4.0555406692913385
0
LINE
8
BLACK
6
CONTINUOUS
10
6.5315357874015749
20
-4.0555406692913385
11
6.5317804330708658
21
-4.0549499606299211
0
LINE
8
BLACK
6
CONTINUOUS
10
6.5317804330708658
20
-4.0549499606299211
11
6.5319853937007872
21
-4.0543440157480317
0
LINE
8
BLACK
6
CONTINUOUS
10
6.5319853937007872
20
-4.0543440157480317
11
6.5320949212598425
21
-4.0541907480314956
0
LINE
8
BLACK
6
CONTINUOUS
10
6.5320949212598425
20
-4.0541907480314956
11
6.532123661417323
21
-4.0541214566929131
0
LINE
8
BLACK
6
CONTINUOUS
10
6.532123661417323
20
-4.0541214566929131
11
6.5321967716535427
21
-4.0540483070866138
0
LINE
8
BLACK
6
CONTINUOUS
10
6.5321967716535427
20
-4.0540483070866138
11
6.5324342519685041
21
-4.0537161811023621
0
LINE
8
BLACK
6
CONTINUOUS
10
6.5324342519685041
20
-4.0537161811023621
11
6.5437812598425191
21
-4.0407481889763774
0
LINE
8
BLACK
6
CONTINUOUS
10
6.5437812598425191
20
-4.0407481889763774
11
6.5207740157480316
21
-4.0407481889763774
0
LINE
8
BLACK
6
CONTINUOUS
10
6.5207740157480316
20
-4.0407481889763774
11
6.5200059448818894
21
-4.0406725590551185
0
LINE
8
BLACK
6
CONTINUOUS
10
6.5200059448818894
20
-4.0406725590551185
11
6.5185867322834641
21
-4.0400846850393703
0
LINE
8
BLACK
6
CONTINUOUS
10
6.5185867322834641
20
-4.0400846850393703
11
6.5175005118110239
21
-4.0389984645669292
0
LINE
8
BLACK
6
CONTINUOUS
10
6.5175005118110239
20
-4.0389984645669292
11
6.5169126377952757
21
-4.0375792519685039
0
LINE
8
BLACK
6
CONTINUOUS
10
6.5169126377952757
20
-4.0375792519685039
11
6.5169126377952757
21
-4.0360431102362204
0
LINE
8
BLACK
6
CONTINUOUS
10
6.5169126377952757
20
-4.0360431102362204
11
6.5175005118110239
21
-4.0346238976377951
0
LINE
8
BLACK
6
CONTINUOUS
10
6.5175005118110239
20
-4.0346238976377951
11
6.5185867322834641
21
-4.0335376771653539
0
LINE
8
BLACK
6
CONTINUOUS
10
6.5185867322834641
20
-4.0335376771653539
11
6.5200059448818894
21
-4.0329498031496058
0
LINE
8
BLACK
6
CONTINUOUS
10
6.5200059448818894
20
-4.0329498031496058
11
6.5207740157480316
21
-4.032874173228346
0
LINE
8
BLACK
6
CONTINUOUS
10
6.5207740157480316
20
-4.032874173228346
11
6.5524575590551182
21
-4.032874173228346
0
LINE
8
BLACK
6
CONTINUOUS
10
6.5524575590551182
20
-4.032874173228346
11
6.5528637401574805
21
-4.0329141338582675
0
LINE
8
BLACK
6
CONTINUOUS
10
6.6409646456692908
20
-4.0329498031496058
11
6.6423838582677162
21
-4.0335376771653539
0
LINE
8
BLACK
6
CONTINUOUS
10
6.6423838582677162
20
-4.0335376771653539
11
6.6434700787401573
21
-4.0346238976377951
0
LINE
8
BLACK
6
CONTINUOUS
10
6.6434700787401573
20
-4.0346238976377951
11
6.6440579527559054
21
-4.0360431102362204
0
LINE
8
BLACK
6
CONTINUOUS
10
6.6440579527559054
20
-4.0360431102362204
11
6.6440579527559054
21
-4.0375792519685039
0
LINE
8
BLACK
6
CONTINUOUS
10
6.6440579527559054
20
-4.0375792519685039
11
6.6434700787401573
21
-4.0389984645669292
0
LINE
8
BLACK
6
CONTINUOUS
10
6.6434700787401573
20
-4.0389984645669292
11
6.6423838582677162
21
-4.0400846850393703
0
LINE
8
BLACK
6
CONTINUOUS
10
6.6423838582677162
20
-4.0400846850393703
11
6.6409646456692908
21
-4.0406725590551185
0
LINE
8
BLACK
6
CONTINUOUS
10
6.6409646456692908
20
-4.0406725590551185
11
6.6401965748031495
21
-4.0407481889763774
0
LINE
8
BLACK
6
CONTINUOUS
10
6.6401965748031495
20
-4.0407481889763774
11
6.6313772440944883
21
-4.0407481889763774
0
LINE
8
BLACK
6
CONTINUOUS
10
6.6313772440944883
20
-4.0407481889763774
11
6.6279055511811018
21
-4.0424840157480313
0
LINE
8
BLACK
6
CONTINUOUS
10
6.6279055511811018
20
-4.0424840157480313
11
6.6261956692913389
21
-4.0441938976377951
0
LINE
8
BLACK
6
CONTINUOUS
10
6.6261956692913389
20
-4.0441938976377951
11
6.6219158267716534
21
-4.0506136220472442
0
LINE
8
BLACK
6
CONTINUOUS
10
6.6219158267716534
20
-4.0506136220472442
11
6.621023779527559
21
-4.0541818110236223
0
LINE
8
BLACK
6
CONTINUOUS
10
6.621023779527559
20
-4.0541818110236223
11
6.6238127559055116
21
-4.0527873622047244
0
LINE
8
BLACK
6
CONTINUOUS
10
6.6238127559055116
20
-4.0527873622047244
11
6.6245335433070869
21
-4.0525115354330712
0
LINE
8
BLACK
6
CONTINUOUS
10
6.6245335433070869
20
-4.0525115354330712
11
6.6246746062992123
21
-4.0525014960629919
0
LINE
8
BLACK
6
CONTINUOUS
10
6.6246746062992123
20
-4.0525014960629919
11
6.6248053543307082
21
-4.0524473622047239
0
LINE
8
BLACK
6
CONTINUOUS
10
6.6248053543307082
20
-4.0524473622047239
11
6.6255734251968503
21
-4.052371732283464
0
LINE
8
BLACK
6
CONTINUOUS
10
6.6255734251968503
20
-4.052371732283464
11
6.6353222047244094
21
-4.052371732283464
0
LINE
8
BLACK
6
CONTINUOUS
10
6.6353222047244094
20
-4.052371732283464
11
6.6360902755905506
21
-4.0524473622047239
0
LINE
8
BLACK
6
CONTINUOUS
10
6.6360902755905506
20
-4.0524473622047239
11
6.6362209842519686
21
-4.0525014960629919
0
LINE
8
BLACK
6
CONTINUOUS
10
6.6362209842519686
20
-4.0525014960629919
11
6.6363620866141728
21
-4.0525115354330712
0
LINE
8
BLACK
6
CONTINUOUS
10
6.6363620866141728
20
-4.0525115354330712
11
6.6370829133858269
21
-4.0527873622047244
0
LINE
8
BLACK
6
CONTINUOUS
10
6.6370829133858269
20
-4.0527873622047244
11
6.641957283464567
21
-4.0552245669291338
0
LINE
8
BLACK
6
CONTINUOUS
10
6.641957283464567
20
-4.0552245669291338
11
6.642287913385827
21
-4.0554326771653546
0
LINE
8
BLACK
6
CONTINUOUS
10
6.642287913385827
20
-4.0554326771653546
11
6.6423838582677162
21
-4.0554724409448815
0
LINE
8
BLACK
6
CONTINUOUS
10
6.6423838582677162
20
-4.0554724409448815
11
6.6424918503937009
21
-4.0555610629921262
0
LINE
8
BLACK
6
CONTINUOUS
10
6.6424918503937009
20
-4.0555610629921262
11
6.6426104330708657
21
-4.0556357086614172
0
LINE
8
BLACK
6
CONTINUOUS
10
6.6426104330708657
20
-4.0556357086614172
11
6.642678622047244
21
-4.0557143307086614
0
LINE
8
BLACK
6
CONTINUOUS
10
6.642678622047244
20
-4.0557143307086614
11
6.6429804724409447
21
-4.055962047244094
0
LINE
8
BLACK
6
CONTINUOUS
10
6.6429804724409447
20
-4.055962047244094
11
6.6454176771653541
21
-4.0583992519685035
0
LINE
8
BLACK
6
CONTINUOUS
10
6.6454176771653541
20
-4.0583992519685035
11
6.6456653543307089
21
-4.0587010629921263
0
LINE
8
BLACK
6
CONTINUOUS
10
6.6456653543307089
20
-4.0587010629921263
11
6.645744015748031
21
-4.0587692913385824
0
LINE
8
BLACK
6
CONTINUOUS
10
6.645744015748031
20
-4.0587692913385824
11
6.6458186220472442
21
-4.0588878346456694
0
LINE
8
BLACK
6
CONTINUOUS
10
6.6458186220472442
20
-4.0588878346456694
11
6.6459072834645667
21
-4.058995866141732
0
LINE
8
BLACK
6
CONTINUOUS
10
6.6459072834645667
20
-4.058995866141732
11
6.6459470078740157
21
-4.0590917716535433
0
LINE
8
BLACK
6
CONTINUOUS
10
6.6459470078740157
20
-4.0590917716535433
11
6.6461551574803144
21
-4.059422440944882
0
LINE
8
BLACK
6
CONTINUOUS
10
6.6461551574803144
20
-4.059422440944882
11
6.6485923622047238
21
-4.0642968110236222
0
LINE
8
BLACK
6
CONTINUOUS
10
6.6485923622047238
20
-4.0642968110236222
11
6.6488681889763779
21
-4.0650176377952754
0
LINE
8
BLACK
6
CONTINUOUS
10
6.6488681889763779
20
-4.0650176377952754
11
6.6488781889763775
21
-4.0651587007874017
0
LINE
8
BLACK
6
CONTINUOUS
10
6.6488781889763775
20
-4.0651587007874017
11
6.6489323622047243
21
-4.0652894488188975
0
LINE
8
BLACK
6
CONTINUOUS
10
6.6489323622047243
20
-4.0652894488188975
11
6.6490079921259841
21
-4.0660575196850397
0
LINE
8
BLACK
6
CONTINUOUS
10
6.6490079921259841
20
-4.0660575196850397
11
6.6490079921259841
21
-4.0782435039370082
0
LINE
8
BLACK
6
CONTINUOUS
10
6.6490079921259841
20
-4.0782435039370082
11
6.6489323622047243
21
-4.0790115748031495
0
LINE
8
BLACK
6
CONTINUOUS
10
6.6489323622047243
20
-4.0790115748031495
11
6.6488781889763775
21
-4.0791422834645665
0
LINE
8
BLACK
6
CONTINUOUS
10
6.6488781889763775
20
-4.0791422834645665
11
6.6488681889763779
21
-4.0792833858267716
0
LINE
8
BLACK
6
CONTINUOUS
10
6.6488681889763779
20
-4.0792833858267716
11
6.6485923622047238
21
-4.0800041732283461
0
LINE
8
BLACK
6
CONTINUOUS
10
6.6485923622047238
20
-4.0800041732283461
11
6.6461551574803144
21
-4.084878582677165
0
LINE
8
BLACK
6
CONTINUOUS
10
6.6461551574803144
20
-4.084878582677165
11
6.6459470078740157
21
-4.085209212598425
0
LINE
8
BLACK
6
CONTINUOUS
10
6.6459470078740157
20
-4.085209212598425
11
6.6459072834645667
21
-4.0853051968503937
0
LINE
8
BLACK
6
CONTINUOUS
10
6.6459072834645667
20
-4.0853051968503937
11
6.6458186220472442
21
-4.0854131889763776
0
LINE
8
BLACK
6
CONTINUOUS
10
6.6458186220472442
20
-4.0854131889763776
11
6.645744015748031
21
-4.0855317716535433
0
LINE
8
BLACK
6
CONTINUOUS
10
6.645744015748031
20
-4.0855317716535433
11
6.6456653543307089
21
-4.0855999606299216
0
LINE
8
BLACK
6
CONTINUOUS
10
6.6456653543307089
20
-4.0855999606299216
11
6.6454176771653541
21
-4.0859018110236223
0
LINE
8
BLACK
6
CONTINUOUS
10
6.6454176771653541
20
-4.0859018110236223
11
6.6429804724409447
21
-4.0883390157480317
0
LINE
8
BLACK
6
CONTINUOUS
10
6.6429804724409447
20
-4.0883390157480317
11
6.6426785039370078
21
-4.0885868110236219
0
LINE
8
BLACK
6
CONTINUOUS
10
6.6426785039370078
20
-4.0885868110236219
11
6.642610393700787
21
-4.0886653543307085
0
LINE
8
BLACK
6
CONTINUOUS
10
6.642610393700787
20
-4.0886653543307085
11
6.6424919685039372
21
-4.0887398818897633
0
LINE
8
BLACK
6
CONTINUOUS
10
6.6424919685039372
20
-4.0887398818897633
11
6.6423838582677162
21
-4.0888286220472443
0
LINE
8
BLACK
6
CONTINUOUS
10
6.6423838582677162
20
-4.0888286220472443
11
6.6422877952755908
21
-4.0888683858267711
0
LINE
8
BLACK
6
CONTINUOUS
10
6.6422877952755908
20
-4.0888683858267711
11
6.6419572440944883
21
-4.0890764960629919
0
LINE
8
BLACK
6
CONTINUOUS
10
6.6419572440944883
20
-4.0890764960629919
11
6.6370828740157481
21
-4.0915136614173226
0
LINE
8
BLACK
6
CONTINUOUS
10
6.6370828740157481
20
-4.0915136614173226
11
6.6363620866141728
21
-4.0917894881889767
0
LINE
8
BLACK
6
CONTINUOUS
10
6.6363620866141728
20
-4.0917894881889767
11
6.6362209842519686
21
-4.0917994881889763
0
LINE
8
BLACK
6
CONTINUOUS
10
6.6362209842519686
20
-4.0917994881889763
11
6.6360902755905506
21
-4.0918536614173231
0
LINE
8
BLACK
6
CONTINUOUS
10
6.6360902755905506
20
-4.0918536614173231
11
6.6353222047244094
21
-4.091929291338583
0
LINE
8
BLACK
6
CONTINUOUS
10
6.6353222047244094
20
-4.091929291338583
11
6.6255734251968503
21
-4.091929291338583
0
LINE
8
BLACK
6
CONTINUOUS
10
6.6255734251968503
20
-4.091929291338583
11
6.6248053543307082
21
-4.0918536614173231
0
LINE
8
BLACK
6
CONTINUOUS
10
6.6248053543307082
20
-4.0918536614173231
11
6.6246746062992123
21
-4.0917994881889763
0
LINE
8
BLACK
6
CONTINUOUS
10
6.6246746062992123
20
-4.0917994881889763
11
6.6245335433070869
21
-4.0917894881889767
0
LINE
8
BLACK
6
CONTINUOUS
10
6.6245335433070869
20
-4.0917894881889767
11
6.6238127559055116
21
-4.0915136614173226
0
LINE
8
BLACK
6
CONTINUOUS
10
6.6238127559055116
20
-4.0915136614173226
11
6.6189383464566927
21
-4.0890764960629919
0
LINE
8
BLACK
6
CONTINUOUS
10
6.6189383464566927
20
-4.0890764960629919
11
6.6186077559055114
21
-4.0888683858267711
0
LINE
8
BLACK
6
CONTINUOUS
10
6.6186077559055114
20
-4.0888683858267711
11
6.6185117322834648
21
-4.0888286220472443
0
LINE
8
BLACK
6
CONTINUOUS
10
6.6185117322834648
20
-4.0888286220472443
11
6.618403582677165
21
-4.0887398818897633
0
LINE
8
BLACK
6
CONTINUOUS
10
6.618403582677165
20
-4.0887398818897633
11
6.618285196850394
21
-4.0886653543307085
0
LINE
8
BLACK
6
CONTINUOUS
10
6.618285196850394
20
-4.0886653543307085
11
6.6182170472440944
21
-4.0885868110236219
0
LINE
8
BLACK
6
CONTINUOUS
10
6.6182170472440944
20
-4.0885868110236219
11
6.6179151181102363
21
-4.0883390157480317
0
LINE
8
BLACK
6
CONTINUOUS
10
6.6179151181102363
20
-4.0883390157480317
11
6.6154779133858268
21
-4.0859018110236223
0
LINE
8
BLACK
6
CONTINUOUS
10
6.6154779133858268
20
-4.0859018110236223
11
6.615230078740157
21
-4.0855998425196853
0
LINE
8
BLACK
6
CONTINUOUS
10
6.615230078740157
20
-4.0855998425196853
11
6.6151515748031491
21
-4.0855317322834646
0
LINE
8
BLACK
6
CONTINUOUS
10
6.6151515748031491
20
-4.0855317322834646
11
6.6150770472440943
21
-4.0854133070866139
0
LINE
8
BLACK
6
CONTINUOUS
10
6.6150770472440943
20
-4.0854133070866139
11
6.6149883070866142
21
-4.0853051968503937
0
LINE
8
BLACK
6
CONTINUOUS
10
6.6149883070866142
20
-4.0853051968503937
11
6.6149485039370077
21
-4.0852090944881887
0
LINE
8
BLACK
6
CONTINUOUS
10
6.6149485039370077
20
-4.0852090944881887
11
6.6147404330708657
21
-4.0848785433070862
0
LINE
8
BLACK
6
CONTINUOUS
10
6.6147404330708657
20
-4.0848785433070862
11
6.612303267716535
21
-4.0800041732283461
0
LINE
8
BLACK
6
CONTINUOUS
10
6.612303267716535
20
-4.0800041732283461
11
6.6120274409448818
21
-4.0792833464566929
0
LINE
8
BLACK
6
CONTINUOUS
10
6.6120274409448818
20
-4.0792833464566929
11
6.6120174015748026
21
-4.0791422834645665
0
LINE
8
BLACK
6
CONTINUOUS
10
6.6120174015748026
20
-4.0791422834645665
11
6.6119632677165354
21
-4.0790115748031495
0
LINE
8
BLACK
6
CONTINUOUS
10
6.6119632677165354
20
-4.0790115748031495
11
6.6118876377952756
21
-4.0782435039370082
0
LINE
8
BLACK
6
CONTINUOUS
10
6.6118876377952756
20
-4.0782435039370082
11
6.6118876377952756
21
-4.0587459448818901
0
LINE
8
BLACK
6
CONTINUOUS
10
6.6118876377952756
20
-4.0587459448818901
11
6.6119008267716533
21
-4.0586119685039366
0
LINE
8
BLACK
6
CONTINUOUS
10
6.6119008267716533
20
-4.0586119685039366
11
6.6118922834645666
21
-4.0585545669291339
0
LINE
8
BLACK
6
CONTINUOUS
10
6.6118922834645666
20
-4.0585545669291339
11
6.6119347637795274
21
-4.0582672834645672
0
LINE
8
BLACK
6
CONTINUOUS
10
6.6119347637795274
20
-4.0582672834645672
11
6.6119632677165354
21
-4.0579778740157479
0
LINE
8
BLACK
6
CONTINUOUS
10
6.6119632677165354
20
-4.0579778740157479
11
6.6119855118110236
21
-4.0579241338582674
0
LINE
8
BLACK
6
CONTINUOUS
10
6.6119855118110236
20
-4.0579241338582674
11
6.6120051968503937
21
-4.0577911023622049
0
LINE
8
BLACK
6
CONTINUOUS
10
6.6120051968503937
20
-4.0577911023622049
11
6.6144423622047244
21
-4.0480422834645671
0
LINE
8
BLACK
6
CONTINUOUS
10
6.6144423622047244
20
-4.0480422834645671
11
6.6146040157480313
21
-4.0475897244094483
0
LINE
8
BLACK
6
CONTINUOUS
10
6.6146040157480313
20
-4.0475897244094483
11
6.6146229133858263
21
-4.0474943307086617
0
LINE
8
BLACK
6
CONTINUOUS
10
6.6146229133858263
20
-4.0474943307086617
11
6.6146689763779527
21
-4.0474078346456688
0
LINE
8
BLACK
6
CONTINUOUS
10
6.6146689763779527
20
-4.0474078346456688
11
6.6147020078740155
21
-4.0473155118110231
0
LINE
8
BLACK
6
CONTINUOUS
10
6.6147020078740155
20
-4.0473155118110231
11
6.614759921259842
21
-4.0472372834645665
0
LINE
8
BLACK
6
CONTINUOUS
10
6.614759921259842
20
-4.0472372834645665
11
6.6149860236220475
21
-4.0468133070866141
0
LINE
8
BLACK
6
CONTINUOUS
10
6.6149860236220475
20
-4.0468133070866141
11
6.6198604330708664
21
-4.0395017322834645
0
LINE
8
BLACK
6
CONTINUOUS
10
6.6198604330708664
20
-4.0395017322834645
11
6.6198621653543306
21
-4.039499566929134
0
LINE
8
BLACK
6
CONTINUOUS
10
6.6198621653543306
20
-4.039499566929134
11
6.6198627165354331
21
-4.0394983070866139
0
LINE
8
BLACK
6
CONTINUOUS
10
6.6198627165354331
20
-4.0394983070866139
11
6.6201060236220473
21
-4.0392017716535431
0
LINE
8
BLACK
6
CONTINUOUS
10
6.6201060236220473
20
-4.0392017716535431
11
6.6203494094488189
21
-4.0389046062992122
0
LINE
8
BLACK
6
CONTINUOUS
10
6.6203494094488189
20
-4.0389046062992122
11
6.6203505511811018
21
-4.0389038188976381
0
LINE
8
BLACK
6
CONTINUOUS
10
6.6203505511811018
20
-4.0389038188976381
11
6.6203523228346457
21
-4.0389016929133854
0
LINE
8
BLACK
6
CONTINUOUS
10
6.6203523228346457
20
-4.0389016929133854
11
6.6227895275590551
21
-4.036464488188976
0
LINE
8
BLACK
6
CONTINUOUS
10
6.6227895275590551
20
-4.036464488188976
11
6.6230913385826771
21
-4.0362167716535433
0
LINE
8
BLACK
6
CONTINUOUS
10
6.6230913385826771
20
-4.0362167716535433
11
6.6231595669291341
21
-4.0361381496062991
0
LINE
8
BLACK
6
CONTINUOUS
10
6.6231595669291341
20
-4.0361381496062991
11
6.6232781102362202
21
-4.0360635039370081
0
LINE
8
BLACK
6
CONTINUOUS
10
6.6232781102362202
20
-4.0360635039370081
11
6.6233861417322837
21
-4.0359748818897634
0
LINE
8
BLACK
6
CONTINUOUS
10
6.6233861417322837
20
-4.0359748818897634
11
6.6234820472440941
21
-4.0359351181102365
0
LINE
8
BLACK
6
CONTINUOUS
10
6.6234820472440941
20
-4.0359351181102365
11
6.6238127165354328
21
-4.0357270078740157
0
LINE
8
BLACK
6
CONTINUOUS
10
6.6238127165354328
20
-4.0357270078740157
11
6.6286870866141729
21
-4.0332898031496063
0
LINE
8
BLACK
6
CONTINUOUS
10
6.6286870866141729
20
-4.0332898031496063
11
6.629407913385827
21
-4.0330139763779522
0
LINE
8
BLACK
6
CONTINUOUS
10
6.629407913385827
20
-4.0330139763779522
11
6.6295489763779525
21
-4.0330039370078739
0
LINE
8
BLACK
6
CONTINUOUS
10
6.6295489763779525
20
-4.0330039370078739
11
6.6296797244094483
21
-4.0329498031496058
0
LINE
8
BLACK
6
CONTINUOUS
10
6.6296797244094483
20
-4.0329498031496058
11
6.6304477952755905
21
-4.032874173228346
0
LINE
8
BLACK
6
CONTINUOUS
10
6.6304477952755905
20
-4.032874173228346
11
6.6401965748031495
21
-4.032874173228346
0
LINE
8
BLACK
6
CONTINUOUS
10
6.6401965748031495
20
-4.032874173228346
11
6.6409646456692908
21
-4.0329498031496058
0
LINE
8
BLACK
6
CONTINUOUS
10
6.6230311417322829
20
-4.0619815748031494
11
6.6214974409448821
21
-4.063515275590551
0
LINE
8
BLACK
6
CONTINUOUS
10
6.6214974409448821
20
-4.063515275590551
11
6.619761653543307
21
-4.0669868897637791
0
LINE
8
BLACK
6
CONTINUOUS
10
6.619761653543307
20
-4.0669868897637791
11
6.619761653543307
21
-4.0773140944881892
0
LINE
8
BLACK
6
CONTINUOUS
10
6.619761653543307
20
-4.0773140944881892
11
6.6214974409448821
21
-4.080785748031496
0
LINE
8
BLACK
6
CONTINUOUS
10
6.6214974409448821
20
-4.080785748031496
11
6.6230311417322829
21
-4.0823194488188976
0
LINE
8
BLACK
6
CONTINUOUS
10
6.6230311417322829
20
-4.0823194488188976
11
6.6265027952755906
21
-4.0840552755905515
0
LINE
8
BLACK
6
CONTINUOUS
10
6.6265027952755906
20
-4.0840552755905515
11
6.6343927952755903
21
-4.0840552755905515
0
LINE
8
BLACK
6
CONTINUOUS
10
6.6343927952755903
20
-4.0840552755905515
11
6.6378644094488184
21
-4.0823194488188976
0
LINE
8
BLACK
6
CONTINUOUS
10
6.6378644094488184
20
-4.0823194488188976
11
6.6393981102362201
21
-4.080785748031496
0
LINE
8
BLACK
6
CONTINUOUS
10
6.6393981102362201
20
-4.080785748031496
11
6.6411339763779527
21
-4.0773140551181104
0
LINE
8
BLACK
6
CONTINUOUS
10
6.6411339763779527
20
-4.0773140551181104
11
6.6411339763779527
21
-4.0669869685039366
0
LINE
8
BLACK
6
CONTINUOUS
10
6.6411339763779527
20
-4.0669869685039366
11
6.6393981102362201
21
-4.063515275590551
0
LINE
8
BLACK
6
CONTINUOUS
10
6.6393981102362201
20
-4.063515275590551
11
6.6378644094488184
21
-4.0619815748031494
0
LINE
8
BLACK
6
CONTINUOUS
10
6.6378644094488184
20
-4.0619815748031494
11
6.6343927559055116
21
-4.0602457480314964
0
LINE
8
BLACK
6
CONTINUOUS
10
6.6343927559055116
20
-4.0602457480314964
11
6.6265028740157481
21
-4.0602457480314964
0
LINE
8
BLACK
6
CONTINUOUS
10
6.6265028740157481
20
-4.0602457480314964
11
6.6230311417322829
21
-4.0619815748031494
0
LINE
8
BLACK
6
CONTINUOUS
10
6.603151181102362
20
-4.0333908267716536
11
6.6043116929133854
21
-4.0343973228346455
0
LINE
8
BLACK
6
CONTINUOUS
10
6.6043116929133854
20
-4.0343973228346455
11
6.6049986614173228
21
-4.0357712992125983
0
LINE
8
BLACK
6
CONTINUOUS
10
6.6049986614173228
20
-4.0357712992125983
11
6.605107559055118
21
-4.0373035826771648
0
LINE
8
BLACK
6
CONTINUOUS
10
6.605107559055118
20
-4.0373035826771648
11
6.6049364173228344
21
-4.0380561417322838
0
LINE
8
BLACK
6
CONTINUOUS
10
6.6049364173228344
20
-4.0380561417322838
11
6.5878760236220471
21
-4.0892372834645672
0
LINE
8
BLACK
6
CONTINUOUS
10
6.5878760236220471
20
-4.0892372834645672
11
6.5875614173228341
21
-4.0899420078740159
0
LINE
8
BLACK
6
CONTINUOUS
10
6.5875614173228341
20
-4.0899420078740159
11
6.5873769685039365
21
-4.0901546062992127
0
LINE
8
BLACK
6
CONTINUOUS
10
6.5873769685039365
20
-4.0901546062992127
11
6.5872512598425192
21
-4.0904061023622047
0
LINE
8
BLACK
6
CONTINUOUS
10
6.5872512598425192
20
-4.0904061023622047
11
6.5868783464566931
21
-4.090729488188976
0
LINE
8
BLACK
6
CONTINUOUS
10
6.5868783464566931
20
-4.090729488188976
11
6.5865548818897635
21
-4.0911024803149605
0
LINE
8
BLACK
6
CONTINUOUS
10
6.5865548818897635
20
-4.0911024803149605
11
6.5863033070866139
21
-4.0912282677165352
0
LINE
8
BLACK
6
CONTINUOUS
10
6.5863033070866139
20
-4.0912282677165352
11
6.5860907874015746
21
-4.0914125984251966
0
LINE
8
BLACK
6
CONTINUOUS
10
6.5860907874015746
20
-4.0914125984251966
11
6.5856224803149601
21
-4.0915686614173223
0
LINE
8
BLACK
6
CONTINUOUS
10
6.5856224803149601
20
-4.0915686614173223
11
6.5851809448818894
21
-4.0917894881889767
0
LINE
8
BLACK
6
CONTINUOUS
10
6.5851809448818894
20
-4.0917894881889767
11
6.5849003149606293
21
-4.0918094094488184
0
LINE
8
BLACK
6
CONTINUOUS
10
6.5849003149606293
20
-4.0918094094488184
11
6.5846334645669291
21
-4.0918983858267719
0
LINE
8
BLACK
6
CONTINUOUS
10
6.5846334645669291
20
-4.0918983858267719
11
6.584141062992126
21
-4.0918633858267714
0
LINE
8
BLACK
6
CONTINUOUS
10
6.584141062992126
20
-4.0918633858267714
11
6.5836486614173229
21
-4.0918983858267719
0
LINE
8
BLACK
6
CONTINUOUS
10
6.5836486614173229
20
-4.0918983858267719
11
6.583381771653543
21
-4.0918094094488184
0
LINE
8
BLACK
6
CONTINUOUS
10
6.583381771653543
20
-4.0918094094488184
11
6.5831011811023616
21
-4.0917894881889767
0
LINE
8
BLACK
6
CONTINUOUS
10
6.5831011811023616
20
-4.0917894881889767
11
6.5826597244094485
21
-4.0915687401574798
0
LINE
8
BLACK
6
CONTINUOUS
10
6.5826597244094485
20
-4.0915687401574798
11
6.5821913385826774
21
-4.0914126377952753
0
LINE
8
BLACK
6
CONTINUOUS
10
6.5821913385826774
20
-4.0914126377952753
11
6.5819787401574805
21
-4.0912282283464565
0
LINE
8
BLACK
6
CONTINUOUS
10
6.5819787401574805
20
-4.0912282283464565
11
6.5817272047244089
21
-4.0911024803149605
0
LINE
8
BLACK
6
CONTINUOUS
10
6.5817272047244089
20
-4.0911024803149605
11
6.5814036614173226
21
-4.0907294488188972
0
LINE
8
BLACK
6
CONTINUOUS
10
6.5814036614173226
20
-4.0907294488188972
11
6.5810308661417318
21
-4.0904061023622047
0
LINE
8
BLACK
6
CONTINUOUS
10
6.5810308661417318
20
-4.0904061023622047
11
6.5809051181102358
21
-4.0901546062992127
0
LINE
8
BLACK
6
CONTINUOUS
10
6.5809051181102358
20
-4.0901546062992127
11
6.580720708661417
21
-4.0899420078740159
0
LINE
8
BLACK
6
CONTINUOUS
10
6.580720708661417
20
-4.0899420078740159
11
6.5804061023622049
21
-4.0892372834645672
0
LINE
8
BLACK
6
CONTINUOUS
10
6.5804061023622049
20
-4.0892372834645672
11
6.5633457480314963
21
-4.0380561811023625
0
LINE
8
BLACK
6
CONTINUOUS
10
6.5633457480314963
20
-4.0380561811023625
11
6.5631746062992127
21
-4.0373035826771648
0
LINE
8
BLACK
6
CONTINUOUS
10
6.5631746062992127
20
-4.0373035826771648
11
6.5632835039370079
21
-4.0357712992125983
0
LINE
8
BLACK
6
CONTINUOUS
10
6.5632835039370079
20
-4.0357712992125983
11
6.5639705118110232
21
-4.0343973228346455
0
LINE
8
BLACK
6
CONTINUOUS
10
6.5639705118110232
20
-4.0343973228346455
11
6.5651309842519687
21
-4.0333908267716536
0
LINE
8
BLACK
6
CONTINUOUS
10
6.5651309842519687
20
-4.0333908267716536
11
6.5665883070866142
21
-4.032905078740157
0
LINE
8
BLACK
6
CONTINUOUS
10
6.5665883070866142
20
-4.032905078740157
11
6.5681205905511808
21
-4.0330139763779522
0
LINE
8
BLACK
6
CONTINUOUS
10
6.5681205905511808
20
-4.0330139763779522
11
6.5694945669291336
21
-4.0337009842519684
0
LINE
8
BLACK
6
CONTINUOUS
10
6.5694945669291336
20
-4.0337009842519684
11
6.5705010629921254
21
-4.0348614566929131
0
LINE
8
BLACK
6
CONTINUOUS
10
6.5705010629921254
20
-4.0348614566929131
11
6.5708156692913384
21
-4.0355661811023618
0
LINE
8
BLACK
6
CONTINUOUS
10
6.5708156692913384
20
-4.0355661811023618
11
6.584141062992126
21
-4.0755424015748032
0
LINE
8
BLACK
6
CONTINUOUS
10
6.584141062992126
20
-4.0755424015748032
11
6.5974664960629923
21
-4.0355661811023618
0
LINE
8
BLACK
6
CONTINUOUS
10
6.5974664960629923
20
-4.0355661811023618
11
6.5977811417322831
21
-4.0348614173228343
0
LINE
8
BLACK
6
CONTINUOUS
10
6.5977811417322831
20
-4.0348614173228343
11
6.5987876377952759
21
-4.0337009448818897
0
LINE
8
BLACK
6
CONTINUOUS
10
6.5987876377952759
20
-4.0337009448818897
11
6.6001616141732278
21
-4.0330139763779522
0
LINE
8
BLACK
6
CONTINUOUS
10
6.6001616141732278
20
-4.0330139763779522
11
6.6016938976377952
21
-4.0329050393700783
0
LINE
8
BLACK
6
CONTINUOUS
10
6.6016938976377952
20
-4.0329050393700783
11
6.603151181102362
21
-4.0333908267716536
0
LINE
8
BLACK
6
CONTINUOUS
10
4.8909697637795277
20
-4.0240331102362203
11
4.8920341732283461
21
-4.024474015748031
0
LINE
8
BLACK
6
CONTINUOUS
10
4.8920341732283461
20
-4.024474015748031
11
4.8928488188976376
21
-4.0252886614173224
0
LINE
8
BLACK
6
CONTINUOUS
10
4.8928488188976376
20
-4.0252886614173224
11
4.8932897244094491
21
-4.0263530708661417
0
LINE
8
BLACK
6
CONTINUOUS
10
4.8932897244094491
20
-4.0263530708661417
11
4.8932897244094491
21
-4.0275051968503934
0
LINE
8
BLACK
6
CONTINUOUS
10
4.8932897244094491
20
-4.0275051968503934
11
4.8928488188976376
21
-4.0285696062992127
0
LINE
8
BLACK
6
CONTINUOUS
10
4.8928488188976376
20
-4.0285696062992127
11
4.8920341732283461
21
-4.0293842519685041
0
LINE
8
BLACK
6
CONTINUOUS
10
4.8920341732283461
20
-4.0293842519685041
11
4.8909697637795277
21
-4.0298251574803148
0
LINE
8
BLACK
6
CONTINUOUS
10
4.8909697637795277
20
-4.0298251574803148
11
4.8903937007874019
21
-4.0298818897637796
0
LINE
8
BLACK
6
CONTINUOUS
10
4.8903937007874019
20
-4.0298818897637796
11
4.7801574803149602
21
-4.0298818897637796
0
LINE
8
BLACK
6
CONTINUOUS
10
4.7801574803149602
20
-4.0298818897637796
11
4.7795814173228344
21
-4.0298251574803148
0
LINE
8
BLACK
6
CONTINUOUS
10
4.7795814173228344
20
-4.0298251574803148
11
4.778517007874016
21
-4.0293842519685041
0
LINE
8
BLACK
6
CONTINUOUS
10
4.778517007874016
20
-4.0293842519685041
11
4.7777023622047246
21
-4.0285696062992127
0
LINE
8
BLACK
6
CONTINUOUS
10
4.7777023622047246
20
-4.0285696062992127
11
4.777261456692913
21
-4.0275051968503934
0
LINE
8
BLACK
6
CONTINUOUS
10
4.777261456692913
20
-4.0275051968503934
11
4.777261456692913
21
-4.0263530708661417
0
LINE
8
BLACK
6
CONTINUOUS
10
4.777261456692913
20
-4.0263530708661417
11
4.7777023622047246
21
-4.0252886614173224
0
LINE
8
BLACK
6
CONTINUOUS
10
4.7777023622047246
20
-4.0252886614173224
11
4.778517007874016
21
-4.024474015748031
0
LINE
8
BLACK
6
CONTINUOUS
10
4.778517007874016
20
-4.024474015748031
11
4.7795814173228344
21
-4.0240331102362203
0
LINE
8
BLACK
6
CONTINUOUS
10
4.7795814173228344
20
-4.0240331102362203
11
4.7801574803149602
21
-4.0239763779527555
0
LINE
8
BLACK
6
CONTINUOUS
10
4.7801574803149602
20
-4.0239763779527555
11
4.8903937007874019
21
-4.0239763779527555
0
LINE
8
BLACK
6
CONTINUOUS
10
4.8903937007874019
20
-4.0239763779527555
11
4.8909697637795277
21
-4.0240331102362203
0
LINE
8
BLACK
6
CONTINUOUS
10
6.6616404724409444
20
-3.9222692913385826
11
6.6624551181102358
21
-3.9230839370078741
0
LINE
8
BLACK
6
CONTINUOUS
10
6.6624551181102358
20
-3.9230839370078741
11
6.6628960236220474
21
-3.9241483464566929
0
LINE
8
BLACK
6
CONTINUOUS
10
6.6628960236220474
20
-3.9241483464566929
11
6.6629527559055113
21
-3.9247244094488187
0
LINE
8
BLACK
6
CONTINUOUS
10
6.6629527559055113
20
-3.9247244094488187
11
6.6629527559055113
21
-4.011771653543307
0
LINE
8
BLACK
6
CONTINUOUS
10
6.6629527559055113
20
-4.011771653543307
11
6.8570472440944883
21
-4.011771653543307
0
LINE
8
BLACK
6
CONTINUOUS
10
6.8570472440944883
20
-4.011771653543307
11
6.8570472440944883
21
-3.9247244094488187
0
LINE
8
BLACK
6
CONTINUOUS
10
6.8570472440944883
20
-3.9247244094488187
11
6.8571039763779522
21
-3.9241483464566929
0
LINE
8
BLACK
6
CONTINUOUS
10
6.8571039763779522
20
-3.9241483464566929
11
6.8575448818897637
21
-3.9230839370078741
0
LINE
8
BLACK
6
CONTINUOUS
10
6.8575448818897637
20
-3.9230839370078741
11
6.8583595275590552
21
-3.9222692913385826
0
LINE
8
BLACK
6
CONTINUOUS
10
6.8583595275590552
20
-3.9222692913385826
11
6.8594239370078736
21
-3.9218283858267715
0
LINE
8
BLACK
6
CONTINUOUS
10
6.8594239370078736
20
-3.9218283858267715
11
6.8605760629921262
21
-3.9218283858267715
0
LINE
8
BLACK
6
CONTINUOUS
10
6.8605760629921262
20
-3.9218283858267715
11
6.8616404724409445
21
-3.9222692913385826
0
LINE
8
BLACK
6
CONTINUOUS
10
6.8616404724409445
20
-3.9222692913385826
11
6.862455118110236
21
-3.9230839370078741
0
LINE
8
BLACK
6
CONTINUOUS
10
6.862455118110236
20
-3.9230839370078741
11
6.8628960236220466
21
-3.9241483464566929
0
LINE
8
BLACK
6
CONTINUOUS
10
6.8628960236220466
20
-3.9241483464566929
11
6.8629527559055115
21
-3.9247244094488187
0
LINE
8
BLACK
6
CONTINUOUS
10
6.8629527559055115
20
-3.9247244094488187
11
6.8629527559055115
21
-4.014724409448819
0
LINE
8
BLACK
6
CONTINUOUS
10
6.8629527559055115
20
-4.014724409448819
11
6.8628960236220466
21
-4.0153004724409449
0
LINE
8
BLACK
6
CONTINUOUS
10
6.8628960236220466
20
-4.0153004724409449
11
6.862455118110236
21
-4.0163648818897633
0
LINE
8
BLACK
6
CONTINUOUS
10
6.862455118110236
20
-4.0163648818897633
11
6.8616404724409445
21
-4.0171795275590547
0
LINE
8
BLACK
6
CONTINUOUS
10
6.8616404724409445
20
-4.0171795275590547
11
6.8605760629921262
21
-4.0176204330708662
0
LINE
8
BLACK
6
CONTINUOUS
10
6.8605760629921262
20
-4.0176204330708662
11
6.8599999999999994
21
-4.0176771653543311
0
LINE
8
BLACK
6
CONTINUOUS
10
6.8599999999999994
20
-4.0176771653543311
11
6.6600000000000001
21
-4.0176771653543311
0
LINE
8
BLACK
6
CONTINUOUS
10
6.6600000000000001
20
-4.0176771653543311
11
6.6594239370078743
21
-4.0176204330708662
0
LINE
8
BLACK
6
CONTINUOUS
10
6.6594239370078743
20
-4.0176204330708662
11
6.658359527559055
21
-4.0171795275590547
0
LINE
8
BLACK
6
CONTINUOUS
10
6.658359527559055
20
-4.0171795275590547
11
6.6575448818897636
21
-4.0163648818897633
0
LINE
8
BLACK
6
CONTINUOUS
10
6.6575448818897636
20
-4.0163648818897633
11
6.6571039763779529
21
-4.0153004724409449
0
LINE
8
BLACK
6
CONTINUOUS
10
6.6571039763779529
20
-4.0153004724409449
11
6.6570472440944881
21
-4.014724409448819
0
LINE
8
BLACK
6
CONTINUOUS
10
6.6570472440944881
20
-4.014724409448819
11
6.6570472440944881
21
-3.9247244094488187
0
LINE
8
BLACK
6
CONTINUOUS
10
6.6570472440944881
20
-3.9247244094488187
11
6.6571039763779529
21
-3.9241483464566929
0
LINE
8
BLACK
6
CONTINUOUS
10
6.6571039763779529
20
-3.9241483464566929
11
6.6575448818897636
21
-3.9230839370078741
0
LINE
8
BLACK
6
CONTINUOUS
10
6.6575448818897636
20
-3.9230839370078741
11
6.658359527559055
21
-3.9222692913385826
0
LINE
8
BLACK
6
CONTINUOUS
10
6.658359527559055
20
-3.9222692913385826
11
6.6594239370078743
21
-3.9218283858267715
0
LINE
8
BLACK
6
CONTINUOUS
10
6.6594239370078743
20
-3.9218283858267715
11
6.660576062992126
21
-3.9218283858267715
0
LINE
8
BLACK
6
CONTINUOUS
10
6.660576062992126
20
-3.9218283858267715
11
6.6616404724409444
21
-3.9222692913385826
0
LINE
8
BLACK
6
CONTINUOUS
10
6.5337280314960626
20
-3.9329498031496062
11
6.5338587401574806
21
-3.9330039370078738
0
LINE
8
BLACK
6
CONTINUOUS
10
6.5338587401574806
20
-3.9330039370078738
11
6.5339998425196848
21
-3.9330139763779526
0
LINE
8
BLACK
6
CONTINUOUS
10
6.5339998425196848
20
-3.9330139763779526
11
6.5347206299212601
21
-3.9332898031496062
0
LINE
8
BLACK
6
CONTINUOUS
10
6.5347206299212601
20
-3.9332898031496062
11
6.5395950787401578
21
-3.9357270078740156
0
LINE
8
BLACK
6
CONTINUOUS
10
6.5395950787401578
20
-3.9357270078740156
11
6.5402482283464565
21
-3.936138149606299
0
LINE
8
BLACK
6
CONTINUOUS
10
6.5402482283464565
20
-3.936138149606299
11
6.5412546850393696
21
-3.9372986614173229
0
LINE
8
BLACK
6
CONTINUOUS
10
6.5412546850393696
20
-3.9372986614173229
11
6.5417404724409449
21
-3.9387559842519684
0
LINE
8
BLACK
6
CONTINUOUS
10
6.5417404724409449
20
-3.9387559842519684
11
6.5416315748031497
21
-3.9402882677165354
0
LINE
8
BLACK
6
CONTINUOUS
10
6.5416315748031497
20
-3.9402882677165354
11
6.5409446062992123
21
-3.9416622440944882
0
LINE
8
BLACK
6
CONTINUOUS
10
6.5409446062992123
20
-3.9416622440944882
11
6.5397840944881889
21
-3.9426687007874013
0
LINE
8
BLACK
6
CONTINUOUS
10
6.5397840944881889
20
-3.9426687007874013
11
6.5383267716535434
21
-3.9431544881889762
0
LINE
8
BLACK
6
CONTINUOUS
10
6.5383267716535434
20
-3.9431544881889762
11
6.5367944881889759
21
-3.943045590551181
0
LINE
8
BLACK
6
CONTINUOUS
10
6.5367944881889759
20
-3.943045590551181
11
6.5360737007874015
21
-3.9427697637795274
0
LINE
8
BLACK
6
CONTINUOUS
10
6.5360737007874015
20
-3.9427697637795274
11
6.5320305511811023
21
-3.9407481889763778
0
LINE
8
BLACK
6
CONTINUOUS
10
6.5320305511811023
20
-3.9407481889763778
11
6.5262872440944877
21
-3.9407481889763778
0
LINE
8
BLACK
6
CONTINUOUS
10
6.5262872440944877
20
-3.9407481889763778
11
6.5204635433070868
21
-3.942689409448819
0
LINE
8
BLACK
6
CONTINUOUS
10
6.5204635433070868
20
-3.942689409448819
11
6.5166980314960625
21
-3.9464549212598423
0
LINE
8
BLACK
6
CONTINUOUS
10
6.5166980314960625
20
-3.9464549212598423
11
6.5147397637795272
21
-3.9503714566929133
0
LINE
8
BLACK
6
CONTINUOUS
10
6.5147397637795272
20
-3.9503714566929133
11
6.5125250393700789
21
-3.9592305118110236
0
LINE
8
BLACK
6
CONTINUOUS
10
6.5125250393700789
20
-3.9592305118110236
11
6.5125250393700789
21
-3.9655729133858268
0
LINE
8
BLACK
6
CONTINUOUS
10
6.5125250393700789
20
-3.9655729133858268
11
6.514739803149606
21
-3.9744320866141734
0
LINE
8
BLACK
6
CONTINUOUS
10
6.514739803149606
20
-3.9744320866141734
11
6.5166980314960625
21
-3.9783485433070864
0
LINE
8
BLACK
6
CONTINUOUS
10
6.5166980314960625
20
-3.9783485433070864
11
6.5204635433070868
21
-3.9821140551181102
0
LINE
8
BLACK
6
CONTINUOUS
10
6.5204635433070868
20
-3.9821140551181102
11
6.5262872440944877
21
-3.9840552755905509
0
LINE
8
BLACK
6
CONTINUOUS
10
6.5262872440944877
20
-3.9840552755905509
11
6.5298839370078738
21
-3.9840552755905509
0
LINE
8
BLACK
6
CONTINUOUS
10
6.5298839370078738
20
-3.9840552755905509
11
6.5357076377952756
21
-3.9821140551181102
0
LINE
8
BLACK
6
CONTINUOUS
10
6.5357076377952756
20
-3.9821140551181102
11
6.5363345275590552
21
-3.9814871653543307
0
LINE
8
BLACK
6
CONTINUOUS
10
6.5363345275590552
20
-3.9814871653543307
11
6.5363345275590552
21
-3.9699945275590549
0
LINE
8
BLACK
6
CONTINUOUS
10
6.5363345275590552
20
-3.9699945275590549
11
6.5305227559055119
21
-3.9699945275590549
0
LINE
8
BLACK
6
CONTINUOUS
10
6.5305227559055119
20
-3.9699945275590549
11
6.5297546850393697
21
-3.969918897637795
0
LINE
8
BLACK
6
CONTINUOUS
10
6.5297546850393697
20
-3.969918897637795
11
6.5283354724409444
21
-3.9693310236220474
0
LINE
8
BLACK
6
CONTINUOUS
10
6.5283354724409444
20
-3.9693310236220474
11
6.5272492519685041
21
-3.9682448031496063
0
LINE
8
BLACK
6
CONTINUOUS
10
6.5272492519685041
20
-3.9682448031496063
11
6.526661377952756
21
-3.9668255905511809
0
LINE
8
BLACK
6
CONTINUOUS
10
6.526661377952756
20
-3.9668255905511809
11
6.526661377952756
21
-3.9652894488188974
0
LINE
8
BLACK
6
CONTINUOUS
10
6.526661377952756
20
-3.9652894488188974
11
6.5272492519685041
21
-3.9638702362204725
0
LINE
8
BLACK
6
CONTINUOUS
10
6.5272492519685041
20
-3.9638702362204725
11
6.5283354724409444
21
-3.9627840157480314
0
LINE
8
BLACK
6
CONTINUOUS
10
6.5283354724409444
20
-3.9627840157480314
11
6.5297546850393697
21
-3.9621961417322833
0
LINE
8
BLACK
6
CONTINUOUS
10
6.5297546850393697
20
-3.9621961417322833
11
6.5305227559055119
21
-3.9621205118110234
0
LINE
8
BLACK
6
CONTINUOUS
10
6.5305227559055119
20
-3.9621205118110234
11
6.5402715354330709
21
-3.9621205118110234
0
LINE
8
BLACK
6
CONTINUOUS
10
6.5402715354330709
20
-3.9621205118110234
11
6.5410396062992122
21
-3.9621961417322833
0
LINE
8
BLACK
6
CONTINUOUS
10
6.5410396062992122
20
-3.9621961417322833
11
6.5424588188976376
21
-3.9627840157480314
0
LINE
8
BLACK
6
CONTINUOUS
10
6.5424588188976376
20
-3.9627840157480314
11
6.5435450393700787
21
-3.9638702362204725
0
LINE
8
BLACK
6
CONTINUOUS
10
6.5435450393700787
20
-3.9638702362204725
11
6.5441329133858268
21
-3.9652894488188974
0
LINE
8
BLACK
6
CONTINUOUS
10
6.5441329133858268
20
-3.9652894488188974
11
6.5442085433070867
21
-3.9660575196850392
0
LINE
8
BLACK
6
CONTINUOUS
10
6.5442085433070867
20
-3.9660575196850392
11
6.5442085433070867
21
-3.9831179133858265
0
LINE
8
BLACK
6
CONTINUOUS
10
6.5442085433070867
20
-3.9831179133858265
11
6.5441329133858268
21
-3.9838859842519683
0
LINE
8
BLACK
6
CONTINUOUS
10
6.5441329133858268
20
-3.9838859842519683
11
6.5440314566929132
21
-3.9841309055118108
0
LINE
8
BLACK
6
CONTINUOUS
10
6.5440314566929132
20
-3.9841309055118108
11
6.5435450787401575
21
-3.9853051968503936
0
LINE
8
BLACK
6
CONTINUOUS
10
6.5435450787401575
20
-3.9853051968503936
11
6.5430554330708661
21
-3.9859017716535434
0
LINE
8
BLACK
6
CONTINUOUS
10
6.5430554330708661
20
-3.9859017716535434
11
6.5406182677165354
21
-3.9883389763779529
0
LINE
8
BLACK
6
CONTINUOUS
10
6.5406182677165354
20
-3.9883389763779529
11
6.5400216929133856
21
-3.9888286220472442
0
LINE
8
BLACK
6
CONTINUOUS
10
6.5400216929133856
20
-3.9888286220472442
11
6.5398909055118111
21
-3.9888827559055118
0
LINE
8
BLACK
6
CONTINUOUS
10
6.5398909055118111
20
-3.9888827559055118
11
6.5397840551181101
21
-3.988975472440945
0
LINE
8
BLACK
6
CONTINUOUS
10
6.5397840551181101
20
-3.988975472440945
11
6.5390793307086614
21
-3.9892901181102363
0
LINE
8
BLACK
6
CONTINUOUS
10
6.5390793307086614
20
-3.9892901181102363
11
6.5317677165354331
21
-3.9917272440944882
0
LINE
8
BLACK
6
CONTINUOUS
10
6.5317677165354331
20
-3.9917272440944882
11
6.531386968503937
21
-3.9918138188976378
0
LINE
8
BLACK
6
CONTINUOUS
10
6.531386968503937
20
-3.9918138188976378
11
6.5312908267716532
21
-3.9918536614173226
0
LINE
8
BLACK
6
CONTINUOUS
10
6.5312908267716532
20
-3.9918536614173226
11
6.5311514566929132
21
-3.9918673622047245
0
LINE
8
BLACK
6
CONTINUOUS
10
6.5311514566929132
20
-3.9918673622047245
11
6.531015157480315
21
-3.9918983858267714
0
LINE
8
BLACK
6
CONTINUOUS
10
6.531015157480315
20
-3.9918983858267714
11
6.5309114566929134
21
-3.9918909842519685
0
LINE
8
BLACK
6
CONTINUOUS
10
6.5309114566929134
20
-3.9918909842519685
11
6.5305227559055119
21
-3.9919292913385824
0
LINE
8
BLACK
6
CONTINUOUS
10
6.5305227559055119
20
-3.9919292913385824
11
6.5256483858267718
21
-3.9919292913385824
0
LINE
8
BLACK
6
CONTINUOUS
10
6.5256483858267718
20
-3.9919292913385824
11
6.5252596456692915
21
-3.9918909842519685
0
LINE
8
BLACK
6
CONTINUOUS
10
6.5252596456692915
20
-3.9918909842519685
11
6.5251559842519686
21
-3.9918983858267714
0
LINE
8
BLACK
6
CONTINUOUS
10
6.5251559842519686
20
-3.9918983858267714
11
6.5250195669291333
21
-3.9918673622047245
0
LINE
8
BLACK
6
CONTINUOUS
10
6.5250195669291333
20
-3.9918673622047245
11
6.5248803149606296
21
-3.9918536614173226
0
LINE
8
BLACK
6
CONTINUOUS
10
6.5248803149606296
20
-3.9918536614173226
11
6.5247842125984254
21
-3.9918138582677165
0
LINE
8
BLACK
6
CONTINUOUS
10
6.5247842125984254
20
-3.9918138582677165
11
6.5244034251968506
21
-3.991727283464567
0
LINE
8
BLACK
6
CONTINUOUS
10
6.5244034251968506
20
-3.991727283464567
11
6.517091850393701
21
-3.9892900787401575
0
LINE
8
BLACK
6
CONTINUOUS
10
6.517091850393701
20
-3.9892900787401575
11
6.5163870866141727
21
-3.988975472440945
0
LINE
8
BLACK
6
CONTINUOUS
10
6.5163870866141727
20
-3.988975472440945
11
6.5162801574803151
21
-3.988882716535433
0
LINE
8
BLACK
6
CONTINUOUS
10
6.5162801574803151
20
-3.988882716535433
11
6.5161495275590546
21
-3.9888286220472442
0
LINE
8
BLACK
6
CONTINUOUS
10
6.5161495275590546
20
-3.9888286220472442
11
6.515552913385827
21
-3.9883390157480316
0
LINE
8
BLACK
6
CONTINUOUS
10
6.515552913385827
20
-3.9883390157480316
11
6.5106785039370081
21
-3.9834646062992127
0
LINE
8
BLACK
6
CONTINUOUS
10
6.5106785039370081
20
-3.9834646062992127
11
6.5104307874015745
21
-3.9831627559055116
0
LINE
8
BLACK
6
CONTINUOUS
10
6.5104307874015745
20
-3.9831627559055116
11
6.5103521653543304
21
-3.9830945669291338
0
LINE
8
BLACK
6
CONTINUOUS
10
6.5103521653543304
20
-3.9830945669291338
11
6.5102775196850393
21
-3.9829759842519685
0
LINE
8
BLACK
6
CONTINUOUS
10
6.5102775196850393
20
-3.9829759842519685
11
6.5101888976377955
21
-3.9828679921259842
0
LINE
8
BLACK
6
CONTINUOUS
10
6.5101888976377955
20
-3.9828679921259842
11
6.5101491338582678
21
-3.9827720472440946
0
LINE
8
BLACK
6
CONTINUOUS
10
6.5101491338582678
20
-3.9827720472440946
11
6.509941023622047
21
-3.9824414173228346
0
LINE
8
BLACK
6
CONTINUOUS
10
6.509941023622047
20
-3.9824414173228346
11
6.5075038188976375
21
-3.977566968503937
0
LINE
8
BLACK
6
CONTINUOUS
10
6.5075038188976375
20
-3.977566968503937
11
6.5074823228346457
21
-3.9775107874015747
0
LINE
8
BLACK
6
CONTINUOUS
10
6.5074823228346457
20
-3.9775107874015747
11
6.5074653937007874
21
-3.9774879527559053
0
LINE
8
BLACK
6
CONTINUOUS
10
6.5074653937007874
20
-3.9774879527559053
11
6.507350275590551
21
-3.9771657874015749
0
LINE
8
BLACK
6
CONTINUOUS
10
6.507350275590551
20
-3.9771657874015749
11
6.5072279921259844
21
-3.9768461811023621
0
LINE
8
BLACK
6
CONTINUOUS
10
6.5072279921259844
20
-3.9768461811023621
11
6.5072259448818892
21
-3.9768177952755903
0
LINE
8
BLACK
6
CONTINUOUS
10
6.5072259448818892
20
-3.9768177952755903
11
6.5072057480314962
21
-3.9767611811023622
0
LINE
8
BLACK
6
CONTINUOUS
10
6.5072057480314962
20
-3.9767611811023622
11
6.5047685826771655
21
-3.9670123622047244
0
LINE
8
BLACK
6
CONTINUOUS
10
6.5047685826771655
20
-3.9670123622047244
11
6.5047488976377954
21
-3.9668792913385826
0
LINE
8
BLACK
6
CONTINUOUS
10
6.5047488976377954
20
-3.9668792913385826
11
6.5047266535433073
21
-3.9668255905511809
0
LINE
8
BLACK
6
CONTINUOUS
10
6.5047266535433073
20
-3.9668255905511809
11
6.5046981496062992
21
-3.9665361417322833
0
LINE
8
BLACK
6
CONTINUOUS
10
6.5046981496062992
20
-3.9665361417322833
11
6.5046556692913384
21
-3.966248897637795
0
LINE
8
BLACK
6
CONTINUOUS
10
6.5046556692913384
20
-3.966248897637795
11
6.5046642125984251
21
-3.9661914566929135
0
LINE
8
BLACK
6
CONTINUOUS
10
6.5046642125984251
20
-3.9661914566929135
11
6.5046510236220474
21
-3.9660575196850392
0
LINE
8
BLACK
6
CONTINUOUS
10
6.5046510236220474
20
-3.9660575196850392
11
6.5046510236220474
21
-3.9587459448818896
0
LINE
8
BLACK
6
CONTINUOUS
10
6.5046510236220474
20
-3.9587459448818896
11
6.5046642125984251
21
-3.9586119685039369
0
LINE
8
BLACK
6
CONTINUOUS
10
6.5046642125984251
20
-3.9586119685039369
11
6.5046556692913384
21
-3.9585545669291338
0
LINE
8
BLACK
6
CONTINUOUS
10
6.5046556692913384
20
-3.9585545669291338
11
6.5046981496062992
21
-3.9582672834645667
0
LINE
8
BLACK
6
CONTINUOUS
10
6.5046981496062992
20
-3.9582672834645667
11
6.5047266535433073
21
-3.9579778740157479
0
LINE
8
BLACK
6
CONTINUOUS
10
6.5047266535433073
20
-3.9579778740157479
11
6.5047488976377954
21
-3.9579241338582678
0
LINE
8
BLACK
6
CONTINUOUS
10
6.5047488976377954
20
-3.9579241338582678
11
6.5047685826771655
21
-3.9577911023622048
0
LINE
8
BLACK
6
CONTINUOUS
10
6.5047685826771655
20
-3.9577911023622048
11
6.5072057480314962
21
-3.948042283464567
0
LINE
8
BLACK
6
CONTINUOUS
10
6.5072057480314962
20
-3.948042283464567
11
6.5072259448818892
21
-3.9479856299212597
0
LINE
8
BLACK
6
CONTINUOUS
10
6.5072259448818892
20
-3.9479856299212597
11
6.5072279921259844
21
-3.9479572834645666
0
LINE
8
BLACK
6
CONTINUOUS
10
6.5072279921259844
20
-3.9479572834645666
11
6.5073503543307085
21
-3.947637401574803
0
LINE
8
BLACK
6
CONTINUOUS
10
6.5073503543307085
20
-3.947637401574803
11
6.5074653937007874
21
-3.9473155118110235
0
LINE
8
BLACK
6
CONTINUOUS
10
6.5074653937007874
20
-3.9473155118110235
11
6.5074822834645669
21
-3.947292677165354
0
LINE
8
BLACK
6
CONTINUOUS
10
6.5074822834645669
20
-3.947292677165354
11
6.5075038188976375
21
-3.9472364566929135
0
LINE
8
BLACK
6
CONTINUOUS
10
6.5075038188976375
20
-3.9472364566929135
11
6.509941023622047
21
-3.9423620866141733
0
LINE
8
BLACK
6
CONTINUOUS
10
6.509941023622047
20
-3.9423620866141733
11
6.5101491338582678
21
-3.9420314173228346
0
LINE
8
BLACK
6
CONTINUOUS
10
6.5101491338582678
20
-3.9420314173228346
11
6.5101888976377955
21
-3.9419355118110238
0
LINE
8
BLACK
6
CONTINUOUS
10
6.5101888976377955
20
-3.9419355118110238
11
6.5102775196850393
21
-3.9418274803149607
0
LINE
8
BLACK
6
CONTINUOUS
10
6.5102775196850393
20
-3.9418274803149607
11
6.5103521653543304
21
-3.9417089370078737
0
LINE
8
BLACK
6
CONTINUOUS
10
6.5103521653543304
20
-3.9417089370078737
11
6.5104307874015745
21
-3.9416407086614171
0
LINE
8
BLACK
6
CONTINUOUS
10
6.5104307874015745
20
-3.9416407086614171
11
6.5106785039370081
21
-3.9413388976377952
0
LINE
8
BLACK
6
CONTINUOUS
10
6.5106785039370081
20
-3.9413388976377952
11
6.515552913385827
21
-3.9364644881889763
0
LINE
8
BLACK
6
CONTINUOUS
10
6.515552913385827
20
-3.9364644881889763
11
6.5161495275590546
21
-3.9359748818897637
0
LINE
8
BLACK
6
CONTINUOUS
10
6.5161495275590546
20
-3.9359748818897637
11
6.5162801574803151
21
-3.9359207480314962
0
LINE
8
BLACK
6
CONTINUOUS
10
6.5162801574803151
20
-3.9359207480314962
11
6.5163870866141727
21
-3.935828031496063
0
LINE
8
BLACK
6
CONTINUOUS
10
6.5163870866141727
20
-3.935828031496063
11
6.5170918110236222
21
-3.9355134251968504
0
LINE
8
BLACK
6
CONTINUOUS
10
6.5170918110236222
20
-3.9355134251968504
11
6.5244033858267718
21
-3.933076220472441
0
LINE
8
BLACK
6
CONTINUOUS
10
6.5244033858267718
20
-3.933076220472441
11
6.5247841338582679
21
-3.9329896062992127
0
LINE
8
BLACK
6
CONTINUOUS
10
6.5247841338582679
20
-3.9329896062992127
11
6.5248803149606296
21
-3.9329498031496062
0
LINE
8
BLACK
6
CONTINUOUS
10
6.5248803149606296
20
-3.9329498031496062
11
6.5250196062992121
21
-3.9329360629921259
0
LINE
8
BLACK
6
CONTINUOUS
10
6.5250196062992121
20
-3.9329360629921259
11
6.5251559842519686
21
-3.9329050787401574
0
LINE
8
BLACK
6
CONTINUOUS
10
6.5251559842519686
20
-3.9329050787401574
11
6.5252596456692915
21
-3.9329124409448819
0
LINE
8
BLACK
6
CONTINUOUS
10
6.5252596456692915
20
-3.9329124409448819
11
6.5256483858267718
21
-3.9328741732283463
0
LINE
8
BLACK
6
CONTINUOUS
10
6.5256483858267718
20
-3.9328741732283463
11
6.5329599606299213
21
-3.9328741732283463
0
LINE
8
BLACK
6
CONTINUOUS
10
6.5329599606299213
20
-3.9328741732283463
11
6.5337280314960626
21
-3.9329498031496062
0
LINE
8
BLACK
6
CONTINUOUS
10
6.6283992913385825
20
-3.9329124409448819
11
6.6285030314960629
21
-3.9329050787401574
0
LINE
8
BLACK
6
CONTINUOUS
10
6.6285030314960629
20
-3.9329050787401574
11
6.6286393700787398
21
-3.9329360629921259
0
LINE
8
BLACK
6
CONTINUOUS
10
6.6286393700787398
20
-3.9329360629921259
11
6.6287786614173223
21
-3.9329498031496062
0
LINE
8
BLACK
6
CONTINUOUS
10
6.6287786614173223
20
-3.9329498031496062
11
6.6288747637795273
21
-3.9329896062992127
0
LINE
8
BLACK
6
CONTINUOUS
10
6.6288747637795273
20
-3.9329896062992127
11
6.629255590551181
21
-3.933076220472441
0
LINE
8
BLACK
6
CONTINUOUS
10
6.629255590551181
20
-3.933076220472441
11
6.6365671653543306
21
-3.9355134251968504
0
LINE
8
BLACK
6
CONTINUOUS
10
6.6365671653543306
20
-3.9355134251968504
11
6.6372718897637792
21
-3.9358280708661417
0
LINE
8
BLACK
6
CONTINUOUS
10
6.6372718897637792
20
-3.9358280708661417
11
6.6373787007874014
21
-3.9359207086614174
0
LINE
8
BLACK
6
CONTINUOUS
10
6.6373787007874014
20
-3.9359207086614174
11
6.6375094488188973
21
-3.9359748818897637
0
LINE
8
BLACK
6
CONTINUOUS
10
6.6375094488188973
20
-3.9359748818897637
11
6.6381060629921258
21
-3.9364644881889763
0
LINE
8
BLACK
6
CONTINUOUS
10
6.6381060629921258
20
-3.9364644881889763
11
6.6429804724409447
21
-3.9413388976377952
0
LINE
8
BLACK
6
CONTINUOUS
10
6.6429804724409447
20
-3.9413388976377952
11
6.6432281496062995
21
-3.9416407086614171
0
LINE
8
BLACK
6
CONTINUOUS
10
6.6432281496062995
20
-3.9416407086614171
11
6.6433068110236215
21
-3.9417089370078737
0
LINE
8
BLACK
6
CONTINUOUS
10
6.6433068110236215
20
-3.9417089370078737
11
6.6433814173228347
21
-3.9418274803149607
0
LINE
8
BLACK
6
CONTINUOUS
10
6.6433814173228347
20
-3.9418274803149607
11
6.6434700787401573
21
-3.9419355118110238
0
LINE
8
BLACK
6
CONTINUOUS
10
6.6434700787401573
20
-3.9419355118110238
11
6.6435098031496063
21
-3.9420314173228346
0
LINE
8
BLACK
6
CONTINUOUS
10
6.6435098031496063
20
-3.9420314173228346
11
6.6437179527559049
21
-3.9423620866141733
0
LINE
8
BLACK
6
CONTINUOUS
10
6.6437179527559049
20
-3.9423620866141733
11
6.6461551574803144
21
-3.9472364566929135
0
LINE
8
BLACK
6
CONTINUOUS
10
6.6461551574803144
20
-3.9472364566929135
11
6.6461766535433071
21
-3.947292677165354
0
LINE
8
BLACK
6
CONTINUOUS
10
6.6461766535433071
20
-3.947292677165354
11
6.6461935826771654
21
-3.9473155118110235
0
LINE
8
BLACK
6
CONTINUOUS
10
6.6461935826771654
20
-3.9473155118110235
11
6.6463084645669293
21
-3.9476371653543305
0
LINE
8
BLACK
6
CONTINUOUS
10
6.6463084645669293
20
-3.9476371653543305
11
6.6464309842519684
21
-3.9479572834645666
0
LINE
8
BLACK
6
CONTINUOUS
10
6.6464309842519684
20
-3.9479572834645666
11
6.6464329921259839
21
-3.9479857086614172
0
LINE
8
BLACK
6
CONTINUOUS
10
6.6464329921259839
20
-3.9479857086614172
11
6.6464532283464566
21
-3.9480423228346457
0
LINE
8
BLACK
6
CONTINUOUS
10
6.6464532283464566
20
-3.9480423228346457
11
6.6488903937007873
21
-3.9577911023622048
0
LINE
8
BLACK
6
CONTINUOUS
10
6.6488903937007873
20
-3.9577911023622048
11
6.6489100393700786
21
-3.9579241338582678
0
LINE
8
BLACK
6
CONTINUOUS
10
6.6489100393700786
20
-3.9579241338582678
11
6.6489323228346455
21
-3.9579778740157479
0
LINE
8
BLACK
6
CONTINUOUS
10
6.6489323228346455
20
-3.9579778740157479
11
6.6489607874015748
21
-3.9582672834645667
0
LINE
8
BLACK
6
CONTINUOUS
10
6.6489607874015748
20
-3.9582672834645667
11
6.6490033070866144
21
-3.9585545669291338
0
LINE
8
BLACK
6
CONTINUOUS
10
6.6490033070866144
20
-3.9585545669291338
11
6.6489947244094489
21
-3.9586119685039369
0
LINE
8
BLACK
6
CONTINUOUS
10
6.6489947244094489
20
-3.9586119685039369
11
6.6490079527559054
21
-3.9587459448818896
0
LINE
8
BLACK
6
CONTINUOUS
10
6.6490079527559054
20
-3.9587459448818896
11
6.6490079527559054
21
-3.9660575196850392
0
LINE
8
BLACK
6
CONTINUOUS
10
6.6490079527559054
20
-3.9660575196850392
11
6.6489947244094489
21
-3.9661914566929135
0
LINE
8
BLACK
6
CONTINUOUS
10
6.6489947244094489
20
-3.9661914566929135
11
6.6490033070866144
21
-3.966248897637795
0
LINE
8
BLACK
6
CONTINUOUS
10
6.6490033070866144
20
-3.966248897637795
11
6.6489607874015748
21
-3.9665361417322833
0
LINE
8
BLACK
6
CONTINUOUS
10
6.6489607874015748
20
-3.9665361417322833
11
6.6489323228346455
21
-3.9668255905511809
0
LINE
8
BLACK
6
CONTINUOUS
10
6.6489323228346455
20
-3.9668255905511809
11
6.6489100393700786
21
-3.9668792913385826
0
LINE
8
BLACK
6
CONTINUOUS
10
6.6489100393700786
20
-3.9668792913385826
11
6.6488903937007873
21
-3.9670123622047244
0
LINE
8
BLACK
6
CONTINUOUS
10
6.6488903937007873
20
-3.9670123622047244
11
6.6464532283464566
21
-3.9767611417322835
0
LINE
8
BLACK
6
CONTINUOUS
10
6.6464532283464566
20
-3.9767611417322835
11
6.6464329921259839
21
-3.9768177165354328
0
LINE
8
BLACK
6
CONTINUOUS
10
6.6464329921259839
20
-3.9768177165354328
11
6.6464309842519684
21
-3.9768461811023621
0
LINE
8
BLACK
6
CONTINUOUS
10
6.6464309842519684
20
-3.9768461811023621
11
6.6463085826771655
21
-3.977166023622047
0
LINE
8
BLACK
6
CONTINUOUS
10
6.6463085826771655
20
-3.977166023622047
11
6.6461935826771654
21
-3.9774879527559053
0
LINE
8
BLACK
6
CONTINUOUS
10
6.6461935826771654
20
-3.9774879527559053
11
6.6461766141732284
21
-3.9775107874015747
0
LINE
8
BLACK
6
CONTINUOUS
10
6.6461766141732284
20
-3.9775107874015747
11
6.6461551574803144
21
-3.977566968503937
0
LINE
8
BLACK
6
CONTINUOUS
10
6.6461551574803144
20
-3.977566968503937
11
6.6437179527559049
21
-3.9824413779527559
0
LINE
8
BLACK
6
CONTINUOUS
10
6.6437179527559049
20
-3.9824413779527559
11
6.6435098031496063
21
-3.9827720078740159
0
LINE
8
BLACK
6
CONTINUOUS
10
6.6435098031496063
20
-3.9827720078740159
11
6.6434700787401573
21
-3.9828679921259842
0
LINE
8
BLACK
6
CONTINUOUS
10
6.6434700787401573
20
-3.9828679921259842
11
6.6433814173228347
21
-3.9829759842519685
0
LINE
8
BLACK
6
CONTINUOUS
10
6.6433814173228347
20
-3.9829759842519685
11
6.6433068110236215
21
-3.9830945669291338
0
LINE
8
BLACK
6
CONTINUOUS
10
6.6433068110236215
20
-3.9830945669291338
11
6.6432281496062995
21
-3.9831627559055116
0
LINE
8
BLACK
6
CONTINUOUS
10
6.6432281496062995
20
-3.9831627559055116
11
6.6429804724409447
21
-3.9834646062992127
0
LINE
8
BLACK
6
CONTINUOUS
10
6.6429804724409447
20
-3.9834646062992127
11
6.6381060629921258
21
-3.9883390157480316
0
LINE
8
BLACK
6
CONTINUOUS
10
6.6381060629921258
20
-3.9883390157480316
11
6.6375094488188973
21
-3.9888286220472442
0
LINE
8
BLACK
6
CONTINUOUS
10
6.6375094488188973
20
-3.9888286220472442
11
6.6373788188976377
21
-3.988882716535433
0
LINE
8
BLACK
6
CONTINUOUS
10
6.6373788188976377
20
-3.988882716535433
11
6.6372718897637792
21
-3.988975472440945
0
LINE
8
BLACK
6
CONTINUOUS
10
6.6372718897637792
20
-3.988975472440945
11
6.6365671653543306
21
-3.9892900787401575
0
LINE
8
BLACK
6
CONTINUOUS
10
6.6365671653543306
20
-3.9892900787401575
11
6.6292555511811022
21
-3.9917272440944882
0
LINE
8
BLACK
6
CONTINUOUS
10
6.6292555511811022
20
-3.9917272440944882
11
6.6288748031496061
21
-3.9918138188976378
0
LINE
8
BLACK
6
CONTINUOUS
10
6.6288748031496061
20
-3.9918138188976378
11
6.6287786614173223
21
-3.9918536614173226
0
LINE
8
BLACK
6
CONTINUOUS
10
6.6287786614173223
20
-3.9918536614173226
11
6.6286392913385823
21
-3.9918673622047245
0
LINE
8
BLACK
6
CONTINUOUS
10
6.6286392913385823
20
-3.9918673622047245
11
6.6285029921259842
21
-3.9918983858267714
0
LINE
8
BLACK
6
CONTINUOUS
10
6.6285029921259842
20
-3.9918983858267714
11
6.6283992913385825
21
-3.9918909842519685
0
LINE
8
BLACK
6
CONTINUOUS
10
6.6283992913385825
20
-3.9918909842519685
11
6.628010590551181
21
-3.9919292913385824
0
LINE
8
BLACK
6
CONTINUOUS
10
6.628010590551181
20
-3.9919292913385824
11
6.6158246062992125
21
-3.9919292913385824
0
LINE
8
BLACK
6
CONTINUOUS
10
6.6158246062992125
20
-3.9919292913385824
11
6.6150565354330704
21
-3.9918536614173226
0
LINE
8
BLACK
6
CONTINUOUS
10
6.6150565354330704
20
-3.9918536614173226
11
6.6136373228346459
21
-3.9912657874015749
0
LINE
8
BLACK
6
CONTINUOUS
10
6.6136373228346459
20
-3.9912657874015749
11
6.6125511023622048
21
-3.9901795669291338
0
LINE
8
BLACK
6
CONTINUOUS
10
6.6125511023622048
20
-3.9901795669291338
11
6.6119632283464567
21
-3.9887603543307084
0
LINE
8
BLACK
6
CONTINUOUS
10
6.6119632283464567
20
-3.9887603543307084
11
6.6118875984251968
21
-3.9879922834645667
0
LINE
8
BLACK
6
CONTINUOUS
10
6.6118875984251968
20
-3.9879922834645667
11
6.6118875984251968
21
-3.9368111811023621
0
LINE
8
BLACK
6
CONTINUOUS
10
6.6118875984251968
20
-3.9368111811023621
11
6.6119632283464567
21
-3.9360431102362203
0
LINE
8
BLACK
6
CONTINUOUS
10
6.6119632283464567
20
-3.9360431102362203
11
6.6125511023622048
21
-3.934623897637795
0
LINE
8
BLACK
6
CONTINUOUS
10
6.6125511023622048
20
-3.934623897637795
11
6.6136373228346459
21
-3.9335376771653543
0
LINE
8
BLACK
6
CONTINUOUS
10
6.6136373228346459
20
-3.9335376771653543
11
6.6150565354330704
21
-3.9329498031496062
0
LINE
8
BLACK
6
CONTINUOUS
10
6.6150565354330704
20
-3.9329498031496062
11
6.6158246062992125
21
-3.9328741732283463
0
LINE
8
BLACK
6
CONTINUOUS
10
6.6158246062992125
20
-3.9328741732283463
11
6.628010590551181
21
-3.9328741732283463
0
LINE
8
BLACK
6
CONTINUOUS
10
6.628010590551181
20
-3.9328741732283463
11
6.6283992913385825
21
-3.9329124409448819
0
LINE
8
BLACK
6
CONTINUOUS
10
6.6197616141732283
20
-3.9840552755905509
11
6.627371771653543
21
-3.9840552755905509
0
LINE
8
BLACK
6
CONTINUOUS
10
6.627371771653543
20
-3.9840552755905509
11
6.633195433070866
21
-3.9821140157480315
0
LINE
8
BLACK
6
CONTINUOUS
10
6.633195433070866
20
-3.9821140157480315
11
6.6369609055118106
21
-3.9783485433070864
0
LINE
8
BLACK
6
CONTINUOUS
10
6.6369609055118106
20
-3.9783485433070864
11
6.6389191732283459
21
-3.9744320078740158
0
LINE
8
BLACK
6
CONTINUOUS
10
6.6389191732283459
20
-3.9744320078740158
11
6.6411339370078739
21
-3.9655728740157481
0
LINE
8
BLACK
6
CONTINUOUS
10
6.6411339370078739
20
-3.9655728740157481
11
6.6411339370078739
21
-3.9592305511811023
0
LINE
8
BLACK
6
CONTINUOUS
10
6.6411339370078739
20
-3.9592305511811023
11
6.6389191732283459
21
-3.9503714173228346
0
LINE
8
BLACK
6
CONTINUOUS
10
6.6389191732283459
20
-3.9503714173228346
11
6.6369609055118106
21
-3.9464549212598423
0
LINE
8
BLACK
6
CONTINUOUS
10
6.6369609055118106
20
-3.9464549212598423
11
6.6331953937007873
21
-3.942689409448819
0
LINE
8
BLACK
6
CONTINUOUS
10
6.6331953937007873
20
-3.942689409448819
11
6.6273717322834642
21
-3.9407481889763778
0
LINE
8
BLACK
6
CONTINUOUS
10
6.6273717322834642
20
-3.9407481889763778
11
6.6197616141732283
21
-3.9407481889763778
0
LINE
8
BLACK
6
CONTINUOUS
10
6.6197616141732283
20
-3.9407481889763778
11
6.6197616141732283
21
-3.9840552755905509
0
LINE
8
BLACK
6
CONTINUOUS
10
6.5627233858267715
20
-3.9329498031496062
11
6.5629743700787397
21
-3.9329498031496062
0
LINE
8
BLACK
6
CONTINUOUS
10
6.5629743700787397
20
-3.9329498031496062
11
6.5634582283464562
21
-3.9331502362204724
0
LINE
8
BLACK
6
CONTINUOUS
10
6.5634582283464562
20
-3.9331502362204724
11
6.5639633070866141
21
-3.933287992125984
0
LINE
8
BLACK
6
CONTINUOUS
10
6.5639633070866141
20
-3.933287992125984
11
6.5641616535433069
21
-3.9334416141732285
0
LINE
8
BLACK
6
CONTINUOUS
10
6.5641616535433069
20
-3.9334416141732285
11
6.5643935826771651
21
-3.9335376771653543
0
LINE
8
BLACK
6
CONTINUOUS
10
6.5643935826771651
20
-3.9335376771653543
11
6.5647638582677166
21
-3.9339079527559053
0
LINE
8
BLACK
6
CONTINUOUS
10
6.5647638582677166
20
-3.9339079527559053
11
6.5651778346456693
21
-3.9342285433070865
0
LINE
8
BLACK
6
CONTINUOUS
10
6.5651778346456693
20
-3.9342285433070865
11
6.5654062992125981
21
-3.9345503937007873
0
LINE
8
BLACK
6
CONTINUOUS
10
6.5654062992125981
20
-3.9345503937007873
11
6.5654798031496062
21
-3.934623897637795
0
LINE
8
BLACK
6
CONTINUOUS
10
6.5654798031496062
20
-3.934623897637795
11
6.565509645669291
21
-3.9346960236220472
0
LINE
8
BLACK
6
CONTINUOUS
10
6.565509645669291
20
-3.9346960236220472
11
6.5656245669291335
21
-3.9348578740157478
0
LINE
8
BLACK
6
CONTINUOUS
10
6.5656245669291335
20
-3.9348578740157478
11
6.5875156299212598
21
-3.9731672047244095
0
LINE
8
BLACK
6
CONTINUOUS
10
6.5875156299212598
20
-3.9731672047244095
11
6.5875156299212598
21
-3.9368111811023621
0
LINE
8
BLACK
6
CONTINUOUS
10
6.5875156299212598
20
-3.9368111811023621
11
6.5875912598425197
21
-3.9360431102362203
0
LINE
8
BLACK
6
CONTINUOUS
10
6.5875912598425197
20
-3.9360431102362203
11
6.5881791338582678
21
-3.934623897637795
0
LINE
8
BLACK
6
CONTINUOUS
10
6.5881791338582678
20
-3.934623897637795
11
6.5892653543307089
21
-3.9335376771653543
0
LINE
8
BLACK
6
CONTINUOUS
10
6.5892653543307089
20
-3.9335376771653543
11
6.5906845669291334
21
-3.9329498031496062
0
LINE
8
BLACK
6
CONTINUOUS
10
6.5906845669291334
20
-3.9329498031496062
11
6.5922207086614169
21
-3.9329498031496062
0
LINE
8
BLACK
6
CONTINUOUS
10
6.5922207086614169
20
-3.9329498031496062
11
6.5936399212598422
21
-3.9335376771653543
0
LINE
8
BLACK
6
CONTINUOUS
10
6.5936399212598422
20
-3.9335376771653543
11
6.5947261417322833
21
-3.934623897637795
0
LINE
8
BLACK
6
CONTINUOUS
10
6.5947261417322833
20
-3.934623897637795
11
6.5953140157480314
21
-3.9360431102362203
0
LINE
8
BLACK
6
CONTINUOUS
10
6.5953140157480314
20
-3.9360431102362203
11
6.5953896456692913
21
-3.9368111811023621
0
LINE
8
BLACK
6
CONTINUOUS
10
6.5953896456692913
20
-3.9368111811023621
11
6.5953896456692913
21
-3.9879922834645667
0
LINE
8
BLACK
6
CONTINUOUS
10
6.5953896456692913
20
-3.9879922834645667
11
6.595370157480315
21
-3.9881898031496061
0
LINE
8
BLACK
6
CONTINUOUS
10
6.595370157480315
20
-3.9881898031496061
11
6.5953800393700783
21
-3.9882672440944882
0
LINE
8
BLACK
6
CONTINUOUS
10
6.5953800393700783
20
-3.9882672440944882
11
6.5953526771653541
21
-3.9883674409448817
0
LINE
8
BLACK
6
CONTINUOUS
10
6.5953526771653541
20
-3.9883674409448817
11
6.5953140157480314
21
-3.9887603543307084
0
LINE
8
BLACK
6
CONTINUOUS
10
6.5953140157480314
20
-3.9887603543307084
11
6.5951135433070869
21
-3.9892442519685036
0
LINE
8
BLACK
6
CONTINUOUS
10
6.5951135433070869
20
-3.9892442519685036
11
6.5949758267716536
21
-3.9897492913385828
0
LINE
8
BLACK
6
CONTINUOUS
10
6.5949758267716536
20
-3.9897492913385828
11
6.5948221653543309
21
-3.9899476377952756
0
LINE
8
BLACK
6
CONTINUOUS
10
6.5948221653543309
20
-3.9899476377952756
11
6.5947261417322833
21
-3.9901795669291338
0
LINE
8
BLACK
6
CONTINUOUS
10
6.5947261417322833
20
-3.9901795669291338
11
6.5943558267716531
21
-3.9905498425196848
0
LINE
8
BLACK
6
CONTINUOUS
10
6.5943558267716531
20
-3.9905498425196848
11
6.5940352755905511
21
-3.9909638188976375
0
LINE
8
BLACK
6
CONTINUOUS
10
6.5940352755905511
20
-3.9909638188976375
11
6.5938173622047245
21
-3.9910883070866139
0
LINE
8
BLACK
6
CONTINUOUS
10
6.5938173622047245
20
-3.9910883070866139
11
6.5936399212598422
21
-3.9912657874015749
0
LINE
8
BLACK
6
CONTINUOUS
10
6.5936399212598422
20
-3.9912657874015749
11
6.5931560629921258
21
-3.991466181102362
0
LINE
8
BLACK
6
CONTINUOUS
10
6.5931560629921258
20
-3.991466181102362
11
6.5927015354330711
21
-3.9917259448818898
0
LINE
8
BLACK
6
CONTINUOUS
10
6.5927015354330711
20
-3.9917259448818898
11
6.592452637795275
21
-3.991757559055118
0
LINE
8
BLACK
6
CONTINUOUS
10
6.592452637795275
20
-3.991757559055118
11
6.5922207086614169
21
-3.9918536614173226
0
LINE
8
BLACK
6
CONTINUOUS
10
6.5922207086614169
20
-3.9918536614173226
11
6.5916967716535435
21
-3.9918536614173226
0
LINE
8
BLACK
6
CONTINUOUS
10
6.5916967716535435
20
-3.9918536614173226
11
6.5911776377952753
21
-3.9919196456692911
0
LINE
8
BLACK
6
CONTINUOUS
10
6.5911776377952753
20
-3.9919196456692911
11
6.5909357086614175
21
-3.9918536614173226
0
LINE
8
BLACK
6
CONTINUOUS
10
6.5909357086614175
20
-3.9918536614173226
11
6.5906845669291334
21
-3.9918536614173226
0
LINE
8
BLACK
6
CONTINUOUS
10
6.5906845669291334
20
-3.9918536614173226
11
6.5902005511811019
21
-3.9916531496062992
0
LINE
8
BLACK
6
CONTINUOUS
10
6.5902005511811019
20
-3.9916531496062992
11
6.5896956299212599
21
-3.9915154724409447
0
LINE
8
BLACK
6
CONTINUOUS
10
6.5896956299212599
20
-3.9915154724409447
11
6.5894972440944883
21
-3.991361811023622
0
LINE
8
BLACK
6
CONTINUOUS
10
6.5894972440944883
20
-3.991361811023622
11
6.5892653543307089
21
-3.9912657874015749
0
LINE
8
BLACK
6
CONTINUOUS
10
6.5892653543307089
20
-3.9912657874015749
11
6.5888950393700787
21
-3.9908954724409447
0
LINE
8
BLACK
6
CONTINUOUS
10
6.5888950393700787
20
-3.9908954724409447
11
6.5884811023622047
21
-3.9905749212598423
0
LINE
8
BLACK
6
CONTINUOUS
10
6.5884811023622047
20
-3.9905749212598423
11
6.5882525590551175
21
-3.9902529921259839
0
LINE
8
BLACK
6
CONTINUOUS
10
6.5882525590551175
20
-3.9902529921259839
11
6.5881791338582678
21
-3.9901795669291338
0
LINE
8
BLACK
6
CONTINUOUS
10
6.5881791338582678
20
-3.9901795669291338
11
6.5881492913385822
21
-3.9901075196850391
0
LINE
8
BLACK
6
CONTINUOUS
10
6.5881492913385822
20
-3.9901075196850391
11
6.5880343307086608
21
-3.9899455905511809
0
LINE
8
BLACK
6
CONTINUOUS
10
6.5880343307086608
20
-3.9899455905511809
11
6.5661433070866142
21
-3.9516362204724409
0
LINE
8
BLACK
6
CONTINUOUS
10
6.5661433070866142
20
-3.9516362204724409
11
6.5661433070866142
21
-3.9879922834645667
0
LINE
8
BLACK
6
CONTINUOUS
10
6.5661433070866142
20
-3.9879922834645667
11
6.5660676771653543
21
-3.9887603543307084
0
LINE
8
BLACK
6
CONTINUOUS
10
6.5660676771653543
20
-3.9887603543307084
11
6.5654798031496062
21
-3.9901795669291338
0
LINE
8
BLACK
6
CONTINUOUS
10
6.5654798031496062
20
-3.9901795669291338
11
6.5643935826771651
21
-3.9912657874015749
0
LINE
8
BLACK
6
CONTINUOUS
10
6.5643935826771651
20
-3.9912657874015749
11
6.5629743700787397
21
-3.9918536614173226
0
LINE
8
BLACK
6
CONTINUOUS
10
6.5629743700787397
20
-3.9918536614173226
11
6.5614382283464563
21
-3.9918536614173226
0
LINE
8
BLACK
6
CONTINUOUS
10
6.5614382283464563
20
-3.9918536614173226
11
6.5600190157480309
21
-3.9912657874015749
0
LINE
8
BLACK
6
CONTINUOUS
10
6.5600190157480309
20
-3.9912657874015749
11
6.5589327952755907
21
-3.9901795669291338
0
LINE
8
BLACK
6
CONTINUOUS
10
6.5589327952755907
20
-3.9901795669291338
11
6.5583449212598426
21
-3.9887603543307084
0
LINE
8
BLACK
6
CONTINUOUS
10
6.5583449212598426
20
-3.9887603543307084
11
6.5582692913385827
21
-3.9879922834645667
0
LINE
8
BLACK
6
CONTINUOUS
10
6.5582692913385827
20
-3.9879922834645667
11
6.5582692913385827
21
-3.9368111811023621
0
LINE
8
BLACK
6
CONTINUOUS
10
6.5582692913385827
20
-3.9368111811023621
11
6.5582887401574803
21
-3.9366136220472439
0
LINE
8
BLACK
6
CONTINUOUS
10
6.5582887401574803
20
-3.9366136220472439
11
6.5582788976377948
21
-3.9365361811023623
0
LINE
8
BLACK
6
CONTINUOUS
10
6.5582788976377948
20
-3.9365361811023623
11
6.5583062204724412
21
-3.9364359055118108
0
LINE
8
BLACK
6
CONTINUOUS
10
6.5583062204724412
20
-3.9364359055118108
11
6.5583449212598426
21
-3.9360431102362203
0
LINE
8
BLACK
6
CONTINUOUS
10
6.5583449212598426
20
-3.9360431102362203
11
6.5585453543307084
21
-3.9355592125984251
0
LINE
8
BLACK
6
CONTINUOUS
10
6.5585453543307084
20
-3.9355592125984251
11
6.5586831102362204
21
-3.9350541732283464
0
LINE
8
BLACK
6
CONTINUOUS
10
6.5586831102362204
20
-3.9350541732283464
11
6.5588367322834644
21
-3.9348557874015748
0
LINE
8
BLACK
6
CONTINUOUS
10
6.5588367322834644
20
-3.9348557874015748
11
6.5589327952755907
21
-3.934623897637795
0
LINE
8
BLACK
6
CONTINUOUS
10
6.5589327952755907
20
-3.934623897637795
11
6.5593030708661413
21
-3.9342535826771652
0
LINE
8
BLACK
6
CONTINUOUS
10
6.5593030708661413
20
-3.9342535826771652
11
6.5596236614173229
21
-3.9338396456692912
0
LINE
8
BLACK
6
CONTINUOUS
10
6.5596236614173229
20
-3.9338396456692912
11
6.5598415354330708
21
-3.9337151181102361
0
LINE
8
BLACK
6
CONTINUOUS
10
6.5598415354330708
20
-3.9337151181102361
11
6.5600190157480309
21
-3.9335376771653543
0
LINE
8
BLACK
6
CONTINUOUS
10
6.5600190157480309
20
-3.9335376771653543
11
6.5605026771653545
21
-3.9333373228346455
0
LINE
8
BLACK
6
CONTINUOUS
10
6.5605026771653545
20
-3.9333373228346455
11
6.5609574015748029
21
-3.9330774803149606
0
LINE
8
BLACK
6
CONTINUOUS
10
6.5609574015748029
20
-3.9330774803149606
11
6.5612063779527556
21
-3.9330458267716533
0
LINE
8
BLACK
6
CONTINUOUS
10
6.5612063779527556
20
-3.9330458267716533
11
6.5614382283464563
21
-3.9329498031496062
0
LINE
8
BLACK
6
CONTINUOUS
10
6.5614382283464563
20
-3.9329498031496062
11
6.5619618897637793
21
-3.9329498031496062
0
LINE
8
BLACK
6
CONTINUOUS
10
6.5619618897637793
20
-3.9329498031496062
11
6.5624812992125987
21
-3.9328837795275589
0
LINE
8
BLACK
6
CONTINUOUS
10
6.5624812992125987
20
-3.9328837795275589
11
6.5627233858267715
21
-3.9329498031496062
0
CIRCLE
8
BLACK
10
6.71
20
-4.1647244094488185
40
0.0068897637795276
0
CIRCLE
8
BLACK
10
6.8099999999999996
20
-4.1647244094488185
40
0.0068897637795276
0
CIRCLE
8
BLACK
10
6.71
20
-3.9647244094488188
40
0.0068897637795276
0
CIRCLE
8
BLACK
10
6.8099999999999996
20
-3.9647244094488188
40
0.0068897637795276
0
CIRCLE
8
BLACK
10
6.71
20
-4.0647244094488189
40
0.0068897637795276
0
CIRCLE
8
BLACK
10
6.8099999999999996
20
-4.0647244094488189
40
0.0068897637795276
0
CIRCLE
8
BLACK
10
6.71
20
-4.264724409448819
40
0.0068897637795276
0
CIRCLE
8
BLACK
10
6.8099999999999996
20
-4.264724409448819
40
0.0068897637795276
0
CIRCLE
8
BLACK
10
6.71
20
-4.3647244094488187
40
0.0068897637795276
0
CIRCLE
8
BLACK
10
6.8099999999999996
20
-4.3647244094488187
40
0.0068897637795276
  0
ENDSEC
  0
EOF
