  0
SECTION
  2
HEADER
  9
$ANGBASE
  50
0.0
  9
$ANGDIR
  70
1
  9
$MEASUREMENT
  70
0
  0
ENDSEC
  0
SECTION
  2
TABLES
  0
TABLE
  2
LTYPE
  70
4
  0
LTYPE
  5
40F
  2
CONTINUOUS
  70
0
  3
Solid line
  72
65
  73
0
  40
0.0
  0
LTYPE
  5
410
  2
DASHDOT
 70
0
  3
Dash Dot ____ _ ____ _
 72
65
 73
4
 40
2.0
 49
1.25
 49
-0.25
 49
0.25
 49
-0.25
  0
LTYPE
  5
411
  2
DASHED
 70
0
  3
Dashed __ __ __ __ __
 72
65
 73
2
 40
0.75
 49
0.5
 49
-0.25
  0
LTYPE
  5
43B
  2
DOTTED
 70
0
  3
Dotted .  .  .  .
 72
65
 73
2
 40
0.2
 49
0.0
 49
-0.2
  0
ENDTAB
  0
TABLE
  2
STYLE
  70
4
  0
STYLE
  2
KICAD
  70
0
  40
0
  41
1
  42
1
  50
0
  71
0
  3
isocp.shx
  0
STYLE
  2
KICADB
  70
0
  40
0
  41
1
  42
1
  50
0
  71
0
  3
isocp.shx
  0
STYLE
  2
KICADI
  70
0
  40
0
  41
1
  42
1
  50
15
  71
0
  3
isocp.shx
  0
STYLE
  2
KICADBI
  70
0
  40
0
  41
1
  42
1
  50
15
  71
0
  3
isocp.shx
  0
ENDTAB
  0
TABLE
  2
LAYER
  70
1
  0
LAYER
  2
BLACK
  70
0
  62
7
  6
CONTINUOUS
  0
ENDTAB
  0
ENDSEC
  0
SECTION
  2
ENTITIES
0
LINE
8
BLACK
6
CONTINUOUS
10
4.8310102362204725
20
-4.3681828740157478
11
4.8359949212598421
21
-4.3699270866141733
0
LINE
8
BLACK
6
CONTINUOUS
10
4.8359949212598421
20
-4.3699270866141733
11
4.8402440157480315
21
-4.3730630708661415
0
LINE
8
BLACK
6
CONTINUOUS
10
4.8402440157480315
20
-4.3730630708661415
11
4.8433799999999998
21
-4.377312165354331
0
LINE
8
BLACK
6
CONTINUOUS
10
4.8433799999999998
20
-4.377312165354331
11
4.8451242125984253
21
-4.3822968503937005
0
LINE
8
BLACK
6
CONTINUOUS
10
4.8451242125984253
20
-4.3822968503937005
11
4.8454330708661413
21
-4.3855905511811022
0
LINE
8
BLACK
6
CONTINUOUS
10
4.8454330708661413
20
-4.3855905511811022
11
4.8454330708661413
21
-4.4062598425196846
0
LINE
8
BLACK
6
CONTINUOUS
10
4.8454330708661413
20
-4.4062598425196846
11
4.8451242125984253
21
-4.4095535433070863
0
LINE
8
BLACK
6
CONTINUOUS
10
4.8451242125984253
20
-4.4095535433070863
11
4.8433799999999998
21
-4.4145382283464567
0
LINE
8
BLACK
6
CONTINUOUS
10
4.8433799999999998
20
-4.4145382283464567
11
4.8402440157480315
21
-4.4187873228346453
0
LINE
8
BLACK
6
CONTINUOUS
10
4.8402440157480315
20
-4.4187873228346453
11
4.8359949212598421
21
-4.4219233070866144
0
LINE
8
BLACK
6
CONTINUOUS
10
4.8359949212598421
20
-4.4219233070866144
11
4.8310102362204725
21
-4.423667519685039
0
LINE
8
BLACK
6
CONTINUOUS
10
4.8310102362204725
20
-4.423667519685039
11
4.8277165354330709
21
-4.4239763779527559
0
LINE
8
BLACK
6
CONTINUOUS
10
4.8277165354330709
20
-4.4239763779527559
11
4.7922834645669292
21
-4.4239763779527559
0
LINE
8
BLACK
6
CONTINUOUS
10
4.7922834645669292
20
-4.4239763779527559
11
4.7889897637795276
21
-4.423667519685039
0
LINE
8
BLACK
6
CONTINUOUS
10
4.7889897637795276
20
-4.423667519685039
11
4.7840050787401571
21
-4.4219233070866144
0
LINE
8
BLACK
6
CONTINUOUS
10
4.7840050787401571
20
-4.4219233070866144
11
4.7797559842519686
21
-4.4187873228346453
0
LINE
8
BLACK
6
CONTINUOUS
10
4.7797559842519686
20
-4.4187873228346453
11
4.7766200000000003
21
-4.4145382283464567
0
LINE
8
BLACK
6
CONTINUOUS
10
4.7766200000000003
20
-4.4145382283464567
11
4.7748757874015748
21
-4.4095535433070863
0
LINE
8
BLACK
6
CONTINUOUS
10
4.7748757874015748
20
-4.4095535433070863
11
4.7745669291338579
21
-4.4062598425196846
0
LINE
8
BLACK
6
CONTINUOUS
10
4.7745669291338579
20
-4.4062598425196846
11
4.7745669291338579
21
-4.3855905511811022
0
LINE
8
BLACK
6
CONTINUOUS
10
4.7745669291338579
20
-4.3855905511811022
11
4.7748757874015748
21
-4.3822968503937005
0
LINE
8
BLACK
6
CONTINUOUS
10
4.7748757874015748
20
-4.3822968503937005
11
4.7766200000000003
21
-4.377312165354331
0
LINE
8
BLACK
6
CONTINUOUS
10
4.7766200000000003
20
-4.377312165354331
11
4.7797559842519686
21
-4.3730630708661415
0
LINE
8
BLACK
6
CONTINUOUS
10
4.7797559842519686
20
-4.3730630708661415
11
4.7840050787401571
21
-4.3699270866141733
0
LINE
8
BLACK
6
CONTINUOUS
10
4.7840050787401571
20
-4.3699270866141733
11
4.7889897637795276
21
-4.3681828740157478
0
LINE
8
BLACK
6
CONTINUOUS
10
4.7889897637795276
20
-4.3681828740157478
11
4.7922834645669292
21
-4.3678740157480318
0
LINE
8
BLACK
6
CONTINUOUS
10
4.7922834645669292
20
-4.3678740157480318
11
4.8277165354330709
21
-4.3678740157480318
0
LINE
8
BLACK
6
CONTINUOUS
10
4.8277165354330709
20
-4.3678740157480318
11
4.8310102362204725
21
-4.3681828740157478
0
LINE
8
BLACK
6
CONTINUOUS
10
6.7430132677165355
20
-4.3274497637795273
11
6.7455677559055118
21
-4.3291566535433068
0
LINE
8
BLACK
6
CONTINUOUS
10
6.7455677559055118
20
-4.3291566535433068
11
6.7472746456692914
21
-4.3317111417322831
0
LINE
8
BLACK
6
CONTINUOUS
10
6.7472746456692914
20
-4.3317111417322831
11
6.7478740157480317
21
-4.3347244094488184
0
LINE
8
BLACK
6
CONTINUOUS
10
6.7478740157480317
20
-4.3347244094488184
11
6.7478740157480317
21
-4.3947244094488189
0
LINE
8
BLACK
6
CONTINUOUS
10
6.7478740157480317
20
-4.3947244094488189
11
6.7472746456692914
21
-4.3977376771653542
0
LINE
8
BLACK
6
CONTINUOUS
10
6.7472746456692914
20
-4.3977376771653542
11
6.7455677559055118
21
-4.4002921653543305
0
LINE
8
BLACK
6
CONTINUOUS
10
6.7455677559055118
20
-4.4002921653543305
11
6.7430132677165355
21
-4.4019990551181101
0
LINE
8
BLACK
6
CONTINUOUS
10
6.7430132677165355
20
-4.4019990551181101
11
6.7400000000000002
21
-4.4025984251968504
0
LINE
8
BLACK
6
CONTINUOUS
10
6.7400000000000002
20
-4.4025984251968504
11
6.6799999999999997
21
-4.4025984251968504
0
LINE
8
BLACK
6
CONTINUOUS
10
6.6799999999999997
20
-4.4025984251968504
11
6.6769867322834644
21
-4.4019990551181101
0
LINE
8
BLACK
6
CONTINUOUS
10
6.6769867322834644
20
-4.4019990551181101
11
6.6744322440944881
21
-4.4002921653543305
0
LINE
8
BLACK
6
CONTINUOUS
10
6.6744322440944881
20
-4.4002921653543305
11
6.6727253543307086
21
-4.3977376771653542
0
LINE
8
BLACK
6
CONTINUOUS
10
6.6727253543307086
20
-4.3977376771653542
11
6.6721259842519682
21
-4.3947244094488189
0
LINE
8
BLACK
6
CONTINUOUS
10
6.6721259842519682
20
-4.3947244094488189
11
6.6721259842519682
21
-4.3347244094488184
0
LINE
8
BLACK
6
CONTINUOUS
10
6.6721259842519682
20
-4.3347244094488184
11
6.6727253543307086
21
-4.3317111417322831
0
LINE
8
BLACK
6
CONTINUOUS
10
6.6727253543307086
20
-4.3317111417322831
11
6.6744322440944881
21
-4.3291566535433068
0
LINE
8
BLACK
6
CONTINUOUS
10
6.6744322440944881
20
-4.3291566535433068
11
6.6769867322834644
21
-4.3274497637795273
0
LINE
8
BLACK
6
CONTINUOUS
10
6.6769867322834644
20
-4.3274497637795273
11
6.6799999999999997
21
-4.3268503937007869
0
LINE
8
BLACK
6
CONTINUOUS
10
6.6799999999999997
20
-4.3268503937007869
11
6.7400000000000002
21
-4.3268503937007869
0
LINE
8
BLACK
6
CONTINUOUS
10
6.7400000000000002
20
-4.3268503937007869
11
6.7430132677165355
21
-4.3274497637795273
0
LINE
8
BLACK
6
CONTINUOUS
10
6.8430132677165352
20
-4.3274497637795273
11
6.8455677559055115
21
-4.3291566535433068
0
LINE
8
BLACK
6
CONTINUOUS
10
6.8455677559055115
20
-4.3291566535433068
11
6.847274645669291
21
-4.3317111417322831
0
LINE
8
BLACK
6
CONTINUOUS
10
6.847274645669291
20
-4.3317111417322831
11
6.8478740157480313
21
-4.3347244094488184
0
LINE
8
BLACK
6
CONTINUOUS
10
6.8478740157480313
20
-4.3347244094488184
11
6.8478740157480313
21
-4.3947244094488189
0
LINE
8
BLACK
6
CONTINUOUS
10
6.8478740157480313
20
-4.3947244094488189
11
6.847274645669291
21
-4.3977376771653542
0
LINE
8
BLACK
6
CONTINUOUS
10
6.847274645669291
20
-4.3977376771653542
11
6.8455677559055115
21
-4.4002921653543305
0
LINE
8
BLACK
6
CONTINUOUS
10
6.8455677559055115
20
-4.4002921653543305
11
6.8430132677165352
21
-4.4019990551181101
0
LINE
8
BLACK
6
CONTINUOUS
10
6.8430132677165352
20
-4.4019990551181101
11
6.8399999999999999
21
-4.4025984251968504
0
LINE
8
BLACK
6
CONTINUOUS
10
6.8399999999999999
20
-4.4025984251968504
11
6.7800000000000002
21
-4.4025984251968504
0
LINE
8
BLACK
6
CONTINUOUS
10
6.7800000000000002
20
-4.4025984251968504
11
6.776986732283464
21
-4.4019990551181101
0
LINE
8
BLACK
6
CONTINUOUS
10
6.776986732283464
20
-4.4019990551181101
11
6.7744322440944877
21
-4.4002921653543305
0
LINE
8
BLACK
6
CONTINUOUS
10
6.7744322440944877
20
-4.4002921653543305
11
6.7727253543307082
21
-4.3977376771653542
0
LINE
8
BLACK
6
CONTINUOUS
10
6.7727253543307082
20
-4.3977376771653542
11
6.7721259842519688
21
-4.3947244094488189
0
LINE
8
BLACK
6
CONTINUOUS
10
6.7721259842519688
20
-4.3947244094488189
11
6.7721259842519688
21
-4.3347244094488184
0
LINE
8
BLACK
6
CONTINUOUS
10
6.7721259842519688
20
-4.3347244094488184
11
6.7727253543307082
21
-4.3317111417322831
0
LINE
8
BLACK
6
CONTINUOUS
10
6.7727253543307082
20
-4.3317111417322831
11
6.7744322440944877
21
-4.3291566535433068
0
LINE
8
BLACK
6
CONTINUOUS
10
6.7744322440944877
20
-4.3291566535433068
11
6.776986732283464
21
-4.3274497637795273
0
LINE
8
BLACK
6
CONTINUOUS
10
6.776986732283464
20
-4.3274497637795273
11
6.7800000000000002
21
-4.3268503937007869
0
LINE
8
BLACK
6
CONTINUOUS
10
6.7800000000000002
20
-4.3268503937007869
11
6.8399999999999999
21
-4.3268503937007869
0
LINE
8
BLACK
6
CONTINUOUS
10
6.8399999999999999
20
-4.3268503937007869
11
6.8430132677165352
21
-4.3274497637795273
0
LINE
8
BLACK
6
CONTINUOUS
10
4.8310102362204725
20
-4.2963324803149607
11
4.8359949212598421
21
-4.2980766929133853
0
LINE
8
BLACK
6
CONTINUOUS
10
4.8359949212598421
20
-4.2980766929133853
11
4.8402440157480315
21
-4.3012126771653545
0
LINE
8
BLACK
6
CONTINUOUS
10
4.8402440157480315
20
-4.3012126771653545
11
4.8433799999999998
21
-4.305461771653543
0
LINE
8
BLACK
6
CONTINUOUS
10
4.8433799999999998
20
-4.305461771653543
11
4.8451242125984253
21
-4.3104464566929135
0
LINE
8
BLACK
6
CONTINUOUS
10
4.8451242125984253
20
-4.3104464566929135
11
4.8454330708661413
21
-4.3137401574803151
0
LINE
8
BLACK
6
CONTINUOUS
10
4.8454330708661413
20
-4.3137401574803151
11
4.8454330708661413
21
-4.3344094488188976
0
LINE
8
BLACK
6
CONTINUOUS
10
4.8454330708661413
20
-4.3344094488188976
11
4.8451242125984253
21
-4.3377031496062992
0
LINE
8
BLACK
6
CONTINUOUS
10
4.8451242125984253
20
-4.3377031496062992
11
4.8433799999999998
21
-4.3426878346456688
0
LINE
8
BLACK
6
CONTINUOUS
10
4.8433799999999998
20
-4.3426878346456688
11
4.8402440157480315
21
-4.3469369291338582
0
LINE
8
BLACK
6
CONTINUOUS
10
4.8402440157480315
20
-4.3469369291338582
11
4.8359949212598421
21
-4.3500729133858265
0
LINE
8
BLACK
6
CONTINUOUS
10
4.8359949212598421
20
-4.3500729133858265
11
4.8310102362204725
21
-4.351817125984252
0
LINE
8
BLACK
6
CONTINUOUS
10
4.8310102362204725
20
-4.351817125984252
11
4.8277165354330709
21
-4.3521259842519688
0
LINE
8
BLACK
6
CONTINUOUS
10
4.8277165354330709
20
-4.3521259842519688
11
4.7922834645669292
21
-4.3521259842519688
0
LINE
8
BLACK
6
CONTINUOUS
10
4.7922834645669292
20
-4.3521259842519688
11
4.7889897637795276
21
-4.351817125984252
0
LINE
8
BLACK
6
CONTINUOUS
10
4.7889897637795276
20
-4.351817125984252
11
4.7840050787401571
21
-4.3500729133858265
0
LINE
8
BLACK
6
CONTINUOUS
10
4.7840050787401571
20
-4.3500729133858265
11
4.7797559842519686
21
-4.3469369291338582
0
LINE
8
BLACK
6
CONTINUOUS
10
4.7797559842519686
20
-4.3469369291338582
11
4.7766200000000003
21
-4.3426878346456688
0
LINE
8
BLACK
6
CONTINUOUS
10
4.7766200000000003
20
-4.3426878346456688
11
4.7748757874015748
21
-4.3377031496062992
0
LINE
8
BLACK
6
CONTINUOUS
10
4.7748757874015748
20
-4.3377031496062992
11
4.7745669291338579
21
-4.3344094488188976
0
LINE
8
BLACK
6
CONTINUOUS
10
4.7745669291338579
20
-4.3344094488188976
11
4.7745669291338579
21
-4.3137401574803151
0
LINE
8
BLACK
6
CONTINUOUS
10
4.7745669291338579
20
-4.3137401574803151
11
4.7748757874015748
21
-4.3104464566929135
0
LINE
8
BLACK
6
CONTINUOUS
10
4.7748757874015748
20
-4.3104464566929135
11
4.7766200000000003
21
-4.305461771653543
0
LINE
8
BLACK
6
CONTINUOUS
10
4.7766200000000003
20
-4.305461771653543
11
4.7797559842519686
21
-4.3012126771653545
0
LINE
8
BLACK
6
CONTINUOUS
10
4.7797559842519686
20
-4.3012126771653545
11
4.7840050787401571
21
-4.2980766929133853
0
LINE
8
BLACK
6
CONTINUOUS
10
4.7840050787401571
20
-4.2980766929133853
11
4.7889897637795276
21
-4.2963324803149607
0
LINE
8
BLACK
6
CONTINUOUS
10
4.7889897637795276
20
-4.2963324803149607
11
4.7922834645669292
21
-4.2960236220472439
0
LINE
8
BLACK
6
CONTINUOUS
10
4.7922834645669292
20
-4.2960236220472439
11
4.8277165354330709
21
-4.2960236220472439
0
LINE
8
BLACK
6
CONTINUOUS
10
4.8277165354330709
20
-4.2960236220472439
11
4.8310102362204725
21
-4.2963324803149607
0
LINE
8
BLACK
6
CONTINUOUS
10
5.261994488188976
20
-4.2801513779527562
11
5.2669791732283464
21
-4.2818955905511809
0
LINE
8
BLACK
6
CONTINUOUS
10
5.2669791732283464
20
-4.2818955905511809
11
5.271228267716535
21
-4.2850315748031491
0
LINE
8
BLACK
6
CONTINUOUS
10
5.271228267716535
20
-4.2850315748031491
11
5.2743642519685041
21
-4.2892806692913386
0
LINE
8
BLACK
6
CONTINUOUS
10
5.2743642519685041
20
-4.2892806692913386
11
5.2761084645669287
21
-4.294265354330709
0
LINE
8
BLACK
6
CONTINUOUS
10
5.2761084645669287
20
-4.294265354330709
11
5.2764173228346456
21
-4.2975590551181098
0
LINE
8
BLACK
6
CONTINUOUS
10
5.2764173228346456
20
-4.2975590551181098
11
5.2764173228346456
21
-4.3172440944881885
0
LINE
8
BLACK
6
CONTINUOUS
10
5.2764173228346456
20
-4.3172440944881885
11
5.2761084645669287
21
-4.3205377952755901
0
LINE
8
BLACK
6
CONTINUOUS
10
5.2761084645669287
20
-4.3205377952755901
11
5.2743642519685041
21
-4.3255224803149606
0
LINE
8
BLACK
6
CONTINUOUS
10
5.2743642519685041
20
-4.3255224803149606
11
5.271228267716535
21
-4.3297715748031491
0
LINE
8
BLACK
6
CONTINUOUS
10
5.271228267716535
20
-4.3297715748031491
11
5.2669791732283464
21
-4.3329075590551183
0
LINE
8
BLACK
6
CONTINUOUS
10
5.2669791732283464
20
-4.3329075590551183
11
5.261994488188976
21
-4.3346517716535429
0
LINE
8
BLACK
6
CONTINUOUS
10
5.261994488188976
20
-4.3346517716535429
11
5.2587007874015743
21
-4.3349606299212597
0
LINE
8
BLACK
6
CONTINUOUS
10
5.2587007874015743
20
-4.3349606299212597
11
5.2212992125984252
21
-4.3349606299212597
0
LINE
8
BLACK
6
CONTINUOUS
10
5.2212992125984252
20
-4.3349606299212597
11
5.2180055118110236
21
-4.3346517716535429
0
LINE
8
BLACK
6
CONTINUOUS
10
5.2180055118110236
20
-4.3346517716535429
11
5.2130208267716531
21
-4.3329075590551183
0
LINE
8
BLACK
6
CONTINUOUS
10
5.2130208267716531
20
-4.3329075590551183
11
5.2087717322834646
21
-4.3297715748031491
0
LINE
8
BLACK
6
CONTINUOUS
10
5.2087717322834646
20
-4.3297715748031491
11
5.2056357480314963
21
-4.3255224803149606
0
LINE
8
BLACK
6
CONTINUOUS
10
5.2056357480314963
20
-4.3255224803149606
11
5.2038915354330708
21
-4.3205377952755901
0
LINE
8
BLACK
6
CONTINUOUS
10
5.2038915354330708
20
-4.3205377952755901
11
5.2035826771653539
21
-4.3172440944881885
0
LINE
8
BLACK
6
CONTINUOUS
10
5.2035826771653539
20
-4.3172440944881885
11
5.2035826771653539
21
-4.2975590551181098
0
LINE
8
BLACK
6
CONTINUOUS
10
5.2035826771653539
20
-4.2975590551181098
11
5.2038915354330708
21
-4.294265354330709
0
LINE
8
BLACK
6
CONTINUOUS
10
5.2038915354330708
20
-4.294265354330709
11
5.2056357480314963
21
-4.2892806692913386
0
LINE
8
BLACK
6
CONTINUOUS
10
5.2056357480314963
20
-4.2892806692913386
11
5.2087717322834646
21
-4.2850315748031491
0
LINE
8
BLACK
6
CONTINUOUS
10
5.2087717322834646
20
-4.2850315748031491
11
5.2130208267716531
21
-4.2818955905511809
0
LINE
8
BLACK
6
CONTINUOUS
10
5.2130208267716531
20
-4.2818955905511809
11
5.2180055118110236
21
-4.2801513779527562
0
LINE
8
BLACK
6
CONTINUOUS
10
5.2180055118110236
20
-4.2801513779527562
11
5.2212992125984252
21
-4.2798425196850394
0
LINE
8
BLACK
6
CONTINUOUS
10
5.2212992125984252
20
-4.2798425196850394
11
5.2587007874015743
21
-4.2798425196850394
0
LINE
8
BLACK
6
CONTINUOUS
10
5.2587007874015743
20
-4.2798425196850394
11
5.261994488188976
21
-4.2801513779527562
0
LINE
8
BLACK
6
CONTINUOUS
10
5.1610102362204726
20
-4.2781828740157479
11
5.1659949212598422
21
-4.2799270866141734
0
LINE
8
BLACK
6
CONTINUOUS
10
5.1659949212598422
20
-4.2799270866141734
11
5.1702440157480316
21
-4.2830630708661417
0
LINE
8
BLACK
6
CONTINUOUS
10
5.1702440157480316
20
-4.2830630708661417
11
5.1733799999999999
21
-4.2873121653543302
0
LINE
8
BLACK
6
CONTINUOUS
10
5.1733799999999999
20
-4.2873121653543302
11
5.1751242125984254
21
-4.2922968503937007
0
LINE
8
BLACK
6
CONTINUOUS
10
5.1751242125984254
20
-4.2922968503937007
11
5.1754330708661413
21
-4.2955905511811023
0
LINE
8
BLACK
6
CONTINUOUS
10
5.1754330708661413
20
-4.2955905511811023
11
5.1754330708661413
21
-4.3162598425196848
0
LINE
8
BLACK
6
CONTINUOUS
10
5.1754330708661413
20
-4.3162598425196848
11
5.1751242125984254
21
-4.3195535433070864
0
LINE
8
BLACK
6
CONTINUOUS
10
5.1751242125984254
20
-4.3195535433070864
11
5.1733799999999999
21
-4.3245382283464568
0
LINE
8
BLACK
6
CONTINUOUS
10
5.1733799999999999
20
-4.3245382283464568
11
5.1702440157480316
21
-4.3287873228346454
0
LINE
8
BLACK
6
CONTINUOUS
10
5.1702440157480316
20
-4.3287873228346454
11
5.1659949212598422
21
-4.3319233070866137
0
LINE
8
BLACK
6
CONTINUOUS
10
5.1659949212598422
20
-4.3319233070866137
11
5.1610102362204726
21
-4.3336675196850392
0
LINE
8
BLACK
6
CONTINUOUS
10
5.1610102362204726
20
-4.3336675196850392
11
5.157716535433071
21
-4.333976377952756
0
LINE
8
BLACK
6
CONTINUOUS
10
5.157716535433071
20
-4.333976377952756
11
5.1222834645669293
21
-4.333976377952756
0
LINE
8
BLACK
6
CONTINUOUS
10
5.1222834645669293
20
-4.333976377952756
11
5.1189897637795276
21
-4.3336675196850392
0
LINE
8
BLACK
6
CONTINUOUS
10
5.1189897637795276
20
-4.3336675196850392
11
5.1140050787401572
21
-4.3319233070866137
0
LINE
8
BLACK
6
CONTINUOUS
10
5.1140050787401572
20
-4.3319233070866137
11
5.1097559842519686
21
-4.3287873228346454
0
LINE
8
BLACK
6
CONTINUOUS
10
5.1097559842519686
20
-4.3287873228346454
11
5.1066199999999995
21
-4.3245382283464568
0
LINE
8
BLACK
6
CONTINUOUS
10
5.1066199999999995
20
-4.3245382283464568
11
5.1048757874015749
21
-4.3195535433070864
0
LINE
8
BLACK
6
CONTINUOUS
10
5.1048757874015749
20
-4.3195535433070864
11
5.104566929133858
21
-4.3162598425196848
0
LINE
8
BLACK
6
CONTINUOUS
10
5.104566929133858
20
-4.3162598425196848
11
5.104566929133858
21
-4.2955905511811023
0
LINE
8
BLACK
6
CONTINUOUS
10
5.104566929133858
20
-4.2955905511811023
11
5.1048757874015749
21
-4.2922968503937007
0
LINE
8
BLACK
6
CONTINUOUS
10
5.1048757874015749
20
-4.2922968503937007
11
5.1066199999999995
21
-4.2873121653543302
0
LINE
8
BLACK
6
CONTINUOUS
10
5.1066199999999995
20
-4.2873121653543302
11
5.1097559842519686
21
-4.2830630708661417
0
LINE
8
BLACK
6
CONTINUOUS
10
5.1097559842519686
20
-4.2830630708661417
11
5.1140050787401572
21
-4.2799270866141734
0
LINE
8
BLACK
6
CONTINUOUS
10
5.1140050787401572
20
-4.2799270866141734
11
5.1189897637795276
21
-4.2781828740157479
0
LINE
8
BLACK
6
CONTINUOUS
10
5.1189897637795276
20
-4.2781828740157479
11
5.1222834645669293
21
-4.2778740157480311
0
LINE
8
BLACK
6
CONTINUOUS
10
5.1222834645669293
20
-4.2778740157480311
11
5.157716535433071
21
-4.2778740157480311
0
LINE
8
BLACK
6
CONTINUOUS
10
5.157716535433071
20
-4.2778740157480311
11
5.1610102362204726
21
-4.2781828740157479
0
LINE
8
BLACK
6
CONTINUOUS
10
4.9585873228346458
20
-4.2168228346456695
11
4.9626624803149602
21
-4.2188150787401577
0
LINE
8
BLACK
6
CONTINUOUS
10
4.9626624803149602
20
-4.2188150787401577
11
4.965869960629921
21
-4.2220225590551177
0
LINE
8
BLACK
6
CONTINUOUS
10
4.965869960629921
20
-4.2220225590551177
11
4.9678622047244092
21
-4.226097716535433
0
LINE
8
BLACK
6
CONTINUOUS
10
4.9678622047244092
20
-4.226097716535433
11
4.9684350393700782
21
-4.2300295275590551
0
LINE
8
BLACK
6
CONTINUOUS
10
4.9684350393700782
20
-4.2300295275590551
11
4.9684350393700782
21
-4.2418405511811024
0
LINE
8
BLACK
6
CONTINUOUS
10
4.9684350393700782
20
-4.2418405511811024
11
4.9678622047244092
21
-4.2457723622047245
0
LINE
8
BLACK
6
CONTINUOUS
10
4.9678622047244092
20
-4.2457723622047245
11
4.965869960629921
21
-4.2498475196850389
0
LINE
8
BLACK
6
CONTINUOUS
10
4.965869960629921
20
-4.2498475196850389
11
4.9626624803149602
21
-4.2530549999999998
0
LINE
8
BLACK
6
CONTINUOUS
10
4.9626624803149602
20
-4.2530549999999998
11
4.9594288582677164
21
-4.2546358267716533
0
LINE
8
BLACK
6
CONTINUOUS
10
4.9594288582677164
20
-4.2546358267716533
11
4.9626624803149602
21
-4.2562166535433068
0
LINE
8
BLACK
6
CONTINUOUS
10
4.9626624803149602
20
-4.2562166535433068
11
4.965869960629921
21
-4.2594241338582677
0
LINE
8
BLACK
6
CONTINUOUS
10
4.965869960629921
20
-4.2594241338582677
11
4.9678622047244092
21
-4.263499291338583
0
LINE
8
BLACK
6
CONTINUOUS
10
4.9678622047244092
20
-4.263499291338583
11
4.9684350393700782
21
-4.2674311023622042
0
LINE
8
BLACK
6
CONTINUOUS
10
4.9684350393700782
20
-4.2674311023622042
11
4.9684350393700782
21
-4.2792421259842515
0
LINE
8
BLACK
6
CONTINUOUS
10
4.9684350393700782
20
-4.2792421259842515
11
4.9678622047244092
21
-4.2831739370078736
0
LINE
8
BLACK
6
CONTINUOUS
10
4.9678622047244092
20
-4.2831739370078736
11
4.965869960629921
21
-4.2872490944881889
0
LINE
8
BLACK
6
CONTINUOUS
10
4.965869960629921
20
-4.2872490944881889
11
4.9626624803149602
21
-4.2904565748031498
0
LINE
8
BLACK
6
CONTINUOUS
10
4.9626624803149602
20
-4.2904565748031498
11
4.9594288582677164
21
-4.2920374015748033
0
LINE
8
BLACK
6
CONTINUOUS
10
4.9594288582677164
20
-4.2920374015748033
11
4.9626624803149602
21
-4.2936182283464568
0
LINE
8
BLACK
6
CONTINUOUS
10
4.9626624803149602
20
-4.2936182283464568
11
4.965869960629921
21
-4.2968257086614177
0
LINE
8
BLACK
6
CONTINUOUS
10
4.965869960629921
20
-4.2968257086614177
11
4.9678622047244092
21
-4.3009008661417321
0
LINE
8
BLACK
6
CONTINUOUS
10
4.9678622047244092
20
-4.3009008661417321
11
4.9684350393700782
21
-4.3048326771653542
0
LINE
8
BLACK
6
CONTINUOUS
10
4.9684350393700782
20
-4.3048326771653542
11
4.9684350393700782
21
-4.3166437007874014
0
LINE
8
BLACK
6
CONTINUOUS
10
4.9684350393700782
20
-4.3166437007874014
11
4.9678622047244092
21
-4.3205755118110236
0
LINE
8
BLACK
6
CONTINUOUS
10
4.9678622047244092
20
-4.3205755118110236
11
4.965869960629921
21
-4.3246506692913389
0
LINE
8
BLACK
6
CONTINUOUS
10
4.965869960629921
20
-4.3246506692913389
11
4.9626624803149602
21
-4.3278581496062989
0
LINE
8
BLACK
6
CONTINUOUS
10
4.9626624803149602
20
-4.3278581496062989
11
4.9585873228346458
21
-4.3298503937007871
0
LINE
8
BLACK
6
CONTINUOUS
10
4.9585873228346458
20
-4.3298503937007871
11
4.9546555118110236
21
-4.330423228346457
0
LINE
8
BLACK
6
CONTINUOUS
10
4.9546555118110236
20
-4.330423228346457
11
4.9143011811023625
21
-4.330423228346457
0
LINE
8
BLACK
6
CONTINUOUS
10
4.9143011811023625
20
-4.330423228346457
11
4.9103693700787403
21
-4.3298503937007871
0
LINE
8
BLACK
6
CONTINUOUS
10
4.9103693700787403
20
-4.3298503937007871
11
4.906294212598425
21
-4.3278581496062989
0
LINE
8
BLACK
6
CONTINUOUS
10
4.906294212598425
20
-4.3278581496062989
11
4.9030867322834641
21
-4.3246506692913389
0
LINE
8
BLACK
6
CONTINUOUS
10
4.9030867322834641
20
-4.3246506692913389
11
4.901094488188976
21
-4.3205755118110236
0
LINE
8
BLACK
6
CONTINUOUS
10
4.901094488188976
20
-4.3205755118110236
11
4.9005216535433069
21
-4.3166437007874014
0
LINE
8
BLACK
6
CONTINUOUS
10
4.9005216535433069
20
-4.3166437007874014
11
4.9005216535433069
21
-4.3048326771653542
0
LINE
8
BLACK
6
CONTINUOUS
10
4.9005216535433069
20
-4.3048326771653542
11
4.901094488188976
21
-4.3009008661417321
0
LINE
8
BLACK
6
CONTINUOUS
10
4.901094488188976
20
-4.3009008661417321
11
4.9030867322834641
21
-4.2968257086614177
0
LINE
8
BLACK
6
CONTINUOUS
10
4.9030867322834641
20
-4.2968257086614177
11
4.906294212598425
21
-4.2936182283464568
0
LINE
8
BLACK
6
CONTINUOUS
10
4.906294212598425
20
-4.2936182283464568
11
4.90952779527559
21
-4.2920374015748033
0
LINE
8
BLACK
6
CONTINUOUS
10
4.90952779527559
20
-4.2920374015748033
11
4.906294212598425
21
-4.2904565748031498
0
LINE
8
BLACK
6
CONTINUOUS
10
4.906294212598425
20
-4.2904565748031498
11
4.9030867322834641
21
-4.2872490944881889
0
LINE
8
BLACK
6
CONTINUOUS
10
4.9030867322834641
20
-4.2872490944881889
11
4.901094488188976
21
-4.2831739370078736
0
LINE
8
BLACK
6
CONTINUOUS
10
4.901094488188976
20
-4.2831739370078736
11
4.9005216535433069
21
-4.2792421259842515
0
LINE
8
BLACK
6
CONTINUOUS
10
4.9005216535433069
20
-4.2792421259842515
11
4.9005216535433069
21
-4.2674311023622042
0
LINE
8
BLACK
6
CONTINUOUS
10
4.9005216535433069
20
-4.2674311023622042
11
4.901094488188976
21
-4.263499291338583
0
LINE
8
BLACK
6
CONTINUOUS
10
4.901094488188976
20
-4.263499291338583
11
4.9030867322834641
21
-4.2594241338582677
0
LINE
8
BLACK
6
CONTINUOUS
10
4.9030867322834641
20
-4.2594241338582677
11
4.906294212598425
21
-4.2562166535433068
0
LINE
8
BLACK
6
CONTINUOUS
10
4.906294212598425
20
-4.2562166535433068
11
4.90952779527559
21
-4.2546358267716533
0
LINE
8
BLACK
6
CONTINUOUS
10
4.90952779527559
20
-4.2546358267716533
11
4.906294212598425
21
-4.2530549999999998
0
LINE
8
BLACK
6
CONTINUOUS
10
4.906294212598425
20
-4.2530549999999998
11
4.9030867322834641
21
-4.2498475196850389
0
LINE
8
BLACK
6
CONTINUOUS
10
4.9030867322834641
20
-4.2498475196850389
11
4.901094488188976
21
-4.2457723622047245
0
LINE
8
BLACK
6
CONTINUOUS
10
4.901094488188976
20
-4.2457723622047245
11
4.9005216535433069
21
-4.2418405511811024
0
LINE
8
BLACK
6
CONTINUOUS
10
4.9005216535433069
20
-4.2418405511811024
11
4.9005216535433069
21
-4.2300295275590551
0
LINE
8
BLACK
6
CONTINUOUS
10
4.9005216535433069
20
-4.2300295275590551
11
4.901094488188976
21
-4.226097716535433
0
LINE
8
BLACK
6
CONTINUOUS
10
4.901094488188976
20
-4.226097716535433
11
4.9030867322834641
21
-4.2220225590551177
0
LINE
8
BLACK
6
CONTINUOUS
10
4.9030867322834641
20
-4.2220225590551177
11
4.906294212598425
21
-4.2188150787401577
0
LINE
8
BLACK
6
CONTINUOUS
10
4.906294212598425
20
-4.2188150787401577
11
4.9103693700787403
21
-4.2168228346456695
0
LINE
8
BLACK
6
CONTINUOUS
10
4.9103693700787403
20
-4.2168228346456695
11
4.9143011811023625
21
-4.2162499999999996
0
LINE
8
BLACK
6
CONTINUOUS
10
4.9143011811023625
20
-4.2162499999999996
11
4.9546555118110236
21
-4.2162499999999996
0
LINE
8
BLACK
6
CONTINUOUS
10
4.9546555118110236
20
-4.2162499999999996
11
4.9585873228346458
21
-4.2168228346456695
0
LINE
8
BLACK
6
CONTINUOUS
10
5.0481542519685041
20
-4.2168228346456695
11
5.0522294094488185
21
-4.2188150787401577
0
LINE
8
BLACK
6
CONTINUOUS
10
5.0522294094488185
20
-4.2188150787401577
11
5.0554368897637794
21
-4.2220225590551177
0
LINE
8
BLACK
6
CONTINUOUS
10
5.0554368897637794
20
-4.2220225590551177
11
5.0574291338582675
21
-4.226097716535433
0
LINE
8
BLACK
6
CONTINUOUS
10
5.0574291338582675
20
-4.226097716535433
11
5.0580019685039366
21
-4.2300295275590551
0
LINE
8
BLACK
6
CONTINUOUS
10
5.0580019685039366
20
-4.2300295275590551
11
5.0580019685039366
21
-4.2418405511811024
0
LINE
8
BLACK
6
CONTINUOUS
10
5.0580019685039366
20
-4.2418405511811024
11
5.0574291338582675
21
-4.2457723622047245
0
LINE
8
BLACK
6
CONTINUOUS
10
5.0574291338582675
20
-4.2457723622047245
11
5.0554368897637794
21
-4.2498475196850389
0
LINE
8
BLACK
6
CONTINUOUS
10
5.0554368897637794
20
-4.2498475196850389
11
5.0522294094488185
21
-4.2530549999999998
0
LINE
8
BLACK
6
CONTINUOUS
10
5.0522294094488185
20
-4.2530549999999998
11
5.0489957874015747
21
-4.2546358267716533
0
LINE
8
BLACK
6
CONTINUOUS
10
5.0489957874015747
20
-4.2546358267716533
11
5.0522294094488185
21
-4.2562166535433068
0
LINE
8
BLACK
6
CONTINUOUS
10
5.0522294094488185
20
-4.2562166535433068
11
5.0554368897637794
21
-4.2594241338582677
0
LINE
8
BLACK
6
CONTINUOUS
10
5.0554368897637794
20
-4.2594241338582677
11
5.0574291338582675
21
-4.263499291338583
0
LINE
8
BLACK
6
CONTINUOUS
10
5.0574291338582675
20
-4.263499291338583
11
5.0580019685039366
21
-4.2674311023622042
0
LINE
8
BLACK
6
CONTINUOUS
10
5.0580019685039366
20
-4.2674311023622042
11
5.0580019685039366
21
-4.2792421259842515
0
LINE
8
BLACK
6
CONTINUOUS
10
5.0580019685039366
20
-4.2792421259842515
11
5.0574291338582675
21
-4.2831739370078736
0
LINE
8
BLACK
6
CONTINUOUS
10
5.0574291338582675
20
-4.2831739370078736
11
5.0554368897637794
21
-4.2872490944881889
0
LINE
8
BLACK
6
CONTINUOUS
10
5.0554368897637794
20
-4.2872490944881889
11
5.0522294094488185
21
-4.2904565748031498
0
LINE
8
BLACK
6
CONTINUOUS
10
5.0522294094488185
20
-4.2904565748031498
11
5.0489957874015747
21
-4.2920374015748033
0
LINE
8
BLACK
6
CONTINUOUS
10
5.0489957874015747
20
-4.2920374015748033
11
5.0522294094488185
21
-4.2936182283464568
0
LINE
8
BLACK
6
CONTINUOUS
10
5.0522294094488185
20
-4.2936182283464568
11
5.0554368897637794
21
-4.2968257086614177
0
LINE
8
BLACK
6
CONTINUOUS
10
5.0554368897637794
20
-4.2968257086614177
11
5.0574291338582675
21
-4.3009008661417321
0
LINE
8
BLACK
6
CONTINUOUS
10
5.0574291338582675
20
-4.3009008661417321
11
5.0580019685039366
21
-4.3048326771653542
0
LINE
8
BLACK
6
CONTINUOUS
10
5.0580019685039366
20
-4.3048326771653542
11
5.0580019685039366
21
-4.3166437007874014
0
LINE
8
BLACK
6
CONTINUOUS
10
5.0580019685039366
20
-4.3166437007874014
11
5.0574291338582675
21
-4.3205755118110236
0
LINE
8
BLACK
6
CONTINUOUS
10
5.0574291338582675
20
-4.3205755118110236
11
5.0554368897637794
21
-4.3246506692913389
0
LINE
8
BLACK
6
CONTINUOUS
10
5.0554368897637794
20
-4.3246506692913389
11
5.0522294094488185
21
-4.3278581496062989
0
LINE
8
BLACK
6
CONTINUOUS
10
5.0522294094488185
20
-4.3278581496062989
11
5.0481542519685041
21
-4.3298503937007871
0
LINE
8
BLACK
6
CONTINUOUS
10
5.0481542519685041
20
-4.3298503937007871
11
5.0442224409448819
21
-4.330423228346457
0
LINE
8
BLACK
6
CONTINUOUS
10
5.0442224409448819
20
-4.330423228346457
11
5.0038681102362208
21
-4.330423228346457
0
LINE
8
BLACK
6
CONTINUOUS
10
5.0038681102362208
20
-4.330423228346457
11
4.9999362992125986
21
-4.3298503937007871
0
LINE
8
BLACK
6
CONTINUOUS
10
4.9999362992125986
20
-4.3298503937007871
11
4.9958611417322834
21
-4.3278581496062989
0
LINE
8
BLACK
6
CONTINUOUS
10
4.9958611417322834
20
-4.3278581496062989
11
4.9926536614173225
21
-4.3246506692913389
0
LINE
8
BLACK
6
CONTINUOUS
10
4.9926536614173225
20
-4.3246506692913389
11
4.9906614173228343
21
-4.3205755118110236
0
LINE
8
BLACK
6
CONTINUOUS
10
4.9906614173228343
20
-4.3205755118110236
11
4.9900885826771653
21
-4.3166437007874014
0
LINE
8
BLACK
6
CONTINUOUS
10
4.9900885826771653
20
-4.3166437007874014
11
4.9900885826771653
21
-4.3048326771653542
0
LINE
8
BLACK
6
CONTINUOUS
10
4.9900885826771653
20
-4.3048326771653542
11
4.9906614173228343
21
-4.3009008661417321
0
LINE
8
BLACK
6
CONTINUOUS
10
4.9906614173228343
20
-4.3009008661417321
11
4.9926536614173225
21
-4.2968257086614177
0
LINE
8
BLACK
6
CONTINUOUS
10
4.9926536614173225
20
-4.2968257086614177
11
4.9958611417322834
21
-4.2936182283464568
0
LINE
8
BLACK
6
CONTINUOUS
10
4.9958611417322834
20
-4.2936182283464568
11
4.9990947244094484
21
-4.2920374015748033
0
LINE
8
BLACK
6
CONTINUOUS
10
4.9990947244094484
20
-4.2920374015748033
11
4.9958611417322834
21
-4.2904565748031498
0
LINE
8
BLACK
6
CONTINUOUS
10
4.9958611417322834
20
-4.2904565748031498
11
4.9926536614173225
21
-4.2872490944881889
0
LINE
8
BLACK
6
CONTINUOUS
10
4.9926536614173225
20
-4.2872490944881889
11
4.9906614173228343
21
-4.2831739370078736
0
LINE
8
BLACK
6
CONTINUOUS
10
4.9906614173228343
20
-4.2831739370078736
11
4.9900885826771653
21
-4.2792421259842515
0
LINE
8
BLACK
6
CONTINUOUS
10
4.9900885826771653
20
-4.2792421259842515
11
4.9900885826771653
21
-4.2674311023622042
0
LINE
8
BLACK
6
CONTINUOUS
10
4.9900885826771653
20
-4.2674311023622042
11
4.9906614173228343
21
-4.263499291338583
0
LINE
8
BLACK
6
CONTINUOUS
10
4.9906614173228343
20
-4.263499291338583
11
4.9926536614173225
21
-4.2594241338582677
0
LINE
8
BLACK
6
CONTINUOUS
10
4.9926536614173225
20
-4.2594241338582677
11
4.9958611417322834
21
-4.2562166535433068
0
LINE
8
BLACK
6
CONTINUOUS
10
4.9958611417322834
20
-4.2562166535433068
11
4.9990947244094484
21
-4.2546358267716533
0
LINE
8
BLACK
6
CONTINUOUS
10
4.9990947244094484
20
-4.2546358267716533
11
4.9958611417322834
21
-4.2530549999999998
0
LINE
8
BLACK
6
CONTINUOUS
10
4.9958611417322834
20
-4.2530549999999998
11
4.9926536614173225
21
-4.2498475196850389
0
LINE
8
BLACK
6
CONTINUOUS
10
4.9926536614173225
20
-4.2498475196850389
11
4.9906614173228343
21
-4.2457723622047245
0
LINE
8
BLACK
6
CONTINUOUS
10
4.9906614173228343
20
-4.2457723622047245
11
4.9900885826771653
21
-4.2418405511811024
0
LINE
8
BLACK
6
CONTINUOUS
10
4.9900885826771653
20
-4.2418405511811024
11
4.9900885826771653
21
-4.2300295275590551
0
LINE
8
BLACK
6
CONTINUOUS
10
4.9900885826771653
20
-4.2300295275590551
11
4.9906614173228343
21
-4.226097716535433
0
LINE
8
BLACK
6
CONTINUOUS
10
4.9906614173228343
20
-4.226097716535433
11
4.9926536614173225
21
-4.2220225590551177
0
LINE
8
BLACK
6
CONTINUOUS
10
4.9926536614173225
20
-4.2220225590551177
11
4.9958611417322834
21
-4.2188150787401577
0
LINE
8
BLACK
6
CONTINUOUS
10
4.9958611417322834
20
-4.2188150787401577
11
4.9999362992125986
21
-4.2168228346456695
0
LINE
8
BLACK
6
CONTINUOUS
10
4.9999362992125986
20
-4.2168228346456695
11
5.0038681102362208
21
-4.2162499999999996
0
LINE
8
BLACK
6
CONTINUOUS
10
5.0038681102362208
20
-4.2162499999999996
11
5.0442224409448819
21
-4.2162499999999996
0
LINE
8
BLACK
6
CONTINUOUS
10
5.0442224409448819
20
-4.2162499999999996
11
5.0481542519685041
21
-4.2168228346456695
0
LINE
8
BLACK
6
CONTINUOUS
10
4.7412562992125986
20
-4.2534879921259838
11
4.7462409842519682
21
-4.2552322047244093
0
LINE
8
BLACK
6
CONTINUOUS
10
4.7462409842519682
20
-4.2552322047244093
11
4.7504900787401576
21
-4.2583681889763776
0
LINE
8
BLACK
6
CONTINUOUS
10
4.7504900787401576
20
-4.2583681889763776
11
4.7536260629921259
21
-4.262617283464567
0
LINE
8
BLACK
6
CONTINUOUS
10
4.7536260629921259
20
-4.262617283464567
11
4.7553702755905514
21
-4.2676019685039366
0
LINE
8
BLACK
6
CONTINUOUS
10
4.7553702755905514
20
-4.2676019685039366
11
4.7556791338582673
21
-4.2708956692913382
0
LINE
8
BLACK
6
CONTINUOUS
10
4.7556791338582673
20
-4.2708956692913382
11
4.7556791338582673
21
-4.2905807086614169
0
LINE
8
BLACK
6
CONTINUOUS
10
4.7556791338582673
20
-4.2905807086614169
11
4.7553702755905514
21
-4.2938744094488186
0
LINE
8
BLACK
6
CONTINUOUS
10
4.7553702755905514
20
-4.2938744094488186
11
4.7536260629921259
21
-4.298859094488189
0
LINE
8
BLACK
6
CONTINUOUS
10
4.7536260629921259
20
-4.298859094488189
11
4.7504900787401576
21
-4.3031081889763776
0
LINE
8
BLACK
6
CONTINUOUS
10
4.7504900787401576
20
-4.3031081889763776
11
4.7462409842519682
21
-4.3062441732283467
0
LINE
8
BLACK
6
CONTINUOUS
10
4.7462409842519682
20
-4.3062441732283467
11
4.7412562992125986
21
-4.3079883858267713
0
LINE
8
BLACK
6
CONTINUOUS
10
4.7412562992125986
20
-4.3079883858267713
11
4.737962598425197
21
-4.3082972440944882
0
LINE
8
BLACK
6
CONTINUOUS
10
4.737962598425197
20
-4.3082972440944882
11
4.700561023622047
21
-4.3082972440944882
0
LINE
8
BLACK
6
CONTINUOUS
10
4.700561023622047
20
-4.3082972440944882
11
4.6972673228346453
21
-4.3079883858267713
0
LINE
8
BLACK
6
CONTINUOUS
10
4.6972673228346453
20
-4.3079883858267713
11
4.6922826377952758
21
-4.3062441732283467
0
LINE
8
BLACK
6
CONTINUOUS
10
4.6922826377952758
20
-4.3062441732283467
11
4.6880335433070863
21
-4.3031081889763776
0
LINE
8
BLACK
6
CONTINUOUS
10
4.6880335433070863
20
-4.3031081889763776
11
4.6848975590551181
21
-4.298859094488189
0
LINE
8
BLACK
6
CONTINUOUS
10
4.6848975590551181
20
-4.298859094488189
11
4.6831533464566926
21
-4.2938744094488186
0
LINE
8
BLACK
6
CONTINUOUS
10
4.6831533464566926
20
-4.2938744094488186
11
4.6828444881889766
21
-4.2905807086614169
0
LINE
8
BLACK
6
CONTINUOUS
10
4.6828444881889766
20
-4.2905807086614169
11
4.6828444881889766
21
-4.2708956692913382
0
LINE
8
BLACK
6
CONTINUOUS
10
4.6828444881889766
20
-4.2708956692913382
11
4.6831533464566926
21
-4.2676019685039366
0
LINE
8
BLACK
6
CONTINUOUS
10
4.6831533464566926
20
-4.2676019685039366
11
4.6848975590551181
21
-4.262617283464567
0
LINE
8
BLACK
6
CONTINUOUS
10
4.6848975590551181
20
-4.262617283464567
11
4.6880335433070863
21
-4.2583681889763776
0
LINE
8
BLACK
6
CONTINUOUS
10
4.6880335433070863
20
-4.2583681889763776
11
4.6922826377952758
21
-4.2552322047244093
0
LINE
8
BLACK
6
CONTINUOUS
10
4.6922826377952758
20
-4.2552322047244093
11
4.6972673228346453
21
-4.2534879921259838
0
LINE
8
BLACK
6
CONTINUOUS
10
4.6972673228346453
20
-4.2534879921259838
11
4.700561023622047
21
-4.2531791338582678
0
LINE
8
BLACK
6
CONTINUOUS
10
4.700561023622047
20
-4.2531791338582678
11
4.737962598425197
21
-4.2531791338582678
0
LINE
8
BLACK
6
CONTINUOUS
10
4.737962598425197
20
-4.2531791338582678
11
4.7412562992125986
21
-4.2534879921259838
0
LINE
8
BLACK
6
CONTINUOUS
10
4.6502720472440942
20
-4.2515194881889764
11
4.6552567322834646
21
-4.2532637007874019
0
LINE
8
BLACK
6
CONTINUOUS
10
4.6552567322834646
20
-4.2532637007874019
11
4.6595058267716531
21
-4.2563996850393702
0
LINE
8
BLACK
6
CONTINUOUS
10
4.6595058267716531
20
-4.2563996850393702
11
4.6626418110236223
21
-4.2606487795275587
0
LINE
8
BLACK
6
CONTINUOUS
10
4.6626418110236223
20
-4.2606487795275587
11
4.6643860236220469
21
-4.2656334645669292
0
LINE
8
BLACK
6
CONTINUOUS
10
4.6643860236220469
20
-4.2656334645669292
11
4.6646948818897638
21
-4.2689271653543308
0
LINE
8
BLACK
6
CONTINUOUS
10
4.6646948818897638
20
-4.2689271653543308
11
4.6646948818897638
21
-4.2895964566929132
0
LINE
8
BLACK
6
CONTINUOUS
10
4.6646948818897638
20
-4.2895964566929132
11
4.6643860236220469
21
-4.2928901574803149
0
LINE
8
BLACK
6
CONTINUOUS
10
4.6643860236220469
20
-4.2928901574803149
11
4.6626418110236223
21
-4.2978748425196853
0
LINE
8
BLACK
6
CONTINUOUS
10
4.6626418110236223
20
-4.2978748425196853
11
4.6595058267716531
21
-4.3021239370078739
0
LINE
8
BLACK
6
CONTINUOUS
10
4.6595058267716531
20
-4.3021239370078739
11
4.6552567322834646
21
-4.3052599212598421
0
LINE
8
BLACK
6
CONTINUOUS
10
4.6552567322834646
20
-4.3052599212598421
11
4.6502720472440942
21
-4.3070041338582676
0
LINE
8
BLACK
6
CONTINUOUS
10
4.6502720472440942
20
-4.3070041338582676
11
4.6469783464566925
21
-4.3073129921259845
0
LINE
8
BLACK
6
CONTINUOUS
10
4.6469783464566925
20
-4.3073129921259845
11
4.6115452755905508
21
-4.3073129921259845
0
LINE
8
BLACK
6
CONTINUOUS
10
4.6115452755905508
20
-4.3073129921259845
11
4.6082515748031492
21
-4.3070041338582676
0
LINE
8
BLACK
6
CONTINUOUS
10
4.6082515748031492
20
-4.3070041338582676
11
4.6032668897637796
21
-4.3052599212598421
0
LINE
8
BLACK
6
CONTINUOUS
10
4.6032668897637796
20
-4.3052599212598421
11
4.5990177952755902
21
-4.3021239370078739
0
LINE
8
BLACK
6
CONTINUOUS
10
4.5990177952755902
20
-4.3021239370078739
11
4.5958818110236219
21
-4.2978748425196853
0
LINE
8
BLACK
6
CONTINUOUS
10
4.5958818110236219
20
-4.2978748425196853
11
4.5941375984251964
21
-4.2928901574803149
0
LINE
8
BLACK
6
CONTINUOUS
10
4.5941375984251964
20
-4.2928901574803149
11
4.5938287401574804
21
-4.2895964566929132
0
LINE
8
BLACK
6
CONTINUOUS
10
4.5938287401574804
20
-4.2895964566929132
11
4.5938287401574804
21
-4.2689271653543308
0
LINE
8
BLACK
6
CONTINUOUS
10
4.5938287401574804
20
-4.2689271653543308
11
4.5941375984251964
21
-4.2656334645669292
0
LINE
8
BLACK
6
CONTINUOUS
10
4.5941375984251964
20
-4.2656334645669292
11
4.5958818110236219
21
-4.2606487795275587
0
LINE
8
BLACK
6
CONTINUOUS
10
4.5958818110236219
20
-4.2606487795275587
11
4.5990177952755902
21
-4.2563996850393702
0
LINE
8
BLACK
6
CONTINUOUS
10
4.5990177952755902
20
-4.2563996850393702
11
4.6032668897637796
21
-4.2532637007874019
0
LINE
8
BLACK
6
CONTINUOUS
10
4.6032668897637796
20
-4.2532637007874019
11
4.6082515748031492
21
-4.2515194881889764
0
LINE
8
BLACK
6
CONTINUOUS
10
4.6082515748031492
20
-4.2515194881889764
11
4.6115452755905508
21
-4.2512106299212595
0
LINE
8
BLACK
6
CONTINUOUS
10
4.6115452755905508
20
-4.2512106299212595
11
4.6469783464566925
21
-4.2512106299212595
0
LINE
8
BLACK
6
CONTINUOUS
10
4.6469783464566925
20
-4.2512106299212595
11
4.6502720472440942
21
-4.2515194881889764
0
LINE
8
BLACK
6
CONTINUOUS
10
5.9719944881889759
20
-4.250151377952756
11
5.9769791732283464
21
-4.2518955905511806
0
LINE
8
BLACK
6
CONTINUOUS
10
5.9769791732283464
20
-4.2518955905511806
11
5.9812282677165349
21
-4.2550315748031498
0
LINE
8
BLACK
6
CONTINUOUS
10
5.9812282677165349
20
-4.2550315748031498
11
5.9843642519685041
21
-4.2592806692913383
0
LINE
8
BLACK
6
CONTINUOUS
10
5.9843642519685041
20
-4.2592806692913383
11
5.9861084645669287
21
-4.2642653543307087
0
LINE
8
BLACK
6
CONTINUOUS
10
5.9861084645669287
20
-4.2642653543307087
11
5.9864173228346456
21
-4.2675590551181104
0
LINE
8
BLACK
6
CONTINUOUS
10
5.9864173228346456
20
-4.2675590551181104
11
5.9864173228346456
21
-4.2872440944881891
0
LINE
8
BLACK
6
CONTINUOUS
10
5.9864173228346456
20
-4.2872440944881891
11
5.9861084645669287
21
-4.2905377952755908
0
LINE
8
BLACK
6
CONTINUOUS
10
5.9861084645669287
20
-4.2905377952755908
11
5.9843642519685041
21
-4.2955224803149603
0
LINE
8
BLACK
6
CONTINUOUS
10
5.9843642519685041
20
-4.2955224803149603
11
5.9812282677165349
21
-4.2997715748031498
0
LINE
8
BLACK
6
CONTINUOUS
10
5.9812282677165349
20
-4.2997715748031498
11
5.9769791732283464
21
-4.302907559055118
0
LINE
8
BLACK
6
CONTINUOUS
10
5.9769791732283464
20
-4.302907559055118
11
5.9719944881889759
21
-4.3046517716535435
0
LINE
8
BLACK
6
CONTINUOUS
10
5.9719944881889759
20
-4.3046517716535435
11
5.9687007874015743
21
-4.3049606299212595
0
LINE
8
BLACK
6
CONTINUOUS
10
5.9687007874015743
20
-4.3049606299212595
11
5.9312992125984252
21
-4.3049606299212595
0
LINE
8
BLACK
6
CONTINUOUS
10
5.9312992125984252
20
-4.3049606299212595
11
5.9280055118110235
21
-4.3046517716535435
0
LINE
8
BLACK
6
CONTINUOUS
10
5.9280055118110235
20
-4.3046517716535435
11
5.9230208267716531
21
-4.302907559055118
0
LINE
8
BLACK
6
CONTINUOUS
10
5.9230208267716531
20
-4.302907559055118
11
5.9187717322834645
21
-4.2997715748031498
0
LINE
8
BLACK
6
CONTINUOUS
10
5.9187717322834645
20
-4.2997715748031498
11
5.9156357480314963
21
-4.2955224803149603
0
LINE
8
BLACK
6
CONTINUOUS
10
5.9156357480314963
20
-4.2955224803149603
11
5.9138915354330708
21
-4.2905377952755908
0
LINE
8
BLACK
6
CONTINUOUS
10
5.9138915354330708
20
-4.2905377952755908
11
5.9135826771653539
21
-4.2872440944881891
0
LINE
8
BLACK
6
CONTINUOUS
10
5.9135826771653539
20
-4.2872440944881891
11
5.9135826771653539
21
-4.2675590551181104
0
LINE
8
BLACK
6
CONTINUOUS
10
5.9135826771653539
20
-4.2675590551181104
11
5.9138915354330708
21
-4.2642653543307087
0
LINE
8
BLACK
6
CONTINUOUS
10
5.9138915354330708
20
-4.2642653543307087
11
5.9156357480314963
21
-4.2592806692913383
0
LINE
8
BLACK
6
CONTINUOUS
10
5.9156357480314963
20
-4.2592806692913383
11
5.9187717322834645
21
-4.2550315748031498
0
LINE
8
BLACK
6
CONTINUOUS
10
5.9187717322834645
20
-4.2550315748031498
11
5.9230208267716531
21
-4.2518955905511806
0
LINE
8
BLACK
6
CONTINUOUS
10
5.9230208267716531
20
-4.2518955905511806
11
5.9280055118110235
21
-4.250151377952756
0
LINE
8
BLACK
6
CONTINUOUS
10
5.9280055118110235
20
-4.250151377952756
11
5.9312992125984252
21
-4.2498425196850391
0
LINE
8
BLACK
6
CONTINUOUS
10
5.9312992125984252
20
-4.2498425196850391
11
5.9687007874015743
21
-4.2498425196850391
0
LINE
8
BLACK
6
CONTINUOUS
10
5.9687007874015743
20
-4.2498425196850391
11
5.9719944881889759
21
-4.250151377952756
0
LINE
8
BLACK
6
CONTINUOUS
10
6.091994488188976
20
-4.250151377952756
11
6.0969791732283465
21
-4.2518955905511806
0
LINE
8
BLACK
6
CONTINUOUS
10
6.0969791732283465
20
-4.2518955905511806
11
6.101228267716535
21
-4.2550315748031498
0
LINE
8
BLACK
6
CONTINUOUS
10
6.101228267716535
20
-4.2550315748031498
11
6.1043642519685042
21
-4.2592806692913383
0
LINE
8
BLACK
6
CONTINUOUS
10
6.1043642519685042
20
-4.2592806692913383
11
6.1061084645669288
21
-4.2642653543307087
0
LINE
8
BLACK
6
CONTINUOUS
10
6.1061084645669288
20
-4.2642653543307087
11
6.1064173228346457
21
-4.2675590551181104
0
LINE
8
BLACK
6
CONTINUOUS
10
6.1064173228346457
20
-4.2675590551181104
11
6.1064173228346457
21
-4.2872440944881891
0
LINE
8
BLACK
6
CONTINUOUS
10
6.1064173228346457
20
-4.2872440944881891
11
6.1061084645669288
21
-4.2905377952755908
0
LINE
8
BLACK
6
CONTINUOUS
10
6.1061084645669288
20
-4.2905377952755908
11
6.1043642519685042
21
-4.2955224803149603
0
LINE
8
BLACK
6
CONTINUOUS
10
6.1043642519685042
20
-4.2955224803149603
11
6.101228267716535
21
-4.2997715748031498
0
LINE
8
BLACK
6
CONTINUOUS
10
6.101228267716535
20
-4.2997715748031498
11
6.0969791732283465
21
-4.302907559055118
0
LINE
8
BLACK
6
CONTINUOUS
10
6.0969791732283465
20
-4.302907559055118
11
6.091994488188976
21
-4.3046517716535435
0
LINE
8
BLACK
6
CONTINUOUS
10
6.091994488188976
20
-4.3046517716535435
11
6.0887007874015744
21
-4.3049606299212595
0
LINE
8
BLACK
6
CONTINUOUS
10
6.0887007874015744
20
-4.3049606299212595
11
6.0512992125984253
21
-4.3049606299212595
0
LINE
8
BLACK
6
CONTINUOUS
10
6.0512992125984253
20
-4.3049606299212595
11
6.0480055118110236
21
-4.3046517716535435
0
LINE
8
BLACK
6
CONTINUOUS
10
6.0480055118110236
20
-4.3046517716535435
11
6.0430208267716532
21
-4.302907559055118
0
LINE
8
BLACK
6
CONTINUOUS
10
6.0430208267716532
20
-4.302907559055118
11
6.0387717322834646
21
-4.2997715748031498
0
LINE
8
BLACK
6
CONTINUOUS
10
6.0387717322834646
20
-4.2997715748031498
11
6.0356357480314955
21
-4.2955224803149603
0
LINE
8
BLACK
6
CONTINUOUS
10
6.0356357480314955
20
-4.2955224803149603
11
6.0338915354330709
21
-4.2905377952755908
0
LINE
8
BLACK
6
CONTINUOUS
10
6.0338915354330709
20
-4.2905377952755908
11
6.033582677165354
21
-4.2872440944881891
0
LINE
8
BLACK
6
CONTINUOUS
10
6.033582677165354
20
-4.2872440944881891
11
6.033582677165354
21
-4.2675590551181104
0
LINE
8
BLACK
6
CONTINUOUS
10
6.033582677165354
20
-4.2675590551181104
11
6.0338915354330709
21
-4.2642653543307087
0
LINE
8
BLACK
6
CONTINUOUS
10
6.0338915354330709
20
-4.2642653543307087
11
6.0356357480314955
21
-4.2592806692913383
0
LINE
8
BLACK
6
CONTINUOUS
10
6.0356357480314955
20
-4.2592806692913383
11
6.0387717322834646
21
-4.2550315748031498
0
LINE
8
BLACK
6
CONTINUOUS
10
6.0387717322834646
20
-4.2550315748031498
11
6.0430208267716532
21
-4.2518955905511806
0
LINE
8
BLACK
6
CONTINUOUS
10
6.0430208267716532
20
-4.2518955905511806
11
6.0480055118110236
21
-4.250151377952756
0
LINE
8
BLACK
6
CONTINUOUS
10
6.0480055118110236
20
-4.250151377952756
11
6.0512992125984253
21
-4.2498425196850391
0
LINE
8
BLACK
6
CONTINUOUS
10
6.0512992125984253
20
-4.2498425196850391
11
6.0887007874015744
21
-4.2498425196850391
0
LINE
8
BLACK
6
CONTINUOUS
10
6.0887007874015744
20
-4.2498425196850391
11
6.091994488188976
21
-4.250151377952756
0
LINE
8
BLACK
6
CONTINUOUS
10
6.2119944881889761
20
-4.250151377952756
11
6.2169791732283466
21
-4.2518955905511806
0
LINE
8
BLACK
6
CONTINUOUS
10
6.2169791732283466
20
-4.2518955905511806
11
6.2212282677165351
21
-4.2550315748031498
0
LINE
8
BLACK
6
CONTINUOUS
10
6.2212282677165351
20
-4.2550315748031498
11
6.2243642519685034
21
-4.2592806692913383
0
LINE
8
BLACK
6
CONTINUOUS
10
6.2243642519685034
20
-4.2592806692913383
11
6.2261084645669289
21
-4.2642653543307087
0
LINE
8
BLACK
6
CONTINUOUS
10
6.2261084645669289
20
-4.2642653543307087
11
6.2264173228346458
21
-4.2675590551181104
0
LINE
8
BLACK
6
CONTINUOUS
10
6.2264173228346458
20
-4.2675590551181104
11
6.2264173228346458
21
-4.2872440944881891
0
LINE
8
BLACK
6
CONTINUOUS
10
6.2264173228346458
20
-4.2872440944881891
11
6.2261084645669289
21
-4.2905377952755908
0
LINE
8
BLACK
6
CONTINUOUS
10
6.2261084645669289
20
-4.2905377952755908
11
6.2243642519685034
21
-4.2955224803149603
0
LINE
8
BLACK
6
CONTINUOUS
10
6.2243642519685034
20
-4.2955224803149603
11
6.2212282677165351
21
-4.2997715748031498
0
LINE
8
BLACK
6
CONTINUOUS
10
6.2212282677165351
20
-4.2997715748031498
11
6.2169791732283466
21
-4.302907559055118
0
LINE
8
BLACK
6
CONTINUOUS
10
6.2169791732283466
20
-4.302907559055118
11
6.2119944881889761
21
-4.3046517716535435
0
LINE
8
BLACK
6
CONTINUOUS
10
6.2119944881889761
20
-4.3046517716535435
11
6.2087007874015745
21
-4.3049606299212595
0
LINE
8
BLACK
6
CONTINUOUS
10
6.2087007874015745
20
-4.3049606299212595
11
6.1712992125984254
21
-4.3049606299212595
0
LINE
8
BLACK
6
CONTINUOUS
10
6.1712992125984254
20
-4.3049606299212595
11
6.1680055118110237
21
-4.3046517716535435
0
LINE
8
BLACK
6
CONTINUOUS
10
6.1680055118110237
20
-4.3046517716535435
11
6.1630208267716533
21
-4.302907559055118
0
LINE
8
BLACK
6
CONTINUOUS
10
6.1630208267716533
20
-4.302907559055118
11
6.1587717322834648
21
-4.2997715748031498
0
LINE
8
BLACK
6
CONTINUOUS
10
6.1587717322834648
20
-4.2997715748031498
11
6.1556357480314956
21
-4.2955224803149603
0
LINE
8
BLACK
6
CONTINUOUS
10
6.1556357480314956
20
-4.2955224803149603
11
6.153891535433071
21
-4.2905377952755908
0
LINE
8
BLACK
6
CONTINUOUS
10
6.153891535433071
20
-4.2905377952755908
11
6.1535826771653541
21
-4.2872440944881891
0
LINE
8
BLACK
6
CONTINUOUS
10
6.1535826771653541
20
-4.2872440944881891
11
6.1535826771653541
21
-4.2675590551181104
0
LINE
8
BLACK
6
CONTINUOUS
10
6.1535826771653541
20
-4.2675590551181104
11
6.153891535433071
21
-4.2642653543307087
0
LINE
8
BLACK
6
CONTINUOUS
10
6.153891535433071
20
-4.2642653543307087
11
6.1556357480314956
21
-4.2592806692913383
0
LINE
8
BLACK
6
CONTINUOUS
10
6.1556357480314956
20
-4.2592806692913383
11
6.1587717322834648
21
-4.2550315748031498
0
LINE
8
BLACK
6
CONTINUOUS
10
6.1587717322834648
20
-4.2550315748031498
11
6.1630208267716533
21
-4.2518955905511806
0
LINE
8
BLACK
6
CONTINUOUS
10
6.1630208267716533
20
-4.2518955905511806
11
6.1680055118110237
21
-4.250151377952756
0
LINE
8
BLACK
6
CONTINUOUS
10
6.1680055118110237
20
-4.250151377952756
11
6.1712992125984254
21
-4.2498425196850391
0
LINE
8
BLACK
6
CONTINUOUS
10
6.1712992125984254
20
-4.2498425196850391
11
6.2087007874015745
21
-4.2498425196850391
0
LINE
8
BLACK
6
CONTINUOUS
10
6.2087007874015745
20
-4.2498425196850391
11
6.2119944881889761
21
-4.250151377952756
0
LINE
8
BLACK
6
CONTINUOUS
10
6.3319944881889763
20
-4.250151377952756
11
6.3369791732283467
21
-4.2518955905511806
0
LINE
8
BLACK
6
CONTINUOUS
10
6.3369791732283467
20
-4.2518955905511806
11
6.3412282677165352
21
-4.2550315748031498
0
LINE
8
BLACK
6
CONTINUOUS
10
6.3412282677165352
20
-4.2550315748031498
11
6.3443642519685035
21
-4.2592806692913383
0
LINE
8
BLACK
6
CONTINUOUS
10
6.3443642519685035
20
-4.2592806692913383
11
6.346108464566929
21
-4.2642653543307087
0
LINE
8
BLACK
6
CONTINUOUS
10
6.346108464566929
20
-4.2642653543307087
11
6.3464173228346459
21
-4.2675590551181104
0
LINE
8
BLACK
6
CONTINUOUS
10
6.3464173228346459
20
-4.2675590551181104
11
6.3464173228346459
21
-4.2872440944881891
0
LINE
8
BLACK
6
CONTINUOUS
10
6.3464173228346459
20
-4.2872440944881891
11
6.346108464566929
21
-4.2905377952755908
0
LINE
8
BLACK
6
CONTINUOUS
10
6.346108464566929
20
-4.2905377952755908
11
6.3443642519685035
21
-4.2955224803149603
0
LINE
8
BLACK
6
CONTINUOUS
10
6.3443642519685035
20
-4.2955224803149603
11
6.3412282677165352
21
-4.2997715748031498
0
LINE
8
BLACK
6
CONTINUOUS
10
6.3412282677165352
20
-4.2997715748031498
11
6.3369791732283467
21
-4.302907559055118
0
LINE
8
BLACK
6
CONTINUOUS
10
6.3369791732283467
20
-4.302907559055118
11
6.3319944881889763
21
-4.3046517716535435
0
LINE
8
BLACK
6
CONTINUOUS
10
6.3319944881889763
20
-4.3046517716535435
11
6.3287007874015746
21
-4.3049606299212595
0
LINE
8
BLACK
6
CONTINUOUS
10
6.3287007874015746
20
-4.3049606299212595
11
6.2912992125984246
21
-4.3049606299212595
0
LINE
8
BLACK
6
CONTINUOUS
10
6.2912992125984246
20
-4.3049606299212595
11
6.2880055118110239
21
-4.3046517716535435
0
LINE
8
BLACK
6
CONTINUOUS
10
6.2880055118110239
20
-4.3046517716535435
11
6.2830208267716534
21
-4.302907559055118
0
LINE
8
BLACK
6
CONTINUOUS
10
6.2830208267716534
20
-4.302907559055118
11
6.2787717322834649
21
-4.2997715748031498
0
LINE
8
BLACK
6
CONTINUOUS
10
6.2787717322834649
20
-4.2997715748031498
11
6.2756357480314957
21
-4.2955224803149603
0
LINE
8
BLACK
6
CONTINUOUS
10
6.2756357480314957
20
-4.2955224803149603
11
6.2738915354330711
21
-4.2905377952755908
0
LINE
8
BLACK
6
CONTINUOUS
10
6.2738915354330711
20
-4.2905377952755908
11
6.2735826771653542
21
-4.2872440944881891
0
LINE
8
BLACK
6
CONTINUOUS
10
6.2735826771653542
20
-4.2872440944881891
11
6.2735826771653542
21
-4.2675590551181104
0
LINE
8
BLACK
6
CONTINUOUS
10
6.2735826771653542
20
-4.2675590551181104
11
6.2738915354330711
21
-4.2642653543307087
0
LINE
8
BLACK
6
CONTINUOUS
10
6.2738915354330711
20
-4.2642653543307087
11
6.2756357480314957
21
-4.2592806692913383
0
LINE
8
BLACK
6
CONTINUOUS
10
6.2756357480314957
20
-4.2592806692913383
11
6.2787717322834649
21
-4.2550315748031498
0
LINE
8
BLACK
6
CONTINUOUS
10
6.2787717322834649
20
-4.2550315748031498
11
6.2830208267716534
21
-4.2518955905511806
0
LINE
8
BLACK
6
CONTINUOUS
10
6.2830208267716534
20
-4.2518955905511806
11
6.2880055118110239
21
-4.250151377952756
0
LINE
8
BLACK
6
CONTINUOUS
10
6.2880055118110239
20
-4.250151377952756
11
6.2912992125984246
21
-4.2498425196850391
0
LINE
8
BLACK
6
CONTINUOUS
10
6.2912992125984246
20
-4.2498425196850391
11
6.3287007874015746
21
-4.2498425196850391
0
LINE
8
BLACK
6
CONTINUOUS
10
6.3287007874015746
20
-4.2498425196850391
11
6.3319944881889763
21
-4.250151377952756
0
LINE
8
BLACK
6
CONTINUOUS
10
6.7430132677165355
20
-4.2274497637795276
11
6.7455677559055118
21
-4.2291566535433072
0
LINE
8
BLACK
6
CONTINUOUS
10
6.7455677559055118
20
-4.2291566535433072
11
6.7472746456692914
21
-4.2317111417322835
0
LINE
8
BLACK
6
CONTINUOUS
10
6.7472746456692914
20
-4.2317111417322835
11
6.7478740157480317
21
-4.2347244094488188
0
LINE
8
BLACK
6
CONTINUOUS
10
6.7478740157480317
20
-4.2347244094488188
11
6.7478740157480317
21
-4.2947244094488184
0
LINE
8
BLACK
6
CONTINUOUS
10
6.7478740157480317
20
-4.2947244094488184
11
6.7472746456692914
21
-4.2977376771653546
0
LINE
8
BLACK
6
CONTINUOUS
10
6.7472746456692914
20
-4.2977376771653546
11
6.7455677559055118
21
-4.3002921653543309
0
LINE
8
BLACK
6
CONTINUOUS
10
6.7455677559055118
20
-4.3002921653543309
11
6.7430132677165355
21
-4.3019990551181104
0
LINE
8
BLACK
6
CONTINUOUS
10
6.7430132677165355
20
-4.3019990551181104
11
6.7400000000000002
21
-4.3025984251968499
0
LINE
8
BLACK
6
CONTINUOUS
10
6.7400000000000002
20
-4.3025984251968499
11
6.6799999999999997
21
-4.3025984251968499
0
LINE
8
BLACK
6
CONTINUOUS
10
6.6799999999999997
20
-4.3025984251968499
11
6.6769867322834644
21
-4.3019990551181104
0
LINE
8
BLACK
6
CONTINUOUS
10
6.6769867322834644
20
-4.3019990551181104
11
6.6744322440944881
21
-4.3002921653543309
0
LINE
8
BLACK
6
CONTINUOUS
10
6.6744322440944881
20
-4.3002921653543309
11
6.6727253543307086
21
-4.2977376771653546
0
LINE
8
BLACK
6
CONTINUOUS
10
6.6727253543307086
20
-4.2977376771653546
11
6.6721259842519682
21
-4.2947244094488184
0
LINE
8
BLACK
6
CONTINUOUS
10
6.6721259842519682
20
-4.2947244094488184
11
6.6721259842519682
21
-4.2347244094488188
0
LINE
8
BLACK
6
CONTINUOUS
10
6.6721259842519682
20
-4.2347244094488188
11
6.6727253543307086
21
-4.2317111417322835
0
LINE
8
BLACK
6
CONTINUOUS
10
6.6727253543307086
20
-4.2317111417322835
11
6.6744322440944881
21
-4.2291566535433072
0
LINE
8
BLACK
6
CONTINUOUS
10
6.6744322440944881
20
-4.2291566535433072
11
6.6769867322834644
21
-4.2274497637795276
0
LINE
8
BLACK
6
CONTINUOUS
10
6.6769867322834644
20
-4.2274497637795276
11
6.6799999999999997
21
-4.2268503937007873
0
LINE
8
BLACK
6
CONTINUOUS
10
6.6799999999999997
20
-4.2268503937007873
11
6.7400000000000002
21
-4.2268503937007873
0
LINE
8
BLACK
6
CONTINUOUS
10
6.7400000000000002
20
-4.2268503937007873
11
6.7430132677165355
21
-4.2274497637795276
0
LINE
8
BLACK
6
CONTINUOUS
10
6.8430132677165352
20
-4.2274497637795276
11
6.8455677559055115
21
-4.2291566535433072
0
LINE
8
BLACK
6
CONTINUOUS
10
6.8455677559055115
20
-4.2291566535433072
11
6.847274645669291
21
-4.2317111417322835
0
LINE
8
BLACK
6
CONTINUOUS
10
6.847274645669291
20
-4.2317111417322835
11
6.8478740157480313
21
-4.2347244094488188
0
LINE
8
BLACK
6
CONTINUOUS
10
6.8478740157480313
20
-4.2347244094488188
11
6.8478740157480313
21
-4.2947244094488184
0
LINE
8
BLACK
6
CONTINUOUS
10
6.8478740157480313
20
-4.2947244094488184
11
6.847274645669291
21
-4.2977376771653546
0
LINE
8
BLACK
6
CONTINUOUS
10
6.847274645669291
20
-4.2977376771653546
11
6.8455677559055115
21
-4.3002921653543309
0
LINE
8
BLACK
6
CONTINUOUS
10
6.8455677559055115
20
-4.3002921653543309
11
6.8430132677165352
21
-4.3019990551181104
0
LINE
8
BLACK
6
CONTINUOUS
10
6.8430132677165352
20
-4.3019990551181104
11
6.8399999999999999
21
-4.3025984251968499
0
LINE
8
BLACK
6
CONTINUOUS
10
6.8399999999999999
20
-4.3025984251968499
11
6.7800000000000002
21
-4.3025984251968499
0
LINE
8
BLACK
6
CONTINUOUS
10
6.7800000000000002
20
-4.3025984251968499
11
6.776986732283464
21
-4.3019990551181104
0
LINE
8
BLACK
6
CONTINUOUS
10
6.776986732283464
20
-4.3019990551181104
11
6.7744322440944877
21
-4.3002921653543309
0
LINE
8
BLACK
6
CONTINUOUS
10
6.7744322440944877
20
-4.3002921653543309
11
6.7727253543307082
21
-4.2977376771653546
0
LINE
8
BLACK
6
CONTINUOUS
10
6.7727253543307082
20
-4.2977376771653546
11
6.7721259842519688
21
-4.2947244094488184
0
LINE
8
BLACK
6
CONTINUOUS
10
6.7721259842519688
20
-4.2947244094488184
11
6.7721259842519688
21
-4.2347244094488188
0
LINE
8
BLACK
6
CONTINUOUS
10
6.7721259842519688
20
-4.2347244094488188
11
6.7727253543307082
21
-4.2317111417322835
0
LINE
8
BLACK
6
CONTINUOUS
10
6.7727253543307082
20
-4.2317111417322835
11
6.7744322440944877
21
-4.2291566535433072
0
LINE
8
BLACK
6
CONTINUOUS
10
6.7744322440944877
20
-4.2291566535433072
11
6.776986732283464
21
-4.2274497637795276
0
LINE
8
BLACK
6
CONTINUOUS
10
6.776986732283464
20
-4.2274497637795276
11
6.7800000000000002
21
-4.2268503937007873
0
LINE
8
BLACK
6
CONTINUOUS
10
6.7800000000000002
20
-4.2268503937007873
11
6.8399999999999999
21
-4.2268503937007873
0
LINE
8
BLACK
6
CONTINUOUS
10
6.8399999999999999
20
-4.2268503937007873
11
6.8430132677165352
21
-4.2274497637795276
0
LINE
8
BLACK
6
CONTINUOUS
10
5.3719944881889763
20
-4.2301513779527555
11
5.3769791732283467
21
-4.231895590551181
0
LINE
8
BLACK
6
CONTINUOUS
10
5.3769791732283467
20
-4.231895590551181
11
5.3812282677165353
21
-4.2350315748031493
0
LINE
8
BLACK
6
CONTINUOUS
10
5.3812282677165353
20
-4.2350315748031493
11
5.3843642519685035
21
-4.2392806692913387
0
LINE
8
BLACK
6
CONTINUOUS
10
5.3843642519685035
20
-4.2392806692913387
11
5.386108464566929
21
-4.2442653543307083
0
LINE
8
BLACK
6
CONTINUOUS
10
5.386108464566929
20
-4.2442653543307083
11
5.3864173228346459
21
-4.2475590551181099
0
LINE
8
BLACK
6
CONTINUOUS
10
5.3864173228346459
20
-4.2475590551181099
11
5.3864173228346459
21
-4.2672440944881886
0
LINE
8
BLACK
6
CONTINUOUS
10
5.3864173228346459
20
-4.2672440944881886
11
5.386108464566929
21
-4.2705377952755903
0
LINE
8
BLACK
6
CONTINUOUS
10
5.386108464566929
20
-4.2705377952755903
11
5.3843642519685035
21
-4.2755224803149607
0
LINE
8
BLACK
6
CONTINUOUS
10
5.3843642519685035
20
-4.2755224803149607
11
5.3812282677165353
21
-4.2797715748031493
0
LINE
8
BLACK
6
CONTINUOUS
10
5.3812282677165353
20
-4.2797715748031493
11
5.3769791732283467
21
-4.2829075590551184
0
LINE
8
BLACK
6
CONTINUOUS
10
5.3769791732283467
20
-4.2829075590551184
11
5.3719944881889763
21
-4.2846517716535431
0
LINE
8
BLACK
6
CONTINUOUS
10
5.3719944881889763
20
-4.2846517716535431
11
5.3687007874015746
21
-4.2849606299212599
0
LINE
8
BLACK
6
CONTINUOUS
10
5.3687007874015746
20
-4.2849606299212599
11
5.3312992125984247
21
-4.2849606299212599
0
LINE
8
BLACK
6
CONTINUOUS
10
5.3312992125984247
20
-4.2849606299212599
11
5.3280055118110239
21
-4.2846517716535431
0
LINE
8
BLACK
6
CONTINUOUS
10
5.3280055118110239
20
-4.2846517716535431
11
5.3230208267716534
21
-4.2829075590551184
0
LINE
8
BLACK
6
CONTINUOUS
10
5.3230208267716534
20
-4.2829075590551184
11
5.318771732283464
21
-4.2797715748031493
0
LINE
8
BLACK
6
CONTINUOUS
10
5.318771732283464
20
-4.2797715748031493
11
5.3156357480314957
21
-4.2755224803149607
0
LINE
8
BLACK
6
CONTINUOUS
10
5.3156357480314957
20
-4.2755224803149607
11
5.3138915354330711
21
-4.2705377952755903
0
LINE
8
BLACK
6
CONTINUOUS
10
5.3138915354330711
20
-4.2705377952755903
11
5.3135826771653543
21
-4.2672440944881886
0
LINE
8
BLACK
6
CONTINUOUS
10
5.3135826771653543
20
-4.2672440944881886
11
5.3135826771653543
21
-4.2475590551181099
0
LINE
8
BLACK
6
CONTINUOUS
10
5.3135826771653543
20
-4.2475590551181099
11
5.3138915354330711
21
-4.2442653543307083
0
LINE
8
BLACK
6
CONTINUOUS
10
5.3138915354330711
20
-4.2442653543307083
11
5.3156357480314957
21
-4.2392806692913387
0
LINE
8
BLACK
6
CONTINUOUS
10
5.3156357480314957
20
-4.2392806692913387
11
5.318771732283464
21
-4.2350315748031493
0
LINE
8
BLACK
6
CONTINUOUS
10
5.318771732283464
20
-4.2350315748031493
11
5.3230208267716534
21
-4.231895590551181
0
LINE
8
BLACK
6
CONTINUOUS
10
5.3230208267716534
20
-4.231895590551181
11
5.3280055118110239
21
-4.2301513779527555
0
LINE
8
BLACK
6
CONTINUOUS
10
5.3280055118110239
20
-4.2301513779527555
11
5.3312992125984247
21
-4.2298425196850395
0
LINE
8
BLACK
6
CONTINUOUS
10
5.3312992125984247
20
-4.2298425196850395
11
5.3687007874015746
21
-4.2298425196850395
0
LINE
8
BLACK
6
CONTINUOUS
10
5.3687007874015746
20
-4.2298425196850395
11
5.3719944881889763
21
-4.2301513779527555
0
LINE
8
BLACK
6
CONTINUOUS
10
4.8510102362204721
20
-4.2241080708661416
11
4.8559949212598426
21
-4.2258522834645671
0
LINE
8
BLACK
6
CONTINUOUS
10
4.8559949212598426
20
-4.2258522834645671
11
4.8602440157480311
21
-4.2289882677165354
0
LINE
8
BLACK
6
CONTINUOUS
10
4.8602440157480311
20
-4.2289882677165354
11
4.8633800000000003
21
-4.2332373622047239
0
LINE
8
BLACK
6
CONTINUOUS
10
4.8633800000000003
20
-4.2332373622047239
11
4.8651242125984249
21
-4.2382220472440943
0
LINE
8
BLACK
6
CONTINUOUS
10
4.8651242125984249
20
-4.2382220472440943
11
4.8654330708661417
21
-4.241515748031496
0
LINE
8
BLACK
6
CONTINUOUS
10
4.8654330708661417
20
-4.241515748031496
11
4.8654330708661417
21
-4.2621850393700784
0
LINE
8
BLACK
6
CONTINUOUS
10
4.8654330708661417
20
-4.2621850393700784
11
4.8651242125984249
21
-4.2654787401574801
0
LINE
8
BLACK
6
CONTINUOUS
10
4.8651242125984249
20
-4.2654787401574801
11
4.8633800000000003
21
-4.2704634251968505
0
LINE
8
BLACK
6
CONTINUOUS
10
4.8633800000000003
20
-4.2704634251968505
11
4.8602440157480311
21
-4.2747125196850391
0
LINE
8
BLACK
6
CONTINUOUS
10
4.8602440157480311
20
-4.2747125196850391
11
4.8559949212598426
21
-4.2778485039370082
0
LINE
8
BLACK
6
CONTINUOUS
10
4.8559949212598426
20
-4.2778485039370082
11
4.8510102362204721
21
-4.2795927165354328
0
LINE
8
BLACK
6
CONTINUOUS
10
4.8510102362204721
20
-4.2795927165354328
11
4.8477165354330705
21
-4.2799015748031497
0
LINE
8
BLACK
6
CONTINUOUS
10
4.8477165354330705
20
-4.2799015748031497
11
4.8122834645669288
21
-4.2799015748031497
0
LINE
8
BLACK
6
CONTINUOUS
10
4.8122834645669288
20
-4.2799015748031497
11
4.8089897637795271
21
-4.2795927165354328
0
LINE
8
BLACK
6
CONTINUOUS
10
4.8089897637795271
20
-4.2795927165354328
11
4.8040050787401576
21
-4.2778485039370082
0
LINE
8
BLACK
6
CONTINUOUS
10
4.8040050787401576
20
-4.2778485039370082
11
4.7997559842519681
21
-4.2747125196850391
0
LINE
8
BLACK
6
CONTINUOUS
10
4.7997559842519681
20
-4.2747125196850391
11
4.7966199999999999
21
-4.2704634251968505
0
LINE
8
BLACK
6
CONTINUOUS
10
4.7966199999999999
20
-4.2704634251968505
11
4.7948757874015744
21
-4.2654787401574801
0
LINE
8
BLACK
6
CONTINUOUS
10
4.7948757874015744
20
-4.2654787401574801
11
4.7945669291338584
21
-4.2621850393700784
0
LINE
8
BLACK
6
CONTINUOUS
10
4.7945669291338584
20
-4.2621850393700784
11
4.7945669291338584
21
-4.241515748031496
0
LINE
8
BLACK
6
CONTINUOUS
10
4.7945669291338584
20
-4.241515748031496
11
4.7948757874015744
21
-4.2382220472440943
0
LINE
8
BLACK
6
CONTINUOUS
10
4.7948757874015744
20
-4.2382220472440943
11
4.7966199999999999
21
-4.2332373622047239
0
LINE
8
BLACK
6
CONTINUOUS
10
4.7966199999999999
20
-4.2332373622047239
11
4.7997559842519681
21
-4.2289882677165354
0
LINE
8
BLACK
6
CONTINUOUS
10
4.7997559842519681
20
-4.2289882677165354
11
4.8040050787401576
21
-4.2258522834645671
0
LINE
8
BLACK
6
CONTINUOUS
10
4.8040050787401576
20
-4.2258522834645671
11
4.8089897637795271
21
-4.2241080708661416
0
LINE
8
BLACK
6
CONTINUOUS
10
4.8089897637795271
20
-4.2241080708661416
11
4.8122834645669288
21
-4.2237992125984247
0
LINE
8
BLACK
6
CONTINUOUS
10
4.8122834645669288
20
-4.2237992125984247
11
4.8477165354330705
21
-4.2237992125984247
0
LINE
8
BLACK
6
CONTINUOUS
10
4.8477165354330705
20
-4.2237992125984247
11
4.8510102362204721
21
-4.2241080708661416
0
LINE
8
BLACK
6
CONTINUOUS
10
6.4567927952755904
20
-4.2384733858267714
11
6.4593472834645667
21
-4.2401802755905509
0
LINE
8
BLACK
6
CONTINUOUS
10
6.4593472834645667
20
-4.2401802755905509
11
6.4610541732283462
21
-4.2427347637795272
0
LINE
8
BLACK
6
CONTINUOUS
10
6.4610541732283462
20
-4.2427347637795272
11
6.4616535433070865
21
-4.2457480314960625
0
LINE
8
BLACK
6
CONTINUOUS
10
6.4616535433070865
20
-4.2457480314960625
11
6.4616535433070865
21
-4.2693700787401569
0
LINE
8
BLACK
6
CONTINUOUS
10
6.4616535433070865
20
-4.2693700787401569
11
6.4610541732283462
21
-4.2723833464566932
0
LINE
8
BLACK
6
CONTINUOUS
10
6.4610541732283462
20
-4.2723833464566932
11
6.4593472834645667
21
-4.2749378346456695
0
LINE
8
BLACK
6
CONTINUOUS
10
6.4593472834645667
20
-4.2749378346456695
11
6.4567927952755904
21
-4.276644724409449
0
LINE
8
BLACK
6
CONTINUOUS
10
6.4567927952755904
20
-4.276644724409449
11
6.453779527559055
21
-4.2772440944881893
0
LINE
8
BLACK
6
CONTINUOUS
10
6.453779527559055
20
-4.2772440944881893
11
6.4262204724409449
21
-4.2772440944881893
0
LINE
8
BLACK
6
CONTINUOUS
10
6.4262204724409449
20
-4.2772440944881893
11
6.4232072047244095
21
-4.276644724409449
0
LINE
8
BLACK
6
CONTINUOUS
10
6.4232072047244095
20
-4.276644724409449
11
6.4206527165354332
21
-4.2749378346456695
0
LINE
8
BLACK
6
CONTINUOUS
10
6.4206527165354332
20
-4.2749378346456695
11
6.4189458267716537
21
-4.2723833464566932
0
LINE
8
BLACK
6
CONTINUOUS
10
6.4189458267716537
20
-4.2723833464566932
11
6.4183464566929134
21
-4.2693700787401569
0
LINE
8
BLACK
6
CONTINUOUS
10
6.4183464566929134
20
-4.2693700787401569
11
6.4183464566929134
21
-4.2457480314960625
0
LINE
8
BLACK
6
CONTINUOUS
10
6.4183464566929134
20
-4.2457480314960625
11
6.4189458267716537
21
-4.2427347637795272
0
LINE
8
BLACK
6
CONTINUOUS
10
6.4189458267716537
20
-4.2427347637795272
11
6.4206527165354332
21
-4.2401802755905509
0
LINE
8
BLACK
6
CONTINUOUS
10
6.4206527165354332
20
-4.2401802755905509
11
6.4232072047244095
21
-4.2384733858267714
0
LINE
8
BLACK
6
CONTINUOUS
10
6.4232072047244095
20
-4.2384733858267714
11
6.4262204724409449
21
-4.237874015748031
0
LINE
8
BLACK
6
CONTINUOUS
10
6.4262204724409449
20
-4.237874015748031
11
6.453779527559055
21
-4.237874015748031
0
LINE
8
BLACK
6
CONTINUOUS
10
6.453779527559055
20
-4.237874015748031
11
6.4567927952755904
21
-4.2384733858267714
0
LINE
8
BLACK
6
CONTINUOUS
10
5.1610102362204726
20
-4.2063324803149609
11
5.1659949212598422
21
-4.2080766929133855
0
LINE
8
BLACK
6
CONTINUOUS
10
5.1659949212598422
20
-4.2080766929133855
11
5.1702440157480316
21
-4.2112126771653546
0
LINE
8
BLACK
6
CONTINUOUS
10
5.1702440157480316
20
-4.2112126771653546
11
5.1733799999999999
21
-4.2154617716535432
0
LINE
8
BLACK
6
CONTINUOUS
10
5.1733799999999999
20
-4.2154617716535432
11
5.1751242125984254
21
-4.2204464566929136
0
LINE
8
BLACK
6
CONTINUOUS
10
5.1751242125984254
20
-4.2204464566929136
11
5.1754330708661413
21
-4.2237401574803153
0
LINE
8
BLACK
6
CONTINUOUS
10
5.1754330708661413
20
-4.2237401574803153
11
5.1754330708661413
21
-4.2444094488188977
0
LINE
8
BLACK
6
CONTINUOUS
10
5.1754330708661413
20
-4.2444094488188977
11
5.1751242125984254
21
-4.2477031496062994
0
LINE
8
BLACK
6
CONTINUOUS
10
5.1751242125984254
20
-4.2477031496062994
11
5.1733799999999999
21
-4.2526878346456689
0
LINE
8
BLACK
6
CONTINUOUS
10
5.1733799999999999
20
-4.2526878346456689
11
5.1702440157480316
21
-4.2569369291338583
0
LINE
8
BLACK
6
CONTINUOUS
10
5.1702440157480316
20
-4.2569369291338583
11
5.1659949212598422
21
-4.2600729133858266
0
LINE
8
BLACK
6
CONTINUOUS
10
5.1659949212598422
20
-4.2600729133858266
11
5.1610102362204726
21
-4.2618171259842521
0
LINE
8
BLACK
6
CONTINUOUS
10
5.1610102362204726
20
-4.2618171259842521
11
5.157716535433071
21
-4.2621259842519681
0
LINE
8
BLACK
6
CONTINUOUS
10
5.157716535433071
20
-4.2621259842519681
11
5.1222834645669293
21
-4.2621259842519681
0
LINE
8
BLACK
6
CONTINUOUS
10
5.1222834645669293
20
-4.2621259842519681
11
5.1189897637795276
21
-4.2618171259842521
0
LINE
8
BLACK
6
CONTINUOUS
10
5.1189897637795276
20
-4.2618171259842521
11
5.1140050787401572
21
-4.2600729133858266
0
LINE
8
BLACK
6
CONTINUOUS
10
5.1140050787401572
20
-4.2600729133858266
11
5.1097559842519686
21
-4.2569369291338583
0
LINE
8
BLACK
6
CONTINUOUS
10
5.1097559842519686
20
-4.2569369291338583
11
5.1066199999999995
21
-4.2526878346456689
0
LINE
8
BLACK
6
CONTINUOUS
10
5.1066199999999995
20
-4.2526878346456689
11
5.1048757874015749
21
-4.2477031496062994
0
LINE
8
BLACK
6
CONTINUOUS
10
5.1048757874015749
20
-4.2477031496062994
11
5.104566929133858
21
-4.2444094488188977
0
LINE
8
BLACK
6
CONTINUOUS
10
5.104566929133858
20
-4.2444094488188977
11
5.104566929133858
21
-4.2237401574803153
0
LINE
8
BLACK
6
CONTINUOUS
10
5.104566929133858
20
-4.2237401574803153
11
5.1048757874015749
21
-4.2204464566929136
0
LINE
8
BLACK
6
CONTINUOUS
10
5.1048757874015749
20
-4.2204464566929136
11
5.1066199999999995
21
-4.2154617716535432
0
LINE
8
BLACK
6
CONTINUOUS
10
5.1066199999999995
20
-4.2154617716535432
11
5.1097559842519686
21
-4.2112126771653546
0
LINE
8
BLACK
6
CONTINUOUS
10
5.1097559842519686
20
-4.2112126771653546
11
5.1140050787401572
21
-4.2080766929133855
0
LINE
8
BLACK
6
CONTINUOUS
10
5.1140050787401572
20
-4.2080766929133855
11
5.1189897637795276
21
-4.2063324803149609
0
LINE
8
BLACK
6
CONTINUOUS
10
5.1189897637795276
20
-4.2063324803149609
11
5.1222834645669293
21
-4.206023622047244
0
LINE
8
BLACK
6
CONTINUOUS
10
5.1222834645669293
20
-4.206023622047244
11
5.157716535433071
21
-4.206023622047244
0
LINE
8
BLACK
6
CONTINUOUS
10
5.157716535433071
20
-4.206023622047244
11
5.1610102362204726
21
-4.2063324803149609
0
LINE
8
BLACK
6
CONTINUOUS
10
5.261994488188976
20
-4.2053482283464563
11
5.2669791732283464
21
-4.2070924409448818
0
LINE
8
BLACK
6
CONTINUOUS
10
5.2669791732283464
20
-4.2070924409448818
11
5.271228267716535
21
-4.21022842519685
0
LINE
8
BLACK
6
CONTINUOUS
10
5.271228267716535
20
-4.21022842519685
11
5.2743642519685041
21
-4.2144775196850395
0
LINE
8
BLACK
6
CONTINUOUS
10
5.2743642519685041
20
-4.2144775196850395
11
5.2761084645669287
21
-4.219462204724409
0
LINE
8
BLACK
6
CONTINUOUS
10
5.2761084645669287
20
-4.219462204724409
11
5.2764173228346456
21
-4.2227559055118107
0
LINE
8
BLACK
6
CONTINUOUS
10
5.2764173228346456
20
-4.2227559055118107
11
5.2764173228346456
21
-4.2424409448818894
0
LINE
8
BLACK
6
CONTINUOUS
10
5.2764173228346456
20
-4.2424409448818894
11
5.2761084645669287
21
-4.245734645669291
0
LINE
8
BLACK
6
CONTINUOUS
10
5.2761084645669287
20
-4.245734645669291
11
5.2743642519685041
21
-4.2507193307086615
0
LINE
8
BLACK
6
CONTINUOUS
10
5.2743642519685041
20
-4.2507193307086615
11
5.271228267716535
21
-4.25496842519685
0
LINE
8
BLACK
6
CONTINUOUS
10
5.271228267716535
20
-4.25496842519685
11
5.2669791732283464
21
-4.2581044094488192
0
LINE
8
BLACK
6
CONTINUOUS
10
5.2669791732283464
20
-4.2581044094488192
11
5.261994488188976
21
-4.2598486220472438
0
LINE
8
BLACK
6
CONTINUOUS
10
5.261994488188976
20
-4.2598486220472438
11
5.2587007874015743
21
-4.2601574803149607
0
LINE
8
BLACK
6
CONTINUOUS
10
5.2587007874015743
20
-4.2601574803149607
11
5.2212992125984252
21
-4.2601574803149607
0
LINE
8
BLACK
6
CONTINUOUS
10
5.2212992125984252
20
-4.2601574803149607
11
5.2180055118110236
21
-4.2598486220472438
0
LINE
8
BLACK
6
CONTINUOUS
10
5.2180055118110236
20
-4.2598486220472438
11
5.2130208267716531
21
-4.2581044094488192
0
LINE
8
BLACK
6
CONTINUOUS
10
5.2130208267716531
20
-4.2581044094488192
11
5.2087717322834646
21
-4.25496842519685
0
LINE
8
BLACK
6
CONTINUOUS
10
5.2087717322834646
20
-4.25496842519685
11
5.2056357480314963
21
-4.2507193307086615
0
LINE
8
BLACK
6
CONTINUOUS
10
5.2056357480314963
20
-4.2507193307086615
11
5.2038915354330708
21
-4.245734645669291
0
LINE
8
BLACK
6
CONTINUOUS
10
5.2038915354330708
20
-4.245734645669291
11
5.2035826771653539
21
-4.2424409448818894
0
LINE
8
BLACK
6
CONTINUOUS
10
5.2035826771653539
20
-4.2424409448818894
11
5.2035826771653539
21
-4.2227559055118107
0
LINE
8
BLACK
6
CONTINUOUS
10
5.2035826771653539
20
-4.2227559055118107
11
5.2038915354330708
21
-4.219462204724409
0
LINE
8
BLACK
6
CONTINUOUS
10
5.2038915354330708
20
-4.219462204724409
11
5.2056357480314963
21
-4.2144775196850395
0
LINE
8
BLACK
6
CONTINUOUS
10
5.2056357480314963
20
-4.2144775196850395
11
5.2087717322834646
21
-4.21022842519685
0
LINE
8
BLACK
6
CONTINUOUS
10
5.2087717322834646
20
-4.21022842519685
11
5.2130208267716531
21
-4.2070924409448818
0
LINE
8
BLACK
6
CONTINUOUS
10
5.2130208267716531
20
-4.2070924409448818
11
5.2180055118110236
21
-4.2053482283464563
0
LINE
8
BLACK
6
CONTINUOUS
10
5.2180055118110236
20
-4.2053482283464563
11
5.2212992125984252
21
-4.2050393700787403
0
LINE
8
BLACK
6
CONTINUOUS
10
5.2212992125984252
20
-4.2050393700787403
11
5.2587007874015743
21
-4.2050393700787403
0
LINE
8
BLACK
6
CONTINUOUS
10
5.2587007874015743
20
-4.2050393700787403
11
5.261994488188976
21
-4.2053482283464563
0
LINE
8
BLACK
6
CONTINUOUS
10
5.7777031496062987
20
-4.1748757874015743
11
5.7826878346456692
21
-4.1766199999999998
0
LINE
8
BLACK
6
CONTINUOUS
10
5.7826878346456692
20
-4.1766199999999998
11
5.7869369291338577
21
-4.179755984251968
0
LINE
8
BLACK
6
CONTINUOUS
10
5.7869369291338577
20
-4.179755984251968
11
5.7900729133858269
21
-4.1840050787401575
0
LINE
8
BLACK
6
CONTINUOUS
10
5.7900729133858269
20
-4.1840050787401575
11
5.7918171259842515
21
-4.188989763779527
0
LINE
8
BLACK
6
CONTINUOUS
10
5.7918171259842515
20
-4.188989763779527
11
5.7921259842519683
21
-4.1922834645669287
0
LINE
8
BLACK
6
CONTINUOUS
10
5.7921259842519683
20
-4.1922834645669287
11
5.7921259842519683
21
-4.2277165354330704
0
LINE
8
BLACK
6
CONTINUOUS
10
5.7921259842519683
20
-4.2277165354330704
11
5.7918171259842515
21
-4.231010236220472
0
LINE
8
BLACK
6
CONTINUOUS
10
5.7918171259842515
20
-4.231010236220472
11
5.7900729133858269
21
-4.2359949212598424
0
LINE
8
BLACK
6
CONTINUOUS
10
5.7900729133858269
20
-4.2359949212598424
11
5.7869369291338577
21
-4.240244015748031
0
LINE
8
BLACK
6
CONTINUOUS
10
5.7869369291338577
20
-4.240244015748031
11
5.7826878346456692
21
-4.2433800000000002
0
LINE
8
BLACK
6
CONTINUOUS
10
5.7826878346456692
20
-4.2433800000000002
11
5.7777031496062987
21
-4.2451242125984248
0
LINE
8
BLACK
6
CONTINUOUS
10
5.7777031496062987
20
-4.2451242125984248
11
5.7744094488188979
21
-4.2454330708661416
0
LINE
8
BLACK
6
CONTINUOUS
10
5.7744094488188979
20
-4.2454330708661416
11
5.7537401574803146
21
-4.2454330708661416
0
LINE
8
BLACK
6
CONTINUOUS
10
5.7537401574803146
20
-4.2454330708661416
11
5.750446456692913
21
-4.2451242125984248
0
LINE
8
BLACK
6
CONTINUOUS
10
5.750446456692913
20
-4.2451242125984248
11
5.7454617716535434
21
-4.2433800000000002
0
LINE
8
BLACK
6
CONTINUOUS
10
5.7454617716535434
20
-4.2433800000000002
11
5.741212677165354
21
-4.240244015748031
0
LINE
8
BLACK
6
CONTINUOUS
10
5.741212677165354
20
-4.240244015748031
11
5.7380766929133857
21
-4.2359949212598424
0
LINE
8
BLACK
6
CONTINUOUS
10
5.7380766929133857
20
-4.2359949212598424
11
5.7363324803149602
21
-4.231010236220472
0
LINE
8
BLACK
6
CONTINUOUS
10
5.7363324803149602
20
-4.231010236220472
11
5.7360236220472443
21
-4.2277165354330704
0
LINE
8
BLACK
6
CONTINUOUS
10
5.7360236220472443
20
-4.2277165354330704
11
5.7360236220472443
21
-4.1922834645669287
0
LINE
8
BLACK
6
CONTINUOUS
10
5.7360236220472443
20
-4.1922834645669287
11
5.7363324803149602
21
-4.188989763779527
0
LINE
8
BLACK
6
CONTINUOUS
10
5.7363324803149602
20
-4.188989763779527
11
5.7380766929133857
21
-4.1840050787401575
0
LINE
8
BLACK
6
CONTINUOUS
10
5.7380766929133857
20
-4.1840050787401575
11
5.741212677165354
21
-4.179755984251968
0
LINE
8
BLACK
6
CONTINUOUS
10
5.741212677165354
20
-4.179755984251968
11
5.7454617716535434
21
-4.1766199999999998
0
LINE
8
BLACK
6
CONTINUOUS
10
5.7454617716535434
20
-4.1766199999999998
11
5.750446456692913
21
-4.1748757874015743
0
LINE
8
BLACK
6
CONTINUOUS
10
5.750446456692913
20
-4.1748757874015743
11
5.7537401574803146
21
-4.1745669291338583
0
LINE
8
BLACK
6
CONTINUOUS
10
5.7537401574803146
20
-4.1745669291338583
11
5.7744094488188979
21
-4.1745669291338583
0
LINE
8
BLACK
6
CONTINUOUS
10
5.7744094488188979
20
-4.1745669291338583
11
5.7777031496062987
21
-4.1748757874015743
0
LINE
8
BLACK
6
CONTINUOUS
10
5.8495535433070867
20
-4.1748757874015743
11
5.8545382283464562
21
-4.1766199999999998
0
LINE
8
BLACK
6
CONTINUOUS
10
5.8545382283464562
20
-4.1766199999999998
11
5.8587873228346457
21
-4.179755984251968
0
LINE
8
BLACK
6
CONTINUOUS
10
5.8587873228346457
20
-4.179755984251968
11
5.8619233070866139
21
-4.1840050787401575
0
LINE
8
BLACK
6
CONTINUOUS
10
5.8619233070866139
20
-4.1840050787401575
11
5.8636675196850394
21
-4.188989763779527
0
LINE
8
BLACK
6
CONTINUOUS
10
5.8636675196850394
20
-4.188989763779527
11
5.8639763779527554
21
-4.1922834645669287
0
LINE
8
BLACK
6
CONTINUOUS
10
5.8639763779527554
20
-4.1922834645669287
11
5.8639763779527554
21
-4.2277165354330704
0
LINE
8
BLACK
6
CONTINUOUS
10
5.8639763779527554
20
-4.2277165354330704
11
5.8636675196850394
21
-4.231010236220472
0
LINE
8
BLACK
6
CONTINUOUS
10
5.8636675196850394
20
-4.231010236220472
11
5.8619233070866139
21
-4.2359949212598424
0
LINE
8
BLACK
6
CONTINUOUS
10
5.8619233070866139
20
-4.2359949212598424
11
5.8587873228346457
21
-4.240244015748031
0
LINE
8
BLACK
6
CONTINUOUS
10
5.8587873228346457
20
-4.240244015748031
11
5.8545382283464562
21
-4.2433800000000002
0
LINE
8
BLACK
6
CONTINUOUS
10
5.8545382283464562
20
-4.2433800000000002
11
5.8495535433070867
21
-4.2451242125984248
0
LINE
8
BLACK
6
CONTINUOUS
10
5.8495535433070867
20
-4.2451242125984248
11
5.846259842519685
21
-4.2454330708661416
0
LINE
8
BLACK
6
CONTINUOUS
10
5.846259842519685
20
-4.2454330708661416
11
5.8255905511811026
21
-4.2454330708661416
0
LINE
8
BLACK
6
CONTINUOUS
10
5.8255905511811026
20
-4.2454330708661416
11
5.8222968503937009
21
-4.2451242125984248
0
LINE
8
BLACK
6
CONTINUOUS
10
5.8222968503937009
20
-4.2451242125984248
11
5.8173121653543305
21
-4.2433800000000002
0
LINE
8
BLACK
6
CONTINUOUS
10
5.8173121653543305
20
-4.2433800000000002
11
5.8130630708661419
21
-4.240244015748031
0
LINE
8
BLACK
6
CONTINUOUS
10
5.8130630708661419
20
-4.240244015748031
11
5.8099270866141728
21
-4.2359949212598424
0
LINE
8
BLACK
6
CONTINUOUS
10
5.8099270866141728
20
-4.2359949212598424
11
5.8081828740157482
21
-4.231010236220472
0
LINE
8
BLACK
6
CONTINUOUS
10
5.8081828740157482
20
-4.231010236220472
11
5.8078740157480313
21
-4.2277165354330704
0
LINE
8
BLACK
6
CONTINUOUS
10
5.8078740157480313
20
-4.2277165354330704
11
5.8078740157480313
21
-4.1922834645669287
0
LINE
8
BLACK
6
CONTINUOUS
10
5.8078740157480313
20
-4.1922834645669287
11
5.8081828740157482
21
-4.188989763779527
0
LINE
8
BLACK
6
CONTINUOUS
10
5.8081828740157482
20
-4.188989763779527
11
5.8099270866141728
21
-4.1840050787401575
0
LINE
8
BLACK
6
CONTINUOUS
10
5.8099270866141728
20
-4.1840050787401575
11
5.8130630708661419
21
-4.179755984251968
0
LINE
8
BLACK
6
CONTINUOUS
10
5.8130630708661419
20
-4.179755984251968
11
5.8173121653543305
21
-4.1766199999999998
0
LINE
8
BLACK
6
CONTINUOUS
10
5.8173121653543305
20
-4.1766199999999998
11
5.8222968503937009
21
-4.1748757874015743
0
LINE
8
BLACK
6
CONTINUOUS
10
5.8222968503937009
20
-4.1748757874015743
11
5.8255905511811026
21
-4.1745669291338583
0
LINE
8
BLACK
6
CONTINUOUS
10
5.8255905511811026
20
-4.1745669291338583
11
5.846259842519685
21
-4.1745669291338583
0
LINE
8
BLACK
6
CONTINUOUS
10
5.846259842519685
20
-4.1745669291338583
11
5.8495535433070867
21
-4.1748757874015743
0
LINE
8
BLACK
6
CONTINUOUS
10
4.6502720472440942
20
-4.1796690944881885
11
4.6552567322834646
21
-4.181413307086614
0
LINE
8
BLACK
6
CONTINUOUS
10
4.6552567322834646
20
-4.181413307086614
11
4.6595058267716531
21
-4.1845492913385822
0
LINE
8
BLACK
6
CONTINUOUS
10
4.6595058267716531
20
-4.1845492913385822
11
4.6626418110236223
21
-4.1887983858267717
0
LINE
8
BLACK
6
CONTINUOUS
10
4.6626418110236223
20
-4.1887983858267717
11
4.6643860236220469
21
-4.1937830708661412
0
LINE
8
BLACK
6
CONTINUOUS
10
4.6643860236220469
20
-4.1937830708661412
11
4.6646948818897638
21
-4.1970767716535429
0
LINE
8
BLACK
6
CONTINUOUS
10
4.6646948818897638
20
-4.1970767716535429
11
4.6646948818897638
21
-4.2177460629921262
0
LINE
8
BLACK
6
CONTINUOUS
10
4.6646948818897638
20
-4.2177460629921262
11
4.6643860236220469
21
-4.2210397637795278
0
LINE
8
BLACK
6
CONTINUOUS
10
4.6643860236220469
20
-4.2210397637795278
11
4.6626418110236223
21
-4.2260244488188974
0
LINE
8
BLACK
6
CONTINUOUS
10
4.6626418110236223
20
-4.2260244488188974
11
4.6595058267716531
21
-4.2302735433070868
0
LINE
8
BLACK
6
CONTINUOUS
10
4.6595058267716531
20
-4.2302735433070868
11
4.6552567322834646
21
-4.2334095275590551
0
LINE
8
BLACK
6
CONTINUOUS
10
4.6552567322834646
20
-4.2334095275590551
11
4.6502720472440942
21
-4.2351537401574806
0
LINE
8
BLACK
6
CONTINUOUS
10
4.6502720472440942
20
-4.2351537401574806
11
4.6469783464566925
21
-4.2354625984251966
0
LINE
8
BLACK
6
CONTINUOUS
10
4.6469783464566925
20
-4.2354625984251966
11
4.6115452755905508
21
-4.2354625984251966
0
LINE
8
BLACK
6
CONTINUOUS
10
4.6115452755905508
20
-4.2354625984251966
11
4.6082515748031492
21
-4.2351537401574806
0
LINE
8
BLACK
6
CONTINUOUS
10
4.6082515748031492
20
-4.2351537401574806
11
4.6032668897637796
21
-4.2334095275590551
0
LINE
8
BLACK
6
CONTINUOUS
10
4.6032668897637796
20
-4.2334095275590551
11
4.5990177952755902
21
-4.2302735433070868
0
LINE
8
BLACK
6
CONTINUOUS
10
4.5990177952755902
20
-4.2302735433070868
11
4.5958818110236219
21
-4.2260244488188974
0
LINE
8
BLACK
6
CONTINUOUS
10
4.5958818110236219
20
-4.2260244488188974
11
4.5941375984251964
21
-4.2210397637795278
0
LINE
8
BLACK
6
CONTINUOUS
10
4.5941375984251964
20
-4.2210397637795278
11
4.5938287401574804
21
-4.2177460629921262
0
LINE
8
BLACK
6
CONTINUOUS
10
4.5938287401574804
20
-4.2177460629921262
11
4.5938287401574804
21
-4.1970767716535429
0
LINE
8
BLACK
6
CONTINUOUS
10
4.5938287401574804
20
-4.1970767716535429
11
4.5941375984251964
21
-4.1937830708661412
0
LINE
8
BLACK
6
CONTINUOUS
10
4.5941375984251964
20
-4.1937830708661412
11
4.5958818110236219
21
-4.1887983858267717
0
LINE
8
BLACK
6
CONTINUOUS
10
4.5958818110236219
20
-4.1887983858267717
11
4.5990177952755902
21
-4.1845492913385822
0
LINE
8
BLACK
6
CONTINUOUS
10
4.5990177952755902
20
-4.1845492913385822
11
4.6032668897637796
21
-4.181413307086614
0
LINE
8
BLACK
6
CONTINUOUS
10
4.6032668897637796
20
-4.181413307086614
11
4.6082515748031492
21
-4.1796690944881885
0
LINE
8
BLACK
6
CONTINUOUS
10
4.6082515748031492
20
-4.1796690944881885
11
4.6115452755905508
21
-4.1793602362204725
0
LINE
8
BLACK
6
CONTINUOUS
10
4.6115452755905508
20
-4.1793602362204725
11
4.6469783464566925
21
-4.1793602362204725
0
LINE
8
BLACK
6
CONTINUOUS
10
4.6469783464566925
20
-4.1793602362204725
11
4.6502720472440942
21
-4.1796690944881885
0
LINE
8
BLACK
6
CONTINUOUS
10
4.7412562992125986
20
-4.1786848425196848
11
4.7462409842519682
21
-4.1804290551181102
0
LINE
8
BLACK
6
CONTINUOUS
10
4.7462409842519682
20
-4.1804290551181102
11
4.7504900787401576
21
-4.1835650393700785
0
LINE
8
BLACK
6
CONTINUOUS
10
4.7504900787401576
20
-4.1835650393700785
11
4.7536260629921259
21
-4.187814133858268
0
LINE
8
BLACK
6
CONTINUOUS
10
4.7536260629921259
20
-4.187814133858268
11
4.7553702755905514
21
-4.1927988188976375
0
LINE
8
BLACK
6
CONTINUOUS
10
4.7553702755905514
20
-4.1927988188976375
11
4.7556791338582673
21
-4.1960925196850392
0
LINE
8
BLACK
6
CONTINUOUS
10
4.7556791338582673
20
-4.1960925196850392
11
4.7556791338582673
21
-4.2157775590551179
0
LINE
8
BLACK
6
CONTINUOUS
10
4.7556791338582673
20
-4.2157775590551179
11
4.7553702755905514
21
-4.2190712598425195
0
LINE
8
BLACK
6
CONTINUOUS
10
4.7553702755905514
20
-4.2190712598425195
11
4.7536260629921259
21
-4.22405594488189
0
LINE
8
BLACK
6
CONTINUOUS
10
4.7536260629921259
20
-4.22405594488189
11
4.7504900787401576
21
-4.2283050393700785
0
LINE
8
BLACK
6
CONTINUOUS
10
4.7504900787401576
20
-4.2283050393700785
11
4.7462409842519682
21
-4.2314410236220468
0
LINE
8
BLACK
6
CONTINUOUS
10
4.7462409842519682
20
-4.2314410236220468
11
4.7412562992125986
21
-4.2331852362204723
0
LINE
8
BLACK
6
CONTINUOUS
10
4.7412562992125986
20
-4.2331852362204723
11
4.737962598425197
21
-4.2334940944881891
0
LINE
8
BLACK
6
CONTINUOUS
10
4.737962598425197
20
-4.2334940944881891
11
4.700561023622047
21
-4.2334940944881891
0
LINE
8
BLACK
6
CONTINUOUS
10
4.700561023622047
20
-4.2334940944881891
11
4.6972673228346453
21
-4.2331852362204723
0
LINE
8
BLACK
6
CONTINUOUS
10
4.6972673228346453
20
-4.2331852362204723
11
4.6922826377952758
21
-4.2314410236220468
0
LINE
8
BLACK
6
CONTINUOUS
10
4.6922826377952758
20
-4.2314410236220468
11
4.6880335433070863
21
-4.2283050393700785
0
LINE
8
BLACK
6
CONTINUOUS
10
4.6880335433070863
20
-4.2283050393700785
11
4.6848975590551181
21
-4.22405594488189
0
LINE
8
BLACK
6
CONTINUOUS
10
4.6848975590551181
20
-4.22405594488189
11
4.6831533464566926
21
-4.2190712598425195
0
LINE
8
BLACK
6
CONTINUOUS
10
4.6831533464566926
20
-4.2190712598425195
11
4.6828444881889766
21
-4.2157775590551179
0
LINE
8
BLACK
6
CONTINUOUS
10
4.6828444881889766
20
-4.2157775590551179
11
4.6828444881889766
21
-4.1960925196850392
0
LINE
8
BLACK
6
CONTINUOUS
10
4.6828444881889766
20
-4.1960925196850392
11
4.6831533464566926
21
-4.1927988188976375
0
LINE
8
BLACK
6
CONTINUOUS
10
4.6831533464566926
20
-4.1927988188976375
11
4.6848975590551181
21
-4.187814133858268
0
LINE
8
BLACK
6
CONTINUOUS
10
4.6848975590551181
20
-4.187814133858268
11
4.6880335433070863
21
-4.1835650393700785
0
LINE
8
BLACK
6
CONTINUOUS
10
4.6880335433070863
20
-4.1835650393700785
11
4.6922826377952758
21
-4.1804290551181102
0
LINE
8
BLACK
6
CONTINUOUS
10
4.6922826377952758
20
-4.1804290551181102
11
4.6972673228346453
21
-4.1786848425196848
0
LINE
8
BLACK
6
CONTINUOUS
10
4.6972673228346453
20
-4.1786848425196848
11
4.700561023622047
21
-4.1783759842519688
0
LINE
8
BLACK
6
CONTINUOUS
10
4.700561023622047
20
-4.1783759842519688
11
4.737962598425197
21
-4.1783759842519688
0
LINE
8
BLACK
6
CONTINUOUS
10
4.737962598425197
20
-4.1783759842519688
11
4.7412562992125986
21
-4.1786848425196848
0
LINE
8
BLACK
6
CONTINUOUS
10
5.9719944881889759
20
-4.1753482283464569
11
5.9769791732283464
21
-4.1770924409448815
0
LINE
8
BLACK
6
CONTINUOUS
10
5.9769791732283464
20
-4.1770924409448815
11
5.9812282677165349
21
-4.1802284251968507
0
LINE
8
BLACK
6
CONTINUOUS
10
5.9812282677165349
20
-4.1802284251968507
11
5.9843642519685041
21
-4.1844775196850392
0
LINE
8
BLACK
6
CONTINUOUS
10
5.9843642519685041
20
-4.1844775196850392
11
5.9861084645669287
21
-4.1894622047244097
0
LINE
8
BLACK
6
CONTINUOUS
10
5.9861084645669287
20
-4.1894622047244097
11
5.9864173228346456
21
-4.1927559055118113
0
LINE
8
BLACK
6
CONTINUOUS
10
5.9864173228346456
20
-4.1927559055118113
11
5.9864173228346456
21
-4.21244094488189
0
LINE
8
BLACK
6
CONTINUOUS
10
5.9864173228346456
20
-4.21244094488189
11
5.9861084645669287
21
-4.2157346456692917
0
LINE
8
BLACK
6
CONTINUOUS
10
5.9861084645669287
20
-4.2157346456692917
11
5.9843642519685041
21
-4.2207193307086612
0
LINE
8
BLACK
6
CONTINUOUS
10
5.9843642519685041
20
-4.2207193307086612
11
5.9812282677165349
21
-4.2249684251968507
0
LINE
8
BLACK
6
CONTINUOUS
10
5.9812282677165349
20
-4.2249684251968507
11
5.9769791732283464
21
-4.2281044094488189
0
LINE
8
BLACK
6
CONTINUOUS
10
5.9769791732283464
20
-4.2281044094488189
11
5.9719944881889759
21
-4.2298486220472444
0
LINE
8
BLACK
6
CONTINUOUS
10
5.9719944881889759
20
-4.2298486220472444
11
5.9687007874015743
21
-4.2301574803149604
0
LINE
8
BLACK
6
CONTINUOUS
10
5.9687007874015743
20
-4.2301574803149604
11
5.9312992125984252
21
-4.2301574803149604
0
LINE
8
BLACK
6
CONTINUOUS
10
5.9312992125984252
20
-4.2301574803149604
11
5.9280055118110235
21
-4.2298486220472444
0
LINE
8
BLACK
6
CONTINUOUS
10
5.9280055118110235
20
-4.2298486220472444
11
5.9230208267716531
21
-4.2281044094488189
0
LINE
8
BLACK
6
CONTINUOUS
10
5.9230208267716531
20
-4.2281044094488189
11
5.9187717322834645
21
-4.2249684251968507
0
LINE
8
BLACK
6
CONTINUOUS
10
5.9187717322834645
20
-4.2249684251968507
11
5.9156357480314963
21
-4.2207193307086612
0
LINE
8
BLACK
6
CONTINUOUS
10
5.9156357480314963
20
-4.2207193307086612
11
5.9138915354330708
21
-4.2157346456692917
0
LINE
8
BLACK
6
CONTINUOUS
10
5.9138915354330708
20
-4.2157346456692917
11
5.9135826771653539
21
-4.21244094488189
0
LINE
8
BLACK
6
CONTINUOUS
10
5.9135826771653539
20
-4.21244094488189
11
5.9135826771653539
21
-4.1927559055118113
0
LINE
8
BLACK
6
CONTINUOUS
10
5.9135826771653539
20
-4.1927559055118113
11
5.9138915354330708
21
-4.1894622047244097
0
LINE
8
BLACK
6
CONTINUOUS
10
5.9138915354330708
20
-4.1894622047244097
11
5.9156357480314963
21
-4.1844775196850392
0
LINE
8
BLACK
6
CONTINUOUS
10
5.9156357480314963
20
-4.1844775196850392
11
5.9187717322834645
21
-4.1802284251968507
0
LINE
8
BLACK
6
CONTINUOUS
10
5.9187717322834645
20
-4.1802284251968507
11
5.9230208267716531
21
-4.1770924409448815
0
LINE
8
BLACK
6
CONTINUOUS
10
5.9230208267716531
20
-4.1770924409448815
11
5.9280055118110235
21
-4.1753482283464569
0
LINE
8
BLACK
6
CONTINUOUS
10
5.9280055118110235
20
-4.1753482283464569
11
5.9312992125984252
21
-4.17503937007874
0
LINE
8
BLACK
6
CONTINUOUS
10
5.9312992125984252
20
-4.17503937007874
11
5.9687007874015743
21
-4.17503937007874
0
LINE
8
BLACK
6
CONTINUOUS
10
5.9687007874015743
20
-4.17503937007874
11
5.9719944881889759
21
-4.1753482283464569
0
LINE
8
BLACK
6
CONTINUOUS
10
6.091994488188976
20
-4.1753482283464569
11
6.0969791732283465
21
-4.1770924409448815
0
LINE
8
BLACK
6
CONTINUOUS
10
6.0969791732283465
20
-4.1770924409448815
11
6.101228267716535
21
-4.1802284251968507
0
LINE
8
BLACK
6
CONTINUOUS
10
6.101228267716535
20
-4.1802284251968507
11
6.1043642519685042
21
-4.1844775196850392
0
LINE
8
BLACK
6
CONTINUOUS
10
6.1043642519685042
20
-4.1844775196850392
11
6.1061084645669288
21
-4.1894622047244097
0
LINE
8
BLACK
6
CONTINUOUS
10
6.1061084645669288
20
-4.1894622047244097
11
6.1064173228346457
21
-4.1927559055118113
0
LINE
8
BLACK
6
CONTINUOUS
10
6.1064173228346457
20
-4.1927559055118113
11
6.1064173228346457
21
-4.21244094488189
0
LINE
8
BLACK
6
CONTINUOUS
10
6.1064173228346457
20
-4.21244094488189
11
6.1061084645669288
21
-4.2157346456692917
0
LINE
8
BLACK
6
CONTINUOUS
10
6.1061084645669288
20
-4.2157346456692917
11
6.1043642519685042
21
-4.2207193307086612
0
LINE
8
BLACK
6
CONTINUOUS
10
6.1043642519685042
20
-4.2207193307086612
11
6.101228267716535
21
-4.2249684251968507
0
LINE
8
BLACK
6
CONTINUOUS
10
6.101228267716535
20
-4.2249684251968507
11
6.0969791732283465
21
-4.2281044094488189
0
LINE
8
BLACK
6
CONTINUOUS
10
6.0969791732283465
20
-4.2281044094488189
11
6.091994488188976
21
-4.2298486220472444
0
LINE
8
BLACK
6
CONTINUOUS
10
6.091994488188976
20
-4.2298486220472444
11
6.0887007874015744
21
-4.2301574803149604
0
LINE
8
BLACK
6
CONTINUOUS
10
6.0887007874015744
20
-4.2301574803149604
11
6.0512992125984253
21
-4.2301574803149604
0
LINE
8
BLACK
6
CONTINUOUS
10
6.0512992125984253
20
-4.2301574803149604
11
6.0480055118110236
21
-4.2298486220472444
0
LINE
8
BLACK
6
CONTINUOUS
10
6.0480055118110236
20
-4.2298486220472444
11
6.0430208267716532
21
-4.2281044094488189
0
LINE
8
BLACK
6
CONTINUOUS
10
6.0430208267716532
20
-4.2281044094488189
11
6.0387717322834646
21
-4.2249684251968507
0
LINE
8
BLACK
6
CONTINUOUS
10
6.0387717322834646
20
-4.2249684251968507
11
6.0356357480314955
21
-4.2207193307086612
0
LINE
8
BLACK
6
CONTINUOUS
10
6.0356357480314955
20
-4.2207193307086612
11
6.0338915354330709
21
-4.2157346456692917
0
LINE
8
BLACK
6
CONTINUOUS
10
6.0338915354330709
20
-4.2157346456692917
11
6.033582677165354
21
-4.21244094488189
0
LINE
8
BLACK
6
CONTINUOUS
10
6.033582677165354
20
-4.21244094488189
11
6.033582677165354
21
-4.1927559055118113
0
LINE
8
BLACK
6
CONTINUOUS
10
6.033582677165354
20
-4.1927559055118113
11
6.0338915354330709
21
-4.1894622047244097
0
LINE
8
BLACK
6
CONTINUOUS
10
6.0338915354330709
20
-4.1894622047244097
11
6.0356357480314955
21
-4.1844775196850392
0
LINE
8
BLACK
6
CONTINUOUS
10
6.0356357480314955
20
-4.1844775196850392
11
6.0387717322834646
21
-4.1802284251968507
0
LINE
8
BLACK
6
CONTINUOUS
10
6.0387717322834646
20
-4.1802284251968507
11
6.0430208267716532
21
-4.1770924409448815
0
LINE
8
BLACK
6
CONTINUOUS
10
6.0430208267716532
20
-4.1770924409448815
11
6.0480055118110236
21
-4.1753482283464569
0
LINE
8
BLACK
6
CONTINUOUS
10
6.0480055118110236
20
-4.1753482283464569
11
6.0512992125984253
21
-4.17503937007874
0
LINE
8
BLACK
6
CONTINUOUS
10
6.0512992125984253
20
-4.17503937007874
11
6.0887007874015744
21
-4.17503937007874
0
LINE
8
BLACK
6
CONTINUOUS
10
6.0887007874015744
20
-4.17503937007874
11
6.091994488188976
21
-4.1753482283464569
0
LINE
8
BLACK
6
CONTINUOUS
10
6.2119944881889761
20
-4.1753482283464569
11
6.2169791732283466
21
-4.1770924409448815
0
LINE
8
BLACK
6
CONTINUOUS
10
6.2169791732283466
20
-4.1770924409448815
11
6.2212282677165351
21
-4.1802284251968507
0
LINE
8
BLACK
6
CONTINUOUS
10
6.2212282677165351
20
-4.1802284251968507
11
6.2243642519685034
21
-4.1844775196850392
0
LINE
8
BLACK
6
CONTINUOUS
10
6.2243642519685034
20
-4.1844775196850392
11
6.2261084645669289
21
-4.1894622047244097
0
LINE
8
BLACK
6
CONTINUOUS
10
6.2261084645669289
20
-4.1894622047244097
11
6.2264173228346458
21
-4.1927559055118113
0
LINE
8
BLACK
6
CONTINUOUS
10
6.2264173228346458
20
-4.1927559055118113
11
6.2264173228346458
21
-4.21244094488189
0
LINE
8
BLACK
6
CONTINUOUS
10
6.2264173228346458
20
-4.21244094488189
11
6.2261084645669289
21
-4.2157346456692917
0
LINE
8
BLACK
6
CONTINUOUS
10
6.2261084645669289
20
-4.2157346456692917
11
6.2243642519685034
21
-4.2207193307086612
0
LINE
8
BLACK
6
CONTINUOUS
10
6.2243642519685034
20
-4.2207193307086612
11
6.2212282677165351
21
-4.2249684251968507
0
LINE
8
BLACK
6
CONTINUOUS
10
6.2212282677165351
20
-4.2249684251968507
11
6.2169791732283466
21
-4.2281044094488189
0
LINE
8
BLACK
6
CONTINUOUS
10
6.2169791732283466
20
-4.2281044094488189
11
6.2119944881889761
21
-4.2298486220472444
0
LINE
8
BLACK
6
CONTINUOUS
10
6.2119944881889761
20
-4.2298486220472444
11
6.2087007874015745
21
-4.2301574803149604
0
LINE
8
BLACK
6
CONTINUOUS
10
6.2087007874015745
20
-4.2301574803149604
11
6.1712992125984254
21
-4.2301574803149604
0
LINE
8
BLACK
6
CONTINUOUS
10
6.1712992125984254
20
-4.2301574803149604
11
6.1680055118110237
21
-4.2298486220472444
0
LINE
8
BLACK
6
CONTINUOUS
10
6.1680055118110237
20
-4.2298486220472444
11
6.1630208267716533
21
-4.2281044094488189
0
LINE
8
BLACK
6
CONTINUOUS
10
6.1630208267716533
20
-4.2281044094488189
11
6.1587717322834648
21
-4.2249684251968507
0
LINE
8
BLACK
6
CONTINUOUS
10
6.1587717322834648
20
-4.2249684251968507
11
6.1556357480314956
21
-4.2207193307086612
0
LINE
8
BLACK
6
CONTINUOUS
10
6.1556357480314956
20
-4.2207193307086612
11
6.153891535433071
21
-4.2157346456692917
0
LINE
8
BLACK
6
CONTINUOUS
10
6.153891535433071
20
-4.2157346456692917
11
6.1535826771653541
21
-4.21244094488189
0
LINE
8
BLACK
6
CONTINUOUS
10
6.1535826771653541
20
-4.21244094488189
11
6.1535826771653541
21
-4.1927559055118113
0
LINE
8
BLACK
6
CONTINUOUS
10
6.1535826771653541
20
-4.1927559055118113
11
6.153891535433071
21
-4.1894622047244097
0
LINE
8
BLACK
6
CONTINUOUS
10
6.153891535433071
20
-4.1894622047244097
11
6.1556357480314956
21
-4.1844775196850392
0
LINE
8
BLACK
6
CONTINUOUS
10
6.1556357480314956
20
-4.1844775196850392
11
6.1587717322834648
21
-4.1802284251968507
0
LINE
8
BLACK
6
CONTINUOUS
10
6.1587717322834648
20
-4.1802284251968507
11
6.1630208267716533
21
-4.1770924409448815
0
LINE
8
BLACK
6
CONTINUOUS
10
6.1630208267716533
20
-4.1770924409448815
11
6.1680055118110237
21
-4.1753482283464569
0
LINE
8
BLACK
6
CONTINUOUS
10
6.1680055118110237
20
-4.1753482283464569
11
6.1712992125984254
21
-4.17503937007874
0
LINE
8
BLACK
6
CONTINUOUS
10
6.1712992125984254
20
-4.17503937007874
11
6.2087007874015745
21
-4.17503937007874
0
LINE
8
BLACK
6
CONTINUOUS
10
6.2087007874015745
20
-4.17503937007874
11
6.2119944881889761
21
-4.1753482283464569
0
LINE
8
BLACK
6
CONTINUOUS
10
6.3319944881889763
20
-4.1753482283464569
11
6.3369791732283467
21
-4.1770924409448815
0
LINE
8
BLACK
6
CONTINUOUS
10
6.3369791732283467
20
-4.1770924409448815
11
6.3412282677165352
21
-4.1802284251968507
0
LINE
8
BLACK
6
CONTINUOUS
10
6.3412282677165352
20
-4.1802284251968507
11
6.3443642519685035
21
-4.1844775196850392
0
LINE
8
BLACK
6
CONTINUOUS
10
6.3443642519685035
20
-4.1844775196850392
11
6.346108464566929
21
-4.1894622047244097
0
LINE
8
BLACK
6
CONTINUOUS
10
6.346108464566929
20
-4.1894622047244097
11
6.3464173228346459
21
-4.1927559055118113
0
LINE
8
BLACK
6
CONTINUOUS
10
6.3464173228346459
20
-4.1927559055118113
11
6.3464173228346459
21
-4.21244094488189
0
LINE
8
BLACK
6
CONTINUOUS
10
6.3464173228346459
20
-4.21244094488189
11
6.346108464566929
21
-4.2157346456692917
0
LINE
8
BLACK
6
CONTINUOUS
10
6.346108464566929
20
-4.2157346456692917
11
6.3443642519685035
21
-4.2207193307086612
0
LINE
8
BLACK
6
CONTINUOUS
10
6.3443642519685035
20
-4.2207193307086612
11
6.3412282677165352
21
-4.2249684251968507
0
LINE
8
BLACK
6
CONTINUOUS
10
6.3412282677165352
20
-4.2249684251968507
11
6.3369791732283467
21
-4.2281044094488189
0
LINE
8
BLACK
6
CONTINUOUS
10
6.3369791732283467
20
-4.2281044094488189
11
6.3319944881889763
21
-4.2298486220472444
0
LINE
8
BLACK
6
CONTINUOUS
10
6.3319944881889763
20
-4.2298486220472444
11
6.3287007874015746
21
-4.2301574803149604
0
LINE
8
BLACK
6
CONTINUOUS
10
6.3287007874015746
20
-4.2301574803149604
11
6.2912992125984246
21
-4.2301574803149604
0
LINE
8
BLACK
6
CONTINUOUS
10
6.2912992125984246
20
-4.2301574803149604
11
6.2880055118110239
21
-4.2298486220472444
0
LINE
8
BLACK
6
CONTINUOUS
10
6.2880055118110239
20
-4.2298486220472444
11
6.2830208267716534
21
-4.2281044094488189
0
LINE
8
BLACK
6
CONTINUOUS
10
6.2830208267716534
20
-4.2281044094488189
11
6.2787717322834649
21
-4.2249684251968507
0
LINE
8
BLACK
6
CONTINUOUS
10
6.2787717322834649
20
-4.2249684251968507
11
6.2756357480314957
21
-4.2207193307086612
0
LINE
8
BLACK
6
CONTINUOUS
10
6.2756357480314957
20
-4.2207193307086612
11
6.2738915354330711
21
-4.2157346456692917
0
LINE
8
BLACK
6
CONTINUOUS
10
6.2738915354330711
20
-4.2157346456692917
11
6.2735826771653542
21
-4.21244094488189
0
LINE
8
BLACK
6
CONTINUOUS
10
6.2735826771653542
20
-4.21244094488189
11
6.2735826771653542
21
-4.1927559055118113
0
LINE
8
BLACK
6
CONTINUOUS
10
6.2735826771653542
20
-4.1927559055118113
11
6.2738915354330711
21
-4.1894622047244097
0
LINE
8
BLACK
6
CONTINUOUS
10
6.2738915354330711
20
-4.1894622047244097
11
6.2756357480314957
21
-4.1844775196850392
0
LINE
8
BLACK
6
CONTINUOUS
10
6.2756357480314957
20
-4.1844775196850392
11
6.2787717322834649
21
-4.1802284251968507
0
LINE
8
BLACK
6
CONTINUOUS
10
6.2787717322834649
20
-4.1802284251968507
11
6.2830208267716534
21
-4.1770924409448815
0
LINE
8
BLACK
6
CONTINUOUS
10
6.2830208267716534
20
-4.1770924409448815
11
6.2880055118110239
21
-4.1753482283464569
0
LINE
8
BLACK
6
CONTINUOUS
10
6.2880055118110239
20
-4.1753482283464569
11
6.2912992125984246
21
-4.17503937007874
0
LINE
8
BLACK
6
CONTINUOUS
10
6.2912992125984246
20
-4.17503937007874
11
6.3287007874015746
21
-4.17503937007874
0
LINE
8
BLACK
6
CONTINUOUS
10
6.3287007874015746
20
-4.17503937007874
11
6.3319944881889763
21
-4.1753482283464569
0
LINE
8
BLACK
6
CONTINUOUS
10
6.4567927952755904
20
-4.183355275590551
11
6.4593472834645667
21
-4.1850621653543305
0
LINE
8
BLACK
6
CONTINUOUS
10
6.4593472834645667
20
-4.1850621653543305
11
6.4610541732283462
21
-4.1876166535433068
0
LINE
8
BLACK
6
CONTINUOUS
10
6.4610541732283462
20
-4.1876166535433068
11
6.4616535433070865
21
-4.1906299212598421
0
LINE
8
BLACK
6
CONTINUOUS
10
6.4616535433070865
20
-4.1906299212598421
11
6.4616535433070865
21
-4.2142519685039366
0
LINE
8
BLACK
6
CONTINUOUS
10
6.4616535433070865
20
-4.2142519685039366
11
6.4610541732283462
21
-4.2172652362204728
0
LINE
8
BLACK
6
CONTINUOUS
10
6.4610541732283462
20
-4.2172652362204728
11
6.4593472834645667
21
-4.2198197244094491
0
LINE
8
BLACK
6
CONTINUOUS
10
6.4593472834645667
20
-4.2198197244094491
11
6.4567927952755904
21
-4.2215266141732286
0
LINE
8
BLACK
6
CONTINUOUS
10
6.4567927952755904
20
-4.2215266141732286
11
6.453779527559055
21
-4.2221259842519681
0
LINE
8
BLACK
6
CONTINUOUS
10
6.453779527559055
20
-4.2221259842519681
11
6.4262204724409449
21
-4.2221259842519681
0
LINE
8
BLACK
6
CONTINUOUS
10
6.4262204724409449
20
-4.2221259842519681
11
6.4232072047244095
21
-4.2215266141732286
0
LINE
8
BLACK
6
CONTINUOUS
10
6.4232072047244095
20
-4.2215266141732286
11
6.4206527165354332
21
-4.2198197244094491
0
LINE
8
BLACK
6
CONTINUOUS
10
6.4206527165354332
20
-4.2198197244094491
11
6.4189458267716537
21
-4.2172652362204728
0
LINE
8
BLACK
6
CONTINUOUS
10
6.4189458267716537
20
-4.2172652362204728
11
6.4183464566929134
21
-4.2142519685039366
0
LINE
8
BLACK
6
CONTINUOUS
10
6.4183464566929134
20
-4.2142519685039366
11
6.4183464566929134
21
-4.1906299212598421
0
LINE
8
BLACK
6
CONTINUOUS
10
6.4183464566929134
20
-4.1906299212598421
11
6.4189458267716537
21
-4.1876166535433068
0
LINE
8
BLACK
6
CONTINUOUS
10
6.4189458267716537
20
-4.1876166535433068
11
6.4206527165354332
21
-4.1850621653543305
0
LINE
8
BLACK
6
CONTINUOUS
10
6.4206527165354332
20
-4.1850621653543305
11
6.4232072047244095
21
-4.183355275590551
0
LINE
8
BLACK
6
CONTINUOUS
10
6.4232072047244095
20
-4.183355275590551
11
6.4262204724409449
21
-4.1827559055118106
0
LINE
8
BLACK
6
CONTINUOUS
10
6.4262204724409449
20
-4.1827559055118106
11
6.453779527559055
21
-4.1827559055118106
0
LINE
8
BLACK
6
CONTINUOUS
10
6.453779527559055
20
-4.1827559055118106
11
6.4567927952755904
21
-4.183355275590551
0
LINE
8
BLACK
6
CONTINUOUS
10
5.3719944881889763
20
-4.1553482283464565
11
5.3769791732283467
21
-4.157092440944882
0
LINE
8
BLACK
6
CONTINUOUS
10
5.3769791732283467
20
-4.157092440944882
11
5.3812282677165353
21
-4.1602284251968502
0
LINE
8
BLACK
6
CONTINUOUS
10
5.3812282677165353
20
-4.1602284251968502
11
5.3843642519685035
21
-4.1644775196850397
0
LINE
8
BLACK
6
CONTINUOUS
10
5.3843642519685035
20
-4.1644775196850397
11
5.386108464566929
21
-4.1694622047244092
0
LINE
8
BLACK
6
CONTINUOUS
10
5.386108464566929
20
-4.1694622047244092
11
5.3864173228346459
21
-4.1727559055118109
0
LINE
8
BLACK
6
CONTINUOUS
10
5.3864173228346459
20
-4.1727559055118109
11
5.3864173228346459
21
-4.1924409448818896
0
LINE
8
BLACK
6
CONTINUOUS
10
5.3864173228346459
20
-4.1924409448818896
11
5.386108464566929
21
-4.1957346456692912
0
LINE
8
BLACK
6
CONTINUOUS
10
5.386108464566929
20
-4.1957346456692912
11
5.3843642519685035
21
-4.2007193307086617
0
LINE
8
BLACK
6
CONTINUOUS
10
5.3843642519685035
20
-4.2007193307086617
11
5.3812282677165353
21
-4.2049684251968502
0
LINE
8
BLACK
6
CONTINUOUS
10
5.3812282677165353
20
-4.2049684251968502
11
5.3769791732283467
21
-4.2081044094488185
0
LINE
8
BLACK
6
CONTINUOUS
10
5.3769791732283467
20
-4.2081044094488185
11
5.3719944881889763
21
-4.209848622047244
0
LINE
8
BLACK
6
CONTINUOUS
10
5.3719944881889763
20
-4.209848622047244
11
5.3687007874015746
21
-4.2101574803149608
0
LINE
8
BLACK
6
CONTINUOUS
10
5.3687007874015746
20
-4.2101574803149608
11
5.3312992125984247
21
-4.2101574803149608
0
LINE
8
BLACK
6
CONTINUOUS
10
5.3312992125984247
20
-4.2101574803149608
11
5.3280055118110239
21
-4.209848622047244
0
LINE
8
BLACK
6
CONTINUOUS
10
5.3280055118110239
20
-4.209848622047244
11
5.3230208267716534
21
-4.2081044094488185
0
LINE
8
BLACK
6
CONTINUOUS
10
5.3230208267716534
20
-4.2081044094488185
11
5.318771732283464
21
-4.2049684251968502
0
LINE
8
BLACK
6
CONTINUOUS
10
5.318771732283464
20
-4.2049684251968502
11
5.3156357480314957
21
-4.2007193307086617
0
LINE
8
BLACK
6
CONTINUOUS
10
5.3156357480314957
20
-4.2007193307086617
11
5.3138915354330711
21
-4.1957346456692912
0
LINE
8
BLACK
6
CONTINUOUS
10
5.3138915354330711
20
-4.1957346456692912
11
5.3135826771653543
21
-4.1924409448818896
0
LINE
8
BLACK
6
CONTINUOUS
10
5.3135826771653543
20
-4.1924409448818896
11
5.3135826771653543
21
-4.1727559055118109
0
LINE
8
BLACK
6
CONTINUOUS
10
5.3135826771653543
20
-4.1727559055118109
11
5.3138915354330711
21
-4.1694622047244092
0
LINE
8
BLACK
6
CONTINUOUS
10
5.3138915354330711
20
-4.1694622047244092
11
5.3156357480314957
21
-4.1644775196850397
0
LINE
8
BLACK
6
CONTINUOUS
10
5.3156357480314957
20
-4.1644775196850397
11
5.318771732283464
21
-4.1602284251968502
0
LINE
8
BLACK
6
CONTINUOUS
10
5.318771732283464
20
-4.1602284251968502
11
5.3230208267716534
21
-4.157092440944882
0
LINE
8
BLACK
6
CONTINUOUS
10
5.3230208267716534
20
-4.157092440944882
11
5.3280055118110239
21
-4.1553482283464565
0
LINE
8
BLACK
6
CONTINUOUS
10
5.3280055118110239
20
-4.1553482283464565
11
5.3312992125984247
21
-4.1550393700787405
0
LINE
8
BLACK
6
CONTINUOUS
10
5.3312992125984247
20
-4.1550393700787405
11
5.3687007874015746
21
-4.1550393700787405
0
LINE
8
BLACK
6
CONTINUOUS
10
5.3687007874015746
20
-4.1550393700787405
11
5.3719944881889763
21
-4.1553482283464565
0
LINE
8
BLACK
6
CONTINUOUS
10
4.8510102362204721
20
-4.1522576771653545
11
4.8559949212598426
21
-4.1540018897637792
0
LINE
8
BLACK
6
CONTINUOUS
10
4.8559949212598426
20
-4.1540018897637792
11
4.8602440157480311
21
-4.1571378740157483
0
LINE
8
BLACK
6
CONTINUOUS
10
4.8602440157480311
20
-4.1571378740157483
11
4.8633800000000003
21
-4.1613869685039369
0
LINE
8
BLACK
6
CONTINUOUS
10
4.8633800000000003
20
-4.1613869685039369
11
4.8651242125984249
21
-4.1663716535433073
0
LINE
8
BLACK
6
CONTINUOUS
10
4.8651242125984249
20
-4.1663716535433073
11
4.8654330708661417
21
-4.169665354330709
0
LINE
8
BLACK
6
CONTINUOUS
10
4.8654330708661417
20
-4.169665354330709
11
4.8654330708661417
21
-4.1903346456692914
0
LINE
8
BLACK
6
CONTINUOUS
10
4.8654330708661417
20
-4.1903346456692914
11
4.8651242125984249
21
-4.193628346456693
0
LINE
8
BLACK
6
CONTINUOUS
10
4.8651242125984249
20
-4.193628346456693
11
4.8633800000000003
21
-4.1986130314960626
0
LINE
8
BLACK
6
CONTINUOUS
10
4.8633800000000003
20
-4.1986130314960626
11
4.8602440157480311
21
-4.202862125984252
0
LINE
8
BLACK
6
CONTINUOUS
10
4.8602440157480311
20
-4.202862125984252
11
4.8559949212598426
21
-4.2059981102362203
0
LINE
8
BLACK
6
CONTINUOUS
10
4.8559949212598426
20
-4.2059981102362203
11
4.8510102362204721
21
-4.2077423228346458
0
LINE
8
BLACK
6
CONTINUOUS
10
4.8510102362204721
20
-4.2077423228346458
11
4.8477165354330705
21
-4.2080511811023618
0
LINE
8
BLACK
6
CONTINUOUS
10
4.8477165354330705
20
-4.2080511811023618
11
4.8122834645669288
21
-4.2080511811023618
0
LINE
8
BLACK
6
CONTINUOUS
10
4.8122834645669288
20
-4.2080511811023618
11
4.8089897637795271
21
-4.2077423228346458
0
LINE
8
BLACK
6
CONTINUOUS
10
4.8089897637795271
20
-4.2077423228346458
11
4.8040050787401576
21
-4.2059981102362203
0
LINE
8
BLACK
6
CONTINUOUS
10
4.8040050787401576
20
-4.2059981102362203
11
4.7997559842519681
21
-4.202862125984252
0
LINE
8
BLACK
6
CONTINUOUS
10
4.7997559842519681
20
-4.202862125984252
11
4.7966199999999999
21
-4.1986130314960626
0
LINE
8
BLACK
6
CONTINUOUS
10
4.7966199999999999
20
-4.1986130314960626
11
4.7948757874015744
21
-4.193628346456693
0
LINE
8
BLACK
6
CONTINUOUS
10
4.7948757874015744
20
-4.193628346456693
11
4.7945669291338584
21
-4.1903346456692914
0
LINE
8
BLACK
6
CONTINUOUS
10
4.7945669291338584
20
-4.1903346456692914
11
4.7945669291338584
21
-4.169665354330709
0
LINE
8
BLACK
6
CONTINUOUS
10
4.7945669291338584
20
-4.169665354330709
11
4.7948757874015744
21
-4.1663716535433073
0
LINE
8
BLACK
6
CONTINUOUS
10
4.7948757874015744
20
-4.1663716535433073
11
4.7966199999999999
21
-4.1613869685039369
0
LINE
8
BLACK
6
CONTINUOUS
10
4.7966199999999999
20
-4.1613869685039369
11
4.7997559842519681
21
-4.1571378740157483
0
LINE
8
BLACK
6
CONTINUOUS
10
4.7997559842519681
20
-4.1571378740157483
11
4.8040050787401576
21
-4.1540018897637792
0
LINE
8
BLACK
6
CONTINUOUS
10
4.8040050787401576
20
-4.1540018897637792
11
4.8089897637795271
21
-4.1522576771653545
0
LINE
8
BLACK
6
CONTINUOUS
10
4.8089897637795271
20
-4.1522576771653545
11
4.8122834645669288
21
-4.1519488188976377
0
LINE
8
BLACK
6
CONTINUOUS
10
4.8122834645669288
20
-4.1519488188976377
11
4.8477165354330705
21
-4.1519488188976377
0
LINE
8
BLACK
6
CONTINUOUS
10
4.8477165354330705
20
-4.1519488188976377
11
4.8510102362204721
21
-4.1522576771653545
0
LINE
8
BLACK
6
CONTINUOUS
10
6.7430132677165355
20
-4.1274497637795271
11
6.7455677559055118
21
-4.1291566535433066
0
LINE
8
BLACK
6
CONTINUOUS
10
6.7455677559055118
20
-4.1291566535433066
11
6.7472746456692914
21
-4.1317111417322829
0
LINE
8
BLACK
6
CONTINUOUS
10
6.7472746456692914
20
-4.1317111417322829
11
6.7478740157480317
21
-4.1347244094488191
0
LINE
8
BLACK
6
CONTINUOUS
10
6.7478740157480317
20
-4.1347244094488191
11
6.7478740157480317
21
-4.1947244094488187
0
LINE
8
BLACK
6
CONTINUOUS
10
6.7478740157480317
20
-4.1947244094488187
11
6.7472746456692914
21
-4.1977376771653541
0
LINE
8
BLACK
6
CONTINUOUS
10
6.7472746456692914
20
-4.1977376771653541
11
6.7455677559055118
21
-4.2002921653543304
0
LINE
8
BLACK
6
CONTINUOUS
10
6.7455677559055118
20
-4.2002921653543304
11
6.7430132677165355
21
-4.2019990551181099
0
LINE
8
BLACK
6
CONTINUOUS
10
6.7430132677165355
20
-4.2019990551181099
11
6.7400000000000002
21
-4.2025984251968502
0
LINE
8
BLACK
6
CONTINUOUS
10
6.7400000000000002
20
-4.2025984251968502
11
6.6799999999999997
21
-4.2025984251968502
0
LINE
8
BLACK
6
CONTINUOUS
10
6.6799999999999997
20
-4.2025984251968502
11
6.6769867322834644
21
-4.2019990551181099
0
LINE
8
BLACK
6
CONTINUOUS
10
6.6769867322834644
20
-4.2019990551181099
11
6.6744322440944881
21
-4.2002921653543304
0
LINE
8
BLACK
6
CONTINUOUS
10
6.6744322440944881
20
-4.2002921653543304
11
6.6727253543307086
21
-4.1977376771653541
0
LINE
8
BLACK
6
CONTINUOUS
10
6.6727253543307086
20
-4.1977376771653541
11
6.6721259842519682
21
-4.1947244094488187
0
LINE
8
BLACK
6
CONTINUOUS
10
6.6721259842519682
20
-4.1947244094488187
11
6.6721259842519682
21
-4.1347244094488191
0
LINE
8
BLACK
6
CONTINUOUS
10
6.6721259842519682
20
-4.1347244094488191
11
6.6727253543307086
21
-4.1317111417322829
0
LINE
8
BLACK
6
CONTINUOUS
10
6.6727253543307086
20
-4.1317111417322829
11
6.6744322440944881
21
-4.1291566535433066
0
LINE
8
BLACK
6
CONTINUOUS
10
6.6744322440944881
20
-4.1291566535433066
11
6.6769867322834644
21
-4.1274497637795271
0
LINE
8
BLACK
6
CONTINUOUS
10
6.6769867322834644
20
-4.1274497637795271
11
6.6799999999999997
21
-4.1268503937007877
0
LINE
8
BLACK
6
CONTINUOUS
10
6.6799999999999997
20
-4.1268503937007877
11
6.7400000000000002
21
-4.1268503937007877
0
LINE
8
BLACK
6
CONTINUOUS
10
6.7400000000000002
20
-4.1268503937007877
11
6.7430132677165355
21
-4.1274497637795271
0
LINE
8
BLACK
6
CONTINUOUS
10
6.8430132677165352
20
-4.1274497637795271
11
6.8455677559055115
21
-4.1291566535433066
0
LINE
8
BLACK
6
CONTINUOUS
10
6.8455677559055115
20
-4.1291566535433066
11
6.847274645669291
21
-4.1317111417322829
0
LINE
8
BLACK
6
CONTINUOUS
10
6.847274645669291
20
-4.1317111417322829
11
6.8478740157480313
21
-4.1347244094488191
0
LINE
8
BLACK
6
CONTINUOUS
10
6.8478740157480313
20
-4.1347244094488191
11
6.8478740157480313
21
-4.1947244094488187
0
LINE
8
BLACK
6
CONTINUOUS
10
6.8478740157480313
20
-4.1947244094488187
11
6.847274645669291
21
-4.1977376771653541
0
LINE
8
BLACK
6
CONTINUOUS
10
6.847274645669291
20
-4.1977376771653541
11
6.8455677559055115
21
-4.2002921653543304
0
LINE
8
BLACK
6
CONTINUOUS
10
6.8455677559055115
20
-4.2002921653543304
11
6.8430132677165352
21
-4.2019990551181099
0
LINE
8
BLACK
6
CONTINUOUS
10
6.8430132677165352
20
-4.2019990551181099
11
6.8399999999999999
21
-4.2025984251968502
0
LINE
8
BLACK
6
CONTINUOUS
10
6.8399999999999999
20
-4.2025984251968502
11
6.7800000000000002
21
-4.2025984251968502
0
LINE
8
BLACK
6
CONTINUOUS
10
6.7800000000000002
20
-4.2025984251968502
11
6.776986732283464
21
-4.2019990551181099
0
LINE
8
BLACK
6
CONTINUOUS
10
6.776986732283464
20
-4.2019990551181099
11
6.7744322440944877
21
-4.2002921653543304
0
LINE
8
BLACK
6
CONTINUOUS
10
6.7744322440944877
20
-4.2002921653543304
11
6.7727253543307082
21
-4.1977376771653541
0
LINE
8
BLACK
6
CONTINUOUS
10
6.7727253543307082
20
-4.1977376771653541
11
6.7721259842519688
21
-4.1947244094488187
0
LINE
8
BLACK
6
CONTINUOUS
10
6.7721259842519688
20
-4.1947244094488187
11
6.7721259842519688
21
-4.1347244094488191
0
LINE
8
BLACK
6
CONTINUOUS
10
6.7721259842519688
20
-4.1347244094488191
11
6.7727253543307082
21
-4.1317111417322829
0
LINE
8
BLACK
6
CONTINUOUS
10
6.7727253543307082
20
-4.1317111417322829
11
6.7744322440944877
21
-4.1291566535433066
0
LINE
8
BLACK
6
CONTINUOUS
10
6.7744322440944877
20
-4.1291566535433066
11
6.776986732283464
21
-4.1274497637795271
0
LINE
8
BLACK
6
CONTINUOUS
10
6.776986732283464
20
-4.1274497637795271
11
6.7800000000000002
21
-4.1268503937007877
0
LINE
8
BLACK
6
CONTINUOUS
10
6.7800000000000002
20
-4.1268503937007877
11
6.8399999999999999
21
-4.1268503937007877
0
LINE
8
BLACK
6
CONTINUOUS
10
6.8399999999999999
20
-4.1268503937007877
11
6.8430132677165352
21
-4.1274497637795271
0
LINE
8
BLACK
6
CONTINUOUS
10
4.9769649606299211
20
-4.1182124015748034
11
4.9819496456692915
21
-4.119956614173228
0
LINE
8
BLACK
6
CONTINUOUS
10
4.9819496456692915
20
-4.119956614173228
11
4.9861987401574801
21
-4.1230925984251972
0
LINE
8
BLACK
6
CONTINUOUS
10
4.9861987401574801
20
-4.1230925984251972
11
4.9893347244094484
21
-4.1273416929133857
0
LINE
8
BLACK
6
CONTINUOUS
10
4.9893347244094484
20
-4.1273416929133857
11
4.9910789370078739
21
-4.1323263779527561
0
LINE
8
BLACK
6
CONTINUOUS
10
4.9910789370078739
20
-4.1323263779527561
11
4.9913877952755907
21
-4.1356200787401578
0
LINE
8
BLACK
6
CONTINUOUS
10
4.9913877952755907
20
-4.1356200787401578
11
4.9913877952755907
21
-4.1710531496062995
0
LINE
8
BLACK
6
CONTINUOUS
10
4.9913877952755907
20
-4.1710531496062995
11
4.9910789370078739
21
-4.1743468503937011
0
LINE
8
BLACK
6
CONTINUOUS
10
4.9910789370078739
20
-4.1743468503937011
11
4.9893347244094484
21
-4.1793315354330707
0
LINE
8
BLACK
6
CONTINUOUS
10
4.9893347244094484
20
-4.1793315354330707
11
4.9861987401574801
21
-4.1835806299212601
0
LINE
8
BLACK
6
CONTINUOUS
10
4.9861987401574801
20
-4.1835806299212601
11
4.9819496456692915
21
-4.1867166141732284
0
LINE
8
BLACK
6
CONTINUOUS
10
4.9819496456692915
20
-4.1867166141732284
11
4.9769649606299211
21
-4.1884608267716539
0
LINE
8
BLACK
6
CONTINUOUS
10
4.9769649606299211
20
-4.1884608267716539
11
4.9736712598425195
21
-4.1887696850393699
0
LINE
8
BLACK
6
CONTINUOUS
10
4.9736712598425195
20
-4.1887696850393699
11
4.953001968503937
21
-4.1887696850393699
0
LINE
8
BLACK
6
CONTINUOUS
10
4.953001968503937
20
-4.1887696850393699
11
4.9497082677165354
21
-4.1884608267716539
0
LINE
8
BLACK
6
CONTINUOUS
10
4.9497082677165354
20
-4.1884608267716539
11
4.9447235826771649
21
-4.1867166141732284
0
LINE
8
BLACK
6
CONTINUOUS
10
4.9447235826771649
20
-4.1867166141732284
11
4.9404744881889764
21
-4.1835806299212601
0
LINE
8
BLACK
6
CONTINUOUS
10
4.9404744881889764
20
-4.1835806299212601
11
4.9373385039370081
21
-4.1793315354330707
0
LINE
8
BLACK
6
CONTINUOUS
10
4.9373385039370081
20
-4.1793315354330707
11
4.9355942913385826
21
-4.1743468503937011
0
LINE
8
BLACK
6
CONTINUOUS
10
4.9355942913385826
20
-4.1743468503937011
11
4.9352854330708658
21
-4.1710531496062995
0
LINE
8
BLACK
6
CONTINUOUS
10
4.9352854330708658
20
-4.1710531496062995
11
4.9352854330708658
21
-4.1356200787401578
0
LINE
8
BLACK
6
CONTINUOUS
10
4.9352854330708658
20
-4.1356200787401578
11
4.9355942913385826
21
-4.1323263779527561
0
LINE
8
BLACK
6
CONTINUOUS
10
4.9355942913385826
20
-4.1323263779527561
11
4.9373385039370081
21
-4.1273416929133857
0
LINE
8
BLACK
6
CONTINUOUS
10
4.9373385039370081
20
-4.1273416929133857
11
4.9404744881889764
21
-4.1230925984251972
0
LINE
8
BLACK
6
CONTINUOUS
10
4.9404744881889764
20
-4.1230925984251972
11
4.9447235826771649
21
-4.119956614173228
0
LINE
8
BLACK
6
CONTINUOUS
10
4.9447235826771649
20
-4.119956614173228
11
4.9497082677165354
21
-4.1182124015748034
0
LINE
8
BLACK
6
CONTINUOUS
10
4.9497082677165354
20
-4.1182124015748034
11
4.953001968503937
21
-4.1179035433070865
0
LINE
8
BLACK
6
CONTINUOUS
10
4.953001968503937
20
-4.1179035433070865
11
4.9736712598425195
21
-4.1179035433070865
0
LINE
8
BLACK
6
CONTINUOUS
10
4.9736712598425195
20
-4.1179035433070865
11
4.9769649606299211
21
-4.1182124015748034
0
LINE
8
BLACK
6
CONTINUOUS
10
5.0488153543307082
20
-4.1182124015748034
11
5.0538000393700786
21
-4.119956614173228
0
LINE
8
BLACK
6
CONTINUOUS
10
5.0538000393700786
20
-4.119956614173228
11
5.058049133858268
21
-4.1230925984251972
0
LINE
8
BLACK
6
CONTINUOUS
10
5.058049133858268
20
-4.1230925984251972
11
5.0611851181102363
21
-4.1273416929133857
0
LINE
8
BLACK
6
CONTINUOUS
10
5.0611851181102363
20
-4.1273416929133857
11
5.0629293307086609
21
-4.1323263779527561
0
LINE
8
BLACK
6
CONTINUOUS
10
5.0629293307086609
20
-4.1323263779527561
11
5.0632381889763778
21
-4.1356200787401578
0
LINE
8
BLACK
6
CONTINUOUS
10
5.0632381889763778
20
-4.1356200787401578
11
5.0632381889763778
21
-4.1710531496062995
0
LINE
8
BLACK
6
CONTINUOUS
10
5.0632381889763778
20
-4.1710531496062995
11
5.0629293307086609
21
-4.1743468503937011
0
LINE
8
BLACK
6
CONTINUOUS
10
5.0629293307086609
20
-4.1743468503937011
11
5.0611851181102363
21
-4.1793315354330707
0
LINE
8
BLACK
6
CONTINUOUS
10
5.0611851181102363
20
-4.1793315354330707
11
5.058049133858268
21
-4.1835806299212601
0
LINE
8
BLACK
6
CONTINUOUS
10
5.058049133858268
20
-4.1835806299212601
11
5.0538000393700786
21
-4.1867166141732284
0
LINE
8
BLACK
6
CONTINUOUS
10
5.0538000393700786
20
-4.1867166141732284
11
5.0488153543307082
21
-4.1884608267716539
0
LINE
8
BLACK
6
CONTINUOUS
10
5.0488153543307082
20
-4.1884608267716539
11
5.0455216535433074
21
-4.1887696850393699
0
LINE
8
BLACK
6
CONTINUOUS
10
5.0455216535433074
20
-4.1887696850393699
11
5.0248523622047241
21
-4.1887696850393699
0
LINE
8
BLACK
6
CONTINUOUS
10
5.0248523622047241
20
-4.1887696850393699
11
5.0215586614173224
21
-4.1884608267716539
0
LINE
8
BLACK
6
CONTINUOUS
10
5.0215586614173224
20
-4.1884608267716539
11
5.0165739763779529
21
-4.1867166141732284
0
LINE
8
BLACK
6
CONTINUOUS
10
5.0165739763779529
20
-4.1867166141732284
11
5.0123248818897634
21
-4.1835806299212601
0
LINE
8
BLACK
6
CONTINUOUS
10
5.0123248818897634
20
-4.1835806299212601
11
5.0091888976377952
21
-4.1793315354330707
0
LINE
8
BLACK
6
CONTINUOUS
10
5.0091888976377952
20
-4.1793315354330707
11
5.0074446850393697
21
-4.1743468503937011
0
LINE
8
BLACK
6
CONTINUOUS
10
5.0074446850393697
20
-4.1743468503937011
11
5.0071358267716537
21
-4.1710531496062995
0
LINE
8
BLACK
6
CONTINUOUS
10
5.0071358267716537
20
-4.1710531496062995
11
5.0071358267716537
21
-4.1356200787401578
0
LINE
8
BLACK
6
CONTINUOUS
10
5.0071358267716537
20
-4.1356200787401578
11
5.0074446850393697
21
-4.1323263779527561
0
LINE
8
BLACK
6
CONTINUOUS
10
5.0074446850393697
20
-4.1323263779527561
11
5.0091888976377952
21
-4.1273416929133857
0
LINE
8
BLACK
6
CONTINUOUS
10
5.0091888976377952
20
-4.1273416929133857
11
5.0123248818897634
21
-4.1230925984251972
0
LINE
8
BLACK
6
CONTINUOUS
10
5.0123248818897634
20
-4.1230925984251972
11
5.0165739763779529
21
-4.119956614173228
0
LINE
8
BLACK
6
CONTINUOUS
10
5.0165739763779529
20
-4.119956614173228
11
5.0215586614173224
21
-4.1182124015748034
0
LINE
8
BLACK
6
CONTINUOUS
10
5.0215586614173224
20
-4.1182124015748034
11
5.0248523622047241
21
-4.1179035433070865
0
LINE
8
BLACK
6
CONTINUOUS
10
5.0248523622047241
20
-4.1179035433070865
11
5.0455216535433074
21
-4.1179035433070865
0
LINE
8
BLACK
6
CONTINUOUS
10
5.0455216535433074
20
-4.1179035433070865
11
5.0488153543307082
21
-4.1182124015748034
0
LINE
8
BLACK
6
CONTINUOUS
10
6.3757346456692909
20
-4.0738915354330709
11
6.3807193307086614
21
-4.0756357480314955
0
LINE
8
BLACK
6
CONTINUOUS
10
6.3807193307086614
20
-4.0756357480314955
11
6.3849684251968499
21
-4.0787717322834647
0
LINE
8
BLACK
6
CONTINUOUS
10
6.3849684251968499
20
-4.0787717322834647
11
6.3881044094488191
21
-4.0830208267716532
0
LINE
8
BLACK
6
CONTINUOUS
10
6.3881044094488191
20
-4.0830208267716532
11
6.3898486220472437
21
-4.0880055118110237
0
LINE
8
BLACK
6
CONTINUOUS
10
6.3898486220472437
20
-4.0880055118110237
11
6.3901574803149606
21
-4.0912992125984253
0
LINE
8
BLACK
6
CONTINUOUS
10
6.3901574803149606
20
-4.0912992125984253
11
6.3901574803149606
21
-4.1287007874015744
0
LINE
8
BLACK
6
CONTINUOUS
10
6.3901574803149606
20
-4.1287007874015744
11
6.3898486220472437
21
-4.1319944881889761
0
LINE
8
BLACK
6
CONTINUOUS
10
6.3898486220472437
20
-4.1319944881889761
11
6.3881044094488191
21
-4.1369791732283465
0
LINE
8
BLACK
6
CONTINUOUS
10
6.3881044094488191
20
-4.1369791732283465
11
6.3849684251968499
21
-4.1412282677165351
0
LINE
8
BLACK
6
CONTINUOUS
10
6.3849684251968499
20
-4.1412282677165351
11
6.3807193307086614
21
-4.1443642519685042
0
LINE
8
BLACK
6
CONTINUOUS
10
6.3807193307086614
20
-4.1443642519685042
11
6.3757346456692909
21
-4.1461084645669288
0
LINE
8
BLACK
6
CONTINUOUS
10
6.3757346456692909
20
-4.1461084645669288
11
6.3724409448818893
21
-4.1464173228346457
0
LINE
8
BLACK
6
CONTINUOUS
10
6.3724409448818893
20
-4.1464173228346457
11
6.3527559055118106
21
-4.1464173228346457
0
LINE
8
BLACK
6
CONTINUOUS
10
6.3527559055118106
20
-4.1464173228346457
11
6.3494622047244089
21
-4.1461084645669288
0
LINE
8
BLACK
6
CONTINUOUS
10
6.3494622047244089
20
-4.1461084645669288
11
6.3444775196850394
21
-4.1443642519685042
0
LINE
8
BLACK
6
CONTINUOUS
10
6.3444775196850394
20
-4.1443642519685042
11
6.3402284251968499
21
-4.1412282677165351
0
LINE
8
BLACK
6
CONTINUOUS
10
6.3402284251968499
20
-4.1412282677165351
11
6.3370924409448817
21
-4.1369791732283465
0
LINE
8
BLACK
6
CONTINUOUS
10
6.3370924409448817
20
-4.1369791732283465
11
6.3353482283464562
21
-4.1319944881889761
0
LINE
8
BLACK
6
CONTINUOUS
10
6.3353482283464562
20
-4.1319944881889761
11
6.3350393700787402
21
-4.1287007874015744
0
LINE
8
BLACK
6
CONTINUOUS
10
6.3350393700787402
20
-4.1287007874015744
11
6.3350393700787402
21
-4.0912992125984253
0
LINE
8
BLACK
6
CONTINUOUS
10
6.3350393700787402
20
-4.0912992125984253
11
6.3353482283464562
21
-4.0880055118110237
0
LINE
8
BLACK
6
CONTINUOUS
10
6.3353482283464562
20
-4.0880055118110237
11
6.3370924409448817
21
-4.0830208267716532
0
LINE
8
BLACK
6
CONTINUOUS
10
6.3370924409448817
20
-4.0830208267716532
11
6.3402284251968499
21
-4.0787717322834647
0
LINE
8
BLACK
6
CONTINUOUS
10
6.3402284251968499
20
-4.0787717322834647
11
6.3444775196850394
21
-4.0756357480314955
0
LINE
8
BLACK
6
CONTINUOUS
10
6.3444775196850394
20
-4.0756357480314955
11
6.3494622047244089
21
-4.0738915354330709
0
LINE
8
BLACK
6
CONTINUOUS
10
6.3494622047244089
20
-4.0738915354330709
11
6.3527559055118106
21
-4.073582677165354
0
LINE
8
BLACK
6
CONTINUOUS
10
6.3527559055118106
20
-4.073582677165354
11
6.3724409448818893
21
-4.073582677165354
0
LINE
8
BLACK
6
CONTINUOUS
10
6.3724409448818893
20
-4.073582677165354
11
6.3757346456692909
21
-4.0738915354330709
0
LINE
8
BLACK
6
CONTINUOUS
10
6.45053779527559
20
-4.0738915354330709
11
6.4555224803149605
21
-4.0756357480314955
0
LINE
8
BLACK
6
CONTINUOUS
10
6.4555224803149605
20
-4.0756357480314955
11
6.4597715748031499
21
-4.0787717322834647
0
LINE
8
BLACK
6
CONTINUOUS
10
6.4597715748031499
20
-4.0787717322834647
11
6.4629075590551182
21
-4.0830208267716532
0
LINE
8
BLACK
6
CONTINUOUS
10
6.4629075590551182
20
-4.0830208267716532
11
6.4646517716535428
21
-4.0880055118110237
0
LINE
8
BLACK
6
CONTINUOUS
10
6.4646517716535428
20
-4.0880055118110237
11
6.4649606299212596
21
-4.0912992125984253
0
LINE
8
BLACK
6
CONTINUOUS
10
6.4649606299212596
20
-4.0912992125984253
11
6.4649606299212596
21
-4.1287007874015744
0
LINE
8
BLACK
6
CONTINUOUS
10
6.4649606299212596
20
-4.1287007874015744
11
6.4646517716535428
21
-4.1319944881889761
0
LINE
8
BLACK
6
CONTINUOUS
10
6.4646517716535428
20
-4.1319944881889761
11
6.4629075590551182
21
-4.1369791732283465
0
LINE
8
BLACK
6
CONTINUOUS
10
6.4629075590551182
20
-4.1369791732283465
11
6.4597715748031499
21
-4.1412282677165351
0
LINE
8
BLACK
6
CONTINUOUS
10
6.4597715748031499
20
-4.1412282677165351
11
6.4555224803149605
21
-4.1443642519685042
0
LINE
8
BLACK
6
CONTINUOUS
10
6.4555224803149605
20
-4.1443642519685042
11
6.45053779527559
21
-4.1461084645669288
0
LINE
8
BLACK
6
CONTINUOUS
10
6.45053779527559
20
-4.1461084645669288
11
6.4472440944881892
21
-4.1464173228346457
0
LINE
8
BLACK
6
CONTINUOUS
10
6.4472440944881892
20
-4.1464173228346457
11
6.4275590551181097
21
-4.1464173228346457
0
LINE
8
BLACK
6
CONTINUOUS
10
6.4275590551181097
20
-4.1464173228346457
11
6.4242653543307089
21
-4.1461084645669288
0
LINE
8
BLACK
6
CONTINUOUS
10
6.4242653543307089
20
-4.1461084645669288
11
6.4192806692913384
21
-4.1443642519685042
0
LINE
8
BLACK
6
CONTINUOUS
10
6.4192806692913384
20
-4.1443642519685042
11
6.4150315748031499
21
-4.1412282677165351
0
LINE
8
BLACK
6
CONTINUOUS
10
6.4150315748031499
20
-4.1412282677165351
11
6.4118955905511807
21
-4.1369791732283465
0
LINE
8
BLACK
6
CONTINUOUS
10
6.4118955905511807
20
-4.1369791732283465
11
6.4101513779527561
21
-4.1319944881889761
0
LINE
8
BLACK
6
CONTINUOUS
10
6.4101513779527561
20
-4.1319944881889761
11
6.4098425196850393
21
-4.1287007874015744
0
LINE
8
BLACK
6
CONTINUOUS
10
6.4098425196850393
20
-4.1287007874015744
11
6.4098425196850393
21
-4.0912992125984253
0
LINE
8
BLACK
6
CONTINUOUS
10
6.4098425196850393
20
-4.0912992125984253
11
6.4101513779527561
21
-4.0880055118110237
0
LINE
8
BLACK
6
CONTINUOUS
10
6.4101513779527561
20
-4.0880055118110237
11
6.4118955905511807
21
-4.0830208267716532
0
LINE
8
BLACK
6
CONTINUOUS
10
6.4118955905511807
20
-4.0830208267716532
11
6.4150315748031499
21
-4.0787717322834647
0
LINE
8
BLACK
6
CONTINUOUS
10
6.4150315748031499
20
-4.0787717322834647
11
6.4192806692913384
21
-4.0756357480314955
0
LINE
8
BLACK
6
CONTINUOUS
10
6.4192806692913384
20
-4.0756357480314955
11
6.4242653543307089
21
-4.0738915354330709
0
LINE
8
BLACK
6
CONTINUOUS
10
6.4242653543307089
20
-4.0738915354330709
11
6.4275590551181097
21
-4.073582677165354
0
LINE
8
BLACK
6
CONTINUOUS
10
6.4275590551181097
20
-4.073582677165354
11
6.4472440944881892
21
-4.073582677165354
0
LINE
8
BLACK
6
CONTINUOUS
10
6.4472440944881892
20
-4.073582677165354
11
6.45053779527559
21
-4.0738915354330709
0
LINE
8
BLACK
6
CONTINUOUS
10
6.5277031496062987
20
-4.0648757874015748
11
6.5326878346456692
21
-4.0666200000000003
0
LINE
8
BLACK
6
CONTINUOUS
10
6.5326878346456692
20
-4.0666200000000003
11
6.5369369291338577
21
-4.0697559842519686
0
LINE
8
BLACK
6
CONTINUOUS
10
6.5369369291338577
20
-4.0697559842519686
11
6.5400729133858269
21
-4.0740050787401572
0
LINE
8
BLACK
6
CONTINUOUS
10
6.5400729133858269
20
-4.0740050787401572
11
6.5418171259842515
21
-4.0789897637795276
0
LINE
8
BLACK
6
CONTINUOUS
10
6.5418171259842515
20
-4.0789897637795276
11
6.5421259842519683
21
-4.0822834645669293
0
LINE
8
BLACK
6
CONTINUOUS
10
6.5421259842519683
20
-4.0822834645669293
11
6.5421259842519683
21
-4.1177165354330709
0
LINE
8
BLACK
6
CONTINUOUS
10
6.5421259842519683
20
-4.1177165354330709
11
6.5418171259842515
21
-4.1210102362204726
0
LINE
8
BLACK
6
CONTINUOUS
10
6.5418171259842515
20
-4.1210102362204726
11
6.5400729133858269
21
-4.1259949212598421
0
LINE
8
BLACK
6
CONTINUOUS
10
6.5400729133858269
20
-4.1259949212598421
11
6.5369369291338577
21
-4.1302440157480316
0
LINE
8
BLACK
6
CONTINUOUS
10
6.5369369291338577
20
-4.1302440157480316
11
6.5326878346456692
21
-4.1333799999999998
0
LINE
8
BLACK
6
CONTINUOUS
10
6.5326878346456692
20
-4.1333799999999998
11
6.5277031496062987
21
-4.1351242125984253
0
LINE
8
BLACK
6
CONTINUOUS
10
6.5277031496062987
20
-4.1351242125984253
11
6.5244094488188971
21
-4.1354330708661413
0
LINE
8
BLACK
6
CONTINUOUS
10
6.5244094488188971
20
-4.1354330708661413
11
6.5037401574803146
21
-4.1354330708661413
0
LINE
8
BLACK
6
CONTINUOUS
10
6.5037401574803146
20
-4.1354330708661413
11
6.500446456692913
21
-4.1351242125984253
0
LINE
8
BLACK
6
CONTINUOUS
10
6.500446456692913
20
-4.1351242125984253
11
6.4954617716535434
21
-4.1333799999999998
0
LINE
8
BLACK
6
CONTINUOUS
10
6.4954617716535434
20
-4.1333799999999998
11
6.491212677165354
21
-4.1302440157480316
0
LINE
8
BLACK
6
CONTINUOUS
10
6.491212677165354
20
-4.1302440157480316
11
6.4880766929133857
21
-4.1259949212598421
0
LINE
8
BLACK
6
CONTINUOUS
10
6.4880766929133857
20
-4.1259949212598421
11
6.4863324803149602
21
-4.1210102362204726
0
LINE
8
BLACK
6
CONTINUOUS
10
6.4863324803149602
20
-4.1210102362204726
11
6.4860236220472443
21
-4.1177165354330709
0
LINE
8
BLACK
6
CONTINUOUS
10
6.4860236220472443
20
-4.1177165354330709
11
6.4860236220472443
21
-4.0822834645669293
0
LINE
8
BLACK
6
CONTINUOUS
10
6.4860236220472443
20
-4.0822834645669293
11
6.4863324803149602
21
-4.0789897637795276
0
LINE
8
BLACK
6
CONTINUOUS
10
6.4863324803149602
20
-4.0789897637795276
11
6.4880766929133857
21
-4.0740050787401572
0
LINE
8
BLACK
6
CONTINUOUS
10
6.4880766929133857
20
-4.0740050787401572
11
6.491212677165354
21
-4.0697559842519686
0
LINE
8
BLACK
6
CONTINUOUS
10
6.491212677165354
20
-4.0697559842519686
11
6.4954617716535434
21
-4.0666200000000003
0
LINE
8
BLACK
6
CONTINUOUS
10
6.4954617716535434
20
-4.0666200000000003
11
6.500446456692913
21
-4.0648757874015748
0
LINE
8
BLACK
6
CONTINUOUS
10
6.500446456692913
20
-4.0648757874015748
11
6.5037401574803146
21
-4.064566929133858
0
LINE
8
BLACK
6
CONTINUOUS
10
6.5037401574803146
20
-4.064566929133858
11
6.5244094488188971
21
-4.064566929133858
0
LINE
8
BLACK
6
CONTINUOUS
10
6.5244094488188971
20
-4.064566929133858
11
6.5277031496062987
21
-4.0648757874015748
0
LINE
8
BLACK
6
CONTINUOUS
10
6.5995535433070867
20
-4.0648757874015748
11
6.6045382283464562
21
-4.0666200000000003
0
LINE
8
BLACK
6
CONTINUOUS
10
6.6045382283464562
20
-4.0666200000000003
11
6.6087873228346457
21
-4.0697559842519686
0
LINE
8
BLACK
6
CONTINUOUS
10
6.6087873228346457
20
-4.0697559842519686
11
6.6119233070866139
21
-4.0740050787401572
0
LINE
8
BLACK
6
CONTINUOUS
10
6.6119233070866139
20
-4.0740050787401572
11
6.6136675196850394
21
-4.0789897637795276
0
LINE
8
BLACK
6
CONTINUOUS
10
6.6136675196850394
20
-4.0789897637795276
11
6.6139763779527554
21
-4.0822834645669293
0
LINE
8
BLACK
6
CONTINUOUS
10
6.6139763779527554
20
-4.0822834645669293
11
6.6139763779527554
21
-4.1177165354330709
0
LINE
8
BLACK
6
CONTINUOUS
10
6.6139763779527554
20
-4.1177165354330709
11
6.6136675196850394
21
-4.1210102362204726
0
LINE
8
BLACK
6
CONTINUOUS
10
6.6136675196850394
20
-4.1210102362204726
11
6.6119233070866139
21
-4.1259949212598421
0
LINE
8
BLACK
6
CONTINUOUS
10
6.6119233070866139
20
-4.1259949212598421
11
6.6087873228346457
21
-4.1302440157480316
0
LINE
8
BLACK
6
CONTINUOUS
10
6.6087873228346457
20
-4.1302440157480316
11
6.6045382283464562
21
-4.1333799999999998
0
LINE
8
BLACK
6
CONTINUOUS
10
6.6045382283464562
20
-4.1333799999999998
11
6.5995535433070867
21
-4.1351242125984253
0
LINE
8
BLACK
6
CONTINUOUS
10
6.5995535433070867
20
-4.1351242125984253
11
6.596259842519685
21
-4.1354330708661413
0
LINE
8
BLACK
6
CONTINUOUS
10
6.596259842519685
20
-4.1354330708661413
11
6.5755905511811026
21
-4.1354330708661413
0
LINE
8
BLACK
6
CONTINUOUS
10
6.5755905511811026
20
-4.1354330708661413
11
6.5722968503937009
21
-4.1351242125984253
0
LINE
8
BLACK
6
CONTINUOUS
10
6.5722968503937009
20
-4.1351242125984253
11
6.5673121653543305
21
-4.1333799999999998
0
LINE
8
BLACK
6
CONTINUOUS
10
6.5673121653543305
20
-4.1333799999999998
11
6.5630630708661419
21
-4.1302440157480316
0
LINE
8
BLACK
6
CONTINUOUS
10
6.5630630708661419
20
-4.1302440157480316
11
6.5599270866141728
21
-4.1259949212598421
0
LINE
8
BLACK
6
CONTINUOUS
10
6.5599270866141728
20
-4.1259949212598421
11
6.5581828740157482
21
-4.1210102362204726
0
LINE
8
BLACK
6
CONTINUOUS
10
6.5581828740157482
20
-4.1210102362204726
11
6.5578740157480313
21
-4.1177165354330709
0
LINE
8
BLACK
6
CONTINUOUS
10
6.5578740157480313
20
-4.1177165354330709
11
6.5578740157480313
21
-4.0822834645669293
0
LINE
8
BLACK
6
CONTINUOUS
10
6.5578740157480313
20
-4.0822834645669293
11
6.5581828740157482
21
-4.0789897637795276
0
LINE
8
BLACK
6
CONTINUOUS
10
6.5581828740157482
20
-4.0789897637795276
11
6.5599270866141728
21
-4.0740050787401572
0
LINE
8
BLACK
6
CONTINUOUS
10
6.5599270866141728
20
-4.0740050787401572
11
6.5630630708661419
21
-4.0697559842519686
0
LINE
8
BLACK
6
CONTINUOUS
10
6.5630630708661419
20
-4.0697559842519686
11
6.5673121653543305
21
-4.0666200000000003
0
LINE
8
BLACK
6
CONTINUOUS
10
6.5673121653543305
20
-4.0666200000000003
11
6.5722968503937009
21
-4.0648757874015748
0
LINE
8
BLACK
6
CONTINUOUS
10
6.5722968503937009
20
-4.0648757874015748
11
6.5755905511811026
21
-4.064566929133858
0
LINE
8
BLACK
6
CONTINUOUS
10
6.5755905511811026
20
-4.064566929133858
11
6.596259842519685
21
-4.064566929133858
0
LINE
8
BLACK
6
CONTINUOUS
10
6.596259842519685
20
-4.064566929133858
11
6.5995535433070867
21
-4.0648757874015748
0
LINE
8
BLACK
6
CONTINUOUS
10
6.2856164960629917
20
-4.0329466535433074
11
6.2906011811023621
21
-4.034690866141732
0
LINE
8
BLACK
6
CONTINUOUS
10
6.2906011811023621
20
-4.034690866141732
11
6.2948503149606294
21
-4.0378268503937003
0
LINE
8
BLACK
6
CONTINUOUS
10
6.2948503149606294
20
-4.0378268503937003
11
6.2979862992125986
21
-4.0420759842519685
0
LINE
8
BLACK
6
CONTINUOUS
10
6.2979862992125986
20
-4.0420759842519685
11
6.2997305118110232
21
-4.0470606692913389
0
LINE
8
BLACK
6
CONTINUOUS
10
6.2997305118110232
20
-4.0470606692913389
11
6.3000393307086613
21
-4.0503544094488184
0
LINE
8
BLACK
6
CONTINUOUS
10
6.3000393307086613
20
-4.0503544094488184
11
6.30003937007874
21
-4.0867716141732284
0
LINE
8
BLACK
6
CONTINUOUS
10
6.30003937007874
20
-4.0867716141732284
11
6.2997305118110232
21
-4.0900653149606301
0
LINE
8
BLACK
6
CONTINUOUS
10
6.2997305118110232
20
-4.0900653149606301
11
6.2979862992125986
21
-4.0950499999999996
0
LINE
8
BLACK
6
CONTINUOUS
10
6.2979862992125986
20
-4.0950499999999996
11
6.2948503149606294
21
-4.0992991338582678
0
LINE
8
BLACK
6
CONTINUOUS
10
6.2948503149606294
20
-4.0992991338582678
11
6.2906011811023621
21
-4.1024351181102361
0
LINE
8
BLACK
6
CONTINUOUS
10
6.2906011811023621
20
-4.1024351181102361
11
6.2856164960629917
21
-4.1041793307086616
0
LINE
8
BLACK
6
CONTINUOUS
10
6.2856164960629917
20
-4.1041793307086616
11
6.2823227559055113
21
-4.1044881496062988
0
LINE
8
BLACK
6
CONTINUOUS
10
6.2823227559055113
20
-4.1044881496062988
11
6.1976772047244095
21
-4.1044881889763776
0
LINE
8
BLACK
6
CONTINUOUS
10
6.1976772047244095
20
-4.1044881889763776
11
6.1943835039370079
21
-4.1041793307086616
0
LINE
8
BLACK
6
CONTINUOUS
10
6.1943835039370079
20
-4.1041793307086616
11
6.1893988188976374
21
-4.1024351181102361
0
LINE
8
BLACK
6
CONTINUOUS
10
6.1893988188976374
20
-4.1024351181102361
11
6.1851496850393701
21
-4.0992991338582678
0
LINE
8
BLACK
6
CONTINUOUS
10
6.1851496850393701
20
-4.0992991338582678
11
6.1820137007874019
21
-4.0950499999999996
0
LINE
8
BLACK
6
CONTINUOUS
10
6.1820137007874019
20
-4.0950499999999996
11
6.1802694881889764
21
-4.0900653149606301
0
LINE
8
BLACK
6
CONTINUOUS
10
6.1802694881889764
20
-4.0900653149606301
11
6.1799606692913382
21
-4.0867715748031497
0
LINE
8
BLACK
6
CONTINUOUS
10
6.1799606692913382
20
-4.0867715748031497
11
6.1799606299212595
21
-4.0503543700787397
0
LINE
8
BLACK
6
CONTINUOUS
10
6.1799606299212595
20
-4.0503543700787397
11
6.1802694881889764
21
-4.0470606692913389
0
LINE
8
BLACK
6
CONTINUOUS
10
6.1802694881889764
20
-4.0470606692913389
11
6.1820137007874019
21
-4.0420759842519685
0
LINE
8
BLACK
6
CONTINUOUS
10
6.1820137007874019
20
-4.0420759842519685
11
6.1851496850393701
21
-4.0378268503937003
0
LINE
8
BLACK
6
CONTINUOUS
10
6.1851496850393701
20
-4.0378268503937003
11
6.1893988188976374
21
-4.034690866141732
0
LINE
8
BLACK
6
CONTINUOUS
10
6.1893988188976374
20
-4.034690866141732
11
6.1943835039370079
21
-4.0329466535433074
0
LINE
8
BLACK
6
CONTINUOUS
10
6.1943835039370079
20
-4.0329466535433074
11
6.1976772440944883
21
-4.0326378346456693
0
LINE
8
BLACK
6
CONTINUOUS
10
6.1976772440944883
20
-4.0326378346456693
11
6.28232279527559
21
-4.0326377952755905
0
LINE
8
BLACK
6
CONTINUOUS
10
6.28232279527559
20
-4.0326377952755905
11
6.2856164960629917
21
-4.0329466535433074
0
LINE
8
BLACK
6
CONTINUOUS
10
6.7430132677165355
20
-4.0274497637795275
11
6.7455677559055118
21
-4.029156653543307
0
LINE
8
BLACK
6
CONTINUOUS
10
6.7455677559055118
20
-4.029156653543307
11
6.7472746456692914
21
-4.0317111417322833
0
LINE
8
BLACK
6
CONTINUOUS
10
6.7472746456692914
20
-4.0317111417322833
11
6.7478740157480317
21
-4.0347244094488186
0
LINE
8
BLACK
6
CONTINUOUS
10
6.7478740157480317
20
-4.0347244094488186
11
6.7478740157480317
21
-4.0947244094488191
0
LINE
8
BLACK
6
CONTINUOUS
10
6.7478740157480317
20
-4.0947244094488191
11
6.7472746456692914
21
-4.0977376771653544
0
LINE
8
BLACK
6
CONTINUOUS
10
6.7472746456692914
20
-4.0977376771653544
11
6.7455677559055118
21
-4.1002921653543307
0
LINE
8
BLACK
6
CONTINUOUS
10
6.7455677559055118
20
-4.1002921653543307
11
6.7430132677165355
21
-4.1019990551181102
0
LINE
8
BLACK
6
CONTINUOUS
10
6.7430132677165355
20
-4.1019990551181102
11
6.7400000000000002
21
-4.1025984251968506
0
LINE
8
BLACK
6
CONTINUOUS
10
6.7400000000000002
20
-4.1025984251968506
11
6.6799999999999997
21
-4.1025984251968506
0
LINE
8
BLACK
6
CONTINUOUS
10
6.6799999999999997
20
-4.1025984251968506
11
6.6769867322834644
21
-4.1019990551181102
0
LINE
8
BLACK
6
CONTINUOUS
10
6.6769867322834644
20
-4.1019990551181102
11
6.6744322440944881
21
-4.1002921653543307
0
LINE
8
BLACK
6
CONTINUOUS
10
6.6744322440944881
20
-4.1002921653543307
11
6.6727253543307086
21
-4.0977376771653544
0
LINE
8
BLACK
6
CONTINUOUS
10
6.6727253543307086
20
-4.0977376771653544
11
6.6721259842519682
21
-4.0947244094488191
0
LINE
8
BLACK
6
CONTINUOUS
10
6.6721259842519682
20
-4.0947244094488191
11
6.6721259842519682
21
-4.0347244094488186
0
LINE
8
BLACK
6
CONTINUOUS
10
6.6721259842519682
20
-4.0347244094488186
11
6.6727253543307086
21
-4.0317111417322833
0
LINE
8
BLACK
6
CONTINUOUS
10
6.6727253543307086
20
-4.0317111417322833
11
6.6744322440944881
21
-4.029156653543307
0
LINE
8
BLACK
6
CONTINUOUS
10
6.6744322440944881
20
-4.029156653543307
11
6.6769867322834644
21
-4.0274497637795275
0
LINE
8
BLACK
6
CONTINUOUS
10
6.6769867322834644
20
-4.0274497637795275
11
6.6799999999999997
21
-4.0268503937007871
0
LINE
8
BLACK
6
CONTINUOUS
10
6.6799999999999997
20
-4.0268503937007871
11
6.7400000000000002
21
-4.0268503937007871
0
LINE
8
BLACK
6
CONTINUOUS
10
6.7400000000000002
20
-4.0268503937007871
11
6.7430132677165355
21
-4.0274497637795275
0
LINE
8
BLACK
6
CONTINUOUS
10
6.8430132677165352
20
-4.0274497637795275
11
6.8455677559055115
21
-4.029156653543307
0
LINE
8
BLACK
6
CONTINUOUS
10
6.8455677559055115
20
-4.029156653543307
11
6.847274645669291
21
-4.0317111417322833
0
LINE
8
BLACK
6
CONTINUOUS
10
6.847274645669291
20
-4.0317111417322833
11
6.8478740157480313
21
-4.0347244094488186
0
LINE
8
BLACK
6
CONTINUOUS
10
6.8478740157480313
20
-4.0347244094488186
11
6.8478740157480313
21
-4.0947244094488191
0
LINE
8
BLACK
6
CONTINUOUS
10
6.8478740157480313
20
-4.0947244094488191
11
6.847274645669291
21
-4.0977376771653544
0
LINE
8
BLACK
6
CONTINUOUS
10
6.847274645669291
20
-4.0977376771653544
11
6.8455677559055115
21
-4.1002921653543307
0
LINE
8
BLACK
6
CONTINUOUS
10
6.8455677559055115
20
-4.1002921653543307
11
6.8430132677165352
21
-4.1019990551181102
0
LINE
8
BLACK
6
CONTINUOUS
10
6.8430132677165352
20
-4.1019990551181102
11
6.8399999999999999
21
-4.1025984251968506
0
LINE
8
BLACK
6
CONTINUOUS
10
6.8399999999999999
20
-4.1025984251968506
11
6.7800000000000002
21
-4.1025984251968506
0
LINE
8
BLACK
6
CONTINUOUS
10
6.7800000000000002
20
-4.1025984251968506
11
6.776986732283464
21
-4.1019990551181102
0
LINE
8
BLACK
6
CONTINUOUS
10
6.776986732283464
20
-4.1019990551181102
11
6.7744322440944877
21
-4.1002921653543307
0
LINE
8
BLACK
6
CONTINUOUS
10
6.7744322440944877
20
-4.1002921653543307
11
6.7727253543307082
21
-4.0977376771653544
0
LINE
8
BLACK
6
CONTINUOUS
10
6.7727253543307082
20
-4.0977376771653544
11
6.7721259842519688
21
-4.0947244094488191
0
LINE
8
BLACK
6
CONTINUOUS
10
6.7721259842519688
20
-4.0947244094488191
11
6.7721259842519688
21
-4.0347244094488186
0
LINE
8
BLACK
6
CONTINUOUS
10
6.7721259842519688
20
-4.0347244094488186
11
6.7727253543307082
21
-4.0317111417322833
0
LINE
8
BLACK
6
CONTINUOUS
10
6.7727253543307082
20
-4.0317111417322833
11
6.7744322440944877
21
-4.029156653543307
0
LINE
8
BLACK
6
CONTINUOUS
10
6.7744322440944877
20
-4.029156653543307
11
6.776986732283464
21
-4.0274497637795275
0
LINE
8
BLACK
6
CONTINUOUS
10
6.776986732283464
20
-4.0274497637795275
11
6.7800000000000002
21
-4.0268503937007871
0
LINE
8
BLACK
6
CONTINUOUS
10
6.7800000000000002
20
-4.0268503937007871
11
6.8399999999999999
21
-4.0268503937007871
0
LINE
8
BLACK
6
CONTINUOUS
10
6.8399999999999999
20
-4.0268503937007871
11
6.8430132677165352
21
-4.0274497637795275
0
LINE
8
BLACK
6
CONTINUOUS
10
4.8736283464566927
20
-3.9748757874015745
11
4.8786130314960632
21
-3.97662
0
LINE
8
BLACK
6
CONTINUOUS
10
4.8786130314960632
20
-3.97662
11
4.8828621259842517
21
-3.9797559842519683
0
LINE
8
BLACK
6
CONTINUOUS
10
4.8828621259842517
20
-3.9797559842519683
11
4.88599811023622
21
-3.9840050787401573
0
LINE
8
BLACK
6
CONTINUOUS
10
4.88599811023622
20
-3.9840050787401573
11
4.8877423228346455
21
-3.9889897637795273
0
LINE
8
BLACK
6
CONTINUOUS
10
4.8877423228346455
20
-3.9889897637795273
11
4.8880511811023624
21
-3.992283464566929
0
LINE
8
BLACK
6
CONTINUOUS
10
4.8880511811023624
20
-3.992283464566929
11
4.8880511811023624
21
-4.0277165354330711
0
LINE
8
BLACK
6
CONTINUOUS
10
4.8880511811023624
20
-4.0277165354330711
11
4.8877423228346455
21
-4.0310102362204727
0
LINE
8
BLACK
6
CONTINUOUS
10
4.8877423228346455
20
-4.0310102362204727
11
4.88599811023622
21
-4.0359949212598423
0
LINE
8
BLACK
6
CONTINUOUS
10
4.88599811023622
20
-4.0359949212598423
11
4.8828621259842517
21
-4.0402440157480317
0
LINE
8
BLACK
6
CONTINUOUS
10
4.8828621259842517
20
-4.0402440157480317
11
4.8786130314960632
21
-4.04338
0
LINE
8
BLACK
6
CONTINUOUS
10
4.8786130314960632
20
-4.04338
11
4.8736283464566927
21
-4.0451242125984255
0
LINE
8
BLACK
6
CONTINUOUS
10
4.8736283464566927
20
-4.0451242125984255
11
4.8703346456692911
21
-4.0454330708661415
0
LINE
8
BLACK
6
CONTINUOUS
10
4.8703346456692911
20
-4.0454330708661415
11
4.8496653543307087
21
-4.0454330708661415
0
LINE
8
BLACK
6
CONTINUOUS
10
4.8496653543307087
20
-4.0454330708661415
11
4.846371653543307
21
-4.0451242125984255
0
LINE
8
BLACK
6
CONTINUOUS
10
4.846371653543307
20
-4.0451242125984255
11
4.8413869685039366
21
-4.04338
0
LINE
8
BLACK
6
CONTINUOUS
10
4.8413869685039366
20
-4.04338
11
4.837137874015748
21
-4.0402440157480317
0
LINE
8
BLACK
6
CONTINUOUS
10
4.837137874015748
20
-4.0402440157480317
11
4.8340018897637798
21
-4.0359949212598423
0
LINE
8
BLACK
6
CONTINUOUS
10
4.8340018897637798
20
-4.0359949212598423
11
4.8322576771653543
21
-4.0310102362204727
0
LINE
8
BLACK
6
CONTINUOUS
10
4.8322576771653543
20
-4.0310102362204727
11
4.8319488188976374
21
-4.0277165354330711
0
LINE
8
BLACK
6
CONTINUOUS
10
4.8319488188976374
20
-4.0277165354330711
11
4.8319488188976374
21
-3.992283464566929
0
LINE
8
BLACK
6
CONTINUOUS
10
4.8319488188976374
20
-3.992283464566929
11
4.8322576771653543
21
-3.9889897637795273
0
LINE
8
BLACK
6
CONTINUOUS
10
4.8322576771653543
20
-3.9889897637795273
11
4.8340018897637798
21
-3.9840050787401573
0
LINE
8
BLACK
6
CONTINUOUS
10
4.8340018897637798
20
-3.9840050787401573
11
4.837137874015748
21
-3.9797559842519683
0
LINE
8
BLACK
6
CONTINUOUS
10
4.837137874015748
20
-3.9797559842519683
11
4.8413869685039366
21
-3.97662
0
LINE
8
BLACK
6
CONTINUOUS
10
4.8413869685039366
20
-3.97662
11
4.846371653543307
21
-3.9748757874015745
0
LINE
8
BLACK
6
CONTINUOUS
10
4.846371653543307
20
-3.9748757874015745
11
4.8496653543307087
21
-3.9745669291338581
0
LINE
8
BLACK
6
CONTINUOUS
10
4.8496653543307087
20
-3.9745669291338581
11
4.8703346456692911
21
-3.9745669291338581
0
LINE
8
BLACK
6
CONTINUOUS
10
4.8703346456692911
20
-3.9745669291338581
11
4.8736283464566927
21
-3.9748757874015745
0
LINE
8
BLACK
6
CONTINUOUS
10
4.9454787401574798
20
-3.9748757874015745
11
4.9504634251968502
21
-3.97662
0
LINE
8
BLACK
6
CONTINUOUS
10
4.9504634251968502
20
-3.97662
11
4.9547125196850397
21
-3.9797559842519683
0
LINE
8
BLACK
6
CONTINUOUS
10
4.9547125196850397
20
-3.9797559842519683
11
4.9578485039370079
21
-3.9840050787401573
0
LINE
8
BLACK
6
CONTINUOUS
10
4.9578485039370079
20
-3.9840050787401573
11
4.9595927165354325
21
-3.9889897637795273
0
LINE
8
BLACK
6
CONTINUOUS
10
4.9595927165354325
20
-3.9889897637795273
11
4.9599015748031494
21
-3.992283464566929
0
LINE
8
BLACK
6
CONTINUOUS
10
4.9599015748031494
20
-3.992283464566929
11
4.9599015748031494
21
-4.0277165354330711
0
LINE
8
BLACK
6
CONTINUOUS
10
4.9599015748031494
20
-4.0277165354330711
11
4.9595927165354325
21
-4.0310102362204727
0
LINE
8
BLACK
6
CONTINUOUS
10
4.9595927165354325
20
-4.0310102362204727
11
4.9578485039370079
21
-4.0359949212598423
0
LINE
8
BLACK
6
CONTINUOUS
10
4.9578485039370079
20
-4.0359949212598423
11
4.9547125196850397
21
-4.0402440157480317
0
LINE
8
BLACK
6
CONTINUOUS
10
4.9547125196850397
20
-4.0402440157480317
11
4.9504634251968502
21
-4.04338
0
LINE
8
BLACK
6
CONTINUOUS
10
4.9504634251968502
20
-4.04338
11
4.9454787401574798
21
-4.0451242125984255
0
LINE
8
BLACK
6
CONTINUOUS
10
4.9454787401574798
20
-4.0451242125984255
11
4.942185039370079
21
-4.0454330708661415
0
LINE
8
BLACK
6
CONTINUOUS
10
4.942185039370079
20
-4.0454330708661415
11
4.9215157480314957
21
-4.0454330708661415
0
LINE
8
BLACK
6
CONTINUOUS
10
4.9215157480314957
20
-4.0454330708661415
11
4.9182220472440941
21
-4.0451242125984255
0
LINE
8
BLACK
6
CONTINUOUS
10
4.9182220472440941
20
-4.0451242125984255
11
4.9132373622047245
21
-4.04338
0
LINE
8
BLACK
6
CONTINUOUS
10
4.9132373622047245
20
-4.04338
11
4.9089882677165351
21
-4.0402440157480317
0
LINE
8
BLACK
6
CONTINUOUS
10
4.9089882677165351
20
-4.0402440157480317
11
4.9058522834645668
21
-4.0359949212598423
0
LINE
8
BLACK
6
CONTINUOUS
10
4.9058522834645668
20
-4.0359949212598423
11
4.9041080708661413
21
-4.0310102362204727
0
LINE
8
BLACK
6
CONTINUOUS
10
4.9041080708661413
20
-4.0310102362204727
11
4.9037992125984253
21
-4.0277165354330711
0
LINE
8
BLACK
6
CONTINUOUS
10
4.9037992125984253
20
-4.0277165354330711
11
4.9037992125984253
21
-3.992283464566929
0
LINE
8
BLACK
6
CONTINUOUS
10
4.9037992125984253
20
-3.992283464566929
11
4.9041080708661413
21
-3.9889897637795273
0
LINE
8
BLACK
6
CONTINUOUS
10
4.9041080708661413
20
-3.9889897637795273
11
4.9058522834645668
21
-3.9840050787401573
0
LINE
8
BLACK
6
CONTINUOUS
10
4.9058522834645668
20
-3.9840050787401573
11
4.9089882677165351
21
-3.9797559842519683
0
LINE
8
BLACK
6
CONTINUOUS
10
4.9089882677165351
20
-3.9797559842519683
11
4.9132373622047245
21
-3.97662
0
LINE
8
BLACK
6
CONTINUOUS
10
4.9132373622047245
20
-3.97662
11
4.9182220472440941
21
-3.9748757874015745
0
LINE
8
BLACK
6
CONTINUOUS
10
4.9182220472440941
20
-3.9748757874015745
11
4.9215157480314957
21
-3.9745669291338581
0
LINE
8
BLACK
6
CONTINUOUS
10
4.9215157480314957
20
-3.9745669291338581
11
4.942185039370079
21
-3.9745669291338581
0
LINE
8
BLACK
6
CONTINUOUS
10
4.942185039370079
20
-3.9745669291338581
11
4.9454787401574798
21
-3.9748757874015745
0
LINE
8
BLACK
6
CONTINUOUS
10
5.1277031496062992
20
-3.9748757874015745
11
5.1326878346456688
21
-3.97662
0
LINE
8
BLACK
6
CONTINUOUS
10
5.1326878346456688
20
-3.97662
11
5.1369369291338582
21
-3.9797559842519683
0
LINE
8
BLACK
6
CONTINUOUS
10
5.1369369291338582
20
-3.9797559842519683
11
5.1400729133858265
21
-3.9840050787401573
0
LINE
8
BLACK
6
CONTINUOUS
10
5.1400729133858265
20
-3.9840050787401573
11
5.141817125984252
21
-3.9889897637795273
0
LINE
8
BLACK
6
CONTINUOUS
10
5.141817125984252
20
-3.9889897637795273
11
5.142125984251968
21
-3.992283464566929
0
LINE
8
BLACK
6
CONTINUOUS
10
5.142125984251968
20
-3.992283464566929
11
5.142125984251968
21
-4.0277165354330711
0
LINE
8
BLACK
6
CONTINUOUS
10
5.142125984251968
20
-4.0277165354330711
11
5.141817125984252
21
-4.0310102362204727
0
LINE
8
BLACK
6
CONTINUOUS
10
5.141817125984252
20
-4.0310102362204727
11
5.1400729133858265
21
-4.0359949212598423
0
LINE
8
BLACK
6
CONTINUOUS
10
5.1400729133858265
20
-4.0359949212598423
11
5.1369369291338582
21
-4.0402440157480317
0
LINE
8
BLACK
6
CONTINUOUS
10
5.1369369291338582
20
-4.0402440157480317
11
5.1326878346456688
21
-4.04338
0
LINE
8
BLACK
6
CONTINUOUS
10
5.1326878346456688
20
-4.04338
11
5.1277031496062992
21
-4.0451242125984255
0
LINE
8
BLACK
6
CONTINUOUS
10
5.1277031496062992
20
-4.0451242125984255
11
5.1244094488188976
21
-4.0454330708661415
0
LINE
8
BLACK
6
CONTINUOUS
10
5.1244094488188976
20
-4.0454330708661415
11
5.1037401574803152
21
-4.0454330708661415
0
LINE
8
BLACK
6
CONTINUOUS
10
5.1037401574803152
20
-4.0454330708661415
11
5.1004464566929135
21
-4.0451242125984255
0
LINE
8
BLACK
6
CONTINUOUS
10
5.1004464566929135
20
-4.0451242125984255
11
5.0954617716535431
21
-4.04338
0
LINE
8
BLACK
6
CONTINUOUS
10
5.0954617716535431
20
-4.04338
11
5.0912126771653545
21
-4.0402440157480317
0
LINE
8
BLACK
6
CONTINUOUS
10
5.0912126771653545
20
-4.0402440157480317
11
5.0880766929133854
21
-4.0359949212598423
0
LINE
8
BLACK
6
CONTINUOUS
10
5.0880766929133854
20
-4.0359949212598423
11
5.0863324803149608
21
-4.0310102362204727
0
LINE
8
BLACK
6
CONTINUOUS
10
5.0863324803149608
20
-4.0310102362204727
11
5.0860236220472439
21
-4.0277165354330711
0
LINE
8
BLACK
6
CONTINUOUS
10
5.0860236220472439
20
-4.0277165354330711
11
5.0860236220472439
21
-3.992283464566929
0
LINE
8
BLACK
6
CONTINUOUS
10
5.0860236220472439
20
-3.992283464566929
11
5.0863324803149608
21
-3.9889897637795273
0
LINE
8
BLACK
6
CONTINUOUS
10
5.0863324803149608
20
-3.9889897637795273
11
5.0880766929133854
21
-3.9840050787401573
0
LINE
8
BLACK
6
CONTINUOUS
10
5.0880766929133854
20
-3.9840050787401573
11
5.0912126771653545
21
-3.9797559842519683
0
LINE
8
BLACK
6
CONTINUOUS
10
5.0912126771653545
20
-3.9797559842519683
11
5.0954617716535431
21
-3.97662
0
LINE
8
BLACK
6
CONTINUOUS
10
5.0954617716535431
20
-3.97662
11
5.1004464566929135
21
-3.9748757874015745
0
LINE
8
BLACK
6
CONTINUOUS
10
5.1004464566929135
20
-3.9748757874015745
11
5.1037401574803152
21
-3.9745669291338581
0
LINE
8
BLACK
6
CONTINUOUS
10
5.1037401574803152
20
-3.9745669291338581
11
5.1244094488188976
21
-3.9745669291338581
0
LINE
8
BLACK
6
CONTINUOUS
10
5.1244094488188976
20
-3.9745669291338581
11
5.1277031496062992
21
-3.9748757874015745
0
LINE
8
BLACK
6
CONTINUOUS
10
5.1995535433070863
20
-3.9748757874015745
11
5.2045382283464567
21
-3.97662
0
LINE
8
BLACK
6
CONTINUOUS
10
5.2045382283464567
20
-3.97662
11
5.2087873228346453
21
-3.9797559842519683
0
LINE
8
BLACK
6
CONTINUOUS
10
5.2087873228346453
20
-3.9797559842519683
11
5.2119233070866144
21
-3.9840050787401573
0
LINE
8
BLACK
6
CONTINUOUS
10
5.2119233070866144
20
-3.9840050787401573
11
5.2136675196850391
21
-3.9889897637795273
0
LINE
8
BLACK
6
CONTINUOUS
10
5.2136675196850391
20
-3.9889897637795273
11
5.2139763779527559
21
-3.992283464566929
0
LINE
8
BLACK
6
CONTINUOUS
10
5.2139763779527559
20
-3.992283464566929
11
5.2139763779527559
21
-4.0277165354330711
0
LINE
8
BLACK
6
CONTINUOUS
10
5.2139763779527559
20
-4.0277165354330711
11
5.2136675196850391
21
-4.0310102362204727
0
LINE
8
BLACK
6
CONTINUOUS
10
5.2136675196850391
20
-4.0310102362204727
11
5.2119233070866144
21
-4.0359949212598423
0
LINE
8
BLACK
6
CONTINUOUS
10
5.2119233070866144
20
-4.0359949212598423
11
5.2087873228346453
21
-4.0402440157480317
0
LINE
8
BLACK
6
CONTINUOUS
10
5.2087873228346453
20
-4.0402440157480317
11
5.2045382283464567
21
-4.04338
0
LINE
8
BLACK
6
CONTINUOUS
10
5.2045382283464567
20
-4.04338
11
5.1995535433070863
21
-4.0451242125984255
0
LINE
8
BLACK
6
CONTINUOUS
10
5.1995535433070863
20
-4.0451242125984255
11
5.1962598425196846
21
-4.0454330708661415
0
LINE
8
BLACK
6
CONTINUOUS
10
5.1962598425196846
20
-4.0454330708661415
11
5.1755905511811022
21
-4.0454330708661415
0
LINE
8
BLACK
6
CONTINUOUS
10
5.1755905511811022
20
-4.0454330708661415
11
5.1722968503937006
21
-4.0451242125984255
0
LINE
8
BLACK
6
CONTINUOUS
10
5.1722968503937006
20
-4.0451242125984255
11
5.167312165354331
21
-4.04338
0
LINE
8
BLACK
6
CONTINUOUS
10
5.167312165354331
20
-4.04338
11
5.1630630708661416
21
-4.0402440157480317
0
LINE
8
BLACK
6
CONTINUOUS
10
5.1630630708661416
20
-4.0402440157480317
11
5.1599270866141733
21
-4.0359949212598423
0
LINE
8
BLACK
6
CONTINUOUS
10
5.1599270866141733
20
-4.0359949212598423
11
5.1581828740157478
21
-4.0310102362204727
0
LINE
8
BLACK
6
CONTINUOUS
10
5.1581828740157478
20
-4.0310102362204727
11
5.1578740157480309
21
-4.0277165354330711
0
LINE
8
BLACK
6
CONTINUOUS
10
5.1578740157480309
20
-4.0277165354330711
11
5.1578740157480309
21
-3.992283464566929
0
LINE
8
BLACK
6
CONTINUOUS
10
5.1578740157480309
20
-3.992283464566929
11
5.1581828740157478
21
-3.9889897637795273
0
LINE
8
BLACK
6
CONTINUOUS
10
5.1581828740157478
20
-3.9889897637795273
11
5.1599270866141733
21
-3.9840050787401573
0
LINE
8
BLACK
6
CONTINUOUS
10
5.1599270866141733
20
-3.9840050787401573
11
5.1630630708661416
21
-3.9797559842519683
0
LINE
8
BLACK
6
CONTINUOUS
10
5.1630630708661416
20
-3.9797559842519683
11
5.167312165354331
21
-3.97662
0
LINE
8
BLACK
6
CONTINUOUS
10
5.167312165354331
20
-3.97662
11
5.1722968503937006
21
-3.9748757874015745
0
LINE
8
BLACK
6
CONTINUOUS
10
5.1722968503937006
20
-3.9748757874015745
11
5.1755905511811022
21
-3.9745669291338581
0
LINE
8
BLACK
6
CONTINUOUS
10
5.1755905511811022
20
-3.9745669291338581
11
5.1962598425196846
21
-3.9745669291338581
0
LINE
8
BLACK
6
CONTINUOUS
10
5.1962598425196846
20
-3.9745669291338581
11
5.1995535433070863
21
-3.9748757874015745
0
LINE
8
BLACK
6
CONTINUOUS
10
5.3777031496062992
20
-3.9748757874015745
11
5.3826878346456688
21
-3.97662
0
LINE
8
BLACK
6
CONTINUOUS
10
5.3826878346456688
20
-3.97662
11
5.3869369291338582
21
-3.9797559842519683
0
LINE
8
BLACK
6
CONTINUOUS
10
5.3869369291338582
20
-3.9797559842519683
11
5.3900729133858265
21
-3.9840050787401573
0
LINE
8
BLACK
6
CONTINUOUS
10
5.3900729133858265
20
-3.9840050787401573
11
5.391817125984252
21
-3.9889897637795273
0
LINE
8
BLACK
6
CONTINUOUS
10
5.391817125984252
20
-3.9889897637795273
11
5.392125984251968
21
-3.992283464566929
0
LINE
8
BLACK
6
CONTINUOUS
10
5.392125984251968
20
-3.992283464566929
11
5.392125984251968
21
-4.0277165354330711
0
LINE
8
BLACK
6
CONTINUOUS
10
5.392125984251968
20
-4.0277165354330711
11
5.391817125984252
21
-4.0310102362204727
0
LINE
8
BLACK
6
CONTINUOUS
10
5.391817125984252
20
-4.0310102362204727
11
5.3900729133858265
21
-4.0359949212598423
0
LINE
8
BLACK
6
CONTINUOUS
10
5.3900729133858265
20
-4.0359949212598423
11
5.3869369291338582
21
-4.0402440157480317
0
LINE
8
BLACK
6
CONTINUOUS
10
5.3869369291338582
20
-4.0402440157480317
11
5.3826878346456688
21
-4.04338
0
LINE
8
BLACK
6
CONTINUOUS
10
5.3826878346456688
20
-4.04338
11
5.3777031496062992
21
-4.0451242125984255
0
LINE
8
BLACK
6
CONTINUOUS
10
5.3777031496062992
20
-4.0451242125984255
11
5.3744094488188976
21
-4.0454330708661415
0
LINE
8
BLACK
6
CONTINUOUS
10
5.3744094488188976
20
-4.0454330708661415
11
5.3537401574803152
21
-4.0454330708661415
0
LINE
8
BLACK
6
CONTINUOUS
10
5.3537401574803152
20
-4.0454330708661415
11
5.3504464566929135
21
-4.0451242125984255
0
LINE
8
BLACK
6
CONTINUOUS
10
5.3504464566929135
20
-4.0451242125984255
11
5.3454617716535431
21
-4.04338
0
LINE
8
BLACK
6
CONTINUOUS
10
5.3454617716535431
20
-4.04338
11
5.3412126771653545
21
-4.0402440157480317
0
LINE
8
BLACK
6
CONTINUOUS
10
5.3412126771653545
20
-4.0402440157480317
11
5.3380766929133854
21
-4.0359949212598423
0
LINE
8
BLACK
6
CONTINUOUS
10
5.3380766929133854
20
-4.0359949212598423
11
5.3363324803149608
21
-4.0310102362204727
0
LINE
8
BLACK
6
CONTINUOUS
10
5.3363324803149608
20
-4.0310102362204727
11
5.3360236220472439
21
-4.0277165354330711
0
LINE
8
BLACK
6
CONTINUOUS
10
5.3360236220472439
20
-4.0277165354330711
11
5.3360236220472439
21
-3.992283464566929
0
LINE
8
BLACK
6
CONTINUOUS
10
5.3360236220472439
20
-3.992283464566929
11
5.3363324803149608
21
-3.9889897637795273
0
LINE
8
BLACK
6
CONTINUOUS
10
5.3363324803149608
20
-3.9889897637795273
11
5.3380766929133854
21
-3.9840050787401573
0
LINE
8
BLACK
6
CONTINUOUS
10
5.3380766929133854
20
-3.9840050787401573
11
5.3412126771653545
21
-3.9797559842519683
0
LINE
8
BLACK
6
CONTINUOUS
10
5.3412126771653545
20
-3.9797559842519683
11
5.3454617716535431
21
-3.97662
0
LINE
8
BLACK
6
CONTINUOUS
10
5.3454617716535431
20
-3.97662
11
5.3504464566929135
21
-3.9748757874015745
0
LINE
8
BLACK
6
CONTINUOUS
10
5.3504464566929135
20
-3.9748757874015745
11
5.3537401574803152
21
-3.9745669291338581
0
LINE
8
BLACK
6
CONTINUOUS
10
5.3537401574803152
20
-3.9745669291338581
11
5.3744094488188976
21
-3.9745669291338581
0
LINE
8
BLACK
6
CONTINUOUS
10
5.3744094488188976
20
-3.9745669291338581
11
5.3777031496062992
21
-3.9748757874015745
0
LINE
8
BLACK
6
CONTINUOUS
10
5.4495535433070863
20
-3.9748757874015745
11
5.4545382283464567
21
-3.97662
0
LINE
8
BLACK
6
CONTINUOUS
10
5.4545382283464567
20
-3.97662
11
5.4587873228346453
21
-3.9797559842519683
0
LINE
8
BLACK
6
CONTINUOUS
10
5.4587873228346453
20
-3.9797559842519683
11
5.4619233070866144
21
-3.9840050787401573
0
LINE
8
BLACK
6
CONTINUOUS
10
5.4619233070866144
20
-3.9840050787401573
11
5.4636675196850391
21
-3.9889897637795273
0
LINE
8
BLACK
6
CONTINUOUS
10
5.4636675196850391
20
-3.9889897637795273
11
5.4639763779527559
21
-3.992283464566929
0
LINE
8
BLACK
6
CONTINUOUS
10
5.4639763779527559
20
-3.992283464566929
11
5.4639763779527559
21
-4.0277165354330711
0
LINE
8
BLACK
6
CONTINUOUS
10
5.4639763779527559
20
-4.0277165354330711
11
5.4636675196850391
21
-4.0310102362204727
0
LINE
8
BLACK
6
CONTINUOUS
10
5.4636675196850391
20
-4.0310102362204727
11
5.4619233070866144
21
-4.0359949212598423
0
LINE
8
BLACK
6
CONTINUOUS
10
5.4619233070866144
20
-4.0359949212598423
11
5.4587873228346453
21
-4.0402440157480317
0
LINE
8
BLACK
6
CONTINUOUS
10
5.4587873228346453
20
-4.0402440157480317
11
5.4545382283464567
21
-4.04338
0
LINE
8
BLACK
6
CONTINUOUS
10
5.4545382283464567
20
-4.04338
11
5.4495535433070863
21
-4.0451242125984255
0
LINE
8
BLACK
6
CONTINUOUS
10
5.4495535433070863
20
-4.0451242125984255
11
5.4462598425196846
21
-4.0454330708661415
0
LINE
8
BLACK
6
CONTINUOUS
10
5.4462598425196846
20
-4.0454330708661415
11
5.4255905511811022
21
-4.0454330708661415
0
LINE
8
BLACK
6
CONTINUOUS
10
5.4255905511811022
20
-4.0454330708661415
11
5.4222968503937006
21
-4.0451242125984255
0
LINE
8
BLACK
6
CONTINUOUS
10
5.4222968503937006
20
-4.0451242125984255
11
5.417312165354331
21
-4.04338
0
LINE
8
BLACK
6
CONTINUOUS
10
5.417312165354331
20
-4.04338
11
5.4130630708661416
21
-4.0402440157480317
0
LINE
8
BLACK
6
CONTINUOUS
10
5.4130630708661416
20
-4.0402440157480317
11
5.4099270866141733
21
-4.0359949212598423
0
LINE
8
BLACK
6
CONTINUOUS
10
5.4099270866141733
20
-4.0359949212598423
11
5.4081828740157478
21
-4.0310102362204727
0
LINE
8
BLACK
6
CONTINUOUS
10
5.4081828740157478
20
-4.0310102362204727
11
5.4078740157480309
21
-4.0277165354330711
0
LINE
8
BLACK
6
CONTINUOUS
10
5.4078740157480309
20
-4.0277165354330711
11
5.4078740157480309
21
-3.992283464566929
0
LINE
8
BLACK
6
CONTINUOUS
10
5.4078740157480309
20
-3.992283464566929
11
5.4081828740157478
21
-3.9889897637795273
0
LINE
8
BLACK
6
CONTINUOUS
10
5.4081828740157478
20
-3.9889897637795273
11
5.4099270866141733
21
-3.9840050787401573
0
LINE
8
BLACK
6
CONTINUOUS
10
5.4099270866141733
20
-3.9840050787401573
11
5.4130630708661416
21
-3.9797559842519683
0
LINE
8
BLACK
6
CONTINUOUS
10
5.4130630708661416
20
-3.9797559842519683
11
5.417312165354331
21
-3.97662
0
LINE
8
BLACK
6
CONTINUOUS
10
5.417312165354331
20
-3.97662
11
5.4222968503937006
21
-3.9748757874015745
0
LINE
8
BLACK
6
CONTINUOUS
10
5.4222968503937006
20
-3.9748757874015745
11
5.4255905511811022
21
-3.9745669291338581
0
LINE
8
BLACK
6
CONTINUOUS
10
5.4255905511811022
20
-3.9745669291338581
11
5.4462598425196846
21
-3.9745669291338581
0
LINE
8
BLACK
6
CONTINUOUS
10
5.4462598425196846
20
-3.9745669291338581
11
5.4495535433070863
21
-3.9748757874015745
0
LINE
8
BLACK
6
CONTINUOUS
10
5.7377031496062987
20
-3.9748757874015745
11
5.7426878346456691
21
-3.97662
0
LINE
8
BLACK
6
CONTINUOUS
10
5.7426878346456691
20
-3.97662
11
5.7469369291338586
21
-3.9797559842519683
0
LINE
8
BLACK
6
CONTINUOUS
10
5.7469369291338586
20
-3.9797559842519683
11
5.7500729133858268
21
-3.9840050787401573
0
LINE
8
BLACK
6
CONTINUOUS
10
5.7500729133858268
20
-3.9840050787401573
11
5.7518171259842514
21
-3.9889897637795273
0
LINE
8
BLACK
6
CONTINUOUS
10
5.7518171259842514
20
-3.9889897637795273
11
5.7521259842519683
21
-3.992283464566929
0
LINE
8
BLACK
6
CONTINUOUS
10
5.7521259842519683
20
-3.992283464566929
11
5.7521259842519683
21
-4.0277165354330711
0
LINE
8
BLACK
6
CONTINUOUS
10
5.7521259842519683
20
-4.0277165354330711
11
5.7518171259842514
21
-4.0310102362204727
0
LINE
8
BLACK
6
CONTINUOUS
10
5.7518171259842514
20
-4.0310102362204727
11
5.7500729133858268
21
-4.0359949212598423
0
LINE
8
BLACK
6
CONTINUOUS
10
5.7500729133858268
20
-4.0359949212598423
11
5.7469369291338586
21
-4.0402440157480317
0
LINE
8
BLACK
6
CONTINUOUS
10
5.7469369291338586
20
-4.0402440157480317
11
5.7426878346456691
21
-4.04338
0
LINE
8
BLACK
6
CONTINUOUS
10
5.7426878346456691
20
-4.04338
11
5.7377031496062987
21
-4.0451242125984255
0
LINE
8
BLACK
6
CONTINUOUS
10
5.7377031496062987
20
-4.0451242125984255
11
5.7344094488188979
21
-4.0454330708661415
0
LINE
8
BLACK
6
CONTINUOUS
10
5.7344094488188979
20
-4.0454330708661415
11
5.7137401574803146
21
-4.0454330708661415
0
LINE
8
BLACK
6
CONTINUOUS
10
5.7137401574803146
20
-4.0454330708661415
11
5.710446456692913
21
-4.0451242125984255
0
LINE
8
BLACK
6
CONTINUOUS
10
5.710446456692913
20
-4.0451242125984255
11
5.7054617716535434
21
-4.04338
0
LINE
8
BLACK
6
CONTINUOUS
10
5.7054617716535434
20
-4.04338
11
5.701212677165354
21
-4.0402440157480317
0
LINE
8
BLACK
6
CONTINUOUS
10
5.701212677165354
20
-4.0402440157480317
11
5.6980766929133857
21
-4.0359949212598423
0
LINE
8
BLACK
6
CONTINUOUS
10
5.6980766929133857
20
-4.0359949212598423
11
5.6963324803149602
21
-4.0310102362204727
0
LINE
8
BLACK
6
CONTINUOUS
10
5.6963324803149602
20
-4.0310102362204727
11
5.6960236220472442
21
-4.0277165354330711
0
LINE
8
BLACK
6
CONTINUOUS
10
5.6960236220472442
20
-4.0277165354330711
11
5.6960236220472442
21
-3.992283464566929
0
LINE
8
BLACK
6
CONTINUOUS
10
5.6960236220472442
20
-3.992283464566929
11
5.6963324803149602
21
-3.9889897637795273
0
LINE
8
BLACK
6
CONTINUOUS
10
5.6963324803149602
20
-3.9889897637795273
11
5.6980766929133857
21
-3.9840050787401573
0
LINE
8
BLACK
6
CONTINUOUS
10
5.6980766929133857
20
-3.9840050787401573
11
5.701212677165354
21
-3.9797559842519683
0
LINE
8
BLACK
6
CONTINUOUS
10
5.701212677165354
20
-3.9797559842519683
11
5.7054617716535434
21
-3.97662
0
LINE
8
BLACK
6
CONTINUOUS
10
5.7054617716535434
20
-3.97662
11
5.710446456692913
21
-3.9748757874015745
0
LINE
8
BLACK
6
CONTINUOUS
10
5.710446456692913
20
-3.9748757874015745
11
5.7137401574803146
21
-3.9745669291338581
0
LINE
8
BLACK
6
CONTINUOUS
10
5.7137401574803146
20
-3.9745669291338581
11
5.7344094488188979
21
-3.9745669291338581
0
LINE
8
BLACK
6
CONTINUOUS
10
5.7344094488188979
20
-3.9745669291338581
11
5.7377031496062987
21
-3.9748757874015745
0
LINE
8
BLACK
6
CONTINUOUS
10
5.8095535433070866
20
-3.9748757874015745
11
5.8145382283464562
21
-3.97662
0
LINE
8
BLACK
6
CONTINUOUS
10
5.8145382283464562
20
-3.97662
11
5.8187873228346456
21
-3.9797559842519683
0
LINE
8
BLACK
6
CONTINUOUS
10
5.8187873228346456
20
-3.9797559842519683
11
5.8219233070866139
21
-3.9840050787401573
0
LINE
8
BLACK
6
CONTINUOUS
10
5.8219233070866139
20
-3.9840050787401573
11
5.8236675196850394
21
-3.9889897637795273
0
LINE
8
BLACK
6
CONTINUOUS
10
5.8236675196850394
20
-3.9889897637795273
11
5.8239763779527554
21
-3.992283464566929
0
LINE
8
BLACK
6
CONTINUOUS
10
5.8239763779527554
20
-3.992283464566929
11
5.8239763779527554
21
-4.0277165354330711
0
LINE
8
BLACK
6
CONTINUOUS
10
5.8239763779527554
20
-4.0277165354330711
11
5.8236675196850394
21
-4.0310102362204727
0
LINE
8
BLACK
6
CONTINUOUS
10
5.8236675196850394
20
-4.0310102362204727
11
5.8219233070866139
21
-4.0359949212598423
0
LINE
8
BLACK
6
CONTINUOUS
10
5.8219233070866139
20
-4.0359949212598423
11
5.8187873228346456
21
-4.0402440157480317
0
LINE
8
BLACK
6
CONTINUOUS
10
5.8187873228346456
20
-4.0402440157480317
11
5.8145382283464562
21
-4.04338
0
LINE
8
BLACK
6
CONTINUOUS
10
5.8145382283464562
20
-4.04338
11
5.8095535433070866
21
-4.0451242125984255
0
LINE
8
BLACK
6
CONTINUOUS
10
5.8095535433070866
20
-4.0451242125984255
11
5.806259842519685
21
-4.0454330708661415
0
LINE
8
BLACK
6
CONTINUOUS
10
5.806259842519685
20
-4.0454330708661415
11
5.7855905511811025
21
-4.0454330708661415
0
LINE
8
BLACK
6
CONTINUOUS
10
5.7855905511811025
20
-4.0454330708661415
11
5.7822968503937009
21
-4.0451242125984255
0
LINE
8
BLACK
6
CONTINUOUS
10
5.7822968503937009
20
-4.0451242125984255
11
5.7773121653543305
21
-4.04338
0
LINE
8
BLACK
6
CONTINUOUS
10
5.7773121653543305
20
-4.04338
11
5.7730630708661419
21
-4.0402440157480317
0
LINE
8
BLACK
6
CONTINUOUS
10
5.7730630708661419
20
-4.0402440157480317
11
5.7699270866141728
21
-4.0359949212598423
0
LINE
8
BLACK
6
CONTINUOUS
10
5.7699270866141728
20
-4.0359949212598423
11
5.7681828740157481
21
-4.0310102362204727
0
LINE
8
BLACK
6
CONTINUOUS
10
5.7681828740157481
20
-4.0310102362204727
11
5.7678740157480313
21
-4.0277165354330711
0
LINE
8
BLACK
6
CONTINUOUS
10
5.7678740157480313
20
-4.0277165354330711
11
5.7678740157480313
21
-3.992283464566929
0
LINE
8
BLACK
6
CONTINUOUS
10
5.7678740157480313
20
-3.992283464566929
11
5.7681828740157481
21
-3.9889897637795273
0
LINE
8
BLACK
6
CONTINUOUS
10
5.7681828740157481
20
-3.9889897637795273
11
5.7699270866141728
21
-3.9840050787401573
0
LINE
8
BLACK
6
CONTINUOUS
10
5.7699270866141728
20
-3.9840050787401573
11
5.7730630708661419
21
-3.9797559842519683
0
LINE
8
BLACK
6
CONTINUOUS
10
5.7730630708661419
20
-3.9797559842519683
11
5.7773121653543305
21
-3.97662
0
LINE
8
BLACK
6
CONTINUOUS
10
5.7773121653543305
20
-3.97662
11
5.7822968503937009
21
-3.9748757874015745
0
LINE
8
BLACK
6
CONTINUOUS
10
5.7822968503937009
20
-3.9748757874015745
11
5.7855905511811025
21
-3.9745669291338581
0
LINE
8
BLACK
6
CONTINUOUS
10
5.7855905511811025
20
-3.9745669291338581
11
5.806259842519685
21
-3.9745669291338581
0
LINE
8
BLACK
6
CONTINUOUS
10
5.806259842519685
20
-3.9745669291338581
11
5.8095535433070866
21
-3.9748757874015745
0
LINE
8
BLACK
6
CONTINUOUS
10
4.6819944881889759
20
-3.9901513779527558
11
4.6869791732283463
21
-3.9918955905511808
0
LINE
8
BLACK
6
CONTINUOUS
10
4.6869791732283463
20
-3.9918955905511808
11
4.6912282677165349
21
-3.9950315748031495
0
LINE
8
BLACK
6
CONTINUOUS
10
4.6912282677165349
20
-3.9950315748031495
11
4.694364251968504
21
-3.9992806692913385
0
LINE
8
BLACK
6
CONTINUOUS
10
4.694364251968504
20
-3.9992806692913385
11
4.6961084645669287
21
-4.004265354330709
0
LINE
8
BLACK
6
CONTINUOUS
10
4.6961084645669287
20
-4.004265354330709
11
4.6964173228346455
21
-4.0075590551181097
0
LINE
8
BLACK
6
CONTINUOUS
10
4.6964173228346455
20
-4.0075590551181097
11
4.6964173228346455
21
-4.0272440944881893
0
LINE
8
BLACK
6
CONTINUOUS
10
4.6964173228346455
20
-4.0272440944881893
11
4.6961084645669287
21
-4.0305377952755901
0
LINE
8
BLACK
6
CONTINUOUS
10
4.6961084645669287
20
-4.0305377952755901
11
4.694364251968504
21
-4.0355224803149605
0
LINE
8
BLACK
6
CONTINUOUS
10
4.694364251968504
20
-4.0355224803149605
11
4.6912282677165349
21
-4.0397715748031491
0
LINE
8
BLACK
6
CONTINUOUS
10
4.6912282677165349
20
-4.0397715748031491
11
4.6869791732283463
21
-4.0429075590551182
0
LINE
8
BLACK
6
CONTINUOUS
10
4.6869791732283463
20
-4.0429075590551182
11
4.6819944881889759
21
-4.0446517716535428
0
LINE
8
BLACK
6
CONTINUOUS
10
4.6819944881889759
20
-4.0446517716535428
11
4.6787007874015751
21
-4.0449606299212597
0
LINE
8
BLACK
6
CONTINUOUS
10
4.6787007874015751
20
-4.0449606299212597
11
4.6412992125984252
21
-4.0449606299212597
0
LINE
8
BLACK
6
CONTINUOUS
10
4.6412992125984252
20
-4.0449606299212597
11
4.6380055118110235
21
-4.0446517716535428
0
LINE
8
BLACK
6
CONTINUOUS
10
4.6380055118110235
20
-4.0446517716535428
11
4.6330208267716531
21
-4.0429075590551182
0
LINE
8
BLACK
6
CONTINUOUS
10
4.6330208267716531
20
-4.0429075590551182
11
4.6287717322834645
21
-4.0397715748031491
0
LINE
8
BLACK
6
CONTINUOUS
10
4.6287717322834645
20
-4.0397715748031491
11
4.6256357480314962
21
-4.0355224803149605
0
LINE
8
BLACK
6
CONTINUOUS
10
4.6256357480314962
20
-4.0355224803149605
11
4.6238915354330707
21
-4.0305377952755901
0
LINE
8
BLACK
6
CONTINUOUS
10
4.6238915354330707
20
-4.0305377952755901
11
4.6235826771653539
21
-4.0272440944881893
0
LINE
8
BLACK
6
CONTINUOUS
10
4.6235826771653539
20
-4.0272440944881893
11
4.6235826771653539
21
-4.0075590551181097
0
LINE
8
BLACK
6
CONTINUOUS
10
4.6235826771653539
20
-4.0075590551181097
11
4.6238915354330707
21
-4.004265354330709
0
LINE
8
BLACK
6
CONTINUOUS
10
4.6238915354330707
20
-4.004265354330709
11
4.6256357480314962
21
-3.9992806692913385
0
LINE
8
BLACK
6
CONTINUOUS
10
4.6256357480314962
20
-3.9992806692913385
11
4.6287717322834645
21
-3.9950315748031495
0
LINE
8
BLACK
6
CONTINUOUS
10
4.6287717322834645
20
-3.9950315748031495
11
4.6330208267716531
21
-3.9918955905511808
0
LINE
8
BLACK
6
CONTINUOUS
10
4.6330208267716531
20
-3.9918955905511808
11
4.6380055118110235
21
-3.9901513779527558
0
LINE
8
BLACK
6
CONTINUOUS
10
4.6380055118110235
20
-3.9901513779527558
11
4.6412992125984252
21
-3.9898425196850393
0
LINE
8
BLACK
6
CONTINUOUS
10
4.6412992125984252
20
-3.9898425196850393
11
4.6787007874015751
21
-3.9898425196850393
0
LINE
8
BLACK
6
CONTINUOUS
10
4.6787007874015751
20
-3.9898425196850393
11
4.6819944881889759
21
-3.9901513779527558
0
LINE
8
BLACK
6
CONTINUOUS
10
4.7819944881889764
20
-3.9901513779527558
11
4.786979173228346
21
-3.9918955905511808
0
LINE
8
BLACK
6
CONTINUOUS
10
4.786979173228346
20
-3.9918955905511808
11
4.7912282677165354
21
-3.9950315748031495
0
LINE
8
BLACK
6
CONTINUOUS
10
4.7912282677165354
20
-3.9950315748031495
11
4.7943642519685037
21
-3.9992806692913385
0
LINE
8
BLACK
6
CONTINUOUS
10
4.7943642519685037
20
-3.9992806692913385
11
4.7961084645669292
21
-4.004265354330709
0
LINE
8
BLACK
6
CONTINUOUS
10
4.7961084645669292
20
-4.004265354330709
11
4.7964173228346452
21
-4.0075590551181097
0
LINE
8
BLACK
6
CONTINUOUS
10
4.7964173228346452
20
-4.0075590551181097
11
4.7964173228346452
21
-4.0272440944881893
0
LINE
8
BLACK
6
CONTINUOUS
10
4.7964173228346452
20
-4.0272440944881893
11
4.7961084645669292
21
-4.0305377952755901
0
LINE
8
BLACK
6
CONTINUOUS
10
4.7961084645669292
20
-4.0305377952755901
11
4.7943642519685037
21
-4.0355224803149605
0
LINE
8
BLACK
6
CONTINUOUS
10
4.7943642519685037
20
-4.0355224803149605
11
4.7912282677165354
21
-4.0397715748031491
0
LINE
8
BLACK
6
CONTINUOUS
10
4.7912282677165354
20
-4.0397715748031491
11
4.786979173228346
21
-4.0429075590551182
0
LINE
8
BLACK
6
CONTINUOUS
10
4.786979173228346
20
-4.0429075590551182
11
4.7819944881889764
21
-4.0446517716535428
0
LINE
8
BLACK
6
CONTINUOUS
10
4.7819944881889764
20
-4.0446517716535428
11
4.7787007874015748
21
-4.0449606299212597
0
LINE
8
BLACK
6
CONTINUOUS
10
4.7787007874015748
20
-4.0449606299212597
11
4.7412992125984248
21
-4.0449606299212597
0
LINE
8
BLACK
6
CONTINUOUS
10
4.7412992125984248
20
-4.0449606299212597
11
4.7380055118110231
21
-4.0446517716535428
0
LINE
8
BLACK
6
CONTINUOUS
10
4.7380055118110231
20
-4.0446517716535428
11
4.7330208267716536
21
-4.0429075590551182
0
LINE
8
BLACK
6
CONTINUOUS
10
4.7330208267716536
20
-4.0429075590551182
11
4.7287717322834641
21
-4.0397715748031491
0
LINE
8
BLACK
6
CONTINUOUS
10
4.7287717322834641
20
-4.0397715748031491
11
4.7256357480314959
21
-4.0355224803149605
0
LINE
8
BLACK
6
CONTINUOUS
10
4.7256357480314959
20
-4.0355224803149605
11
4.7238915354330704
21
-4.0305377952755901
0
LINE
8
BLACK
6
CONTINUOUS
10
4.7238915354330704
20
-4.0305377952755901
11
4.7235826771653544
21
-4.0272440944881893
0
LINE
8
BLACK
6
CONTINUOUS
10
4.7235826771653544
20
-4.0272440944881893
11
4.7235826771653544
21
-4.0075590551181097
0
LINE
8
BLACK
6
CONTINUOUS
10
4.7235826771653544
20
-4.0075590551181097
11
4.7238915354330704
21
-4.004265354330709
0
LINE
8
BLACK
6
CONTINUOUS
10
4.7238915354330704
20
-4.004265354330709
11
4.7256357480314959
21
-3.9992806692913385
0
LINE
8
BLACK
6
CONTINUOUS
10
4.7256357480314959
20
-3.9992806692913385
11
4.7287717322834641
21
-3.9950315748031495
0
LINE
8
BLACK
6
CONTINUOUS
10
4.7287717322834641
20
-3.9950315748031495
11
4.7330208267716536
21
-3.9918955905511808
0
LINE
8
BLACK
6
CONTINUOUS
10
4.7330208267716536
20
-3.9918955905511808
11
4.7380055118110231
21
-3.9901513779527558
0
LINE
8
BLACK
6
CONTINUOUS
10
4.7380055118110231
20
-3.9901513779527558
11
4.7412992125984248
21
-3.9898425196850393
0
LINE
8
BLACK
6
CONTINUOUS
10
4.7412992125984248
20
-3.9898425196850393
11
4.7787007874015748
21
-3.9898425196850393
0
LINE
8
BLACK
6
CONTINUOUS
10
4.7787007874015748
20
-3.9898425196850393
11
4.7819944881889764
21
-3.9901513779527558
0
LINE
8
BLACK
6
CONTINUOUS
10
5.0419944881889762
20
-3.9901513779527558
11
5.0469791732283467
21
-3.9918955905511808
0
LINE
8
BLACK
6
CONTINUOUS
10
5.0469791732283467
20
-3.9918955905511808
11
5.0512282677165352
21
-3.9950315748031495
0
LINE
8
BLACK
6
CONTINUOUS
10
5.0512282677165352
20
-3.9950315748031495
11
5.0543642519685035
21
-3.9992806692913385
0
LINE
8
BLACK
6
CONTINUOUS
10
5.0543642519685035
20
-3.9992806692913385
11
5.056108464566929
21
-4.004265354330709
0
LINE
8
BLACK
6
CONTINUOUS
10
5.056108464566929
20
-4.004265354330709
11
5.0564173228346458
21
-4.0075590551181097
0
LINE
8
BLACK
6
CONTINUOUS
10
5.0564173228346458
20
-4.0075590551181097
11
5.0564173228346458
21
-4.0272440944881893
0
LINE
8
BLACK
6
CONTINUOUS
10
5.0564173228346458
20
-4.0272440944881893
11
5.056108464566929
21
-4.0305377952755901
0
LINE
8
BLACK
6
CONTINUOUS
10
5.056108464566929
20
-4.0305377952755901
11
5.0543642519685035
21
-4.0355224803149605
0
LINE
8
BLACK
6
CONTINUOUS
10
5.0543642519685035
20
-4.0355224803149605
11
5.0512282677165352
21
-4.0397715748031491
0
LINE
8
BLACK
6
CONTINUOUS
10
5.0512282677165352
20
-4.0397715748031491
11
5.0469791732283467
21
-4.0429075590551182
0
LINE
8
BLACK
6
CONTINUOUS
10
5.0469791732283467
20
-4.0429075590551182
11
5.0419944881889762
21
-4.0446517716535428
0
LINE
8
BLACK
6
CONTINUOUS
10
5.0419944881889762
20
-4.0446517716535428
11
5.0387007874015746
21
-4.0449606299212597
0
LINE
8
BLACK
6
CONTINUOUS
10
5.0387007874015746
20
-4.0449606299212597
11
5.0012992125984255
21
-4.0449606299212597
0
LINE
8
BLACK
6
CONTINUOUS
10
5.0012992125984255
20
-4.0449606299212597
11
4.9980055118110238
21
-4.0446517716535428
0
LINE
8
BLACK
6
CONTINUOUS
10
4.9980055118110238
20
-4.0446517716535428
11
4.9930208267716534
21
-4.0429075590551182
0
LINE
8
BLACK
6
CONTINUOUS
10
4.9930208267716534
20
-4.0429075590551182
11
4.9887717322834648
21
-4.0397715748031491
0
LINE
8
BLACK
6
CONTINUOUS
10
4.9887717322834648
20
-4.0397715748031491
11
4.9856357480314957
21
-4.0355224803149605
0
LINE
8
BLACK
6
CONTINUOUS
10
4.9856357480314957
20
-4.0355224803149605
11
4.9838915354330711
21
-4.0305377952755901
0
LINE
8
BLACK
6
CONTINUOUS
10
4.9838915354330711
20
-4.0305377952755901
11
4.9835826771653542
21
-4.0272440944881893
0
LINE
8
BLACK
6
CONTINUOUS
10
4.9835826771653542
20
-4.0272440944881893
11
4.9835826771653542
21
-4.0075590551181097
0
LINE
8
BLACK
6
CONTINUOUS
10
4.9835826771653542
20
-4.0075590551181097
11
4.9838915354330711
21
-4.004265354330709
0
LINE
8
BLACK
6
CONTINUOUS
10
4.9838915354330711
20
-4.004265354330709
11
4.9856357480314957
21
-3.9992806692913385
0
LINE
8
BLACK
6
CONTINUOUS
10
4.9856357480314957
20
-3.9992806692913385
11
4.9887717322834648
21
-3.9950315748031495
0
LINE
8
BLACK
6
CONTINUOUS
10
4.9887717322834648
20
-3.9950315748031495
11
4.9930208267716534
21
-3.9918955905511808
0
LINE
8
BLACK
6
CONTINUOUS
10
4.9930208267716534
20
-3.9918955905511808
11
4.9980055118110238
21
-3.9901513779527558
0
LINE
8
BLACK
6
CONTINUOUS
10
4.9980055118110238
20
-3.9901513779527558
11
5.0012992125984255
21
-3.9898425196850393
0
LINE
8
BLACK
6
CONTINUOUS
10
5.0012992125984255
20
-3.9898425196850393
11
5.0387007874015746
21
-3.9898425196850393
0
LINE
8
BLACK
6
CONTINUOUS
10
5.0387007874015746
20
-3.9898425196850393
11
5.0419944881889762
21
-3.9901513779527558
0
LINE
8
BLACK
6
CONTINUOUS
10
5.2919944881889762
20
-3.9901513779527558
11
5.2969791732283467
21
-3.9918955905511808
0
LINE
8
BLACK
6
CONTINUOUS
10
5.2969791732283467
20
-3.9918955905511808
11
5.3012282677165352
21
-3.9950315748031495
0
LINE
8
BLACK
6
CONTINUOUS
10
5.3012282677165352
20
-3.9950315748031495
11
5.3043642519685035
21
-3.9992806692913385
0
LINE
8
BLACK
6
CONTINUOUS
10
5.3043642519685035
20
-3.9992806692913385
11
5.306108464566929
21
-4.004265354330709
0
LINE
8
BLACK
6
CONTINUOUS
10
5.306108464566929
20
-4.004265354330709
11
5.3064173228346458
21
-4.0075590551181097
0
LINE
8
BLACK
6
CONTINUOUS
10
5.3064173228346458
20
-4.0075590551181097
11
5.3064173228346458
21
-4.0272440944881893
0
LINE
8
BLACK
6
CONTINUOUS
10
5.3064173228346458
20
-4.0272440944881893
11
5.306108464566929
21
-4.0305377952755901
0
LINE
8
BLACK
6
CONTINUOUS
10
5.306108464566929
20
-4.0305377952755901
11
5.3043642519685035
21
-4.0355224803149605
0
LINE
8
BLACK
6
CONTINUOUS
10
5.3043642519685035
20
-4.0355224803149605
11
5.3012282677165352
21
-4.0397715748031491
0
LINE
8
BLACK
6
CONTINUOUS
10
5.3012282677165352
20
-4.0397715748031491
11
5.2969791732283467
21
-4.0429075590551182
0
LINE
8
BLACK
6
CONTINUOUS
10
5.2969791732283467
20
-4.0429075590551182
11
5.2919944881889762
21
-4.0446517716535428
0
LINE
8
BLACK
6
CONTINUOUS
10
5.2919944881889762
20
-4.0446517716535428
11
5.2887007874015746
21
-4.0449606299212597
0
LINE
8
BLACK
6
CONTINUOUS
10
5.2887007874015746
20
-4.0449606299212597
11
5.2512992125984255
21
-4.0449606299212597
0
LINE
8
BLACK
6
CONTINUOUS
10
5.2512992125984255
20
-4.0449606299212597
11
5.2480055118110238
21
-4.0446517716535428
0
LINE
8
BLACK
6
CONTINUOUS
10
5.2480055118110238
20
-4.0446517716535428
11
5.2430208267716534
21
-4.0429075590551182
0
LINE
8
BLACK
6
CONTINUOUS
10
5.2430208267716534
20
-4.0429075590551182
11
5.2387717322834648
21
-4.0397715748031491
0
LINE
8
BLACK
6
CONTINUOUS
10
5.2387717322834648
20
-4.0397715748031491
11
5.2356357480314957
21
-4.0355224803149605
0
LINE
8
BLACK
6
CONTINUOUS
10
5.2356357480314957
20
-4.0355224803149605
11
5.2338915354330711
21
-4.0305377952755901
0
LINE
8
BLACK
6
CONTINUOUS
10
5.2338915354330711
20
-4.0305377952755901
11
5.2335826771653542
21
-4.0272440944881893
0
LINE
8
BLACK
6
CONTINUOUS
10
5.2335826771653542
20
-4.0272440944881893
11
5.2335826771653542
21
-4.0075590551181097
0
LINE
8
BLACK
6
CONTINUOUS
10
5.2335826771653542
20
-4.0075590551181097
11
5.2338915354330711
21
-4.004265354330709
0
LINE
8
BLACK
6
CONTINUOUS
10
5.2338915354330711
20
-4.004265354330709
11
5.2356357480314957
21
-3.9992806692913385
0
LINE
8
BLACK
6
CONTINUOUS
10
5.2356357480314957
20
-3.9992806692913385
11
5.2387717322834648
21
-3.9950315748031495
0
LINE
8
BLACK
6
CONTINUOUS
10
5.2387717322834648
20
-3.9950315748031495
11
5.2430208267716534
21
-3.9918955905511808
0
LINE
8
BLACK
6
CONTINUOUS
10
5.2430208267716534
20
-3.9918955905511808
11
5.2480055118110238
21
-3.9901513779527558
0
LINE
8
BLACK
6
CONTINUOUS
10
5.2480055118110238
20
-3.9901513779527558
11
5.2512992125984255
21
-3.9898425196850393
0
LINE
8
BLACK
6
CONTINUOUS
10
5.2512992125984255
20
-3.9898425196850393
11
5.2887007874015746
21
-3.9898425196850393
0
LINE
8
BLACK
6
CONTINUOUS
10
5.2887007874015746
20
-3.9898425196850393
11
5.2919944881889762
21
-3.9901513779527558
0
LINE
8
BLACK
6
CONTINUOUS
10
5.551994488188976
20
-3.9901513779527558
11
5.5569791732283464
21
-3.9918955905511808
0
LINE
8
BLACK
6
CONTINUOUS
10
5.5569791732283464
20
-3.9918955905511808
11
5.561228267716535
21
-3.9950315748031495
0
LINE
8
BLACK
6
CONTINUOUS
10
5.561228267716535
20
-3.9950315748031495
11
5.5643642519685041
21
-3.9992806692913385
0
LINE
8
BLACK
6
CONTINUOUS
10
5.5643642519685041
20
-3.9992806692913385
11
5.5661084645669288
21
-4.004265354330709
0
LINE
8
BLACK
6
CONTINUOUS
10
5.5661084645669288
20
-4.004265354330709
11
5.5664173228346456
21
-4.0075590551181097
0
LINE
8
BLACK
6
CONTINUOUS
10
5.5664173228346456
20
-4.0075590551181097
11
5.5664173228346456
21
-4.0272440944881893
0
LINE
8
BLACK
6
CONTINUOUS
10
5.5664173228346456
20
-4.0272440944881893
11
5.5661084645669288
21
-4.0305377952755901
0
LINE
8
BLACK
6
CONTINUOUS
10
5.5661084645669288
20
-4.0305377952755901
11
5.5643642519685041
21
-4.0355224803149605
0
LINE
8
BLACK
6
CONTINUOUS
10
5.5643642519685041
20
-4.0355224803149605
11
5.561228267716535
21
-4.0397715748031491
0
LINE
8
BLACK
6
CONTINUOUS
10
5.561228267716535
20
-4.0397715748031491
11
5.5569791732283464
21
-4.0429075590551182
0
LINE
8
BLACK
6
CONTINUOUS
10
5.5569791732283464
20
-4.0429075590551182
11
5.551994488188976
21
-4.0446517716535428
0
LINE
8
BLACK
6
CONTINUOUS
10
5.551994488188976
20
-4.0446517716535428
11
5.5487007874015744
21
-4.0449606299212597
0
LINE
8
BLACK
6
CONTINUOUS
10
5.5487007874015744
20
-4.0449606299212597
11
5.5112992125984253
21
-4.0449606299212597
0
LINE
8
BLACK
6
CONTINUOUS
10
5.5112992125984253
20
-4.0449606299212597
11
5.5080055118110236
21
-4.0446517716535428
0
LINE
8
BLACK
6
CONTINUOUS
10
5.5080055118110236
20
-4.0446517716535428
11
5.5030208267716532
21
-4.0429075590551182
0
LINE
8
BLACK
6
CONTINUOUS
10
5.5030208267716532
20
-4.0429075590551182
11
5.4987717322834646
21
-4.0397715748031491
0
LINE
8
BLACK
6
CONTINUOUS
10
5.4987717322834646
20
-4.0397715748031491
11
5.4956357480314963
21
-4.0355224803149605
0
LINE
8
BLACK
6
CONTINUOUS
10
5.4956357480314963
20
-4.0355224803149605
11
5.4938915354330708
21
-4.0305377952755901
0
LINE
8
BLACK
6
CONTINUOUS
10
5.4938915354330708
20
-4.0305377952755901
11
5.493582677165354
21
-4.0272440944881893
0
LINE
8
BLACK
6
CONTINUOUS
10
5.493582677165354
20
-4.0272440944881893
11
5.493582677165354
21
-4.0075590551181097
0
LINE
8
BLACK
6
CONTINUOUS
10
5.493582677165354
20
-4.0075590551181097
11
5.4938915354330708
21
-4.004265354330709
0
LINE
8
BLACK
6
CONTINUOUS
10
5.4938915354330708
20
-4.004265354330709
11
5.4956357480314963
21
-3.9992806692913385
0
LINE
8
BLACK
6
CONTINUOUS
10
5.4956357480314963
20
-3.9992806692913385
11
5.4987717322834646
21
-3.9950315748031495
0
LINE
8
BLACK
6
CONTINUOUS
10
5.4987717322834646
20
-3.9950315748031495
11
5.5030208267716532
21
-3.9918955905511808
0
LINE
8
BLACK
6
CONTINUOUS
10
5.5030208267716532
20
-3.9918955905511808
11
5.5080055118110236
21
-3.9901513779527558
0
LINE
8
BLACK
6
CONTINUOUS
10
5.5080055118110236
20
-3.9901513779527558
11
5.5112992125984253
21
-3.9898425196850393
0
LINE
8
BLACK
6
CONTINUOUS
10
5.5112992125984253
20
-3.9898425196850393
11
5.5487007874015744
21
-3.9898425196850393
0
LINE
8
BLACK
6
CONTINUOUS
10
5.5487007874015744
20
-3.9898425196850393
11
5.551994488188976
21
-3.9901513779527558
0
LINE
8
BLACK
6
CONTINUOUS
10
5.6619944881889763
20
-3.9901513779527558
11
5.6669791732283468
21
-3.9918955905511808
0
LINE
8
BLACK
6
CONTINUOUS
10
5.6669791732283468
20
-3.9918955905511808
11
5.6712282677165353
21
-3.9950315748031495
0
LINE
8
BLACK
6
CONTINUOUS
10
5.6712282677165353
20
-3.9950315748031495
11
5.6743642519685036
21
-3.9992806692913385
0
LINE
8
BLACK
6
CONTINUOUS
10
5.6743642519685036
20
-3.9992806692913385
11
5.6761084645669291
21
-4.004265354330709
0
LINE
8
BLACK
6
CONTINUOUS
10
5.6761084645669291
20
-4.004265354330709
11
5.676417322834646
21
-4.0075590551181097
0
LINE
8
BLACK
6
CONTINUOUS
10
5.676417322834646
20
-4.0075590551181097
11
5.676417322834646
21
-4.0272440944881893
0
LINE
8
BLACK
6
CONTINUOUS
10
5.676417322834646
20
-4.0272440944881893
11
5.6761084645669291
21
-4.0305377952755901
0
LINE
8
BLACK
6
CONTINUOUS
10
5.6761084645669291
20
-4.0305377952755901
11
5.6743642519685036
21
-4.0355224803149605
0
LINE
8
BLACK
6
CONTINUOUS
10
5.6743642519685036
20
-4.0355224803149605
11
5.6712282677165353
21
-4.0397715748031491
0
LINE
8
BLACK
6
CONTINUOUS
10
5.6712282677165353
20
-4.0397715748031491
11
5.6669791732283468
21
-4.0429075590551182
0
LINE
8
BLACK
6
CONTINUOUS
10
5.6669791732283468
20
-4.0429075590551182
11
5.6619944881889763
21
-4.0446517716535428
0
LINE
8
BLACK
6
CONTINUOUS
10
5.6619944881889763
20
-4.0446517716535428
11
5.6587007874015747
21
-4.0449606299212597
0
LINE
8
BLACK
6
CONTINUOUS
10
5.6587007874015747
20
-4.0449606299212597
11
5.6212992125984247
21
-4.0449606299212597
0
LINE
8
BLACK
6
CONTINUOUS
10
5.6212992125984247
20
-4.0449606299212597
11
5.6180055118110239
21
-4.0446517716535428
0
LINE
8
BLACK
6
CONTINUOUS
10
5.6180055118110239
20
-4.0446517716535428
11
5.6130208267716535
21
-4.0429075590551182
0
LINE
8
BLACK
6
CONTINUOUS
10
5.6130208267716535
20
-4.0429075590551182
11
5.608771732283464
21
-4.0397715748031491
0
LINE
8
BLACK
6
CONTINUOUS
10
5.608771732283464
20
-4.0397715748031491
11
5.6056357480314958
21
-4.0355224803149605
0
LINE
8
BLACK
6
CONTINUOUS
10
5.6056357480314958
20
-4.0355224803149605
11
5.6038915354330712
21
-4.0305377952755901
0
LINE
8
BLACK
6
CONTINUOUS
10
5.6038915354330712
20
-4.0305377952755901
11
5.6035826771653543
21
-4.0272440944881893
0
LINE
8
BLACK
6
CONTINUOUS
10
5.6035826771653543
20
-4.0272440944881893
11
5.6035826771653543
21
-4.0075590551181097
0
LINE
8
BLACK
6
CONTINUOUS
10
5.6035826771653543
20
-4.0075590551181097
11
5.6038915354330712
21
-4.004265354330709
0
LINE
8
BLACK
6
CONTINUOUS
10
5.6038915354330712
20
-4.004265354330709
11
5.6056357480314958
21
-3.9992806692913385
0
LINE
8
BLACK
6
CONTINUOUS
10
5.6056357480314958
20
-3.9992806692913385
11
5.608771732283464
21
-3.9950315748031495
0
LINE
8
BLACK
6
CONTINUOUS
10
5.608771732283464
20
-3.9950315748031495
11
5.6130208267716535
21
-3.9918955905511808
0
LINE
8
BLACK
6
CONTINUOUS
10
5.6130208267716535
20
-3.9918955905511808
11
5.6180055118110239
21
-3.9901513779527558
0
LINE
8
BLACK
6
CONTINUOUS
10
5.6180055118110239
20
-3.9901513779527558
11
5.6212992125984247
21
-3.9898425196850393
0
LINE
8
BLACK
6
CONTINUOUS
10
5.6212992125984247
20
-3.9898425196850393
11
5.6587007874015747
21
-3.9898425196850393
0
LINE
8
BLACK
6
CONTINUOUS
10
5.6587007874015747
20
-3.9898425196850393
11
5.6619944881889763
21
-3.9901513779527558
0
LINE
8
BLACK
6
CONTINUOUS
10
5.9019944881889765
20
-3.9901513779527558
11
5.9069791732283461
21
-3.9918955905511808
0
LINE
8
BLACK
6
CONTINUOUS
10
5.9069791732283461
20
-3.9918955905511808
11
5.9112282677165355
21
-3.9950315748031495
0
LINE
8
BLACK
6
CONTINUOUS
10
5.9112282677165355
20
-3.9950315748031495
11
5.9143642519685038
21
-3.9992806692913385
0
LINE
8
BLACK
6
CONTINUOUS
10
5.9143642519685038
20
-3.9992806692913385
11
5.9161084645669293
21
-4.004265354330709
0
LINE
8
BLACK
6
CONTINUOUS
10
5.9161084645669293
20
-4.004265354330709
11
5.9164173228346453
21
-4.0075590551181097
0
LINE
8
BLACK
6
CONTINUOUS
10
5.9164173228346453
20
-4.0075590551181097
11
5.9164173228346453
21
-4.0272440944881893
0
LINE
8
BLACK
6
CONTINUOUS
10
5.9164173228346453
20
-4.0272440944881893
11
5.9161084645669293
21
-4.0305377952755901
0
LINE
8
BLACK
6
CONTINUOUS
10
5.9161084645669293
20
-4.0305377952755901
11
5.9143642519685038
21
-4.0355224803149605
0
LINE
8
BLACK
6
CONTINUOUS
10
5.9143642519685038
20
-4.0355224803149605
11
5.9112282677165355
21
-4.0397715748031491
0
LINE
8
BLACK
6
CONTINUOUS
10
5.9112282677165355
20
-4.0397715748031491
11
5.9069791732283461
21
-4.0429075590551182
0
LINE
8
BLACK
6
CONTINUOUS
10
5.9069791732283461
20
-4.0429075590551182
11
5.9019944881889765
21
-4.0446517716535428
0
LINE
8
BLACK
6
CONTINUOUS
10
5.9019944881889765
20
-4.0446517716535428
11
5.8987007874015749
21
-4.0449606299212597
0
LINE
8
BLACK
6
CONTINUOUS
10
5.8987007874015749
20
-4.0449606299212597
11
5.8612992125984249
21
-4.0449606299212597
0
LINE
8
BLACK
6
CONTINUOUS
10
5.8612992125984249
20
-4.0449606299212597
11
5.8580055118110232
21
-4.0446517716535428
0
LINE
8
BLACK
6
CONTINUOUS
10
5.8580055118110232
20
-4.0446517716535428
11
5.8530208267716537
21
-4.0429075590551182
0
LINE
8
BLACK
6
CONTINUOUS
10
5.8530208267716537
20
-4.0429075590551182
11
5.8487717322834643
21
-4.0397715748031491
0
LINE
8
BLACK
6
CONTINUOUS
10
5.8487717322834643
20
-4.0397715748031491
11
5.845635748031496
21
-4.0355224803149605
0
LINE
8
BLACK
6
CONTINUOUS
10
5.845635748031496
20
-4.0355224803149605
11
5.8438915354330705
21
-4.0305377952755901
0
LINE
8
BLACK
6
CONTINUOUS
10
5.8438915354330705
20
-4.0305377952755901
11
5.8435826771653545
21
-4.0272440944881893
0
LINE
8
BLACK
6
CONTINUOUS
10
5.8435826771653545
20
-4.0272440944881893
11
5.8435826771653545
21
-4.0075590551181097
0
LINE
8
BLACK
6
CONTINUOUS
10
5.8435826771653545
20
-4.0075590551181097
11
5.8438915354330705
21
-4.004265354330709
0
LINE
8
BLACK
6
CONTINUOUS
10
5.8438915354330705
20
-4.004265354330709
11
5.845635748031496
21
-3.9992806692913385
0
LINE
8
BLACK
6
CONTINUOUS
10
5.845635748031496
20
-3.9992806692913385
11
5.8487717322834643
21
-3.9950315748031495
0
LINE
8
BLACK
6
CONTINUOUS
10
5.8487717322834643
20
-3.9950315748031495
11
5.8530208267716537
21
-3.9918955905511808
0
LINE
8
BLACK
6
CONTINUOUS
10
5.8530208267716537
20
-3.9918955905511808
11
5.8580055118110232
21
-3.9901513779527558
0
LINE
8
BLACK
6
CONTINUOUS
10
5.8580055118110232
20
-3.9901513779527558
11
5.8612992125984249
21
-3.9898425196850393
0
LINE
8
BLACK
6
CONTINUOUS
10
5.8612992125984249
20
-3.9898425196850393
11
5.8987007874015749
21
-3.9898425196850393
0
LINE
8
BLACK
6
CONTINUOUS
10
5.8987007874015749
20
-3.9898425196850393
11
5.9019944881889765
21
-3.9901513779527558
0
LINE
8
BLACK
6
CONTINUOUS
10
6.0019944881889762
20
-3.9901513779527558
11
6.0069791732283466
21
-3.9918955905511808
0
LINE
8
BLACK
6
CONTINUOUS
10
6.0069791732283466
20
-3.9918955905511808
11
6.0112282677165352
21
-3.9950315748031495
0
LINE
8
BLACK
6
CONTINUOUS
10
6.0112282677165352
20
-3.9950315748031495
11
6.0143642519685034
21
-3.9992806692913385
0
LINE
8
BLACK
6
CONTINUOUS
10
6.0143642519685034
20
-3.9992806692913385
11
6.0161084645669289
21
-4.004265354330709
0
LINE
8
BLACK
6
CONTINUOUS
10
6.0161084645669289
20
-4.004265354330709
11
6.0164173228346458
21
-4.0075590551181097
0
LINE
8
BLACK
6
CONTINUOUS
10
6.0164173228346458
20
-4.0075590551181097
11
6.0164173228346458
21
-4.0272440944881893
0
LINE
8
BLACK
6
CONTINUOUS
10
6.0164173228346458
20
-4.0272440944881893
11
6.0161084645669289
21
-4.0305377952755901
0
LINE
8
BLACK
6
CONTINUOUS
10
6.0161084645669289
20
-4.0305377952755901
11
6.0143642519685034
21
-4.0355224803149605
0
LINE
8
BLACK
6
CONTINUOUS
10
6.0143642519685034
20
-4.0355224803149605
11
6.0112282677165352
21
-4.0397715748031491
0
LINE
8
BLACK
6
CONTINUOUS
10
6.0112282677165352
20
-4.0397715748031491
11
6.0069791732283466
21
-4.0429075590551182
0
LINE
8
BLACK
6
CONTINUOUS
10
6.0069791732283466
20
-4.0429075590551182
11
6.0019944881889762
21
-4.0446517716535428
0
LINE
8
BLACK
6
CONTINUOUS
10
6.0019944881889762
20
-4.0446517716535428
11
5.9987007874015745
21
-4.0449606299212597
0
LINE
8
BLACK
6
CONTINUOUS
10
5.9987007874015745
20
-4.0449606299212597
11
5.9612992125984254
21
-4.0449606299212597
0
LINE
8
BLACK
6
CONTINUOUS
10
5.9612992125984254
20
-4.0449606299212597
11
5.9580055118110238
21
-4.0446517716535428
0
LINE
8
BLACK
6
CONTINUOUS
10
5.9580055118110238
20
-4.0446517716535428
11
5.9530208267716533
21
-4.0429075590551182
0
LINE
8
BLACK
6
CONTINUOUS
10
5.9530208267716533
20
-4.0429075590551182
11
5.9487717322834648
21
-4.0397715748031491
0
LINE
8
BLACK
6
CONTINUOUS
10
5.9487717322834648
20
-4.0397715748031491
11
5.9456357480314956
21
-4.0355224803149605
0
LINE
8
BLACK
6
CONTINUOUS
10
5.9456357480314956
20
-4.0355224803149605
11
5.943891535433071
21
-4.0305377952755901
0
LINE
8
BLACK
6
CONTINUOUS
10
5.943891535433071
20
-4.0305377952755901
11
5.9435826771653542
21
-4.0272440944881893
0
LINE
8
BLACK
6
CONTINUOUS
10
5.9435826771653542
20
-4.0272440944881893
11
5.9435826771653542
21
-4.0075590551181097
0
LINE
8
BLACK
6
CONTINUOUS
10
5.9435826771653542
20
-4.0075590551181097
11
5.943891535433071
21
-4.004265354330709
0
LINE
8
BLACK
6
CONTINUOUS
10
5.943891535433071
20
-4.004265354330709
11
5.9456357480314956
21
-3.9992806692913385
0
LINE
8
BLACK
6
CONTINUOUS
10
5.9456357480314956
20
-3.9992806692913385
11
5.9487717322834648
21
-3.9950315748031495
0
LINE
8
BLACK
6
CONTINUOUS
10
5.9487717322834648
20
-3.9950315748031495
11
5.9530208267716533
21
-3.9918955905511808
0
LINE
8
BLACK
6
CONTINUOUS
10
5.9530208267716533
20
-3.9918955905511808
11
5.9580055118110238
21
-3.9901513779527558
0
LINE
8
BLACK
6
CONTINUOUS
10
5.9580055118110238
20
-3.9901513779527558
11
5.9612992125984254
21
-3.9898425196850393
0
LINE
8
BLACK
6
CONTINUOUS
10
5.9612992125984254
20
-3.9898425196850393
11
5.9987007874015745
21
-3.9898425196850393
0
LINE
8
BLACK
6
CONTINUOUS
10
5.9987007874015745
20
-3.9898425196850393
11
6.0019944881889762
21
-3.9901513779527558
0
LINE
8
BLACK
6
CONTINUOUS
10
6.6110102362204719
20
-3.9881828740157479
11
6.6159949212598423
21
-3.9899270866141729
0
LINE
8
BLACK
6
CONTINUOUS
10
6.6159949212598423
20
-3.9899270866141729
11
6.6202440157480318
21
-3.9930630708661417
0
LINE
8
BLACK
6
CONTINUOUS
10
6.6202440157480318
20
-3.9930630708661417
11
6.62338
21
-3.9973121653543306
0
LINE
8
BLACK
6
CONTINUOUS
10
6.62338
20
-3.9973121653543306
11
6.6251242125984247
21
-4.0022968503937006
0
LINE
8
BLACK
6
CONTINUOUS
10
6.6251242125984247
20
-4.0022968503937006
11
6.6254330708661415
21
-4.0055905511811023
0
LINE
8
BLACK
6
CONTINUOUS
10
6.6254330708661415
20
-4.0055905511811023
11
6.6254330708661415
21
-4.0262598425196847
0
LINE
8
BLACK
6
CONTINUOUS
10
6.6254330708661415
20
-4.0262598425196847
11
6.6251242125984247
21
-4.0295535433070864
0
LINE
8
BLACK
6
CONTINUOUS
10
6.6251242125984247
20
-4.0295535433070864
11
6.62338
21
-4.0345382283464568
0
LINE
8
BLACK
6
CONTINUOUS
10
6.62338
20
-4.0345382283464568
11
6.6202440157480318
21
-4.0387873228346454
0
LINE
8
BLACK
6
CONTINUOUS
10
6.6202440157480318
20
-4.0387873228346454
11
6.6159949212598423
21
-4.0419233070866145
0
LINE
8
BLACK
6
CONTINUOUS
10
6.6159949212598423
20
-4.0419233070866145
11
6.6110102362204719
21
-4.0436675196850391
0
LINE
8
BLACK
6
CONTINUOUS
10
6.6110102362204719
20
-4.0436675196850391
11
6.6077165354330711
21
-4.043976377952756
0
LINE
8
BLACK
6
CONTINUOUS
10
6.6077165354330711
20
-4.043976377952756
11
6.5722834645669286
21
-4.043976377952756
0
LINE
8
BLACK
6
CONTINUOUS
10
6.5722834645669286
20
-4.043976377952756
11
6.5689897637795278
21
-4.0436675196850391
0
LINE
8
BLACK
6
CONTINUOUS
10
6.5689897637795278
20
-4.0436675196850391
11
6.5640050787401574
21
-4.0419233070866145
0
LINE
8
BLACK
6
CONTINUOUS
10
6.5640050787401574
20
-4.0419233070866145
11
6.5597559842519679
21
-4.0387873228346454
0
LINE
8
BLACK
6
CONTINUOUS
10
6.5597559842519679
20
-4.0387873228346454
11
6.5566199999999997
21
-4.0345382283464568
0
LINE
8
BLACK
6
CONTINUOUS
10
6.5566199999999997
20
-4.0345382283464568
11
6.5548757874015751
21
-4.0295535433070864
0
LINE
8
BLACK
6
CONTINUOUS
10
6.5548757874015751
20
-4.0295535433070864
11
6.5545669291338582
21
-4.0262598425196847
0
LINE
8
BLACK
6
CONTINUOUS
10
6.5545669291338582
20
-4.0262598425196847
11
6.5545669291338582
21
-4.0055905511811023
0
LINE
8
BLACK
6
CONTINUOUS
10
6.5545669291338582
20
-4.0055905511811023
11
6.5548757874015751
21
-4.0022968503937006
0
LINE
8
BLACK
6
CONTINUOUS
10
6.5548757874015751
20
-4.0022968503937006
11
6.5566199999999997
21
-3.9973121653543306
0
LINE
8
BLACK
6
CONTINUOUS
10
6.5566199999999997
20
-3.9973121653543306
11
6.5597559842519679
21
-3.9930630708661417
0
LINE
8
BLACK
6
CONTINUOUS
10
6.5597559842519679
20
-3.9930630708661417
11
6.5640050787401574
21
-3.9899270866141729
0
LINE
8
BLACK
6
CONTINUOUS
10
6.5640050787401574
20
-3.9899270866141729
11
6.5689897637795278
21
-3.9881828740157479
0
LINE
8
BLACK
6
CONTINUOUS
10
6.5689897637795278
20
-3.9881828740157479
11
6.5722834645669286
21
-3.9878740157480315
0
LINE
8
BLACK
6
CONTINUOUS
10
6.5722834645669286
20
-3.9878740157480315
11
6.6077165354330711
21
-3.9878740157480315
0
LINE
8
BLACK
6
CONTINUOUS
10
6.6077165354330711
20
-3.9878740157480315
11
6.6110102362204719
21
-3.9881828740157479
0
LINE
8
BLACK
6
CONTINUOUS
10
6.4005723228346456
20
-3.9225285039370079
11
6.4031268110236219
21
-3.9242353937007874
0
LINE
8
BLACK
6
CONTINUOUS
10
6.4031268110236219
20
-3.9242353937007874
11
6.4048337007874014
21
-3.9267898818897637
0
LINE
8
BLACK
6
CONTINUOUS
10
6.4048337007874014
20
-3.9267898818897637
11
6.4054330708661418
21
-3.9298031496062991
0
LINE
8
BLACK
6
CONTINUOUS
10
6.4054330708661418
20
-3.9298031496062991
11
6.4054330708661418
21
-3.9553937007874014
0
LINE
8
BLACK
6
CONTINUOUS
10
6.4054330708661418
20
-3.9553937007874014
11
6.4048337007874014
21
-3.9584069685039367
0
LINE
8
BLACK
6
CONTINUOUS
10
6.4048337007874014
20
-3.9584069685039367
11
6.4031268110236219
21
-3.9609614566929134
0
LINE
8
BLACK
6
CONTINUOUS
10
6.4031268110236219
20
-3.9609614566929134
11
6.4026212992125986
21
-3.961299212598425
0
LINE
8
BLACK
6
CONTINUOUS
10
6.4026212992125986
20
-3.961299212598425
11
6.4031268110236219
21
-3.961636968503937
0
LINE
8
BLACK
6
CONTINUOUS
10
6.4031268110236219
20
-3.961636968503937
11
6.4048337007874014
21
-3.9641914566929133
0
LINE
8
BLACK
6
CONTINUOUS
10
6.4048337007874014
20
-3.9641914566929133
11
6.4054330708661418
21
-3.9672047244094486
0
LINE
8
BLACK
6
CONTINUOUS
10
6.4054330708661418
20
-3.9672047244094486
11
6.4054330708661418
21
-3.9927952755905509
0
LINE
8
BLACK
6
CONTINUOUS
10
6.4054330708661418
20
-3.9927952755905509
11
6.4048337007874014
21
-3.9958085433070867
0
LINE
8
BLACK
6
CONTINUOUS
10
6.4048337007874014
20
-3.9958085433070867
11
6.4031268110236219
21
-3.998363031496063
0
LINE
8
BLACK
6
CONTINUOUS
10
6.4031268110236219
20
-3.998363031496063
11
6.4026212992125986
21
-3.9987007874015745
0
LINE
8
BLACK
6
CONTINUOUS
10
6.4026212992125986
20
-3.9987007874015745
11
6.4031268110236219
21
-3.9990385433070865
0
LINE
8
BLACK
6
CONTINUOUS
10
6.4031268110236219
20
-3.9990385433070865
11
6.4048337007874014
21
-4.0015930314960633
0
LINE
8
BLACK
6
CONTINUOUS
10
6.4048337007874014
20
-4.0015930314960633
11
6.4054330708661418
21
-4.0046062992125986
0
LINE
8
BLACK
6
CONTINUOUS
10
6.4054330708661418
20
-4.0046062992125986
11
6.4054330708661418
21
-4.0301968503937005
0
LINE
8
BLACK
6
CONTINUOUS
10
6.4054330708661418
20
-4.0301968503937005
11
6.4048337007874014
21
-4.0332101181102358
0
LINE
8
BLACK
6
CONTINUOUS
10
6.4048337007874014
20
-4.0332101181102358
11
6.4031268110236219
21
-4.0357646062992121
0
LINE
8
BLACK
6
CONTINUOUS
10
6.4031268110236219
20
-4.0357646062992121
11
6.4005723228346456
21
-4.0374714960629916
0
LINE
8
BLACK
6
CONTINUOUS
10
6.4005723228346456
20
-4.0374714960629916
11
6.3975590551181103
21
-4.0380708661417319
0
LINE
8
BLACK
6
CONTINUOUS
10
6.3975590551181103
20
-4.0380708661417319
11
6.3361417322834646
21
-4.0380708661417319
0
LINE
8
BLACK
6
CONTINUOUS
10
6.3361417322834646
20
-4.0380708661417319
11
6.3331284645669292
21
-4.0374714960629916
0
LINE
8
BLACK
6
CONTINUOUS
10
6.3331284645669292
20
-4.0374714960629916
11
6.3305739763779529
21
-4.0357646062992121
0
LINE
8
BLACK
6
CONTINUOUS
10
6.3305739763779529
20
-4.0357646062992121
11
6.3288670866141734
21
-4.0332101181102358
0
LINE
8
BLACK
6
CONTINUOUS
10
6.3288670866141734
20
-4.0332101181102358
11
6.3282677165354331
21
-4.0301968503937005
0
LINE
8
BLACK
6
CONTINUOUS
10
6.3282677165354331
20
-4.0301968503937005
11
6.3282677165354331
21
-4.0046062992125986
0
LINE
8
BLACK
6
CONTINUOUS
10
6.3282677165354331
20
-4.0046062992125986
11
6.3288670866141734
21
-4.0015930314960633
0
LINE
8
BLACK
6
CONTINUOUS
10
6.3288670866141734
20
-4.0015930314960633
11
6.3305739763779529
21
-3.9990385433070865
0
LINE
8
BLACK
6
CONTINUOUS
10
6.3305739763779529
20
-3.9990385433070865
11
6.3310794488188975
21
-3.9987007874015745
0
LINE
8
BLACK
6
CONTINUOUS
10
6.3310794488188975
20
-3.9987007874015745
11
6.3305739763779529
21
-3.998363031496063
0
LINE
8
BLACK
6
CONTINUOUS
10
6.3305739763779529
20
-3.998363031496063
11
6.3288670866141734
21
-3.9958085433070867
0
LINE
8
BLACK
6
CONTINUOUS
10
6.3288670866141734
20
-3.9958085433070867
11
6.3282677165354331
21
-3.9927952755905509
0
LINE
8
BLACK
6
CONTINUOUS
10
6.3282677165354331
20
-3.9927952755905509
11
6.3282677165354331
21
-3.9672047244094486
0
LINE
8
BLACK
6
CONTINUOUS
10
6.3282677165354331
20
-3.9672047244094486
11
6.3288670866141734
21
-3.9641914566929133
0
LINE
8
BLACK
6
CONTINUOUS
10
6.3288670866141734
20
-3.9641914566929133
11
6.3305739763779529
21
-3.961636968503937
0
LINE
8
BLACK
6
CONTINUOUS
10
6.3305739763779529
20
-3.961636968503937
11
6.3310794488188975
21
-3.961299212598425
0
LINE
8
BLACK
6
CONTINUOUS
10
6.3310794488188975
20
-3.961299212598425
11
6.3305739763779529
21
-3.9609614566929134
0
LINE
8
BLACK
6
CONTINUOUS
10
6.3305739763779529
20
-3.9609614566929134
11
6.3288670866141734
21
-3.9584069685039367
0
LINE
8
BLACK
6
CONTINUOUS
10
6.3288670866141734
20
-3.9584069685039367
11
6.3282677165354331
21
-3.9553937007874014
0
LINE
8
BLACK
6
CONTINUOUS
10
6.3282677165354331
20
-3.9553937007874014
11
6.3282677165354331
21
-3.9298031496062991
0
LINE
8
BLACK
6
CONTINUOUS
10
6.3282677165354331
20
-3.9298031496062991
11
6.3288670866141734
21
-3.9267898818897637
0
LINE
8
BLACK
6
CONTINUOUS
10
6.3288670866141734
20
-3.9267898818897637
11
6.3305739763779529
21
-3.9242353937007874
0
LINE
8
BLACK
6
CONTINUOUS
10
6.3305739763779529
20
-3.9242353937007874
11
6.3331284645669292
21
-3.9225285039370079
0
LINE
8
BLACK
6
CONTINUOUS
10
6.3331284645669292
20
-3.9225285039370079
11
6.3361417322834646
21
-3.9219291338582676
0
LINE
8
BLACK
6
CONTINUOUS
10
6.3361417322834646
20
-3.9219291338582676
11
6.3975590551181103
21
-3.9219291338582676
0
LINE
8
BLACK
6
CONTINUOUS
10
6.3975590551181103
20
-3.9219291338582676
11
6.4005723228346456
21
-3.9225285039370079
0
LINE
8
BLACK
6
CONTINUOUS
10
6.5068715354330706
20
-3.9225285039370079
11
6.5094260236220469
21
-3.9242353937007874
0
LINE
8
BLACK
6
CONTINUOUS
10
6.5094260236220469
20
-3.9242353937007874
11
6.5111329133858264
21
-3.9267898818897637
0
LINE
8
BLACK
6
CONTINUOUS
10
6.5111329133858264
20
-3.9267898818897637
11
6.5117322834645668
21
-3.9298031496062991
0
LINE
8
BLACK
6
CONTINUOUS
10
6.5117322834645668
20
-3.9298031496062991
11
6.5117322834645668
21
-3.9553937007874014
0
LINE
8
BLACK
6
CONTINUOUS
10
6.5117322834645668
20
-3.9553937007874014
11
6.5111329133858264
21
-3.9584069685039367
0
LINE
8
BLACK
6
CONTINUOUS
10
6.5111329133858264
20
-3.9584069685039367
11
6.5094260236220469
21
-3.9609614566929134
0
LINE
8
BLACK
6
CONTINUOUS
10
6.5094260236220469
20
-3.9609614566929134
11
6.5089205118110236
21
-3.961299212598425
0
LINE
8
BLACK
6
CONTINUOUS
10
6.5089205118110236
20
-3.961299212598425
11
6.5094260236220469
21
-3.961636968503937
0
LINE
8
BLACK
6
CONTINUOUS
10
6.5094260236220469
20
-3.961636968503937
11
6.5111329133858264
21
-3.9641914566929133
0
LINE
8
BLACK
6
CONTINUOUS
10
6.5111329133858264
20
-3.9641914566929133
11
6.5117322834645668
21
-3.9672047244094486
0
LINE
8
BLACK
6
CONTINUOUS
10
6.5117322834645668
20
-3.9672047244094486
11
6.5117322834645668
21
-3.9927952755905509
0
LINE
8
BLACK
6
CONTINUOUS
10
6.5117322834645668
20
-3.9927952755905509
11
6.5111329133858264
21
-3.9958085433070867
0
LINE
8
BLACK
6
CONTINUOUS
10
6.5111329133858264
20
-3.9958085433070867
11
6.5094260236220469
21
-3.998363031496063
0
LINE
8
BLACK
6
CONTINUOUS
10
6.5094260236220469
20
-3.998363031496063
11
6.5089205118110236
21
-3.9987007874015745
0
LINE
8
BLACK
6
CONTINUOUS
10
6.5089205118110236
20
-3.9987007874015745
11
6.5094260236220469
21
-3.9990385433070865
0
LINE
8
BLACK
6
CONTINUOUS
10
6.5094260236220469
20
-3.9990385433070865
11
6.5111329133858264
21
-4.0015930314960633
0
LINE
8
BLACK
6
CONTINUOUS
10
6.5111329133858264
20
-4.0015930314960633
11
6.5117322834645668
21
-4.0046062992125986
0
LINE
8
BLACK
6
CONTINUOUS
10
6.5117322834645668
20
-4.0046062992125986
11
6.5117322834645668
21
-4.0301968503937005
0
LINE
8
BLACK
6
CONTINUOUS
10
6.5117322834645668
20
-4.0301968503937005
11
6.5111329133858264
21
-4.0332101181102358
0
LINE
8
BLACK
6
CONTINUOUS
10
6.5111329133858264
20
-4.0332101181102358
11
6.5094260236220469
21
-4.0357646062992121
0
LINE
8
BLACK
6
CONTINUOUS
10
6.5094260236220469
20
-4.0357646062992121
11
6.5068715354330706
21
-4.0374714960629916
0
LINE
8
BLACK
6
CONTINUOUS
10
6.5068715354330706
20
-4.0374714960629916
11
6.5038582677165353
21
-4.0380708661417319
0
LINE
8
BLACK
6
CONTINUOUS
10
6.5038582677165353
20
-4.0380708661417319
11
6.4424409448818896
21
-4.0380708661417319
0
LINE
8
BLACK
6
CONTINUOUS
10
6.4424409448818896
20
-4.0380708661417319
11
6.4394276771653542
21
-4.0374714960629916
0
LINE
8
BLACK
6
CONTINUOUS
10
6.4394276771653542
20
-4.0374714960629916
11
6.4368731889763779
21
-4.0357646062992121
0
LINE
8
BLACK
6
CONTINUOUS
10
6.4368731889763779
20
-4.0357646062992121
11
6.4351662992125984
21
-4.0332101181102358
0
LINE
8
BLACK
6
CONTINUOUS
10
6.4351662992125984
20
-4.0332101181102358
11
6.4345669291338581
21
-4.0301968503937005
0
LINE
8
BLACK
6
CONTINUOUS
10
6.4345669291338581
20
-4.0301968503937005
11
6.4345669291338581
21
-4.0046062992125986
0
LINE
8
BLACK
6
CONTINUOUS
10
6.4345669291338581
20
-4.0046062992125986
11
6.4351662992125984
21
-4.0015930314960633
0
LINE
8
BLACK
6
CONTINUOUS
10
6.4351662992125984
20
-4.0015930314960633
11
6.4368731889763779
21
-3.9990385433070865
0
LINE
8
BLACK
6
CONTINUOUS
10
6.4368731889763779
20
-3.9990385433070865
11
6.4373786614173225
21
-3.9987007874015745
0
LINE
8
BLACK
6
CONTINUOUS
10
6.4373786614173225
20
-3.9987007874015745
11
6.4368731889763779
21
-3.998363031496063
0
LINE
8
BLACK
6
CONTINUOUS
10
6.4368731889763779
20
-3.998363031496063
11
6.4351662992125984
21
-3.9958085433070867
0
LINE
8
BLACK
6
CONTINUOUS
10
6.4351662992125984
20
-3.9958085433070867
11
6.4345669291338581
21
-3.9927952755905509
0
LINE
8
BLACK
6
CONTINUOUS
10
6.4345669291338581
20
-3.9927952755905509
11
6.4345669291338581
21
-3.9672047244094486
0
LINE
8
BLACK
6
CONTINUOUS
10
6.4345669291338581
20
-3.9672047244094486
11
6.4351662992125984
21
-3.9641914566929133
0
LINE
8
BLACK
6
CONTINUOUS
10
6.4351662992125984
20
-3.9641914566929133
11
6.4368731889763779
21
-3.961636968503937
0
LINE
8
BLACK
6
CONTINUOUS
10
6.4368731889763779
20
-3.961636968503937
11
6.4373786614173225
21
-3.961299212598425
0
LINE
8
BLACK
6
CONTINUOUS
10
6.4373786614173225
20
-3.961299212598425
11
6.4368731889763779
21
-3.9609614566929134
0
LINE
8
BLACK
6
CONTINUOUS
10
6.4368731889763779
20
-3.9609614566929134
11
6.4351662992125984
21
-3.9584069685039367
0
LINE
8
BLACK
6
CONTINUOUS
10
6.4351662992125984
20
-3.9584069685039367
11
6.4345669291338581
21
-3.9553937007874014
0
LINE
8
BLACK
6
CONTINUOUS
10
6.4345669291338581
20
-3.9553937007874014
11
6.4345669291338581
21
-3.9298031496062991
0
LINE
8
BLACK
6
CONTINUOUS
10
6.4345669291338581
20
-3.9298031496062991
11
6.4351662992125984
21
-3.9267898818897637
0
LINE
8
BLACK
6
CONTINUOUS
10
6.4351662992125984
20
-3.9267898818897637
11
6.4368731889763779
21
-3.9242353937007874
0
LINE
8
BLACK
6
CONTINUOUS
10
6.4368731889763779
20
-3.9242353937007874
11
6.4394276771653542
21
-3.9225285039370079
0
LINE
8
BLACK
6
CONTINUOUS
10
6.4394276771653542
20
-3.9225285039370079
11
6.4424409448818896
21
-3.9219291338582676
0
LINE
8
BLACK
6
CONTINUOUS
10
6.4424409448818896
20
-3.9219291338582676
11
6.5038582677165353
21
-3.9219291338582676
0
LINE
8
BLACK
6
CONTINUOUS
10
6.5038582677165353
20
-3.9219291338582676
11
6.5068715354330706
21
-3.9225285039370079
0
LINE
8
BLACK
6
CONTINUOUS
10
6.087265236220472
20
-3.9689458267716535
11
6.0898197244094483
21
-3.9706527165354331
0
LINE
8
BLACK
6
CONTINUOUS
10
6.0898197244094483
20
-3.9706527165354331
11
6.0915266141732278
21
-3.9732072047244094
0
LINE
8
BLACK
6
CONTINUOUS
10
6.0915266141732278
20
-3.9732072047244094
11
6.0921259842519682
21
-3.9762204724409447
0
LINE
8
BLACK
6
CONTINUOUS
10
6.0921259842519682
20
-3.9762204724409447
11
6.0921259842519682
21
-4.0037795275590549
0
LINE
8
BLACK
6
CONTINUOUS
10
6.0921259842519682
20
-4.0037795275590549
11
6.0915266141732278
21
-4.0067927952755902
0
LINE
8
BLACK
6
CONTINUOUS
10
6.0915266141732278
20
-4.0067927952755902
11
6.0898197244094483
21
-4.0093472834645665
0
LINE
8
BLACK
6
CONTINUOUS
10
6.0898197244094483
20
-4.0093472834645665
11
6.087265236220472
21
-4.011054173228346
0
LINE
8
BLACK
6
CONTINUOUS
10
6.087265236220472
20
-4.011054173228346
11
6.0842519685039367
21
-4.0116535433070863
0
LINE
8
BLACK
6
CONTINUOUS
10
6.0842519685039367
20
-4.0116535433070863
11
6.0606299212598422
21
-4.0116535433070863
0
LINE
8
BLACK
6
CONTINUOUS
10
6.0606299212598422
20
-4.0116535433070863
11
6.0576166535433069
21
-4.011054173228346
0
LINE
8
BLACK
6
CONTINUOUS
10
6.0576166535433069
20
-4.011054173228346
11
6.0550621653543306
21
-4.0093472834645665
0
LINE
8
BLACK
6
CONTINUOUS
10
6.0550621653543306
20
-4.0093472834645665
11
6.0533552755905511
21
-4.0067927952755902
0
LINE
8
BLACK
6
CONTINUOUS
10
6.0533552755905511
20
-4.0067927952755902
11
6.0527559055118108
21
-4.0037795275590549
0
LINE
8
BLACK
6
CONTINUOUS
10
6.0527559055118108
20
-4.0037795275590549
11
6.0527559055118108
21
-3.9762204724409447
0
LINE
8
BLACK
6
CONTINUOUS
10
6.0527559055118108
20
-3.9762204724409447
11
6.0533552755905511
21
-3.9732072047244094
0
LINE
8
BLACK
6
CONTINUOUS
10
6.0533552755905511
20
-3.9732072047244094
11
6.0550621653543306
21
-3.9706527165354331
0
LINE
8
BLACK
6
CONTINUOUS
10
6.0550621653543306
20
-3.9706527165354331
11
6.0576166535433069
21
-3.9689458267716535
0
LINE
8
BLACK
6
CONTINUOUS
10
6.0576166535433069
20
-3.9689458267716535
11
6.0606299212598422
21
-3.9683464566929132
0
LINE
8
BLACK
6
CONTINUOUS
10
6.0606299212598422
20
-3.9683464566929132
11
6.0842519685039367
21
-3.9683464566929132
0
LINE
8
BLACK
6
CONTINUOUS
10
6.0842519685039367
20
-3.9683464566929132
11
6.087265236220472
21
-3.9689458267716535
0
LINE
8
BLACK
6
CONTINUOUS
10
6.1423833464566924
20
-3.9689458267716535
11
6.1449378346456696
21
-3.9706527165354331
0
LINE
8
BLACK
6
CONTINUOUS
10
6.1449378346456696
20
-3.9706527165354331
11
6.1466447244094491
21
-3.9732072047244094
0
LINE
8
BLACK
6
CONTINUOUS
10
6.1466447244094491
20
-3.9732072047244094
11
6.1472440944881885
21
-3.9762204724409447
0
LINE
8
BLACK
6
CONTINUOUS
10
6.1472440944881885
20
-3.9762204724409447
11
6.1472440944881885
21
-4.0037795275590549
0
LINE
8
BLACK
6
CONTINUOUS
10
6.1472440944881885
20
-4.0037795275590549
11
6.1466447244094491
21
-4.0067927952755902
0
LINE
8
BLACK
6
CONTINUOUS
10
6.1466447244094491
20
-4.0067927952755902
11
6.1449378346456696
21
-4.0093472834645665
0
LINE
8
BLACK
6
CONTINUOUS
10
6.1449378346456696
20
-4.0093472834645665
11
6.1423833464566924
21
-4.011054173228346
0
LINE
8
BLACK
6
CONTINUOUS
10
6.1423833464566924
20
-4.011054173228346
11
6.1393700787401571
21
-4.0116535433070863
0
LINE
8
BLACK
6
CONTINUOUS
10
6.1393700787401571
20
-4.0116535433070863
11
6.1157480314960626
21
-4.0116535433070863
0
LINE
8
BLACK
6
CONTINUOUS
10
6.1157480314960626
20
-4.0116535433070863
11
6.1127347637795273
21
-4.011054173228346
0
LINE
8
BLACK
6
CONTINUOUS
10
6.1127347637795273
20
-4.011054173228346
11
6.110180275590551
21
-4.0093472834645665
0
LINE
8
BLACK
6
CONTINUOUS
10
6.110180275590551
20
-4.0093472834645665
11
6.1084733858267715
21
-4.0067927952755902
0
LINE
8
BLACK
6
CONTINUOUS
10
6.1084733858267715
20
-4.0067927952755902
11
6.1078740157480311
21
-4.0037795275590549
0
LINE
8
BLACK
6
CONTINUOUS
10
6.1078740157480311
20
-4.0037795275590549
11
6.1078740157480311
21
-3.9762204724409447
0
LINE
8
BLACK
6
CONTINUOUS
10
6.1078740157480311
20
-3.9762204724409447
11
6.1084733858267715
21
-3.9732072047244094
0
LINE
8
BLACK
6
CONTINUOUS
10
6.1084733858267715
20
-3.9732072047244094
11
6.110180275590551
21
-3.9706527165354331
0
LINE
8
BLACK
6
CONTINUOUS
10
6.110180275590551
20
-3.9706527165354331
11
6.1127347637795273
21
-3.9689458267716535
0
LINE
8
BLACK
6
CONTINUOUS
10
6.1127347637795273
20
-3.9689458267716535
11
6.1157480314960626
21
-3.9683464566929132
0
LINE
8
BLACK
6
CONTINUOUS
10
6.1157480314960626
20
-3.9683464566929132
11
6.1393700787401571
21
-3.9683464566929132
0
LINE
8
BLACK
6
CONTINUOUS
10
6.1393700787401571
20
-3.9683464566929132
11
6.1423833464566924
21
-3.9689458267716535
0
LINE
8
BLACK
6
CONTINUOUS
10
6.7430132677165355
20
-3.9274497637795274
11
6.7455677559055118
21
-3.9291566535433069
0
LINE
8
BLACK
6
CONTINUOUS
10
6.7455677559055118
20
-3.9291566535433069
11
6.7472746456692914
21
-3.9317111417322832
0
LINE
8
BLACK
6
CONTINUOUS
10
6.7472746456692914
20
-3.9317111417322832
11
6.7478740157480317
21
-3.934724409448819
0
LINE
8
BLACK
6
CONTINUOUS
10
6.7478740157480317
20
-3.934724409448819
11
6.7478740157480317
21
-3.994724409448819
0
LINE
8
BLACK
6
CONTINUOUS
10
6.7478740157480317
20
-3.994724409448819
11
6.7472746456692914
21
-3.9977376771653543
0
LINE
8
BLACK
6
CONTINUOUS
10
6.7472746456692914
20
-3.9977376771653543
11
6.7455677559055118
21
-4.0002921653543302
0
LINE
8
BLACK
6
CONTINUOUS
10
6.7455677559055118
20
-4.0002921653543302
11
6.7430132677165355
21
-4.0019990551181097
0
LINE
8
BLACK
6
CONTINUOUS
10
6.7430132677165355
20
-4.0019990551181097
11
6.7400000000000002
21
-4.0025984251968501
0
LINE
8
BLACK
6
CONTINUOUS
10
6.7400000000000002
20
-4.0025984251968501
11
6.6799999999999997
21
-4.0025984251968501
0
LINE
8
BLACK
6
CONTINUOUS
10
6.6799999999999997
20
-4.0025984251968501
11
6.6769867322834644
21
-4.0019990551181097
0
LINE
8
BLACK
6
CONTINUOUS
10
6.6769867322834644
20
-4.0019990551181097
11
6.6744322440944881
21
-4.0002921653543302
0
LINE
8
BLACK
6
CONTINUOUS
10
6.6744322440944881
20
-4.0002921653543302
11
6.6727253543307086
21
-3.9977376771653543
0
LINE
8
BLACK
6
CONTINUOUS
10
6.6727253543307086
20
-3.9977376771653543
11
6.6721259842519682
21
-3.994724409448819
0
LINE
8
BLACK
6
CONTINUOUS
10
6.6721259842519682
20
-3.994724409448819
11
6.6721259842519682
21
-3.934724409448819
0
LINE
8
BLACK
6
CONTINUOUS
10
6.6721259842519682
20
-3.934724409448819
11
6.6727253543307086
21
-3.9317111417322832
0
LINE
8
BLACK
6
CONTINUOUS
10
6.6727253543307086
20
-3.9317111417322832
11
6.6744322440944881
21
-3.9291566535433069
0
LINE
8
BLACK
6
CONTINUOUS
10
6.6744322440944881
20
-3.9291566535433069
11
6.6769867322834644
21
-3.9274497637795274
0
LINE
8
BLACK
6
CONTINUOUS
10
6.6769867322834644
20
-3.9274497637795274
11
6.6799999999999997
21
-3.9268503937007875
0
LINE
8
BLACK
6
CONTINUOUS
10
6.6799999999999997
20
-3.9268503937007875
11
6.7400000000000002
21
-3.9268503937007875
0
LINE
8
BLACK
6
CONTINUOUS
10
6.7400000000000002
20
-3.9268503937007875
11
6.7430132677165355
21
-3.9274497637795274
0
LINE
8
BLACK
6
CONTINUOUS
10
6.8430132677165352
20
-3.9274497637795274
11
6.8455677559055115
21
-3.9291566535433069
0
LINE
8
BLACK
6
CONTINUOUS
10
6.8455677559055115
20
-3.9291566535433069
11
6.847274645669291
21
-3.9317111417322832
0
LINE
8
BLACK
6
CONTINUOUS
10
6.847274645669291
20
-3.9317111417322832
11
6.8478740157480313
21
-3.934724409448819
0
LINE
8
BLACK
6
CONTINUOUS
10
6.8478740157480313
20
-3.934724409448819
11
6.8478740157480313
21
-3.994724409448819
0
LINE
8
BLACK
6
CONTINUOUS
10
6.8478740157480313
20
-3.994724409448819
11
6.847274645669291
21
-3.9977376771653543
0
LINE
8
BLACK
6
CONTINUOUS
10
6.847274645669291
20
-3.9977376771653543
11
6.8455677559055115
21
-4.0002921653543302
0
LINE
8
BLACK
6
CONTINUOUS
10
6.8455677559055115
20
-4.0002921653543302
11
6.8430132677165352
21
-4.0019990551181097
0
LINE
8
BLACK
6
CONTINUOUS
10
6.8430132677165352
20
-4.0019990551181097
11
6.8399999999999999
21
-4.0025984251968501
0
LINE
8
BLACK
6
CONTINUOUS
10
6.8399999999999999
20
-4.0025984251968501
11
6.7800000000000002
21
-4.0025984251968501
0
LINE
8
BLACK
6
CONTINUOUS
10
6.7800000000000002
20
-4.0025984251968501
11
6.776986732283464
21
-4.0019990551181097
0
LINE
8
BLACK
6
CONTINUOUS
10
6.776986732283464
20
-4.0019990551181097
11
6.7744322440944877
21
-4.0002921653543302
0
LINE
8
BLACK
6
CONTINUOUS
10
6.7744322440944877
20
-4.0002921653543302
11
6.7727253543307082
21
-3.9977376771653543
0
LINE
8
BLACK
6
CONTINUOUS
10
6.7727253543307082
20
-3.9977376771653543
11
6.7721259842519688
21
-3.994724409448819
0
LINE
8
BLACK
6
CONTINUOUS
10
6.7721259842519688
20
-3.994724409448819
11
6.7721259842519688
21
-3.934724409448819
0
LINE
8
BLACK
6
CONTINUOUS
10
6.7721259842519688
20
-3.934724409448819
11
6.7727253543307082
21
-3.9317111417322832
0
LINE
8
BLACK
6
CONTINUOUS
10
6.7727253543307082
20
-3.9317111417322832
11
6.7744322440944877
21
-3.9291566535433069
0
LINE
8
BLACK
6
CONTINUOUS
10
6.7744322440944877
20
-3.9291566535433069
11
6.776986732283464
21
-3.9274497637795274
0
LINE
8
BLACK
6
CONTINUOUS
10
6.776986732283464
20
-3.9274497637795274
11
6.7800000000000002
21
-3.9268503937007875
0
LINE
8
BLACK
6
CONTINUOUS
10
6.7800000000000002
20
-3.9268503937007875
11
6.8399999999999999
21
-3.9268503937007875
0
LINE
8
BLACK
6
CONTINUOUS
10
6.8399999999999999
20
-3.9268503937007875
11
6.8430132677165352
21
-3.9274497637795274
0
LINE
8
BLACK
6
CONTINUOUS
10
6.2856164960629917
20
-3.9158206692913384
11
6.2906011811023621
21
-3.9175648818897635
0
LINE
8
BLACK
6
CONTINUOUS
10
6.2906011811023621
20
-3.9175648818897635
11
6.2948503149606294
21
-3.9207008661417322
0
LINE
8
BLACK
6
CONTINUOUS
10
6.2948503149606294
20
-3.9207008661417322
11
6.2979862992125986
21
-3.9249499999999999
0
LINE
8
BLACK
6
CONTINUOUS
10
6.2979862992125986
20
-3.9249499999999999
11
6.2997305118110232
21
-3.9299346850393699
0
LINE
8
BLACK
6
CONTINUOUS
10
6.2997305118110232
20
-3.9299346850393699
11
6.3000393307086613
21
-3.9332284251968503
0
LINE
8
BLACK
6
CONTINUOUS
10
6.3000393307086613
20
-3.9332284251968503
11
6.30003937007874
21
-3.9696456299212599
0
LINE
8
BLACK
6
CONTINUOUS
10
6.30003937007874
20
-3.9696456299212599
11
6.2997305118110232
21
-3.9729393307086611
0
LINE
8
BLACK
6
CONTINUOUS
10
6.2997305118110232
20
-3.9729393307086611
11
6.2979862992125986
21
-3.9779240157480316
0
LINE
8
BLACK
6
CONTINUOUS
10
6.2979862992125986
20
-3.9779240157480316
11
6.2948503149606294
21
-3.9821731496062993
0
LINE
8
BLACK
6
CONTINUOUS
10
6.2948503149606294
20
-3.9821731496062993
11
6.2906011811023621
21
-3.9853091338582676
0
LINE
8
BLACK
6
CONTINUOUS
10
6.2906011811023621
20
-3.9853091338582676
11
6.2856164960629917
21
-3.9870533464566926
0
LINE
8
BLACK
6
CONTINUOUS
10
6.2856164960629917
20
-3.9870533464566926
11
6.2823227559055113
21
-3.9873621653543307
0
LINE
8
BLACK
6
CONTINUOUS
10
6.2823227559055113
20
-3.9873621653543307
11
6.1976772047244095
21
-3.9873622047244095
0
LINE
8
BLACK
6
CONTINUOUS
10
6.1976772047244095
20
-3.9873622047244095
11
6.1943835039370079
21
-3.9870533464566926
0
LINE
8
BLACK
6
CONTINUOUS
10
6.1943835039370079
20
-3.9870533464566926
11
6.1893988188976374
21
-3.9853091338582676
0
LINE
8
BLACK
6
CONTINUOUS
10
6.1893988188976374
20
-3.9853091338582676
11
6.1851496850393701
21
-3.9821731496062993
0
LINE
8
BLACK
6
CONTINUOUS
10
6.1851496850393701
20
-3.9821731496062993
11
6.1820137007874019
21
-3.9779240157480316
0
LINE
8
BLACK
6
CONTINUOUS
10
6.1820137007874019
20
-3.9779240157480316
11
6.1802694881889764
21
-3.9729393307086611
0
LINE
8
BLACK
6
CONTINUOUS
10
6.1802694881889764
20
-3.9729393307086611
11
6.1799606692913382
21
-3.9696455905511812
0
LINE
8
BLACK
6
CONTINUOUS
10
6.1799606692913382
20
-3.9696455905511812
11
6.1799606299212595
21
-3.9332283858267716
0
LINE
8
BLACK
6
CONTINUOUS
10
6.1799606299212595
20
-3.9332283858267716
11
6.1802694881889764
21
-3.9299346850393699
0
LINE
8
BLACK
6
CONTINUOUS
10
6.1802694881889764
20
-3.9299346850393699
11
6.1820137007874019
21
-3.9249499999999999
0
LINE
8
BLACK
6
CONTINUOUS
10
6.1820137007874019
20
-3.9249499999999999
11
6.1851496850393701
21
-3.9207008661417322
0
LINE
8
BLACK
6
CONTINUOUS
10
6.1851496850393701
20
-3.9207008661417322
11
6.1893988188976374
21
-3.9175648818897635
0
LINE
8
BLACK
6
CONTINUOUS
10
6.1893988188976374
20
-3.9175648818897635
11
6.1943835039370079
21
-3.9158206692913384
0
LINE
8
BLACK
6
CONTINUOUS
10
6.1943835039370079
20
-3.9158206692913384
11
6.1976772440944883
21
-3.9155118503937008
0
LINE
8
BLACK
6
CONTINUOUS
10
6.1976772440944883
20
-3.9155118503937008
11
6.28232279527559
21
-3.915511811023622
0
LINE
8
BLACK
6
CONTINUOUS
10
6.28232279527559
20
-3.915511811023622
11
6.2856164960629917
21
-3.9158206692913384
0
LINE
8
BLACK
6
CONTINUOUS
10
6.6110102362204719
20
-3.9163324803149604
11
6.6159949212598423
21
-3.9180766929133859
0
LINE
8
BLACK
6
CONTINUOUS
10
6.6159949212598423
20
-3.9180766929133859
11
6.6202440157480318
21
-3.9212126771653542
0
LINE
8
BLACK
6
CONTINUOUS
10
6.6202440157480318
20
-3.9212126771653542
11
6.62338
21
-3.9254617716535432
0
LINE
8
BLACK
6
CONTINUOUS
10
6.62338
20
-3.9254617716535432
11
6.6251242125984247
21
-3.9304464566929131
0
LINE
8
BLACK
6
CONTINUOUS
10
6.6251242125984247
20
-3.9304464566929131
11
6.6254330708661415
21
-3.9337401574803148
0
LINE
8
BLACK
6
CONTINUOUS
10
6.6254330708661415
20
-3.9337401574803148
11
6.6254330708661415
21
-3.9544094488188977
0
LINE
8
BLACK
6
CONTINUOUS
10
6.6254330708661415
20
-3.9544094488188977
11
6.6251242125984247
21
-3.9577031496062993
0
LINE
8
BLACK
6
CONTINUOUS
10
6.6251242125984247
20
-3.9577031496062993
11
6.62338
21
-3.9626878346456693
0
LINE
8
BLACK
6
CONTINUOUS
10
6.62338
20
-3.9626878346456693
11
6.6202440157480318
21
-3.9669369291338583
0
LINE
8
BLACK
6
CONTINUOUS
10
6.6202440157480318
20
-3.9669369291338583
11
6.6159949212598423
21
-3.9700729133858266
0
LINE
8
BLACK
6
CONTINUOUS
10
6.6159949212598423
20
-3.9700729133858266
11
6.6110102362204719
21
-3.9718171259842521
0
LINE
8
BLACK
6
CONTINUOUS
10
6.6110102362204719
20
-3.9718171259842521
11
6.6077165354330711
21
-3.9721259842519685
0
LINE
8
BLACK
6
CONTINUOUS
10
6.6077165354330711
20
-3.9721259842519685
11
6.5722834645669286
21
-3.9721259842519685
0
LINE
8
BLACK
6
CONTINUOUS
10
6.5722834645669286
20
-3.9721259842519685
11
6.5689897637795278
21
-3.9718171259842521
0
LINE
8
BLACK
6
CONTINUOUS
10
6.5689897637795278
20
-3.9718171259842521
11
6.5640050787401574
21
-3.9700729133858266
0
LINE
8
BLACK
6
CONTINUOUS
10
6.5640050787401574
20
-3.9700729133858266
11
6.5597559842519679
21
-3.9669369291338583
0
LINE
8
BLACK
6
CONTINUOUS
10
6.5597559842519679
20
-3.9669369291338583
11
6.5566199999999997
21
-3.9626878346456693
0
LINE
8
BLACK
6
CONTINUOUS
10
6.5566199999999997
20
-3.9626878346456693
11
6.5548757874015751
21
-3.9577031496062993
0
LINE
8
BLACK
6
CONTINUOUS
10
6.5548757874015751
20
-3.9577031496062993
11
6.5545669291338582
21
-3.9544094488188977
0
LINE
8
BLACK
6
CONTINUOUS
10
6.5545669291338582
20
-3.9544094488188977
11
6.5545669291338582
21
-3.9337401574803148
0
LINE
8
BLACK
6
CONTINUOUS
10
6.5545669291338582
20
-3.9337401574803148
11
6.5548757874015751
21
-3.9304464566929131
0
LINE
8
BLACK
6
CONTINUOUS
10
6.5548757874015751
20
-3.9304464566929131
11
6.5566199999999997
21
-3.9254617716535432
0
LINE
8
BLACK
6
CONTINUOUS
10
6.5566199999999997
20
-3.9254617716535432
11
6.5597559842519679
21
-3.9212126771653542
0
LINE
8
BLACK
6
CONTINUOUS
10
6.5597559842519679
20
-3.9212126771653542
11
6.5640050787401574
21
-3.9180766929133859
0
LINE
8
BLACK
6
CONTINUOUS
10
6.5640050787401574
20
-3.9180766929133859
11
6.5689897637795278
21
-3.9163324803149604
0
LINE
8
BLACK
6
CONTINUOUS
10
6.5689897637795278
20
-3.9163324803149604
11
6.5722834645669286
21
-3.916023622047244
0
LINE
8
BLACK
6
CONTINUOUS
10
6.5722834645669286
20
-3.916023622047244
11
6.6077165354330711
21
-3.916023622047244
0
LINE
8
BLACK
6
CONTINUOUS
10
6.6077165354330711
20
-3.916023622047244
11
6.6110102362204719
21
-3.9163324803149604
0
LINE
8
BLACK
6
CONTINUOUS
10
4.6819944881889759
20
-3.9153482283464567
11
4.6869791732283463
21
-3.9170924409448817
0
LINE
8
BLACK
6
CONTINUOUS
10
4.6869791732283463
20
-3.9170924409448817
11
4.6912282677165349
21
-3.9202284251968504
0
LINE
8
BLACK
6
CONTINUOUS
10
4.6912282677165349
20
-3.9202284251968504
11
4.694364251968504
21
-3.9244775196850394
0
LINE
8
BLACK
6
CONTINUOUS
10
4.694364251968504
20
-3.9244775196850394
11
4.6961084645669287
21
-3.9294622047244094
0
LINE
8
BLACK
6
CONTINUOUS
10
4.6961084645669287
20
-3.9294622047244094
11
4.6964173228346455
21
-3.9327559055118111
0
LINE
8
BLACK
6
CONTINUOUS
10
4.6964173228346455
20
-3.9327559055118111
11
4.6964173228346455
21
-3.9524409448818898
0
LINE
8
BLACK
6
CONTINUOUS
10
4.6964173228346455
20
-3.9524409448818898
11
4.6961084645669287
21
-3.9557346456692914
0
LINE
8
BLACK
6
CONTINUOUS
10
4.6961084645669287
20
-3.9557346456692914
11
4.694364251968504
21
-3.9607193307086614
0
LINE
8
BLACK
6
CONTINUOUS
10
4.694364251968504
20
-3.9607193307086614
11
4.6912282677165349
21
-3.9649684251968504
0
LINE
8
BLACK
6
CONTINUOUS
10
4.6912282677165349
20
-3.9649684251968504
11
4.6869791732283463
21
-3.9681044094488187
0
LINE
8
BLACK
6
CONTINUOUS
10
4.6869791732283463
20
-3.9681044094488187
11
4.6819944881889759
21
-3.9698486220472442
0
LINE
8
BLACK
6
CONTINUOUS
10
4.6819944881889759
20
-3.9698486220472442
11
4.6787007874015751
21
-3.9701574803149606
0
LINE
8
BLACK
6
CONTINUOUS
10
4.6787007874015751
20
-3.9701574803149606
11
4.6412992125984252
21
-3.9701574803149606
0
LINE
8
BLACK
6
CONTINUOUS
10
4.6412992125984252
20
-3.9701574803149606
11
4.6380055118110235
21
-3.9698486220472442
0
LINE
8
BLACK
6
CONTINUOUS
10
4.6380055118110235
20
-3.9698486220472442
11
4.6330208267716531
21
-3.9681044094488187
0
LINE
8
BLACK
6
CONTINUOUS
10
4.6330208267716531
20
-3.9681044094488187
11
4.6287717322834645
21
-3.9649684251968504
0
LINE
8
BLACK
6
CONTINUOUS
10
4.6287717322834645
20
-3.9649684251968504
11
4.6256357480314962
21
-3.9607193307086614
0
LINE
8
BLACK
6
CONTINUOUS
10
4.6256357480314962
20
-3.9607193307086614
11
4.6238915354330707
21
-3.9557346456692914
0
LINE
8
BLACK
6
CONTINUOUS
10
4.6238915354330707
20
-3.9557346456692914
11
4.6235826771653539
21
-3.9524409448818898
0
LINE
8
BLACK
6
CONTINUOUS
10
4.6235826771653539
20
-3.9524409448818898
11
4.6235826771653539
21
-3.9327559055118111
0
LINE
8
BLACK
6
CONTINUOUS
10
4.6235826771653539
20
-3.9327559055118111
11
4.6238915354330707
21
-3.9294622047244094
0
LINE
8
BLACK
6
CONTINUOUS
10
4.6238915354330707
20
-3.9294622047244094
11
4.6256357480314962
21
-3.9244775196850394
0
LINE
8
BLACK
6
CONTINUOUS
10
4.6256357480314962
20
-3.9244775196850394
11
4.6287717322834645
21
-3.9202284251968504
0
LINE
8
BLACK
6
CONTINUOUS
10
4.6287717322834645
20
-3.9202284251968504
11
4.6330208267716531
21
-3.9170924409448817
0
LINE
8
BLACK
6
CONTINUOUS
10
4.6330208267716531
20
-3.9170924409448817
11
4.6380055118110235
21
-3.9153482283464567
0
LINE
8
BLACK
6
CONTINUOUS
10
4.6380055118110235
20
-3.9153482283464567
11
4.6412992125984252
21
-3.9150393700787403
0
LINE
8
BLACK
6
CONTINUOUS
10
4.6412992125984252
20
-3.9150393700787403
11
4.6787007874015751
21
-3.9150393700787403
0
LINE
8
BLACK
6
CONTINUOUS
10
4.6787007874015751
20
-3.9150393700787403
11
4.6819944881889759
21
-3.9153482283464567
0
LINE
8
BLACK
6
CONTINUOUS
10
4.7819944881889764
20
-3.9153482283464567
11
4.786979173228346
21
-3.9170924409448817
0
LINE
8
BLACK
6
CONTINUOUS
10
4.786979173228346
20
-3.9170924409448817
11
4.7912282677165354
21
-3.9202284251968504
0
LINE
8
BLACK
6
CONTINUOUS
10
4.7912282677165354
20
-3.9202284251968504
11
4.7943642519685037
21
-3.9244775196850394
0
LINE
8
BLACK
6
CONTINUOUS
10
4.7943642519685037
20
-3.9244775196850394
11
4.7961084645669292
21
-3.9294622047244094
0
LINE
8
BLACK
6
CONTINUOUS
10
4.7961084645669292
20
-3.9294622047244094
11
4.7964173228346452
21
-3.9327559055118111
0
LINE
8
BLACK
6
CONTINUOUS
10
4.7964173228346452
20
-3.9327559055118111
11
4.7964173228346452
21
-3.9524409448818898
0
LINE
8
BLACK
6
CONTINUOUS
10
4.7964173228346452
20
-3.9524409448818898
11
4.7961084645669292
21
-3.9557346456692914
0
LINE
8
BLACK
6
CONTINUOUS
10
4.7961084645669292
20
-3.9557346456692914
11
4.7943642519685037
21
-3.9607193307086614
0
LINE
8
BLACK
6
CONTINUOUS
10
4.7943642519685037
20
-3.9607193307086614
11
4.7912282677165354
21
-3.9649684251968504
0
LINE
8
BLACK
6
CONTINUOUS
10
4.7912282677165354
20
-3.9649684251968504
11
4.786979173228346
21
-3.9681044094488187
0
LINE
8
BLACK
6
CONTINUOUS
10
4.786979173228346
20
-3.9681044094488187
11
4.7819944881889764
21
-3.9698486220472442
0
LINE
8
BLACK
6
CONTINUOUS
10
4.7819944881889764
20
-3.9698486220472442
11
4.7787007874015748
21
-3.9701574803149606
0
LINE
8
BLACK
6
CONTINUOUS
10
4.7787007874015748
20
-3.9701574803149606
11
4.7412992125984248
21
-3.9701574803149606
0
LINE
8
BLACK
6
CONTINUOUS
10
4.7412992125984248
20
-3.9701574803149606
11
4.7380055118110231
21
-3.9698486220472442
0
LINE
8
BLACK
6
CONTINUOUS
10
4.7380055118110231
20
-3.9698486220472442
11
4.7330208267716536
21
-3.9681044094488187
0
LINE
8
BLACK
6
CONTINUOUS
10
4.7330208267716536
20
-3.9681044094488187
11
4.7287717322834641
21
-3.9649684251968504
0
LINE
8
BLACK
6
CONTINUOUS
10
4.7287717322834641
20
-3.9649684251968504
11
4.7256357480314959
21
-3.9607193307086614
0
LINE
8
BLACK
6
CONTINUOUS
10
4.7256357480314959
20
-3.9607193307086614
11
4.7238915354330704
21
-3.9557346456692914
0
LINE
8
BLACK
6
CONTINUOUS
10
4.7238915354330704
20
-3.9557346456692914
11
4.7235826771653544
21
-3.9524409448818898
0
LINE
8
BLACK
6
CONTINUOUS
10
4.7235826771653544
20
-3.9524409448818898
11
4.7235826771653544
21
-3.9327559055118111
0
LINE
8
BLACK
6
CONTINUOUS
10
4.7235826771653544
20
-3.9327559055118111
11
4.7238915354330704
21
-3.9294622047244094
0
LINE
8
BLACK
6
CONTINUOUS
10
4.7238915354330704
20
-3.9294622047244094
11
4.7256357480314959
21
-3.9244775196850394
0
LINE
8
BLACK
6
CONTINUOUS
10
4.7256357480314959
20
-3.9244775196850394
11
4.7287717322834641
21
-3.9202284251968504
0
LINE
8
BLACK
6
CONTINUOUS
10
4.7287717322834641
20
-3.9202284251968504
11
4.7330208267716536
21
-3.9170924409448817
0
LINE
8
BLACK
6
CONTINUOUS
10
4.7330208267716536
20
-3.9170924409448817
11
4.7380055118110231
21
-3.9153482283464567
0
LINE
8
BLACK
6
CONTINUOUS
10
4.7380055118110231
20
-3.9153482283464567
11
4.7412992125984248
21
-3.9150393700787403
0
LINE
8
BLACK
6
CONTINUOUS
10
4.7412992125984248
20
-3.9150393700787403
11
4.7787007874015748
21
-3.9150393700787403
0
LINE
8
BLACK
6
CONTINUOUS
10
4.7787007874015748
20
-3.9150393700787403
11
4.7819944881889764
21
-3.9153482283464567
0
LINE
8
BLACK
6
CONTINUOUS
10
5.0419944881889762
20
-3.9153482283464567
11
5.0469791732283467
21
-3.9170924409448817
0
LINE
8
BLACK
6
CONTINUOUS
10
5.0469791732283467
20
-3.9170924409448817
11
5.0512282677165352
21
-3.9202284251968504
0
LINE
8
BLACK
6
CONTINUOUS
10
5.0512282677165352
20
-3.9202284251968504
11
5.0543642519685035
21
-3.9244775196850394
0
LINE
8
BLACK
6
CONTINUOUS
10
5.0543642519685035
20
-3.9244775196850394
11
5.056108464566929
21
-3.9294622047244094
0
LINE
8
BLACK
6
CONTINUOUS
10
5.056108464566929
20
-3.9294622047244094
11
5.0564173228346458
21
-3.9327559055118111
0
LINE
8
BLACK
6
CONTINUOUS
10
5.0564173228346458
20
-3.9327559055118111
11
5.0564173228346458
21
-3.9524409448818898
0
LINE
8
BLACK
6
CONTINUOUS
10
5.0564173228346458
20
-3.9524409448818898
11
5.056108464566929
21
-3.9557346456692914
0
LINE
8
BLACK
6
CONTINUOUS
10
5.056108464566929
20
-3.9557346456692914
11
5.0543642519685035
21
-3.9607193307086614
0
LINE
8
BLACK
6
CONTINUOUS
10
5.0543642519685035
20
-3.9607193307086614
11
5.0512282677165352
21
-3.9649684251968504
0
LINE
8
BLACK
6
CONTINUOUS
10
5.0512282677165352
20
-3.9649684251968504
11
5.0469791732283467
21
-3.9681044094488187
0
LINE
8
BLACK
6
CONTINUOUS
10
5.0469791732283467
20
-3.9681044094488187
11
5.0419944881889762
21
-3.9698486220472442
0
LINE
8
BLACK
6
CONTINUOUS
10
5.0419944881889762
20
-3.9698486220472442
11
5.0387007874015746
21
-3.9701574803149606
0
LINE
8
BLACK
6
CONTINUOUS
10
5.0387007874015746
20
-3.9701574803149606
11
5.0012992125984255
21
-3.9701574803149606
0
LINE
8
BLACK
6
CONTINUOUS
10
5.0012992125984255
20
-3.9701574803149606
11
4.9980055118110238
21
-3.9698486220472442
0
LINE
8
BLACK
6
CONTINUOUS
10
4.9980055118110238
20
-3.9698486220472442
11
4.9930208267716534
21
-3.9681044094488187
0
LINE
8
BLACK
6
CONTINUOUS
10
4.9930208267716534
20
-3.9681044094488187
11
4.9887717322834648
21
-3.9649684251968504
0
LINE
8
BLACK
6
CONTINUOUS
10
4.9887717322834648
20
-3.9649684251968504
11
4.9856357480314957
21
-3.9607193307086614
0
LINE
8
BLACK
6
CONTINUOUS
10
4.9856357480314957
20
-3.9607193307086614
11
4.9838915354330711
21
-3.9557346456692914
0
LINE
8
BLACK
6
CONTINUOUS
10
4.9838915354330711
20
-3.9557346456692914
11
4.9835826771653542
21
-3.9524409448818898
0
LINE
8
BLACK
6
CONTINUOUS
10
4.9835826771653542
20
-3.9524409448818898
11
4.9835826771653542
21
-3.9327559055118111
0
LINE
8
BLACK
6
CONTINUOUS
10
4.9835826771653542
20
-3.9327559055118111
11
4.9838915354330711
21
-3.9294622047244094
0
LINE
8
BLACK
6
CONTINUOUS
10
4.9838915354330711
20
-3.9294622047244094
11
4.9856357480314957
21
-3.9244775196850394
0
LINE
8
BLACK
6
CONTINUOUS
10
4.9856357480314957
20
-3.9244775196850394
11
4.9887717322834648
21
-3.9202284251968504
0
LINE
8
BLACK
6
CONTINUOUS
10
4.9887717322834648
20
-3.9202284251968504
11
4.9930208267716534
21
-3.9170924409448817
0
LINE
8
BLACK
6
CONTINUOUS
10
4.9930208267716534
20
-3.9170924409448817
11
4.9980055118110238
21
-3.9153482283464567
0
LINE
8
BLACK
6
CONTINUOUS
10
4.9980055118110238
20
-3.9153482283464567
11
5.0012992125984255
21
-3.9150393700787403
0
LINE
8
BLACK
6
CONTINUOUS
10
5.0012992125984255
20
-3.9150393700787403
11
5.0387007874015746
21
-3.9150393700787403
0
LINE
8
BLACK
6
CONTINUOUS
10
5.0387007874015746
20
-3.9150393700787403
11
5.0419944881889762
21
-3.9153482283464567
0
LINE
8
BLACK
6
CONTINUOUS
10
5.2919944881889762
20
-3.9153482283464567
11
5.2969791732283467
21
-3.9170924409448817
0
LINE
8
BLACK
6
CONTINUOUS
10
5.2969791732283467
20
-3.9170924409448817
11
5.3012282677165352
21
-3.9202284251968504
0
LINE
8
BLACK
6
CONTINUOUS
10
5.3012282677165352
20
-3.9202284251968504
11
5.3043642519685035
21
-3.9244775196850394
0
LINE
8
BLACK
6
CONTINUOUS
10
5.3043642519685035
20
-3.9244775196850394
11
5.306108464566929
21
-3.9294622047244094
0
LINE
8
BLACK
6
CONTINUOUS
10
5.306108464566929
20
-3.9294622047244094
11
5.3064173228346458
21
-3.9327559055118111
0
LINE
8
BLACK
6
CONTINUOUS
10
5.3064173228346458
20
-3.9327559055118111
11
5.3064173228346458
21
-3.9524409448818898
0
LINE
8
BLACK
6
CONTINUOUS
10
5.3064173228346458
20
-3.9524409448818898
11
5.306108464566929
21
-3.9557346456692914
0
LINE
8
BLACK
6
CONTINUOUS
10
5.306108464566929
20
-3.9557346456692914
11
5.3043642519685035
21
-3.9607193307086614
0
LINE
8
BLACK
6
CONTINUOUS
10
5.3043642519685035
20
-3.9607193307086614
11
5.3012282677165352
21
-3.9649684251968504
0
LINE
8
BLACK
6
CONTINUOUS
10
5.3012282677165352
20
-3.9649684251968504
11
5.2969791732283467
21
-3.9681044094488187
0
LINE
8
BLACK
6
CONTINUOUS
10
5.2969791732283467
20
-3.9681044094488187
11
5.2919944881889762
21
-3.9698486220472442
0
LINE
8
BLACK
6
CONTINUOUS
10
5.2919944881889762
20
-3.9698486220472442
11
5.2887007874015746
21
-3.9701574803149606
0
LINE
8
BLACK
6
CONTINUOUS
10
5.2887007874015746
20
-3.9701574803149606
11
5.2512992125984255
21
-3.9701574803149606
0
LINE
8
BLACK
6
CONTINUOUS
10
5.2512992125984255
20
-3.9701574803149606
11
5.2480055118110238
21
-3.9698486220472442
0
LINE
8
BLACK
6
CONTINUOUS
10
5.2480055118110238
20
-3.9698486220472442
11
5.2430208267716534
21
-3.9681044094488187
0
LINE
8
BLACK
6
CONTINUOUS
10
5.2430208267716534
20
-3.9681044094488187
11
5.2387717322834648
21
-3.9649684251968504
0
LINE
8
BLACK
6
CONTINUOUS
10
5.2387717322834648
20
-3.9649684251968504
11
5.2356357480314957
21
-3.9607193307086614
0
LINE
8
BLACK
6
CONTINUOUS
10
5.2356357480314957
20
-3.9607193307086614
11
5.2338915354330711
21
-3.9557346456692914
0
LINE
8
BLACK
6
CONTINUOUS
10
5.2338915354330711
20
-3.9557346456692914
11
5.2335826771653542
21
-3.9524409448818898
0
LINE
8
BLACK
6
CONTINUOUS
10
5.2335826771653542
20
-3.9524409448818898
11
5.2335826771653542
21
-3.9327559055118111
0
LINE
8
BLACK
6
CONTINUOUS
10
5.2335826771653542
20
-3.9327559055118111
11
5.2338915354330711
21
-3.9294622047244094
0
LINE
8
BLACK
6
CONTINUOUS
10
5.2338915354330711
20
-3.9294622047244094
11
5.2356357480314957
21
-3.9244775196850394
0
LINE
8
BLACK
6
CONTINUOUS
10
5.2356357480314957
20
-3.9244775196850394
11
5.2387717322834648
21
-3.9202284251968504
0
LINE
8
BLACK
6
CONTINUOUS
10
5.2387717322834648
20
-3.9202284251968504
11
5.2430208267716534
21
-3.9170924409448817
0
LINE
8
BLACK
6
CONTINUOUS
10
5.2430208267716534
20
-3.9170924409448817
11
5.2480055118110238
21
-3.9153482283464567
0
LINE
8
BLACK
6
CONTINUOUS
10
5.2480055118110238
20
-3.9153482283464567
11
5.2512992125984255
21
-3.9150393700787403
0
LINE
8
BLACK
6
CONTINUOUS
10
5.2512992125984255
20
-3.9150393700787403
11
5.2887007874015746
21
-3.9150393700787403
0
LINE
8
BLACK
6
CONTINUOUS
10
5.2887007874015746
20
-3.9150393700787403
11
5.2919944881889762
21
-3.9153482283464567
0
LINE
8
BLACK
6
CONTINUOUS
10
5.551994488188976
20
-3.9153482283464567
11
5.5569791732283464
21
-3.9170924409448817
0
LINE
8
BLACK
6
CONTINUOUS
10
5.5569791732283464
20
-3.9170924409448817
11
5.561228267716535
21
-3.9202284251968504
0
LINE
8
BLACK
6
CONTINUOUS
10
5.561228267716535
20
-3.9202284251968504
11
5.5643642519685041
21
-3.9244775196850394
0
LINE
8
BLACK
6
CONTINUOUS
10
5.5643642519685041
20
-3.9244775196850394
11
5.5661084645669288
21
-3.9294622047244094
0
LINE
8
BLACK
6
CONTINUOUS
10
5.5661084645669288
20
-3.9294622047244094
11
5.5664173228346456
21
-3.9327559055118111
0
LINE
8
BLACK
6
CONTINUOUS
10
5.5664173228346456
20
-3.9327559055118111
11
5.5664173228346456
21
-3.9524409448818898
0
LINE
8
BLACK
6
CONTINUOUS
10
5.5664173228346456
20
-3.9524409448818898
11
5.5661084645669288
21
-3.9557346456692914
0
LINE
8
BLACK
6
CONTINUOUS
10
5.5661084645669288
20
-3.9557346456692914
11
5.5643642519685041
21
-3.9607193307086614
0
LINE
8
BLACK
6
CONTINUOUS
10
5.5643642519685041
20
-3.9607193307086614
11
5.561228267716535
21
-3.9649684251968504
0
LINE
8
BLACK
6
CONTINUOUS
10
5.561228267716535
20
-3.9649684251968504
11
5.5569791732283464
21
-3.9681044094488187
0
LINE
8
BLACK
6
CONTINUOUS
10
5.5569791732283464
20
-3.9681044094488187
11
5.551994488188976
21
-3.9698486220472442
0
LINE
8
BLACK
6
CONTINUOUS
10
5.551994488188976
20
-3.9698486220472442
11
5.5487007874015744
21
-3.9701574803149606
0
LINE
8
BLACK
6
CONTINUOUS
10
5.5487007874015744
20
-3.9701574803149606
11
5.5112992125984253
21
-3.9701574803149606
0
LINE
8
BLACK
6
CONTINUOUS
10
5.5112992125984253
20
-3.9701574803149606
11
5.5080055118110236
21
-3.9698486220472442
0
LINE
8
BLACK
6
CONTINUOUS
10
5.5080055118110236
20
-3.9698486220472442
11
5.5030208267716532
21
-3.9681044094488187
0
LINE
8
BLACK
6
CONTINUOUS
10
5.5030208267716532
20
-3.9681044094488187
11
5.4987717322834646
21
-3.9649684251968504
0
LINE
8
BLACK
6
CONTINUOUS
10
5.4987717322834646
20
-3.9649684251968504
11
5.4956357480314963
21
-3.9607193307086614
0
LINE
8
BLACK
6
CONTINUOUS
10
5.4956357480314963
20
-3.9607193307086614
11
5.4938915354330708
21
-3.9557346456692914
0
LINE
8
BLACK
6
CONTINUOUS
10
5.4938915354330708
20
-3.9557346456692914
11
5.493582677165354
21
-3.9524409448818898
0
LINE
8
BLACK
6
CONTINUOUS
10
5.493582677165354
20
-3.9524409448818898
11
5.493582677165354
21
-3.9327559055118111
0
LINE
8
BLACK
6
CONTINUOUS
10
5.493582677165354
20
-3.9327559055118111
11
5.4938915354330708
21
-3.9294622047244094
0
LINE
8
BLACK
6
CONTINUOUS
10
5.4938915354330708
20
-3.9294622047244094
11
5.4956357480314963
21
-3.9244775196850394
0
LINE
8
BLACK
6
CONTINUOUS
10
5.4956357480314963
20
-3.9244775196850394
11
5.4987717322834646
21
-3.9202284251968504
0
LINE
8
BLACK
6
CONTINUOUS
10
5.4987717322834646
20
-3.9202284251968504
11
5.5030208267716532
21
-3.9170924409448817
0
LINE
8
BLACK
6
CONTINUOUS
10
5.5030208267716532
20
-3.9170924409448817
11
5.5080055118110236
21
-3.9153482283464567
0
LINE
8
BLACK
6
CONTINUOUS
10
5.5080055118110236
20
-3.9153482283464567
11
5.5112992125984253
21
-3.9150393700787403
0
LINE
8
BLACK
6
CONTINUOUS
10
5.5112992125984253
20
-3.9150393700787403
11
5.5487007874015744
21
-3.9150393700787403
0
LINE
8
BLACK
6
CONTINUOUS
10
5.5487007874015744
20
-3.9150393700787403
11
5.551994488188976
21
-3.9153482283464567
0
LINE
8
BLACK
6
CONTINUOUS
10
5.6619944881889763
20
-3.9153482283464567
11
5.6669791732283468
21
-3.9170924409448817
0
LINE
8
BLACK
6
CONTINUOUS
10
5.6669791732283468
20
-3.9170924409448817
11
5.6712282677165353
21
-3.9202284251968504
0
LINE
8
BLACK
6
CONTINUOUS
10
5.6712282677165353
20
-3.9202284251968504
11
5.6743642519685036
21
-3.9244775196850394
0
LINE
8
BLACK
6
CONTINUOUS
10
5.6743642519685036
20
-3.9244775196850394
11
5.6761084645669291
21
-3.9294622047244094
0
LINE
8
BLACK
6
CONTINUOUS
10
5.6761084645669291
20
-3.9294622047244094
11
5.676417322834646
21
-3.9327559055118111
0
LINE
8
BLACK
6
CONTINUOUS
10
5.676417322834646
20
-3.9327559055118111
11
5.676417322834646
21
-3.9524409448818898
0
LINE
8
BLACK
6
CONTINUOUS
10
5.676417322834646
20
-3.9524409448818898
11
5.6761084645669291
21
-3.9557346456692914
0
LINE
8
BLACK
6
CONTINUOUS
10
5.6761084645669291
20
-3.9557346456692914
11
5.6743642519685036
21
-3.9607193307086614
0
LINE
8
BLACK
6
CONTINUOUS
10
5.6743642519685036
20
-3.9607193307086614
11
5.6712282677165353
21
-3.9649684251968504
0
LINE
8
BLACK
6
CONTINUOUS
10
5.6712282677165353
20
-3.9649684251968504
11
5.6669791732283468
21
-3.9681044094488187
0
LINE
8
BLACK
6
CONTINUOUS
10
5.6669791732283468
20
-3.9681044094488187
11
5.6619944881889763
21
-3.9698486220472442
0
LINE
8
BLACK
6
CONTINUOUS
10
5.6619944881889763
20
-3.9698486220472442
11
5.6587007874015747
21
-3.9701574803149606
0
LINE
8
BLACK
6
CONTINUOUS
10
5.6587007874015747
20
-3.9701574803149606
11
5.6212992125984247
21
-3.9701574803149606
0
LINE
8
BLACK
6
CONTINUOUS
10
5.6212992125984247
20
-3.9701574803149606
11
5.6180055118110239
21
-3.9698486220472442
0
LINE
8
BLACK
6
CONTINUOUS
10
5.6180055118110239
20
-3.9698486220472442
11
5.6130208267716535
21
-3.9681044094488187
0
LINE
8
BLACK
6
CONTINUOUS
10
5.6130208267716535
20
-3.9681044094488187
11
5.608771732283464
21
-3.9649684251968504
0
LINE
8
BLACK
6
CONTINUOUS
10
5.608771732283464
20
-3.9649684251968504
11
5.6056357480314958
21
-3.9607193307086614
0
LINE
8
BLACK
6
CONTINUOUS
10
5.6056357480314958
20
-3.9607193307086614
11
5.6038915354330712
21
-3.9557346456692914
0
LINE
8
BLACK
6
CONTINUOUS
10
5.6038915354330712
20
-3.9557346456692914
11
5.6035826771653543
21
-3.9524409448818898
0
LINE
8
BLACK
6
CONTINUOUS
10
5.6035826771653543
20
-3.9524409448818898
11
5.6035826771653543
21
-3.9327559055118111
0
LINE
8
BLACK
6
CONTINUOUS
10
5.6035826771653543
20
-3.9327559055118111
11
5.6038915354330712
21
-3.9294622047244094
0
LINE
8
BLACK
6
CONTINUOUS
10
5.6038915354330712
20
-3.9294622047244094
11
5.6056357480314958
21
-3.9244775196850394
0
LINE
8
BLACK
6
CONTINUOUS
10
5.6056357480314958
20
-3.9244775196850394
11
5.608771732283464
21
-3.9202284251968504
0
LINE
8
BLACK
6
CONTINUOUS
10
5.608771732283464
20
-3.9202284251968504
11
5.6130208267716535
21
-3.9170924409448817
0
LINE
8
BLACK
6
CONTINUOUS
10
5.6130208267716535
20
-3.9170924409448817
11
5.6180055118110239
21
-3.9153482283464567
0
LINE
8
BLACK
6
CONTINUOUS
10
5.6180055118110239
20
-3.9153482283464567
11
5.6212992125984247
21
-3.9150393700787403
0
LINE
8
BLACK
6
CONTINUOUS
10
5.6212992125984247
20
-3.9150393700787403
11
5.6587007874015747
21
-3.9150393700787403
0
LINE
8
BLACK
6
CONTINUOUS
10
5.6587007874015747
20
-3.9150393700787403
11
5.6619944881889763
21
-3.9153482283464567
0
LINE
8
BLACK
6
CONTINUOUS
10
5.9019944881889765
20
-3.9153482283464567
11
5.9069791732283461
21
-3.9170924409448817
0
LINE
8
BLACK
6
CONTINUOUS
10
5.9069791732283461
20
-3.9170924409448817
11
5.9112282677165355
21
-3.9202284251968504
0
LINE
8
BLACK
6
CONTINUOUS
10
5.9112282677165355
20
-3.9202284251968504
11
5.9143642519685038
21
-3.9244775196850394
0
LINE
8
BLACK
6
CONTINUOUS
10
5.9143642519685038
20
-3.9244775196850394
11
5.9161084645669293
21
-3.9294622047244094
0
LINE
8
BLACK
6
CONTINUOUS
10
5.9161084645669293
20
-3.9294622047244094
11
5.9164173228346453
21
-3.9327559055118111
0
LINE
8
BLACK
6
CONTINUOUS
10
5.9164173228346453
20
-3.9327559055118111
11
5.9164173228346453
21
-3.9524409448818898
0
LINE
8
BLACK
6
CONTINUOUS
10
5.9164173228346453
20
-3.9524409448818898
11
5.9161084645669293
21
-3.9557346456692914
0
LINE
8
BLACK
6
CONTINUOUS
10
5.9161084645669293
20
-3.9557346456692914
11
5.9143642519685038
21
-3.9607193307086614
0
LINE
8
BLACK
6
CONTINUOUS
10
5.9143642519685038
20
-3.9607193307086614
11
5.9112282677165355
21
-3.9649684251968504
0
LINE
8
BLACK
6
CONTINUOUS
10
5.9112282677165355
20
-3.9649684251968504
11
5.9069791732283461
21
-3.9681044094488187
0
LINE
8
BLACK
6
CONTINUOUS
10
5.9069791732283461
20
-3.9681044094488187
11
5.9019944881889765
21
-3.9698486220472442
0
LINE
8
BLACK
6
CONTINUOUS
10
5.9019944881889765
20
-3.9698486220472442
11
5.8987007874015749
21
-3.9701574803149606
0
LINE
8
BLACK
6
CONTINUOUS
10
5.8987007874015749
20
-3.9701574803149606
11
5.8612992125984249
21
-3.9701574803149606
0
LINE
8
BLACK
6
CONTINUOUS
10
5.8612992125984249
20
-3.9701574803149606
11
5.8580055118110232
21
-3.9698486220472442
0
LINE
8
BLACK
6
CONTINUOUS
10
5.8580055118110232
20
-3.9698486220472442
11
5.8530208267716537
21
-3.9681044094488187
0
LINE
8
BLACK
6
CONTINUOUS
10
5.8530208267716537
20
-3.9681044094488187
11
5.8487717322834643
21
-3.9649684251968504
0
LINE
8
BLACK
6
CONTINUOUS
10
5.8487717322834643
20
-3.9649684251968504
11
5.845635748031496
21
-3.9607193307086614
0
LINE
8
BLACK
6
CONTINUOUS
10
5.845635748031496
20
-3.9607193307086614
11
5.8438915354330705
21
-3.9557346456692914
0
LINE
8
BLACK
6
CONTINUOUS
10
5.8438915354330705
20
-3.9557346456692914
11
5.8435826771653545
21
-3.9524409448818898
0
LINE
8
BLACK
6
CONTINUOUS
10
5.8435826771653545
20
-3.9524409448818898
11
5.8435826771653545
21
-3.9327559055118111
0
LINE
8
BLACK
6
CONTINUOUS
10
5.8435826771653545
20
-3.9327559055118111
11
5.8438915354330705
21
-3.9294622047244094
0
LINE
8
BLACK
6
CONTINUOUS
10
5.8438915354330705
20
-3.9294622047244094
11
5.845635748031496
21
-3.9244775196850394
0
LINE
8
BLACK
6
CONTINUOUS
10
5.845635748031496
20
-3.9244775196850394
11
5.8487717322834643
21
-3.9202284251968504
0
LINE
8
BLACK
6
CONTINUOUS
10
5.8487717322834643
20
-3.9202284251968504
11
5.8530208267716537
21
-3.9170924409448817
0
LINE
8
BLACK
6
CONTINUOUS
10
5.8530208267716537
20
-3.9170924409448817
11
5.8580055118110232
21
-3.9153482283464567
0
LINE
8
BLACK
6
CONTINUOUS
10
5.8580055118110232
20
-3.9153482283464567
11
5.8612992125984249
21
-3.9150393700787403
0
LINE
8
BLACK
6
CONTINUOUS
10
5.8612992125984249
20
-3.9150393700787403
11
5.8987007874015749
21
-3.9150393700787403
0
LINE
8
BLACK
6
CONTINUOUS
10
5.8987007874015749
20
-3.9150393700787403
11
5.9019944881889765
21
-3.9153482283464567
0
LINE
8
BLACK
6
CONTINUOUS
10
6.0019944881889762
20
-3.9153482283464567
11
6.0069791732283466
21
-3.9170924409448817
0
LINE
8
BLACK
6
CONTINUOUS
10
6.0069791732283466
20
-3.9170924409448817
11
6.0112282677165352
21
-3.9202284251968504
0
LINE
8
BLACK
6
CONTINUOUS
10
6.0112282677165352
20
-3.9202284251968504
11
6.0143642519685034
21
-3.9244775196850394
0
LINE
8
BLACK
6
CONTINUOUS
10
6.0143642519685034
20
-3.9244775196850394
11
6.0161084645669289
21
-3.9294622047244094
0
LINE
8
BLACK
6
CONTINUOUS
10
6.0161084645669289
20
-3.9294622047244094
11
6.0164173228346458
21
-3.9327559055118111
0
LINE
8
BLACK
6
CONTINUOUS
10
6.0164173228346458
20
-3.9327559055118111
11
6.0164173228346458
21
-3.9524409448818898
0
LINE
8
BLACK
6
CONTINUOUS
10
6.0164173228346458
20
-3.9524409448818898
11
6.0161084645669289
21
-3.9557346456692914
0
LINE
8
BLACK
6
CONTINUOUS
10
6.0161084645669289
20
-3.9557346456692914
11
6.0143642519685034
21
-3.9607193307086614
0
LINE
8
BLACK
6
CONTINUOUS
10
6.0143642519685034
20
-3.9607193307086614
11
6.0112282677165352
21
-3.9649684251968504
0
LINE
8
BLACK
6
CONTINUOUS
10
6.0112282677165352
20
-3.9649684251968504
11
6.0069791732283466
21
-3.9681044094488187
0
LINE
8
BLACK
6
CONTINUOUS
10
6.0069791732283466
20
-3.9681044094488187
11
6.0019944881889762
21
-3.9698486220472442
0
LINE
8
BLACK
6
CONTINUOUS
10
6.0019944881889762
20
-3.9698486220472442
11
5.9987007874015745
21
-3.9701574803149606
0
LINE
8
BLACK
6
CONTINUOUS
10
5.9987007874015745
20
-3.9701574803149606
11
5.9612992125984254
21
-3.9701574803149606
0
LINE
8
BLACK
6
CONTINUOUS
10
5.9612992125984254
20
-3.9701574803149606
11
5.9580055118110238
21
-3.9698486220472442
0
LINE
8
BLACK
6
CONTINUOUS
10
5.9580055118110238
20
-3.9698486220472442
11
5.9530208267716533
21
-3.9681044094488187
0
LINE
8
BLACK
6
CONTINUOUS
10
5.9530208267716533
20
-3.9681044094488187
11
5.9487717322834648
21
-3.9649684251968504
0
LINE
8
BLACK
6
CONTINUOUS
10
5.9487717322834648
20
-3.9649684251968504
11
5.9456357480314956
21
-3.9607193307086614
0
LINE
8
BLACK
6
CONTINUOUS
10
5.9456357480314956
20
-3.9607193307086614
11
5.943891535433071
21
-3.9557346456692914
0
LINE
8
BLACK
6
CONTINUOUS
10
5.943891535433071
20
-3.9557346456692914
11
5.9435826771653542
21
-3.9524409448818898
0
LINE
8
BLACK
6
CONTINUOUS
10
5.9435826771653542
20
-3.9524409448818898
11
5.9435826771653542
21
-3.9327559055118111
0
LINE
8
BLACK
6
CONTINUOUS
10
5.9435826771653542
20
-3.9327559055118111
11
5.943891535433071
21
-3.9294622047244094
0
LINE
8
BLACK
6
CONTINUOUS
10
5.943891535433071
20
-3.9294622047244094
11
5.9456357480314956
21
-3.9244775196850394
0
LINE
8
BLACK
6
CONTINUOUS
10
5.9456357480314956
20
-3.9244775196850394
11
5.9487717322834648
21
-3.9202284251968504
0
LINE
8
BLACK
6
CONTINUOUS
10
5.9487717322834648
20
-3.9202284251968504
11
5.9530208267716533
21
-3.9170924409448817
0
LINE
8
BLACK
6
CONTINUOUS
10
5.9530208267716533
20
-3.9170924409448817
11
5.9580055118110238
21
-3.9153482283464567
0
LINE
8
BLACK
6
CONTINUOUS
10
5.9580055118110238
20
-3.9153482283464567
11
5.9612992125984254
21
-3.9150393700787403
0
LINE
8
BLACK
6
CONTINUOUS
10
5.9612992125984254
20
-3.9150393700787403
11
5.9987007874015745
21
-3.9150393700787403
0
LINE
8
BLACK
6
CONTINUOUS
10
5.9987007874015745
20
-3.9150393700787403
11
6.0019944881889762
21
-3.9153482283464567
  0
ENDSEC
  0
EOF
