  0
SECTION
  2
HEADER
  9
$ANGBASE
  50
0.0
  9
$ANGDIR
  70
1
  9
$MEASUREMENT
  70
0
  0
ENDSEC
  0
SECTION
  2
TABLES
  0
TABLE
  2
LTYPE
  70
4
  0
LTYPE
  5
40F
  2
CONTINUOUS
  70
0
  3
Solid line
  72
65
  73
0
  40
0.0
  0
LTYPE
  5
410
  2
DASHDOT
 70
0
  3
Dash Dot ____ _ ____ _
 72
65
 73
4
 40
2.0
 49
1.25
 49
-0.25
 49
0.25
 49
-0.25
  0
LTYPE
  5
411
  2
DASHED
 70
0
  3
Dashed __ __ __ __ __
 72
65
 73
2
 40
0.75
 49
0.5
 49
-0.25
  0
LTYPE
  5
43B
  2
DOTTED
 70
0
  3
Dotted .  .  .  .
 72
65
 73
2
 40
0.2
 49
0.0
 49
-0.2
  0
ENDTAB
  0
TABLE
  2
STYLE
  70
4
  0
STYLE
  2
KICAD
  70
0
  40
0
  41
1
  42
1
  50
0
  71
0
  3
isocp.shx
  0
STYLE
  2
KICADB
  70
0
  40
0
  41
1
  42
1
  50
0
  71
0
  3
isocp.shx
  0
STYLE
  2
KICADI
  70
0
  40
0
  41
1
  42
1
  50
15
  71
0
  3
isocp.shx
  0
STYLE
  2
KICADBI
  70
0
  40
0
  41
1
  42
1
  50
15
  71
0
  3
isocp.shx
  0
ENDTAB
  0
TABLE
  2
LAYER
  70
1
  0
LAYER
  2
BLACK
  70
0
  62
7
  6
CONTINUOUS
  0
ENDTAB
  0
ENDSEC
  0
SECTION
  2
ENTITIES
0
LINE
8
BLACK
6
CONTINUOUS
10
4.7210086220472443
20
-4.396241220472441
11
4.7210516535433067
21
-4.3962348425196849
0
LINE
8
BLACK
6
CONTINUOUS
10
4.7210516535433067
20
-4.3962348425196849
11
4.7212671259842516
21
-4.396266692913386
0
LINE
8
BLACK
6
CONTINUOUS
10
4.7212671259842516
20
-4.396266692913386
11
4.7214841732283466
21
-4.3962880708661416
0
LINE
8
BLACK
6
CONTINUOUS
10
4.7214841732283466
20
-4.3962880708661416
11
4.7215243700787397
21
-4.3963046850393699
0
LINE
8
BLACK
6
CONTINUOUS
10
4.7215243700787397
20
-4.3963046850393699
11
4.7216242519685041
21
-4.3963194881889764
0
LINE
8
BLACK
6
CONTINUOUS
10
4.7216242519685041
20
-4.3963194881889764
11
4.7291233070866143
21
-4.398194251968504
0
LINE
8
BLACK
6
CONTINUOUS
10
4.7291233070866143
20
-4.398194251968504
11
4.7291657874015751
21
-4.3982094094488184
0
LINE
8
BLACK
6
CONTINUOUS
10
4.7291657874015751
20
-4.3982094094488184
11
4.7291870472440944
21
-4.3982109448818898
0
LINE
8
BLACK
6
CONTINUOUS
10
4.7291870472440944
20
-4.3982109448818898
11
4.729426456692913
21
-4.3983025590551179
0
LINE
8
BLACK
6
CONTINUOUS
10
4.729426456692913
20
-4.3983025590551179
11
4.7296684251968504
21
-4.3983890157480312
0
LINE
8
BLACK
6
CONTINUOUS
10
4.7296684251968504
20
-4.3983890157480312
11
4.7296855511811025
21
-4.398401692913386
0
LINE
8
BLACK
6
CONTINUOUS
10
4.7296855511811025
20
-4.398401692913386
11
4.7297276771653545
21
-4.3984178346456693
0
LINE
8
BLACK
6
CONTINUOUS
10
4.7297276771653545
20
-4.3984178346456693
11
4.7334772047244096
21
-4.4002925984251968
0
LINE
8
BLACK
6
CONTINUOUS
10
4.7334772047244096
20
-4.4002925984251968
11
4.7337250787401572
21
-4.4004486220472439
0
LINE
8
BLACK
6
CONTINUOUS
10
4.7337250787401572
20
-4.4004486220472439
11
4.7337971259842515
21
-4.4004784645669286
0
LINE
8
BLACK
6
CONTINUOUS
10
4.7337971259842515
20
-4.4004784645669286
11
4.7338781496062987
21
-4.4005449606299214
0
LINE
8
BLACK
6
CONTINUOUS
10
4.7338781496062987
20
-4.4005449606299214
11
4.7339670866141734
21
-4.4006009448818899
0
LINE
8
BLACK
6
CONTINUOUS
10
4.7339670866141734
20
-4.4006009448818899
11
4.7340182283464562
21
-4.4006599212598427
0
LINE
8
BLACK
6
CONTINUOUS
10
4.7340182283464562
20
-4.4006599212598427
11
4.7342445669291333
21
-4.4008456692913382
0
LINE
8
BLACK
6
CONTINUOUS
10
4.7342445669291333
20
-4.4008456692913382
11
4.7361193700787396
21
-4.4027204330708658
0
LINE
8
BLACK
6
CONTINUOUS
10
4.7361193700787396
20
-4.4027204330708658
11
4.736305118110236
21
-4.4029467716535429
0
LINE
8
BLACK
6
CONTINUOUS
10
4.736305118110236
20
-4.4029467716535429
11
4.7363641732283464
21
-4.4029979921259841
0
LINE
8
BLACK
6
CONTINUOUS
10
4.7363641732283464
20
-4.4029979921259841
11
4.7364201574803149
21
-4.4030869291338579
0
LINE
8
BLACK
6
CONTINUOUS
10
4.7364201574803149
20
-4.4030869291338579
11
4.736486614173228
21
-4.4031679133858264
0
LINE
8
BLACK
6
CONTINUOUS
10
4.736486614173228
20
-4.4031679133858264
11
4.7365164173228349
21
-4.4032398425196853
0
LINE
8
BLACK
6
CONTINUOUS
10
4.7365164173228349
20
-4.4032398425196853
11
4.7366725196850394
21
-4.4034878740157479
0
LINE
8
BLACK
6
CONTINUOUS
10
4.7366725196850394
20
-4.4034878740157479
11
4.738547283464567
21
-4.407237401574803
0
LINE
8
BLACK
6
CONTINUOUS
10
4.738547283464567
20
-4.407237401574803
11
4.7387541732283465
21
-4.4077779921259843
0
LINE
8
BLACK
6
CONTINUOUS
10
4.7387541732283465
20
-4.4077779921259843
11
4.7387616929133856
21
-4.4078838582677164
0
LINE
8
BLACK
6
CONTINUOUS
10
4.7387616929133856
20
-4.4078838582677164
11
4.7388022834645671
21
-4.4079818503937007
0
LINE
8
BLACK
6
CONTINUOUS
10
4.7388022834645671
20
-4.4079818503937007
11
4.738859015748031
21
-4.4085579133858266
0
LINE
8
BLACK
6
CONTINUOUS
10
4.738859015748031
20
-4.4085579133858266
11
4.738859015748031
21
-4.4123074409448817
0
LINE
8
BLACK
6
CONTINUOUS
10
4.738859015748031
20
-4.4123074409448817
11
4.7388022834645671
21
-4.4128835039370076
0
LINE
8
BLACK
6
CONTINUOUS
10
4.7388022834645671
20
-4.4128835039370076
11
4.7387616929133856
21
-4.4129814566929131
0
LINE
8
BLACK
6
CONTINUOUS
10
4.7387616929133856
20
-4.4129814566929131
11
4.7387541732283465
21
-4.413087362204724
0
LINE
8
BLACK
6
CONTINUOUS
10
4.7387541732283465
20
-4.413087362204724
11
4.738547283464567
21
-4.4136279527559052
0
LINE
8
BLACK
6
CONTINUOUS
10
4.738547283464567
20
-4.4136279527559052
11
4.7366725196850394
21
-4.4173774803149604
0
LINE
8
BLACK
6
CONTINUOUS
10
4.7366725196850394
20
-4.4173774803149604
11
4.7365164173228349
21
-4.4176254724409452
0
LINE
8
BLACK
6
CONTINUOUS
10
4.7365164173228349
20
-4.4176254724409452
11
4.736486614173228
21
-4.4176974409448819
0
LINE
8
BLACK
6
CONTINUOUS
10
4.736486614173228
20
-4.4176974409448819
11
4.7364201574803149
21
-4.4177783858267716
0
LINE
8
BLACK
6
CONTINUOUS
10
4.7364201574803149
20
-4.4177783858267716
11
4.7363641732283464
21
-4.4178673622047242
0
LINE
8
BLACK
6
CONTINUOUS
10
4.7363641732283464
20
-4.4178673622047242
11
4.736305118110236
21
-4.4179185433070867
0
LINE
8
BLACK
6
CONTINUOUS
10
4.736305118110236
20
-4.4179185433070867
11
4.7361193700787396
21
-4.4181449212598425
0
LINE
8
BLACK
6
CONTINUOUS
10
4.7361193700787396
20
-4.4181449212598425
11
4.7342445669291333
21
-4.42001968503937
0
LINE
8
BLACK
6
CONTINUOUS
10
4.7342445669291333
20
-4.42001968503937
11
4.7340182283464562
21
-4.4202053937007877
0
LINE
8
BLACK
6
CONTINUOUS
10
4.7340182283464562
20
-4.4202053937007877
11
4.7339670866141734
21
-4.4202644094488184
0
LINE
8
BLACK
6
CONTINUOUS
10
4.7339670866141734
20
-4.4202644094488184
11
4.7338781496062987
21
-4.4203203543307081
0
LINE
8
BLACK
6
CONTINUOUS
10
4.7338781496062987
20
-4.4203203543307081
11
4.7337971259842515
21
-4.4203868897637797
0
LINE
8
BLACK
6
CONTINUOUS
10
4.7337971259842515
20
-4.4203868897637797
11
4.7337250787401572
21
-4.4204166929133857
0
LINE
8
BLACK
6
CONTINUOUS
10
4.7337250787401572
20
-4.4204166929133857
11
4.7334772047244096
21
-4.4205727559055115
0
LINE
8
BLACK
6
CONTINUOUS
10
4.7334772047244096
20
-4.4205727559055115
11
4.7297276771653545
21
-4.422447519685039
0
LINE
8
BLACK
6
CONTINUOUS
10
4.7297276771653545
20
-4.422447519685039
11
4.7296855511811025
21
-4.4224636220472444
0
LINE
8
BLACK
6
CONTINUOUS
10
4.7296855511811025
20
-4.4224636220472444
11
4.7296684251968504
21
-4.4224763385826771
0
LINE
8
BLACK
6
CONTINUOUS
10
4.7296684251968504
20
-4.4224763385826771
11
4.729426456692913
21
-4.4225627559055116
0
LINE
8
BLACK
6
CONTINUOUS
10
4.729426456692913
20
-4.4225627559055116
11
4.7291870472440944
21
-4.4226544094488185
0
LINE
8
BLACK
6
CONTINUOUS
10
4.7291870472440944
20
-4.4226544094488185
11
4.7291657874015751
21
-4.4226559055118111
0
LINE
8
BLACK
6
CONTINUOUS
10
4.7291657874015751
20
-4.4226559055118111
11
4.7291233070866143
21
-4.4226711023622043
0
LINE
8
BLACK
6
CONTINUOUS
10
4.7291233070866143
20
-4.4226711023622043
11
4.7216242519685041
21
-4.4245458661417318
0
LINE
8
BLACK
6
CONTINUOUS
10
4.7216242519685041
20
-4.4245458661417318
11
4.7215243700787397
21
-4.4245606299212596
0
LINE
8
BLACK
6
CONTINUOUS
10
4.7215243700787397
20
-4.4245606299212596
11
4.7214841732283466
21
-4.4245772834645667
0
LINE
8
BLACK
6
CONTINUOUS
10
4.7214841732283466
20
-4.4245772834645667
11
4.7212671259842516
21
-4.4245986220472444
0
LINE
8
BLACK
6
CONTINUOUS
10
4.7212671259842516
20
-4.4245986220472444
11
4.7210516535433067
21
-4.4246305118110234
0
LINE
8
BLACK
6
CONTINUOUS
10
4.7210516535433067
20
-4.4246305118110234
11
4.7210086220472443
21
-4.4246240944881885
0
LINE
8
BLACK
6
CONTINUOUS
10
4.7210086220472443
20
-4.4246240944881885
11
4.7209081102362207
21
-4.4246340157480315
0
LINE
8
BLACK
6
CONTINUOUS
10
4.7209081102362207
20
-4.4246340157480315
11
4.7115342913385829
21
-4.4246340157480315
0
LINE
8
BLACK
6
CONTINUOUS
10
4.7115342913385829
20
-4.4246340157480315
11
4.7114337401574806
21
-4.4246240944881885
0
LINE
8
BLACK
6
CONTINUOUS
10
4.7114337401574806
20
-4.4246240944881885
11
4.711390748031496
21
-4.4246305118110234
0
LINE
8
BLACK
6
CONTINUOUS
10
4.711390748031496
20
-4.4246305118110234
11
4.7111752362204724
21
-4.4245986220472444
0
LINE
8
BLACK
6
CONTINUOUS
10
4.7111752362204724
20
-4.4245986220472444
11
4.7109582283464562
21
-4.4245772834645667
0
LINE
8
BLACK
6
CONTINUOUS
10
4.7109582283464562
20
-4.4245772834645667
11
4.7109179921259843
21
-4.4245606299212596
0
LINE
8
BLACK
6
CONTINUOUS
10
4.7109179921259843
20
-4.4245606299212596
11
4.7108181496062995
21
-4.4245458661417318
0
LINE
8
BLACK
6
CONTINUOUS
10
4.7108181496062995
20
-4.4245458661417318
11
4.7033190944881893
21
-4.4226711023622043
0
LINE
8
BLACK
6
CONTINUOUS
10
4.7033190944881893
20
-4.4226711023622043
11
4.7032765748031498
21
-4.4226559055118111
0
LINE
8
BLACK
6
CONTINUOUS
10
4.7032765748031498
20
-4.4226559055118111
11
4.7032553149606295
21
-4.4226544094488185
0
LINE
8
BLACK
6
CONTINUOUS
10
4.7032553149606295
20
-4.4226544094488185
11
4.7030155511811023
21
-4.4225626377952754
0
LINE
8
BLACK
6
CONTINUOUS
10
4.7030155511811023
20
-4.4225626377952754
11
4.7027739763779524
21
-4.4224763385826771
0
LINE
8
BLACK
6
CONTINUOUS
10
4.7027739763779524
20
-4.4224763385826771
11
4.7027568110236215
21
-4.4224636220472444
0
LINE
8
BLACK
6
CONTINUOUS
10
4.7027568110236215
20
-4.4224636220472444
11
4.7027147244094492
21
-4.422447519685039
0
LINE
8
BLACK
6
CONTINUOUS
10
4.7027147244094492
20
-4.422447519685039
11
4.6989651968503932
21
-4.4205727559055115
0
LINE
8
BLACK
6
CONTINUOUS
10
4.6989651968503932
20
-4.4205727559055115
11
4.6987171653543305
21
-4.4204166535433069
0
LINE
8
BLACK
6
CONTINUOUS
10
4.6987171653543305
20
-4.4204166535433069
11
4.6986452362204725
21
-4.4203868503937009
0
LINE
8
BLACK
6
CONTINUOUS
10
4.6986452362204725
20
-4.4203868503937009
11
4.698564251968504
21
-4.4203203543307081
0
LINE
8
BLACK
6
CONTINUOUS
10
4.698564251968504
20
-4.4203203543307081
11
4.6984753149606302
21
-4.4202644094488184
0
LINE
8
BLACK
6
CONTINUOUS
10
4.6984753149606302
20
-4.4202644094488184
11
4.6984241338582677
21
-4.4202053937007877
0
LINE
8
BLACK
6
CONTINUOUS
10
4.6984241338582677
20
-4.4202053937007877
11
4.6981977952755907
21
-4.4200196456692913
0
LINE
8
BLACK
6
CONTINUOUS
10
4.6981977952755907
20
-4.4200196456692913
11
4.6963230314960631
21
-4.4181448818897637
0
LINE
8
BLACK
6
CONTINUOUS
10
4.6963230314960631
20
-4.4181448818897637
11
4.696137244094488
21
-4.4179185039370079
0
LINE
8
BLACK
6
CONTINUOUS
10
4.696137244094488
20
-4.4179185039370079
11
4.6960782677165351
21
-4.4178673622047242
0
LINE
8
BLACK
6
CONTINUOUS
10
4.6960782677165351
20
-4.4178673622047242
11
4.6960222834645666
21
-4.4177783858267716
0
LINE
8
BLACK
6
CONTINUOUS
10
4.6960222834645666
20
-4.4177783858267716
11
4.6959558267716535
21
-4.4176974409448819
0
LINE
8
BLACK
6
CONTINUOUS
10
4.6959558267716535
20
-4.4176974409448819
11
4.6959259842519687
21
-4.4176254724409452
0
LINE
8
BLACK
6
CONTINUOUS
10
4.6959259842519687
20
-4.4176254724409452
11
4.6957699212598421
21
-4.4173774803149604
0
LINE
8
BLACK
6
CONTINUOUS
10
4.6957699212598421
20
-4.4173774803149604
11
4.6938951574803145
21
-4.4136279527559052
0
LINE
8
BLACK
6
CONTINUOUS
10
4.6938951574803145
20
-4.4136279527559052
11
4.693688267716535
21
-4.4130873228346452
0
LINE
8
BLACK
6
CONTINUOUS
10
4.693688267716535
20
-4.4130873228346452
11
4.6936807480314959
21
-4.4129814960629918
0
LINE
8
BLACK
6
CONTINUOUS
10
4.6936807480314959
20
-4.4129814960629918
11
4.6936401574803153
21
-4.4128835039370076
0
LINE
8
BLACK
6
CONTINUOUS
10
4.6936401574803153
20
-4.4128835039370076
11
4.6935834251968505
21
-4.4123074409448817
0
LINE
8
BLACK
6
CONTINUOUS
10
4.6935834251968505
20
-4.4123074409448817
11
4.6935834251968505
21
-4.4085579133858266
0
LINE
8
BLACK
6
CONTINUOUS
10
4.6935834251968505
20
-4.4085579133858266
11
4.6936401574803153
21
-4.4079818503937007
0
LINE
8
BLACK
6
CONTINUOUS
10
4.6936401574803153
20
-4.4079818503937007
11
4.6936807480314959
21
-4.4078838188976377
0
LINE
8
BLACK
6
CONTINUOUS
10
4.6936807480314959
20
-4.4078838188976377
11
4.693688267716535
21
-4.4077780314960631
0
LINE
8
BLACK
6
CONTINUOUS
10
4.693688267716535
20
-4.4077780314960631
11
4.6938951574803145
21
-4.407237401574803
0
LINE
8
BLACK
6
CONTINUOUS
10
4.6938951574803145
20
-4.407237401574803
11
4.6957699212598421
21
-4.4034878740157479
0
LINE
8
BLACK
6
CONTINUOUS
10
4.6957699212598421
20
-4.4034878740157479
11
4.6959259842519687
21
-4.4032398425196853
0
LINE
8
BLACK
6
CONTINUOUS
10
4.6959259842519687
20
-4.4032398425196853
11
4.6959558267716535
21
-4.4031679133858264
0
LINE
8
BLACK
6
CONTINUOUS
10
4.6959558267716535
20
-4.4031679133858264
11
4.6960222834645666
21
-4.4030869291338579
0
LINE
8
BLACK
6
CONTINUOUS
10
4.6960222834645666
20
-4.4030869291338579
11
4.6960782677165351
21
-4.4029979921259841
0
LINE
8
BLACK
6
CONTINUOUS
10
4.6960782677165351
20
-4.4029979921259841
11
4.696137244094488
21
-4.4029468110236216
0
LINE
8
BLACK
6
CONTINUOUS
10
4.696137244094488
20
-4.4029468110236216
11
4.6963230314960631
21
-4.4027204724409446
0
LINE
8
BLACK
6
CONTINUOUS
10
4.6963230314960631
20
-4.4027204724409446
11
4.6981977952755907
21
-4.400845708661417
0
LINE
8
BLACK
6
CONTINUOUS
10
4.6981977952755907
20
-4.400845708661417
11
4.6984241338582677
21
-4.4006599212598427
0
LINE
8
BLACK
6
CONTINUOUS
10
4.6984241338582677
20
-4.4006599212598427
11
4.6984753149606302
21
-4.4006009448818899
0
LINE
8
BLACK
6
CONTINUOUS
10
4.6984753149606302
20
-4.4006009448818899
11
4.698564251968504
21
-4.4005449606299214
0
LINE
8
BLACK
6
CONTINUOUS
10
4.698564251968504
20
-4.4005449606299214
11
4.6986452362204725
21
-4.4004785039370073
0
LINE
8
BLACK
6
CONTINUOUS
10
4.6986452362204725
20
-4.4004785039370073
11
4.6987171653543305
21
-4.4004486614173226
0
LINE
8
BLACK
6
CONTINUOUS
10
4.6987171653543305
20
-4.4004486614173226
11
4.6989651968503932
21
-4.4002925984251968
0
LINE
8
BLACK
6
CONTINUOUS
10
4.6989651968503932
20
-4.4002925984251968
11
4.7027147244094492
21
-4.3984178346456693
0
LINE
8
BLACK
6
CONTINUOUS
10
4.7027147244094492
20
-4.3984178346456693
11
4.7027568110236215
21
-4.398401692913386
0
LINE
8
BLACK
6
CONTINUOUS
10
4.7027568110236215
20
-4.398401692913386
11
4.7027739763779524
21
-4.3983890157480312
0
LINE
8
BLACK
6
CONTINUOUS
10
4.7027739763779524
20
-4.3983890157480312
11
4.7030155511811023
21
-4.3983026771653542
0
LINE
8
BLACK
6
CONTINUOUS
10
4.7030155511811023
20
-4.3983026771653542
11
4.7032553149606295
21
-4.3982109448818898
0
LINE
8
BLACK
6
CONTINUOUS
10
4.7032553149606295
20
-4.3982109448818898
11
4.7032765748031498
21
-4.3982094094488184
0
LINE
8
BLACK
6
CONTINUOUS
10
4.7032765748031498
20
-4.3982094094488184
11
4.7033190944881893
21
-4.398194251968504
0
LINE
8
BLACK
6
CONTINUOUS
10
4.7033190944881893
20
-4.398194251968504
11
4.7108181496062995
21
-4.3963194881889764
0
LINE
8
BLACK
6
CONTINUOUS
10
4.7108181496062995
20
-4.3963194881889764
11
4.7109179921259843
21
-4.3963046850393699
0
LINE
8
BLACK
6
CONTINUOUS
10
4.7109179921259843
20
-4.3963046850393699
11
4.7109582283464562
21
-4.3962880708661416
0
LINE
8
BLACK
6
CONTINUOUS
10
4.7109582283464562
20
-4.3962880708661416
11
4.7111752362204724
21
-4.396266692913386
0
LINE
8
BLACK
6
CONTINUOUS
10
4.7111752362204724
20
-4.396266692913386
11
4.711390748031496
21
-4.3962348425196849
0
LINE
8
BLACK
6
CONTINUOUS
10
4.711390748031496
20
-4.3962348425196849
11
4.7114337401574806
21
-4.396241220472441
0
LINE
8
BLACK
6
CONTINUOUS
10
4.7114337401574806
20
-4.396241220472441
11
4.7115342913385829
21
-4.3962313385826768
0
LINE
8
BLACK
6
CONTINUOUS
10
4.7115342913385829
20
-4.3962313385826768
11
4.7209081102362207
21
-4.3962313385826768
0
LINE
8
BLACK
6
CONTINUOUS
10
4.7209081102362207
20
-4.3962313385826768
11
4.7210086220472443
21
-4.396241220472441
0
LINE
8
BLACK
6
CONTINUOUS
10
4.7050657874015744
20
-4.4038448425196846
11
4.7020348031496058
21
-4.4053603543307087
0
LINE
8
BLACK
6
CONTINUOUS
10
4.7020348031496058
20
-4.4053603543307087
11
4.7008376771653539
21
-4.4065574803149605
0
LINE
8
BLACK
6
CONTINUOUS
10
4.7008376771653539
20
-4.4065574803149605
11
4.6994889370078736
21
-4.4092549606299212
0
LINE
8
BLACK
6
CONTINUOUS
10
4.6994889370078736
20
-4.4092549606299212
11
4.6994889370078736
21
-4.4116103937007871
0
LINE
8
BLACK
6
CONTINUOUS
10
4.6994889370078736
20
-4.4116103937007871
11
4.7008376771653539
21
-4.4143078740157478
0
LINE
8
BLACK
6
CONTINUOUS
10
4.7008376771653539
20
-4.4143078740157478
11
4.7020348031496058
21
-4.4155049999999996
0
LINE
8
BLACK
6
CONTINUOUS
10
4.7020348031496058
20
-4.4155049999999996
11
4.7050657874015744
21
-4.417020472440945
0
LINE
8
BLACK
6
CONTINUOUS
10
4.7050657874015744
20
-4.417020472440945
11
4.7118978346456695
21
-4.4187285039370074
0
LINE
8
BLACK
6
CONTINUOUS
10
4.7118978346456695
20
-4.4187285039370074
11
4.7205445669291342
21
-4.4187285039370074
0
LINE
8
BLACK
6
CONTINUOUS
10
4.7205445669291342
20
-4.4187285039370074
11
4.7273766141732283
21
-4.417020472440945
0
LINE
8
BLACK
6
CONTINUOUS
10
4.7273766141732283
20
-4.417020472440945
11
4.730407598425197
21
-4.4155049606299208
0
LINE
8
BLACK
6
CONTINUOUS
10
4.730407598425197
20
-4.4155049606299208
11
4.7316047637795275
21
-4.414307834645669
0
LINE
8
BLACK
6
CONTINUOUS
10
4.7316047637795275
20
-4.414307834645669
11
4.7329535039370079
21
-4.4116103937007871
0
LINE
8
BLACK
6
CONTINUOUS
10
4.7329535039370079
20
-4.4116103937007871
11
4.7329535039370079
21
-4.4092549606299212
0
LINE
8
BLACK
6
CONTINUOUS
10
4.7329535039370079
20
-4.4092549606299212
11
4.7316047637795275
21
-4.4065574803149605
0
LINE
8
BLACK
6
CONTINUOUS
10
4.7316047637795275
20
-4.4065574803149605
11
4.730407598425197
21
-4.4053603543307087
0
LINE
8
BLACK
6
CONTINUOUS
10
4.730407598425197
20
-4.4053603543307087
11
4.7273766141732283
21
-4.4038448425196846
0
LINE
8
BLACK
6
CONTINUOUS
10
4.7273766141732283
20
-4.4038448425196846
11
4.7205445669291342
21
-4.4021368503937008
0
LINE
8
BLACK
6
CONTINUOUS
10
4.7205445669291342
20
-4.4021368503937008
11
4.7118978346456695
21
-4.4021368503937008
0
LINE
8
BLACK
6
CONTINUOUS
10
4.7118978346456695
20
-4.4021368503937008
11
4.7050657874015744
21
-4.4038448425196846
0
LINE
8
BLACK
6
CONTINUOUS
10
4.8955467322834645
20
-4.387854212598425
11
4.8963614173228347
21
-4.3886688582677165
0
LINE
8
BLACK
6
CONTINUOUS
10
4.8963614173228347
20
-4.3886688582677165
11
4.8966178740157478
21
-4.3892880708661419
0
LINE
8
BLACK
6
CONTINUOUS
10
4.8966178740157478
20
-4.3892880708661419
11
4.8968022834645666
21
-4.3897332677165357
0
LINE
8
BLACK
6
CONTINUOUS
10
4.8968022834645666
20
-4.3897332677165357
11
4.8968590157480314
21
-4.3903093307086616
0
LINE
8
BLACK
6
CONTINUOUS
10
4.8968590157480314
20
-4.3903093307086616
11
4.8968590157480314
21
-4.4146812598425198
0
LINE
8
BLACK
6
CONTINUOUS
10
4.8968590157480314
20
-4.4146812598425198
11
4.8968022834645666
21
-4.4152573228346457
0
LINE
8
BLACK
6
CONTINUOUS
10
4.8968022834645666
20
-4.4152573228346457
11
4.8963613779527559
21
-4.416321732283464
0
LINE
8
BLACK
6
CONTINUOUS
10
4.8963613779527559
20
-4.416321732283464
11
4.8955467322834645
21
-4.4171363779527555
0
LINE
8
BLACK
6
CONTINUOUS
10
4.8955467322834645
20
-4.4171363779527555
11
4.8944823228346452
21
-4.417577283464567
0
LINE
8
BLACK
6
CONTINUOUS
10
4.8944823228346452
20
-4.417577283464567
11
4.8933301968503935
21
-4.417577283464567
0
LINE
8
BLACK
6
CONTINUOUS
10
4.8933301968503935
20
-4.417577283464567
11
4.8922657874015743
21
-4.4171363779527555
0
LINE
8
BLACK
6
CONTINUOUS
10
4.8922657874015743
20
-4.4171363779527555
11
4.8914511417322837
21
-4.416321732283464
0
LINE
8
BLACK
6
CONTINUOUS
10
4.8914511417322837
20
-4.416321732283464
11
4.8910102362204722
21
-4.4152573228346457
0
LINE
8
BLACK
6
CONTINUOUS
10
4.8910102362204722
20
-4.4152573228346457
11
4.8909535039370073
21
-4.4146812598425198
0
LINE
8
BLACK
6
CONTINUOUS
10
4.8909535039370073
20
-4.4146812598425198
11
4.8909535039370073
21
-4.3974378740157478
0
LINE
8
BLACK
6
CONTINUOUS
10
4.8909535039370073
20
-4.3974378740157478
11
4.8734969685039369
21
-4.4148944094488192
0
LINE
8
BLACK
6
CONTINUOUS
10
4.8734969685039369
20
-4.4148944094488192
11
4.8730495275590551
21
-4.4152616141732279
0
LINE
8
BLACK
6
CONTINUOUS
10
4.8730495275590551
20
-4.4152616141732279
11
4.8729514566929133
21
-4.4153022047244095
0
LINE
8
BLACK
6
CONTINUOUS
10
4.8729514566929133
20
-4.4153022047244095
11
4.8728713385826774
21
-4.4153717322834645
0
LINE
8
BLACK
6
CONTINUOUS
10
4.8728713385826774
20
-4.4153717322834645
11
4.87234279527559
21
-4.4156077165354333
0
LINE
8
BLACK
6
CONTINUOUS
10
4.87234279527559
20
-4.4156077165354333
11
4.8667185039370073
21
-4.4174824803149608
0
LINE
8
BLACK
6
CONTINUOUS
10
4.8667185039370073
20
-4.4174824803149608
11
4.8664329133858271
21
-4.4175474015748026
0
LINE
8
BLACK
6
CONTINUOUS
10
4.8664329133858271
20
-4.4175474015748026
11
4.8663608267716532
21
-4.417577283464567
0
LINE
8
BLACK
6
CONTINUOUS
10
4.8663608267716532
20
-4.417577283464567
11
4.8662562992125986
21
-4.4175875590551179
0
LINE
8
BLACK
6
CONTINUOUS
10
4.8662562992125986
20
-4.4175875590551179
11
4.8661540551181099
21
-4.4176108267716536
0
LINE
8
BLACK
6
CONTINUOUS
10
4.8661540551181099
20
-4.4176108267716536
11
4.8660762992125983
21
-4.4176052755905513
0
LINE
8
BLACK
6
CONTINUOUS
10
4.8660762992125983
20
-4.4176052755905513
11
4.8657847637795273
21
-4.4176340157480318
0
LINE
8
BLACK
6
CONTINUOUS
10
4.8657847637795273
20
-4.4176340157480318
11
4.8620352362204722
21
-4.4176340157480318
0
LINE
8
BLACK
6
CONTINUOUS
10
4.8620352362204722
20
-4.4176340157480318
11
4.8614591732283463
21
-4.417577283464567
0
LINE
8
BLACK
6
CONTINUOUS
10
4.8614591732283463
20
-4.417577283464567
11
4.861361181102362
21
-4.4175366929133855
0
LINE
8
BLACK
6
CONTINUOUS
10
4.861361181102362
20
-4.4175366929133855
11
4.8612553149606299
21
-4.4175291732283464
0
LINE
8
BLACK
6
CONTINUOUS
10
4.8612553149606299
20
-4.4175291732283464
11
4.8607147244094486
21
-4.4173222834645669
0
LINE
8
BLACK
6
CONTINUOUS
10
4.8607147244094486
20
-4.4173222834645669
11
4.8569651968503935
21
-4.4154475196850393
0
LINE
8
BLACK
6
CONTINUOUS
10
4.8569651968503935
20
-4.4154475196850393
11
4.8567171653543308
21
-4.4152914173228348
0
LINE
8
BLACK
6
CONTINUOUS
10
4.8567171653543308
20
-4.4152914173228348
11
4.856645236220472
21
-4.4152616141732279
0
LINE
8
BLACK
6
CONTINUOUS
10
4.856645236220472
20
-4.4152616141732279
11
4.8565642519685035
21
-4.415195118110236
0
LINE
8
BLACK
6
CONTINUOUS
10
4.8565642519685035
20
-4.415195118110236
11
4.8564753149606297
21
-4.4151391732283463
0
LINE
8
BLACK
6
CONTINUOUS
10
4.8564753149606297
20
-4.4151391732283463
11
4.8564241338582672
21
-4.4150801574803147
0
LINE
8
BLACK
6
CONTINUOUS
10
4.8564241338582672
20
-4.4150801574803147
11
4.8561977952755901
21
-4.4148944094488192
0
LINE
8
BLACK
6
CONTINUOUS
10
4.8561977952755901
20
-4.4148944094488192
11
4.8543230314960626
21
-4.4130196456692916
0
LINE
8
BLACK
6
CONTINUOUS
10
4.8543230314960626
20
-4.4130196456692916
11
4.8541372440944883
21
-4.4127932677165349
0
LINE
8
BLACK
6
CONTINUOUS
10
4.8541372440944883
20
-4.4127932677165349
11
4.8540782677165355
21
-4.4127421259842521
0
LINE
8
BLACK
6
CONTINUOUS
10
4.8540782677165355
20
-4.4127421259842521
11
4.854022283464567
21
-4.4126531496062995
0
LINE
8
BLACK
6
CONTINUOUS
10
4.854022283464567
20
-4.4126531496062995
11
4.8539558267716538
21
-4.4125722047244089
0
LINE
8
BLACK
6
CONTINUOUS
10
4.8539558267716538
20
-4.4125722047244089
11
4.8539259842519682
21
-4.4125002362204722
0
LINE
8
BLACK
6
CONTINUOUS
10
4.8539259842519682
20
-4.4125002362204722
11
4.8537699212598424
21
-4.4122522440944882
0
LINE
8
BLACK
6
CONTINUOUS
10
4.8537699212598424
20
-4.4122522440944882
11
4.8518951574803149
21
-4.4085027165354331
0
LINE
8
BLACK
6
CONTINUOUS
10
4.8518951574803149
20
-4.4085027165354331
11
4.8516882677165354
21
-4.4079620866141731
0
LINE
8
BLACK
6
CONTINUOUS
10
4.8516882677165354
20
-4.4079620866141731
11
4.8516807480314963
21
-4.4078562598425197
0
LINE
8
BLACK
6
CONTINUOUS
10
4.8516807480314963
20
-4.4078562598425197
11
4.8516401574803147
21
-4.4077582677165354
0
LINE
8
BLACK
6
CONTINUOUS
10
4.8516401574803147
20
-4.4077582677165354
11
4.8515834251968499
21
-4.4071822047244096
0
LINE
8
BLACK
6
CONTINUOUS
10
4.8515834251968499
20
-4.4071822047244096
11
4.8515834251968499
21
-4.3978083858267718
0
LINE
8
BLACK
6
CONTINUOUS
10
4.8515834251968499
20
-4.3978083858267718
11
4.8516401574803147
21
-4.3972323228346459
0
LINE
8
BLACK
6
CONTINUOUS
10
4.8516401574803147
20
-4.3972323228346459
11
4.8516807480314963
21
-4.3971342913385829
0
LINE
8
BLACK
6
CONTINUOUS
10
4.8516807480314963
20
-4.3971342913385829
11
4.8516882677165354
21
-4.3970285039370074
0
LINE
8
BLACK
6
CONTINUOUS
10
4.8516882677165354
20
-4.3970285039370074
11
4.8518951574803149
21
-4.3964878740157483
0
LINE
8
BLACK
6
CONTINUOUS
10
4.8518951574803149
20
-4.3964878740157483
11
4.8537699212598424
21
-4.3927383464566931
0
LINE
8
BLACK
6
CONTINUOUS
10
4.8537699212598424
20
-4.3927383464566931
11
4.8539259842519682
21
-4.3924903149606296
0
LINE
8
BLACK
6
CONTINUOUS
10
4.8539259842519682
20
-4.3924903149606296
11
4.8539558267716538
21
-4.3924183858267716
0
LINE
8
BLACK
6
CONTINUOUS
10
4.8539558267716538
20
-4.3924183858267716
11
4.854022283464567
21
-4.3923374015748031
0
LINE
8
BLACK
6
CONTINUOUS
10
4.854022283464567
20
-4.3923374015748031
11
4.8540782677165355
21
-4.3922484645669293
0
LINE
8
BLACK
6
CONTINUOUS
10
4.8540782677165355
20
-4.3922484645669293
11
4.8541372440944883
21
-4.3921972834645668
0
LINE
8
BLACK
6
CONTINUOUS
10
4.8541372440944883
20
-4.3921972834645668
11
4.8543230314960626
21
-4.3919709448818898
0
LINE
8
BLACK
6
CONTINUOUS
10
4.8543230314960626
20
-4.3919709448818898
11
4.8561977952755901
21
-4.3900961811023622
0
LINE
8
BLACK
6
CONTINUOUS
10
4.8561977952755901
20
-4.3900961811023622
11
4.856645236220472
21
-4.3897289763779526
0
LINE
8
BLACK
6
CONTINUOUS
10
4.856645236220472
20
-4.3897289763779526
11
4.8577096456692912
21
-4.3892880708661419
0
LINE
8
BLACK
6
CONTINUOUS
10
4.8577096456692912
20
-4.3892880708661419
11
4.8588617322834642
21
-4.3892880708661419
0
LINE
8
BLACK
6
CONTINUOUS
10
4.8588617322834642
20
-4.3892880708661419
11
4.8599261417322834
21
-4.3897289763779526
0
LINE
8
BLACK
6
CONTINUOUS
10
4.8599261417322834
20
-4.3897289763779526
11
4.8607408267716536
21
-4.3905436614173228
0
LINE
8
BLACK
6
CONTINUOUS
10
4.8607408267716536
20
-4.3905436614173228
11
4.8611817322834643
21
-4.391608070866142
0
LINE
8
BLACK
6
CONTINUOUS
10
4.8611817322834643
20
-4.391608070866142
11
4.8611817322834643
21
-4.392760157480315
0
LINE
8
BLACK
6
CONTINUOUS
10
4.8611817322834643
20
-4.392760157480315
11
4.8607408267716536
21
-4.3938245669291334
0
LINE
8
BLACK
6
CONTINUOUS
10
4.8607408267716536
20
-4.3938245669291334
11
4.860373622047244
21
-4.3942720078740161
0
LINE
8
BLACK
6
CONTINUOUS
10
4.860373622047244
20
-4.3942720078740161
11
4.8588376771653543
21
-4.3958079527559057
0
LINE
8
BLACK
6
CONTINUOUS
10
4.8588376771653543
20
-4.3958079527559057
11
4.857488937007874
21
-4.3985054330708664
0
LINE
8
BLACK
6
CONTINUOUS
10
4.857488937007874
20
-4.3985054330708664
11
4.857488937007874
21
-4.406485157480315
0
LINE
8
BLACK
6
CONTINUOUS
10
4.857488937007874
20
-4.406485157480315
11
4.8588376771653543
21
-4.4091826377952756
0
LINE
8
BLACK
6
CONTINUOUS
10
4.8588376771653543
20
-4.4091826377952756
11
4.8600348031496061
21
-4.4103797637795275
0
LINE
8
BLACK
6
CONTINUOUS
10
4.8600348031496061
20
-4.4103797637795275
11
4.8627322834645668
21
-4.4117285039370078
0
LINE
8
BLACK
6
CONTINUOUS
10
4.8627322834645668
20
-4.4117285039370078
11
4.8653056299212594
21
-4.4117285039370078
0
LINE
8
BLACK
6
CONTINUOUS
10
4.8653056299212594
20
-4.4117285039370078
11
4.8698140157480312
21
-4.4102256692913384
0
LINE
8
BLACK
6
CONTINUOUS
10
4.8698140157480312
20
-4.4102256692913384
11
4.8918183464566924
21
-4.3882214173228347
0
LINE
8
BLACK
6
CONTINUOUS
10
4.8918183464566924
20
-4.3882214173228347
11
4.8922657874015743
21
-4.3878541732283463
0
LINE
8
BLACK
6
CONTINUOUS
10
4.8922657874015743
20
-4.3878541732283463
11
4.8930184251968507
21
-4.3875424015748035
0
LINE
8
BLACK
6
CONTINUOUS
10
4.8930184251968507
20
-4.3875424015748035
11
4.8933301968503935
21
-4.3874133070866144
0
LINE
8
BLACK
6
CONTINUOUS
10
4.8933301968503935
20
-4.3874133070866144
11
4.8944823228346452
21
-4.3874133070866144
0
LINE
8
BLACK
6
CONTINUOUS
10
4.8944823228346452
20
-4.3874133070866144
11
4.8955467322834645
21
-4.387854212598425
0
LINE
8
BLACK
6
CONTINUOUS
10
4.9655779133858271
20
-4.3456401574803145
11
4.9656759055118105
21
-4.3456807480314961
0
LINE
8
BLACK
6
CONTINUOUS
10
4.9656759055118105
20
-4.3456807480314961
11
4.9657817322834648
21
-4.3456882677165352
0
LINE
8
BLACK
6
CONTINUOUS
10
4.9657817322834648
20
-4.3456882677165352
11
4.9663223622047239
21
-4.3458951574803146
0
LINE
8
BLACK
6
CONTINUOUS
10
4.9663223622047239
20
-4.3458951574803146
11
4.970071889763779
21
-4.3477699212598422
0
LINE
8
BLACK
6
CONTINUOUS
10
4.970071889763779
20
-4.3477699212598422
11
4.9703198818897638
21
-4.347925984251968
0
LINE
8
BLACK
6
CONTINUOUS
10
4.9703198818897638
20
-4.347925984251968
11
4.9703918503937006
21
-4.3479558267716536
0
LINE
8
BLACK
6
CONTINUOUS
10
4.9703918503937006
20
-4.3479558267716536
11
4.9704727952755903
21
-4.3480222834645668
0
LINE
8
BLACK
6
CONTINUOUS
10
4.9704727952755903
20
-4.3480222834645668
11
4.9705617716535428
21
-4.3480782677165353
0
LINE
8
BLACK
6
CONTINUOUS
10
4.9705617716535428
20
-4.3480782677165353
11
4.9706129133858266
21
-4.3481372440944881
0
LINE
8
BLACK
6
CONTINUOUS
10
4.9706129133858266
20
-4.3481372440944881
11
4.9708392913385824
21
-4.3483230314960633
0
LINE
8
BLACK
6
CONTINUOUS
10
4.9708392913385824
20
-4.3483230314960633
11
4.9727140551181099
21
-4.3501977952755908
0
LINE
8
BLACK
6
CONTINUOUS
10
4.9727140551181099
20
-4.3501977952755908
11
4.9730812598425196
21
-4.3506452362204726
0
LINE
8
BLACK
6
CONTINUOUS
10
4.9730812598425196
20
-4.3506452362204726
11
4.9735221653543302
21
-4.351709645669291
0
LINE
8
BLACK
6
CONTINUOUS
10
4.9735221653543302
20
-4.351709645669291
11
4.9735221653543302
21
-4.3528617322834648
0
LINE
8
BLACK
6
CONTINUOUS
10
4.9735221653543302
20
-4.3528617322834648
11
4.9730812598425196
21
-4.3539261417322832
0
LINE
8
BLACK
6
CONTINUOUS
10
4.9730812598425196
20
-4.3539261417322832
11
4.9722665748031494
21
-4.3547408267716534
0
LINE
8
BLACK
6
CONTINUOUS
10
4.9722665748031494
20
-4.3547408267716534
11
4.971202165354331
21
-4.3551817322834641
0
LINE
8
BLACK
6
CONTINUOUS
10
4.971202165354331
20
-4.3551817322834641
11
4.9700500787401571
21
-4.3551817322834641
0
LINE
8
BLACK
6
CONTINUOUS
10
4.9700500787401571
20
-4.3551817322834641
11
4.9689856692913388
21
-4.3547408267716534
0
LINE
8
BLACK
6
CONTINUOUS
10
4.9689856692913388
20
-4.3547408267716534
11
4.968538228346457
21
-4.3543736220472438
0
LINE
8
BLACK
6
CONTINUOUS
10
4.968538228346457
20
-4.3543736220472438
11
4.9670022834645664
21
-4.3528376771653541
0
LINE
8
BLACK
6
CONTINUOUS
10
4.9670022834645664
20
-4.3528376771653541
11
4.9643048031496058
21
-4.3514889370078738
0
LINE
8
BLACK
6
CONTINUOUS
10
4.9643048031496058
20
-4.3514889370078738
11
4.9563250787401572
21
-4.3514889370078738
0
LINE
8
BLACK
6
CONTINUOUS
10
4.9563250787401572
20
-4.3514889370078738
11
4.9536275984251965
21
-4.3528376771653541
0
LINE
8
BLACK
6
CONTINUOUS
10
4.9536275984251965
20
-4.3528376771653541
11
4.9524304724409447
21
-4.3540348031496059
0
LINE
8
BLACK
6
CONTINUOUS
10
4.9524304724409447
20
-4.3540348031496059
11
4.9510817322834644
21
-4.3567322834645665
0
LINE
8
BLACK
6
CONTINUOUS
10
4.9510817322834644
20
-4.3567322834645665
11
4.9510817322834644
21
-4.3593055905511813
0
LINE
8
BLACK
6
CONTINUOUS
10
4.9510817322834644
20
-4.3593055905511813
11
4.952584527559055
21
-4.363814015748031
0
LINE
8
BLACK
6
CONTINUOUS
10
4.952584527559055
20
-4.363814015748031
11
4.9745888188976375
21
-4.3858183464566931
0
LINE
8
BLACK
6
CONTINUOUS
10
4.9745888188976375
20
-4.3858183464566931
11
4.9749560629921259
21
-4.3862657874015749
0
LINE
8
BLACK
6
CONTINUOUS
10
4.9749560629921259
20
-4.3862657874015749
11
4.9753969291338578
21
-4.387330236220472
0
LINE
8
BLACK
6
CONTINUOUS
10
4.9753969291338578
20
-4.387330236220472
11
4.9753969291338578
21
-4.3884823228346459
0
LINE
8
BLACK
6
CONTINUOUS
10
4.9753969291338578
20
-4.3884823228346459
11
4.9749560236220471
21
-4.3895467322834643
0
LINE
8
BLACK
6
CONTINUOUS
10
4.9749560236220471
20
-4.3895467322834643
11
4.9741413779527557
21
-4.3903614173228345
0
LINE
8
BLACK
6
CONTINUOUS
10
4.9741413779527557
20
-4.3903614173228345
11
4.9733887007874014
21
-4.3906731496062994
0
LINE
8
BLACK
6
CONTINUOUS
10
4.9733887007874014
20
-4.3906731496062994
11
4.9730769685039373
21
-4.3908022834645672
0
LINE
8
BLACK
6
CONTINUOUS
10
4.9730769685039373
20
-4.3908022834645672
11
4.9725009055118106
21
-4.3908590157480312
0
LINE
8
BLACK
6
CONTINUOUS
10
4.9725009055118106
20
-4.3908590157480312
11
4.9481289763779523
21
-4.3908590157480312
0
LINE
8
BLACK
6
CONTINUOUS
10
4.9481289763779523
20
-4.3908590157480312
11
4.9475529133858265
21
-4.3908022834645672
0
LINE
8
BLACK
6
CONTINUOUS
10
4.9475529133858265
20
-4.3908022834645672
11
4.9464885039370081
21
-4.3903613779527557
0
LINE
8
BLACK
6
CONTINUOUS
10
4.9464885039370081
20
-4.3903613779527557
11
4.9456738582677167
21
-4.3895467322834643
0
LINE
8
BLACK
6
CONTINUOUS
10
4.9456738582677167
20
-4.3895467322834643
11
4.9452329527559051
21
-4.3884823228346459
0
LINE
8
BLACK
6
CONTINUOUS
10
4.9452329527559051
20
-4.3884823228346459
11
4.9452329527559051
21
-4.3873301968503933
0
LINE
8
BLACK
6
CONTINUOUS
10
4.9452329527559051
20
-4.3873301968503933
11
4.9456738582677167
21
-4.3862657874015749
0
LINE
8
BLACK
6
CONTINUOUS
10
4.9456738582677167
20
-4.3862657874015749
11
4.9464885039370081
21
-4.3854511417322835
0
LINE
8
BLACK
6
CONTINUOUS
10
4.9464885039370081
20
-4.3854511417322835
11
4.9475529133858265
21
-4.3850102362204719
0
LINE
8
BLACK
6
CONTINUOUS
10
4.9475529133858265
20
-4.3850102362204719
11
4.9481289763779523
21
-4.384953503937008
0
LINE
8
BLACK
6
CONTINUOUS
10
4.9481289763779523
20
-4.384953503937008
11
4.9653723228346456
21
-4.384953503937008
0
LINE
8
BLACK
6
CONTINUOUS
10
4.9653723228346456
20
-4.384953503937008
11
4.9479158267716539
21
-4.3674969685039366
0
LINE
8
BLACK
6
CONTINUOUS
10
4.9479158267716539
20
-4.3674969685039366
11
4.9475486220472442
21
-4.3670495275590548
0
LINE
8
BLACK
6
CONTINUOUS
10
4.9475486220472442
20
-4.3670495275590548
11
4.9475079921259839
21
-4.3669514566929131
0
LINE
8
BLACK
6
CONTINUOUS
10
4.9475079921259839
20
-4.3669514566929131
11
4.9474385039370077
21
-4.3668713385826772
0
LINE
8
BLACK
6
CONTINUOUS
10
4.9474385039370077
20
-4.3668713385826772
11
4.9472025196850389
21
-4.3663427952755907
0
LINE
8
BLACK
6
CONTINUOUS
10
4.9472025196850389
20
-4.3663427952755907
11
4.9453277559055113
21
-4.360718503937008
0
LINE
8
BLACK
6
CONTINUOUS
10
4.9453277559055113
20
-4.360718503937008
11
4.9452627952755908
21
-4.3604329133858268
0
LINE
8
BLACK
6
CONTINUOUS
10
4.9452627952755908
20
-4.3604329133858268
11
4.9452329527559051
21
-4.3603608267716538
0
LINE
8
BLACK
6
CONTINUOUS
10
4.9452329527559051
20
-4.3603608267716538
11
4.9452226377952755
21
-4.3602562992125984
0
LINE
8
BLACK
6
CONTINUOUS
10
4.9452226377952755
20
-4.3602562992125984
11
4.9451994094488185
21
-4.3601540551181097
0
LINE
8
BLACK
6
CONTINUOUS
10
4.9451994094488185
20
-4.3601540551181097
11
4.9452049212598421
21
-4.3600762992125981
0
LINE
8
BLACK
6
CONTINUOUS
10
4.9452049212598421
20
-4.3600762992125981
11
4.9451762204724412
21
-4.3597847637795271
0
LINE
8
BLACK
6
CONTINUOUS
10
4.9451762204724412
20
-4.3597847637795271
11
4.9451762204724412
21
-4.356035236220472
0
LINE
8
BLACK
6
CONTINUOUS
10
4.9451762204724412
20
-4.356035236220472
11
4.9452329527559051
21
-4.3554591732283461
0
LINE
8
BLACK
6
CONTINUOUS
10
4.9452329527559051
20
-4.3554591732283461
11
4.9452735433070867
21
-4.3553611417322831
0
LINE
8
BLACK
6
CONTINUOUS
10
4.9452735433070867
20
-4.3553611417322831
11
4.9452810629921258
21
-4.3552553543307084
0
LINE
8
BLACK
6
CONTINUOUS
10
4.9452810629921258
20
-4.3552553543307084
11
4.9454879527559052
21
-4.3547147244094484
0
LINE
8
BLACK
6
CONTINUOUS
10
4.9454879527559052
20
-4.3547147244094484
11
4.9473627165354328
21
-4.3509651968503933
0
LINE
8
BLACK
6
CONTINUOUS
10
4.9473627165354328
20
-4.3509651968503933
11
4.9475187795275586
21
-4.3507171653543306
0
LINE
8
BLACK
6
CONTINUOUS
10
4.9475187795275586
20
-4.3507171653543306
11
4.9475486220472442
21
-4.3506452362204726
0
LINE
8
BLACK
6
CONTINUOUS
10
4.9475486220472442
20
-4.3506452362204726
11
4.9476150787401574
21
-4.3505642519685042
0
LINE
8
BLACK
6
CONTINUOUS
10
4.9476150787401574
20
-4.3505642519685042
11
4.9476710629921259
21
-4.3504753149606294
0
LINE
8
BLACK
6
CONTINUOUS
10
4.9476710629921259
20
-4.3504753149606294
11
4.9477300393700787
21
-4.3504241338582679
0
LINE
8
BLACK
6
CONTINUOUS
10
4.9477300393700787
20
-4.3504241338582679
11
4.9479158267716539
21
-4.3501977952755908
0
LINE
8
BLACK
6
CONTINUOUS
10
4.9479158267716539
20
-4.3501977952755908
11
4.9497905905511814
21
-4.3483230314960633
0
LINE
8
BLACK
6
CONTINUOUS
10
4.9497905905511814
20
-4.3483230314960633
11
4.9500169291338585
21
-4.3481372440944881
0
LINE
8
BLACK
6
CONTINUOUS
10
4.9500169291338585
20
-4.3481372440944881
11
4.9500681102362201
21
-4.3480782677165353
0
LINE
8
BLACK
6
CONTINUOUS
10
4.9500681102362201
20
-4.3480782677165353
11
4.9501570472440948
21
-4.3480222834645668
0
LINE
8
BLACK
6
CONTINUOUS
10
4.9501570472440948
20
-4.3480222834645668
11
4.9502380314960632
21
-4.3479558267716536
0
LINE
8
BLACK
6
CONTINUOUS
10
4.9502380314960632
20
-4.3479558267716536
11
4.9503099606299212
21
-4.347925984251968
0
LINE
8
BLACK
6
CONTINUOUS
10
4.9503099606299212
20
-4.347925984251968
11
4.9505579921259839
21
-4.3477699212598422
0
LINE
8
BLACK
6
CONTINUOUS
10
4.9505579921259839
20
-4.3477699212598422
11
4.954307519685039
21
-4.3458951574803146
0
LINE
8
BLACK
6
CONTINUOUS
10
4.954307519685039
20
-4.3458951574803146
11
4.9548481102362203
21
-4.3456882677165352
0
LINE
8
BLACK
6
CONTINUOUS
10
4.9548481102362203
20
-4.3456882677165352
11
4.9549539763779524
21
-4.3456807086614173
0
LINE
8
BLACK
6
CONTINUOUS
10
4.9549539763779524
20
-4.3456807086614173
11
4.9550519685039367
21
-4.3456401574803145
0
LINE
8
BLACK
6
CONTINUOUS
10
4.9550519685039367
20
-4.3456401574803145
11
4.9556280314960626
21
-4.3455834251968506
0
LINE
8
BLACK
6
CONTINUOUS
10
4.9556280314960626
20
-4.3455834251968506
11
4.9650018503937003
21
-4.3455834251968506
0
LINE
8
BLACK
6
CONTINUOUS
10
4.9650018503937003
20
-4.3455834251968506
11
4.9655779133858271
21
-4.3456401574803145
0
LINE
8
BLACK
6
CONTINUOUS
10
4.9891395275590549
20
-4.346081062992126
11
4.9899541732283463
21
-4.3468957086614175
0
LINE
8
BLACK
6
CONTINUOUS
10
4.9899541732283463
20
-4.3468957086614175
11
4.990395078740157
21
-4.3479601181102359
0
LINE
8
BLACK
6
CONTINUOUS
10
4.990395078740157
20
-4.3479601181102359
11
4.9904518110236218
21
-4.3485361811023617
0
LINE
8
BLACK
6
CONTINUOUS
10
4.9904518110236218
20
-4.3485361811023617
11
4.9904518110236218
21
-4.3797101181102365
0
LINE
8
BLACK
6
CONTINUOUS
10
4.9904518110236218
20
-4.3797101181102365
11
4.9918005511811021
21
-4.3824075984251971
0
LINE
8
BLACK
6
CONTINUOUS
10
4.9918005511811021
20
-4.3824075984251971
11
4.9929976771653539
21
-4.3836047637795277
0
LINE
8
BLACK
6
CONTINUOUS
10
4.9929976771653539
20
-4.3836047637795277
11
4.9956951574803146
21
-4.384953503937008
0
LINE
8
BLACK
6
CONTINUOUS
10
4.9956951574803146
20
-4.384953503937008
11
5.0018001181102365
21
-4.384953503937008
0
LINE
8
BLACK
6
CONTINUOUS
10
5.0018001181102365
20
-4.384953503937008
11
5.0044975590551184
21
-4.3836047637795277
0
LINE
8
BLACK
6
CONTINUOUS
10
5.0044975590551184
20
-4.3836047637795277
11
5.0056946850393702
21
-4.3824075984251971
0
LINE
8
BLACK
6
CONTINUOUS
10
5.0056946850393702
20
-4.3824075984251971
11
5.0070434645669293
21
-4.3797101181102365
0
LINE
8
BLACK
6
CONTINUOUS
10
5.0070434645669293
20
-4.3797101181102365
11
5.0070434645669293
21
-4.3485361811023617
0
LINE
8
BLACK
6
CONTINUOUS
10
5.0070434645669293
20
-4.3485361811023617
11
5.0071001968503932
21
-4.3479601181102359
0
LINE
8
BLACK
6
CONTINUOUS
10
5.0071001968503932
20
-4.3479601181102359
11
5.0075411023622047
21
-4.3468957086614175
0
LINE
8
BLACK
6
CONTINUOUS
10
5.0075411023622047
20
-4.3468957086614175
11
5.0083557480314962
21
-4.346081062992126
0
LINE
8
BLACK
6
CONTINUOUS
10
5.0083557480314962
20
-4.346081062992126
11
5.0094201574803146
21
-4.3456401574803145
0
LINE
8
BLACK
6
CONTINUOUS
10
5.0094201574803146
20
-4.3456401574803145
11
5.0105722834645672
21
-4.3456401574803145
0
LINE
8
BLACK
6
CONTINUOUS
10
5.0105722834645672
20
-4.3456401574803145
11
5.0116366929133855
21
-4.346081062992126
0
LINE
8
BLACK
6
CONTINUOUS
10
5.0116366929133855
20
-4.346081062992126
11
5.012451338582677
21
-4.3468957086614175
0
LINE
8
BLACK
6
CONTINUOUS
10
5.012451338582677
20
-4.3468957086614175
11
5.0128922440944876
21
-4.3479601181102359
0
LINE
8
BLACK
6
CONTINUOUS
10
5.0128922440944876
20
-4.3479601181102359
11
5.0129489763779524
21
-4.3485361811023617
0
LINE
8
BLACK
6
CONTINUOUS
10
5.0129489763779524
20
-4.3485361811023617
11
5.0129489763779524
21
-4.3804071653543302
0
LINE
8
BLACK
6
CONTINUOUS
10
5.0129489763779524
20
-4.3804071653543302
11
5.0128922440944876
21
-4.3809832283464569
0
LINE
8
BLACK
6
CONTINUOUS
10
5.0128922440944876
20
-4.3809832283464569
11
5.012851653543307
21
-4.3810811811023624
0
LINE
8
BLACK
6
CONTINUOUS
10
5.012851653543307
20
-4.3810811811023624
11
5.0128441338582679
21
-4.3811870866141733
0
LINE
8
BLACK
6
CONTINUOUS
10
5.0128441338582679
20
-4.3811870866141733
11
5.0126372440944884
21
-4.3817276771653546
0
LINE
8
BLACK
6
CONTINUOUS
10
5.0126372440944884
20
-4.3817276771653546
11
5.0107624803149609
21
-4.3854772047244097
0
LINE
8
BLACK
6
CONTINUOUS
10
5.0107624803149609
20
-4.3854772047244097
11
5.0106064173228342
21
-4.3857250787401574
0
LINE
8
BLACK
6
CONTINUOUS
10
5.0106064173228342
20
-4.3857250787401574
11
5.0105766141732282
21
-4.3857971259842516
0
LINE
8
BLACK
6
CONTINUOUS
10
5.0105766141732282
20
-4.3857971259842516
11
5.0105100787401575
21
-4.3858781496062988
0
LINE
8
BLACK
6
CONTINUOUS
10
5.0105100787401575
20
-4.3858781496062988
11
5.0104541338582678
21
-4.3859670866141736
0
LINE
8
BLACK
6
CONTINUOUS
10
5.0104541338582678
20
-4.3859670866141736
11
5.0103951181102362
21
-4.3860182283464564
0
LINE
8
BLACK
6
CONTINUOUS
10
5.0103951181102362
20
-4.3860182283464564
11
5.0102093700787398
21
-4.3862446062992122
0
LINE
8
BLACK
6
CONTINUOUS
10
5.0102093700787398
20
-4.3862446062992122
11
5.008334645669291
21
-4.3881193700787398
0
LINE
8
BLACK
6
CONTINUOUS
10
5.008334645669291
20
-4.3881193700787398
11
5.0081082677165352
21
-4.3883051181102362
0
LINE
8
BLACK
6
CONTINUOUS
10
5.0081082677165352
20
-4.3883051181102362
11
5.0080570866141727
21
-4.3883641732283465
0
LINE
8
BLACK
6
CONTINUOUS
10
5.0080570866141727
20
-4.3883641732283465
11
5.0079681102362201
21
-4.388420157480315
0
LINE
8
BLACK
6
CONTINUOUS
10
5.0079681102362201
20
-4.388420157480315
11
5.0078871653543304
21
-4.3884866141732282
0
LINE
8
BLACK
6
CONTINUOUS
10
5.0078871653543304
20
-4.3884866141732282
11
5.0078151968503937
21
-4.3885164173228342
0
LINE
8
BLACK
6
CONTINUOUS
10
5.0078151968503937
20
-4.3885164173228342
11
5.0075672047244097
21
-4.3886725196850396
0
LINE
8
BLACK
6
CONTINUOUS
10
5.0075672047244097
20
-4.3886725196850396
11
5.0038176771653546
21
-4.3905472834645671
0
LINE
8
BLACK
6
CONTINUOUS
10
5.0038176771653546
20
-4.3905472834645671
11
5.0032770472440946
21
-4.3907541732283466
0
LINE
8
BLACK
6
CONTINUOUS
10
5.0032770472440946
20
-4.3907541732283466
11
5.0031712204724412
21
-4.3907616535433069
0
LINE
8
BLACK
6
CONTINUOUS
10
5.0031712204724412
20
-4.3907616535433069
11
5.003073228346457
21
-4.3908022834645672
0
LINE
8
BLACK
6
CONTINUOUS
10
5.003073228346457
20
-4.3908022834645672
11
5.0024971653543302
21
-4.3908590157480312
0
LINE
8
BLACK
6
CONTINUOUS
10
5.0024971653543302
20
-4.3908590157480312
11
4.99499811023622
21
-4.3908590157480312
0
LINE
8
BLACK
6
CONTINUOUS
10
4.99499811023622
20
-4.3908590157480312
11
4.9944220472440941
21
-4.3908022834645672
0
LINE
8
BLACK
6
CONTINUOUS
10
4.9944220472440941
20
-4.3908022834645672
11
4.9943240551181098
21
-4.3907616929133857
0
LINE
8
BLACK
6
CONTINUOUS
10
4.9943240551181098
20
-4.3907616929133857
11
4.9942181889763777
21
-4.3907541732283466
0
LINE
8
BLACK
6
CONTINUOUS
10
4.9942181889763777
20
-4.3907541732283466
11
4.9936775984251964
21
-4.3905472834645671
0
LINE
8
BLACK
6
CONTINUOUS
10
4.9936775984251964
20
-4.3905472834645671
11
4.9899280708661413
21
-4.3886725196850396
0
LINE
8
BLACK
6
CONTINUOUS
10
4.9899280708661413
20
-4.3886725196850396
11
4.9896800393700786
21
-4.3885164173228342
0
LINE
8
BLACK
6
CONTINUOUS
10
4.9896800393700786
20
-4.3885164173228342
11
4.9896081102362206
21
-4.3884866141732282
0
LINE
8
BLACK
6
CONTINUOUS
10
4.9896081102362206
20
-4.3884866141732282
11
4.9895271259842522
21
-4.388420157480315
0
LINE
8
BLACK
6
CONTINUOUS
10
4.9895271259842522
20
-4.388420157480315
11
4.9894381889763775
21
-4.3883641732283465
0
LINE
8
BLACK
6
CONTINUOUS
10
4.9894381889763775
20
-4.3883641732283465
11
4.9893869685039371
21
-4.3883051181102362
0
LINE
8
BLACK
6
CONTINUOUS
10
4.9893869685039371
20
-4.3883051181102362
11
4.9891606299212601
21
-4.3881193700787398
0
LINE
8
BLACK
6
CONTINUOUS
10
4.9891606299212601
20
-4.3881193700787398
11
4.9872858661417325
21
-4.3862445669291334
0
LINE
8
BLACK
6
CONTINUOUS
10
4.9872858661417325
20
-4.3862445669291334
11
4.9871001181102361
21
-4.3860182283464564
0
LINE
8
BLACK
6
CONTINUOUS
10
4.9871001181102361
20
-4.3860182283464564
11
4.9870411417322833
21
-4.3859670866141736
0
LINE
8
BLACK
6
CONTINUOUS
10
4.9870411417322833
20
-4.3859670866141736
11
4.9869851574803148
21
-4.3858781496062988
0
LINE
8
BLACK
6
CONTINUOUS
10
4.9869851574803148
20
-4.3858781496062988
11
4.9869186614173229
21
-4.3857971259842516
0
LINE
8
BLACK
6
CONTINUOUS
10
4.9869186614173229
20
-4.3857971259842516
11
4.9868888188976372
21
-4.3857250787401574
0
LINE
8
BLACK
6
CONTINUOUS
10
4.9868888188976372
20
-4.3857250787401574
11
4.9867327952755902
21
-4.3854772047244097
0
LINE
8
BLACK
6
CONTINUOUS
10
4.9867327952755902
20
-4.3854772047244097
11
4.9848580314960627
21
-4.3817276771653546
0
LINE
8
BLACK
6
CONTINUOUS
10
4.9848580314960627
20
-4.3817276771653546
11
4.9846511417322832
21
-4.3811870472440946
0
LINE
8
BLACK
6
CONTINUOUS
10
4.9846511417322832
20
-4.3811870472440946
11
4.9846436220472441
21
-4.3810812204724412
0
LINE
8
BLACK
6
CONTINUOUS
10
4.9846436220472441
20
-4.3810812204724412
11
4.9846030314960625
21
-4.3809832283464569
0
LINE
8
BLACK
6
CONTINUOUS
10
4.9846030314960625
20
-4.3809832283464569
11
4.9845462992125986
21
-4.3804071653543302
0
LINE
8
BLACK
6
CONTINUOUS
10
4.9845462992125986
20
-4.3804071653543302
11
4.9845462992125986
21
-4.3485361811023617
0
LINE
8
BLACK
6
CONTINUOUS
10
4.9845462992125986
20
-4.3485361811023617
11
4.9846030314960625
21
-4.3479601181102359
0
LINE
8
BLACK
6
CONTINUOUS
10
4.9846030314960625
20
-4.3479601181102359
11
4.9850439370078741
21
-4.3468957086614175
0
LINE
8
BLACK
6
CONTINUOUS
10
4.9850439370078741
20
-4.3468957086614175
11
4.9858585826771655
21
-4.346081062992126
0
LINE
8
BLACK
6
CONTINUOUS
10
4.9858585826771655
20
-4.346081062992126
11
4.9869229921259839
21
-4.3456401574803145
0
LINE
8
BLACK
6
CONTINUOUS
10
4.9869229921259839
20
-4.3456401574803145
11
4.9880751181102365
21
-4.3456401574803145
0
LINE
8
BLACK
6
CONTINUOUS
10
4.9880751181102365
20
-4.3456401574803145
11
4.9891395275590549
21
-4.346081062992126
0
LINE
8
BLACK
6
CONTINUOUS
10
5.2218540551181105
20
-4.3456401574803145
11
5.2221433464566926
21
-4.3456401574803145
0
LINE
8
BLACK
6
CONTINUOUS
10
5.2221433464566926
20
-4.3456401574803145
11
5.2224134251968506
21
-4.3457520078740153
0
LINE
8
BLACK
6
CONTINUOUS
10
5.2224134251968506
20
-4.3457520078740153
11
5.2227000787401572
21
-4.3458093700787401
0
LINE
8
BLACK
6
CONTINUOUS
10
5.2227000787401572
20
-4.3458093700787401
11
5.2229404330708658
21
-4.3459703149606295
0
LINE
8
BLACK
6
CONTINUOUS
10
5.2229404330708658
20
-4.3459703149606295
11
5.2232077559055119
21
-4.346081062992126
0
LINE
8
BLACK
6
CONTINUOUS
10
5.2232077559055119
20
-4.346081062992126
11
5.2234144488188976
21
-4.3462877559055118
0
LINE
8
BLACK
6
CONTINUOUS
10
5.2234144488188976
20
-4.3462877559055118
11
5.2236573622047242
21
-4.3464504330708662
0
LINE
8
BLACK
6
CONTINUOUS
10
5.2236573622047242
20
-4.3464504330708662
11
5.2240203543307082
21
-4.3468936614173224
0
LINE
8
BLACK
6
CONTINUOUS
10
5.2240203543307082
20
-4.3468936614173224
11
5.2240224015748034
21
-4.3468957086614175
0
LINE
8
BLACK
6
CONTINUOUS
10
5.2240224015748034
20
-4.3468957086614175
11
5.2240227559055121
21
-4.3468965748031492
0
LINE
8
BLACK
6
CONTINUOUS
10
5.2240227559055121
20
-4.3468965748031492
11
5.2240241338582676
21
-4.3468982677165355
0
LINE
8
BLACK
6
CONTINUOUS
10
5.2240241338582676
20
-4.3468982677165355
11
5.2276114566929133
21
-4.3522792913385828
0
LINE
8
BLACK
6
CONTINUOUS
10
5.2276114566929133
20
-4.3522792913385828
11
5.230815433070866
21
-4.3554832677165356
0
LINE
8
BLACK
6
CONTINUOUS
10
5.230815433070866
20
-4.3554832677165356
11
5.2341363779527557
21
-4.35714374015748
0
LINE
8
BLACK
6
CONTINUOUS
10
5.2341363779527557
20
-4.35714374015748
11
5.2346262598425195
21
-4.357452086614173
0
LINE
8
BLACK
6
CONTINUOUS
10
5.2346262598425195
20
-4.357452086614173
11
5.2353811023622043
21
-4.3583224803149605
0
LINE
8
BLACK
6
CONTINUOUS
10
5.2353811023622043
20
-4.3583224803149605
11
5.2357454330708659
21
-4.3594154330708657
0
LINE
8
BLACK
6
CONTINUOUS
10
5.2357454330708659
20
-4.3594154330708657
11
5.2356637795275587
21
-4.3605646456692915
0
LINE
8
BLACK
6
CONTINUOUS
10
5.2356637795275587
20
-4.3605646456692915
11
5.2351485039370074
21
-4.3615951574803145
0
LINE
8
BLACK
6
CONTINUOUS
10
5.2351485039370074
20
-4.3615951574803145
11
5.2342781496062987
21
-4.3623500000000002
0
LINE
8
BLACK
6
CONTINUOUS
10
5.2342781496062987
20
-4.3623500000000002
11
5.2331851574803148
21
-4.3627143307086609
0
LINE
8
BLACK
6
CONTINUOUS
10
5.2331851574803148
20
-4.3627143307086609
11
5.2320359448818898
21
-4.3626326771653545
0
LINE
8
BLACK
6
CONTINUOUS
10
5.2320359448818898
20
-4.3626326771653545
11
5.2314953543307086
21
-4.3624257874015751
0
LINE
8
BLACK
6
CONTINUOUS
10
5.2314953543307086
20
-4.3624257874015751
11
5.2277458267716534
21
-4.3605510236220475
0
LINE
8
BLACK
6
CONTINUOUS
10
5.2277458267716534
20
-4.3605510236220475
11
5.2274979921259845
21
-4.3603949999999996
0
LINE
8
BLACK
6
CONTINUOUS
10
5.2274979921259845
20
-4.3603949999999996
11
5.2274258661417319
21
-4.3603651574803148
0
LINE
8
BLACK
6
CONTINUOUS
10
5.2274258661417319
20
-4.3603651574803148
11
5.2273446850393697
21
-4.3602985433070867
0
LINE
8
BLACK
6
CONTINUOUS
10
5.2273446850393697
20
-4.3602985433070867
11
5.2272559448818896
21
-4.3602426771653544
0
LINE
8
BLACK
6
CONTINUOUS
10
5.2272559448818896
20
-4.3602426771653544
11
5.2272048031496059
21
-4.3601837401574803
0
LINE
8
BLACK
6
CONTINUOUS
10
5.2272048031496059
20
-4.3601837401574803
11
5.2269784251968501
21
-4.3599979133858264
0
LINE
8
BLACK
6
CONTINUOUS
10
5.2269784251968501
20
-4.3599979133858264
11
5.2245200393700788
21
-4.3575395275590552
0
LINE
8
BLACK
6
CONTINUOUS
10
5.2245200393700788
20
-4.3575395275590552
11
5.2245200393700788
21
-4.384953503937008
0
LINE
8
BLACK
6
CONTINUOUS
10
5.2245200393700788
20
-4.384953503937008
11
5.2328158661417321
21
-4.384953503937008
0
LINE
8
BLACK
6
CONTINUOUS
10
5.2328158661417321
20
-4.384953503937008
11
5.233391929133858
21
-4.3850102362204719
0
LINE
8
BLACK
6
CONTINUOUS
10
5.233391929133858
20
-4.3850102362204719
11
5.2344563385826772
21
-4.3854511417322835
0
LINE
8
BLACK
6
CONTINUOUS
10
5.2344563385826772
20
-4.3854511417322835
11
5.2352709842519687
21
-4.3862657874015749
0
LINE
8
BLACK
6
CONTINUOUS
10
5.2352709842519687
20
-4.3862657874015749
11
5.2357118897637793
21
-4.3873301968503933
0
LINE
8
BLACK
6
CONTINUOUS
10
5.2357118897637793
20
-4.3873301968503933
11
5.2357118897637793
21
-4.3884823228346459
0
LINE
8
BLACK
6
CONTINUOUS
10
5.2357118897637793
20
-4.3884823228346459
11
5.2352709842519687
21
-4.3895467322834643
0
LINE
8
BLACK
6
CONTINUOUS
10
5.2352709842519687
20
-4.3895467322834643
11
5.2344563385826772
21
-4.3903613779527557
0
LINE
8
BLACK
6
CONTINUOUS
10
5.2344563385826772
20
-4.3903613779527557
11
5.233391929133858
21
-4.3908022834645672
0
LINE
8
BLACK
6
CONTINUOUS
10
5.233391929133858
20
-4.3908022834645672
11
5.2328158661417321
21
-4.3908590157480312
0
LINE
8
BLACK
6
CONTINUOUS
10
5.2328158661417321
20
-4.3908590157480312
11
5.2103187007874014
21
-4.3908590157480312
0
LINE
8
BLACK
6
CONTINUOUS
10
5.2103187007874014
20
-4.3908590157480312
11
5.2097426377952756
21
-4.3908022834645672
0
LINE
8
BLACK
6
CONTINUOUS
10
5.2097426377952756
20
-4.3908022834645672
11
5.2086782283464563
21
-4.3903613779527557
0
LINE
8
BLACK
6
CONTINUOUS
10
5.2086782283464563
20
-4.3903613779527557
11
5.2078635826771649
21
-4.3895467322834643
0
LINE
8
BLACK
6
CONTINUOUS
10
5.2078635826771649
20
-4.3895467322834643
11
5.2074226771653542
21
-4.3884823228346459
0
LINE
8
BLACK
6
CONTINUOUS
10
5.2074226771653542
20
-4.3884823228346459
11
5.2074226771653542
21
-4.3873301968503933
0
LINE
8
BLACK
6
CONTINUOUS
10
5.2074226771653542
20
-4.3873301968503933
11
5.2078635826771649
21
-4.3862657874015749
0
LINE
8
BLACK
6
CONTINUOUS
10
5.2078635826771649
20
-4.3862657874015749
11
5.2086782283464563
21
-4.3854511417322835
0
LINE
8
BLACK
6
CONTINUOUS
10
5.2086782283464563
20
-4.3854511417322835
11
5.2097426377952756
21
-4.3850102362204719
0
LINE
8
BLACK
6
CONTINUOUS
10
5.2097426377952756
20
-4.3850102362204719
11
5.2103187007874014
21
-4.384953503937008
0
LINE
8
BLACK
6
CONTINUOUS
10
5.2103187007874014
20
-4.384953503937008
11
5.2186145275590547
21
-4.384953503937008
0
LINE
8
BLACK
6
CONTINUOUS
10
5.2186145275590547
20
-4.384953503937008
11
5.2186145275590547
21
-4.3485361811023617
0
LINE
8
BLACK
6
CONTINUOUS
10
5.2186145275590547
20
-4.3485361811023617
11
5.2186147244094485
21
-4.3485340944881887
0
LINE
8
BLACK
6
CONTINUOUS
10
5.2186147244094485
20
-4.3485340944881887
11
5.2186145275590547
21
-4.348533070866142
0
LINE
8
BLACK
6
CONTINUOUS
10
5.2186145275590547
20
-4.348533070866142
11
5.218615118110236
21
-4.348530039370079
0
LINE
8
BLACK
6
CONTINUOUS
10
5.218615118110236
20
-4.348530039370079
11
5.2186712598425196
21
-4.3479601181102359
0
LINE
8
BLACK
6
CONTINUOUS
10
5.2186712598425196
20
-4.3479601181102359
11
5.2187831102362203
21
-4.3476900000000001
0
LINE
8
BLACK
6
CONTINUOUS
10
5.2187831102362203
20
-4.3476900000000001
11
5.2188404724409452
21
-4.3474033858267713
0
LINE
8
BLACK
6
CONTINUOUS
10
5.2188404724409452
20
-4.3474033858267713
11
5.2190014173228345
21
-4.347162992125984
0
LINE
8
BLACK
6
CONTINUOUS
10
5.2190014173228345
20
-4.347162992125984
11
5.2191121653543302
21
-4.3468957086614175
0
LINE
8
BLACK
6
CONTINUOUS
10
5.2191121653543302
20
-4.3468957086614175
11
5.2193188582677168
21
-4.346688976377953
0
LINE
8
BLACK
6
CONTINUOUS
10
5.2193188582677168
20
-4.346688976377953
11
5.2194815354330704
21
-4.3464461023622043
0
LINE
8
BLACK
6
CONTINUOUS
10
5.2194815354330704
20
-4.3464461023622043
11
5.2197222440944877
21
-4.3462855905511812
0
LINE
8
BLACK
6
CONTINUOUS
10
5.2197222440944877
20
-4.3462855905511812
11
5.2199268110236217
21
-4.346081062992126
0
LINE
8
BLACK
6
CONTINUOUS
10
5.2199268110236217
20
-4.346081062992126
11
5.2201968897637796
21
-4.3459691732283465
0
LINE
8
BLACK
6
CONTINUOUS
10
5.2201968897637796
20
-4.3459691732283465
11
5.220440157480315
21
-4.3458070078740159
0
LINE
8
BLACK
6
CONTINUOUS
10
5.220440157480315
20
-4.3458070078740159
11
5.2207239370078735
21
-4.3457508661417323
0
LINE
8
BLACK
6
CONTINUOUS
10
5.2207239370078735
20
-4.3457508661417323
11
5.2209912204724409
21
-4.3456401574803145
0
LINE
8
BLACK
6
CONTINUOUS
10
5.2209912204724409
20
-4.3456401574803145
11
5.2212836220472436
21
-4.3456401574803145
0
LINE
8
BLACK
6
CONTINUOUS
10
5.2212836220472436
20
-4.3456401574803145
11
5.2215703937007873
21
-4.3455834251968506
0
LINE
8
BLACK
6
CONTINUOUS
10
5.2215703937007873
20
-4.3455834251968506
11
5.2218540551181105
21
-4.3456401574803145
0
LINE
8
BLACK
6
CONTINUOUS
10
5.2593493700787404
20
-4.3456401574803145
11
5.2596386614173225
21
-4.3456401574803145
0
LINE
8
BLACK
6
CONTINUOUS
10
5.2596386614173225
20
-4.3456401574803145
11
5.2599087401574804
21
-4.3457520078740153
0
LINE
8
BLACK
6
CONTINUOUS
10
5.2599087401574804
20
-4.3457520078740153
11
5.260195393700787
21
-4.3458093700787401
0
LINE
8
BLACK
6
CONTINUOUS
10
5.260195393700787
20
-4.3458093700787401
11
5.2604357480314956
21
-4.3459703149606295
0
LINE
8
BLACK
6
CONTINUOUS
10
5.2604357480314956
20
-4.3459703149606295
11
5.2607030708661418
21
-4.346081062992126
0
LINE
8
BLACK
6
CONTINUOUS
10
5.2607030708661418
20
-4.346081062992126
11
5.2609097637795275
21
-4.3462877559055118
0
LINE
8
BLACK
6
CONTINUOUS
10
5.2609097637795275
20
-4.3462877559055118
11
5.2611526771653541
21
-4.3464504330708662
0
LINE
8
BLACK
6
CONTINUOUS
10
5.2611526771653541
20
-4.3464504330708662
11
5.2615156692913381
21
-4.3468936614173224
0
LINE
8
BLACK
6
CONTINUOUS
10
5.2615156692913381
20
-4.3468936614173224
11
5.2615177165354332
21
-4.3468957086614175
0
LINE
8
BLACK
6
CONTINUOUS
10
5.2615177165354332
20
-4.3468957086614175
11
5.261518070866142
21
-4.3468965748031492
0
LINE
8
BLACK
6
CONTINUOUS
10
5.261518070866142
20
-4.3468965748031492
11
5.2615194488188974
21
-4.3468982677165355
0
LINE
8
BLACK
6
CONTINUOUS
10
5.2615194488188974
20
-4.3468982677165355
11
5.2651067716535431
21
-4.3522792913385828
0
LINE
8
BLACK
6
CONTINUOUS
10
5.2651067716535431
20
-4.3522792913385828
11
5.2683107480314959
21
-4.3554832677165356
0
LINE
8
BLACK
6
CONTINUOUS
10
5.2683107480314959
20
-4.3554832677165356
11
5.2716316929133855
21
-4.35714374015748
0
LINE
8
BLACK
6
CONTINUOUS
10
5.2716316929133855
20
-4.35714374015748
11
5.2721215748031494
21
-4.357452086614173
0
LINE
8
BLACK
6
CONTINUOUS
10
5.2721215748031494
20
-4.357452086614173
11
5.2728764173228342
21
-4.3583224803149605
0
LINE
8
BLACK
6
CONTINUOUS
10
5.2728764173228342
20
-4.3583224803149605
11
5.2732407480314958
21
-4.3594154330708657
0
LINE
8
BLACK
6
CONTINUOUS
10
5.2732407480314958
20
-4.3594154330708657
11
5.2731590944881885
21
-4.3605646456692915
0
LINE
8
BLACK
6
CONTINUOUS
10
5.2731590944881885
20
-4.3605646456692915
11
5.2726438188976381
21
-4.3615951574803145
0
LINE
8
BLACK
6
CONTINUOUS
10
5.2726438188976381
20
-4.3615951574803145
11
5.2717734645669294
21
-4.3623500000000002
0
LINE
8
BLACK
6
CONTINUOUS
10
5.2717734645669294
20
-4.3623500000000002
11
5.2706804724409446
21
-4.3627143307086609
0
LINE
8
BLACK
6
CONTINUOUS
10
5.2706804724409446
20
-4.3627143307086609
11
5.2695312598425197
21
-4.3626326771653545
0
LINE
8
BLACK
6
CONTINUOUS
10
5.2695312598425197
20
-4.3626326771653545
11
5.2689906692913384
21
-4.3624257874015751
0
LINE
8
BLACK
6
CONTINUOUS
10
5.2689906692913384
20
-4.3624257874015751
11
5.2652411417322833
21
-4.3605510236220475
0
LINE
8
BLACK
6
CONTINUOUS
10
5.2652411417322833
20
-4.3605510236220475
11
5.2649933070866144
21
-4.3603949999999996
0
LINE
8
BLACK
6
CONTINUOUS
10
5.2649933070866144
20
-4.3603949999999996
11
5.2649211811023617
21
-4.3603651574803148
0
LINE
8
BLACK
6
CONTINUOUS
10
5.2649211811023617
20
-4.3603651574803148
11
5.2648399999999995
21
-4.3602985433070867
0
LINE
8
BLACK
6
CONTINUOUS
10
5.2648399999999995
20
-4.3602985433070867
11
5.2647512598425195
21
-4.3602426771653544
0
LINE
8
BLACK
6
CONTINUOUS
10
5.2647512598425195
20
-4.3602426771653544
11
5.2647001181102357
21
-4.3601837401574803
0
LINE
8
BLACK
6
CONTINUOUS
10
5.2647001181102357
20
-4.3601837401574803
11
5.2644737401574799
21
-4.3599979133858264
0
LINE
8
BLACK
6
CONTINUOUS
10
5.2644737401574799
20
-4.3599979133858264
11
5.2620153543307087
21
-4.3575395275590552
0
LINE
8
BLACK
6
CONTINUOUS
10
5.2620153543307087
20
-4.3575395275590552
11
5.2620153543307087
21
-4.384953503937008
0
LINE
8
BLACK
6
CONTINUOUS
10
5.2620153543307087
20
-4.384953503937008
11
5.270311181102362
21
-4.384953503937008
0
LINE
8
BLACK
6
CONTINUOUS
10
5.270311181102362
20
-4.384953503937008
11
5.2708872440944878
21
-4.3850102362204719
0
LINE
8
BLACK
6
CONTINUOUS
10
5.2708872440944878
20
-4.3850102362204719
11
5.2719516535433071
21
-4.3854511417322835
0
LINE
8
BLACK
6
CONTINUOUS
10
5.2719516535433071
20
-4.3854511417322835
11
5.2727662992125985
21
-4.3862657874015749
0
LINE
8
BLACK
6
CONTINUOUS
10
5.2727662992125985
20
-4.3862657874015749
11
5.2732072047244092
21
-4.3873301968503933
0
LINE
8
BLACK
6
CONTINUOUS
10
5.2732072047244092
20
-4.3873301968503933
11
5.2732072047244092
21
-4.3884823228346459
0
LINE
8
BLACK
6
CONTINUOUS
10
5.2732072047244092
20
-4.3884823228346459
11
5.2727662992125985
21
-4.3895467322834643
0
LINE
8
BLACK
6
CONTINUOUS
10
5.2727662992125985
20
-4.3895467322834643
11
5.2719516535433071
21
-4.3903613779527557
0
LINE
8
BLACK
6
CONTINUOUS
10
5.2719516535433071
20
-4.3903613779527557
11
5.2708872440944878
21
-4.3908022834645672
0
LINE
8
BLACK
6
CONTINUOUS
10
5.2708872440944878
20
-4.3908022834645672
11
5.270311181102362
21
-4.3908590157480312
0
LINE
8
BLACK
6
CONTINUOUS
10
5.270311181102362
20
-4.3908590157480312
11
5.2478140157480313
21
-4.3908590157480312
0
LINE
8
BLACK
6
CONTINUOUS
10
5.2478140157480313
20
-4.3908590157480312
11
5.2472379527559054
21
-4.3908022834645672
0
LINE
8
BLACK
6
CONTINUOUS
10
5.2472379527559054
20
-4.3908022834645672
11
5.2461735433070862
21
-4.3903613779527557
0
LINE
8
BLACK
6
CONTINUOUS
10
5.2461735433070862
20
-4.3903613779527557
11
5.2453588976377947
21
-4.3895467322834643
0
LINE
8
BLACK
6
CONTINUOUS
10
5.2453588976377947
20
-4.3895467322834643
11
5.2449179921259841
21
-4.3884823228346459
0
LINE
8
BLACK
6
CONTINUOUS
10
5.2449179921259841
20
-4.3884823228346459
11
5.2449179921259841
21
-4.3873301968503933
0
LINE
8
BLACK
6
CONTINUOUS
10
5.2449179921259841
20
-4.3873301968503933
11
5.2453588976377947
21
-4.3862657874015749
0
LINE
8
BLACK
6
CONTINUOUS
10
5.2453588976377947
20
-4.3862657874015749
11
5.2461735433070862
21
-4.3854511417322835
0
LINE
8
BLACK
6
CONTINUOUS
10
5.2461735433070862
20
-4.3854511417322835
11
5.2472379527559054
21
-4.3850102362204719
0
LINE
8
BLACK
6
CONTINUOUS
10
5.2472379527559054
20
-4.3850102362204719
11
5.2478140157480313
21
-4.384953503937008
0
LINE
8
BLACK
6
CONTINUOUS
10
5.2478140157480313
20
-4.384953503937008
11
5.2561098425196846
21
-4.384953503937008
0
LINE
8
BLACK
6
CONTINUOUS
10
5.2561098425196846
20
-4.384953503937008
11
5.2561098425196846
21
-4.3485361811023617
0
LINE
8
BLACK
6
CONTINUOUS
10
5.2561098425196846
20
-4.3485361811023617
11
5.2561100393700784
21
-4.3485340944881887
0
LINE
8
BLACK
6
CONTINUOUS
10
5.2561100393700784
20
-4.3485340944881887
11
5.2561098425196846
21
-4.348533070866142
0
LINE
8
BLACK
6
CONTINUOUS
10
5.2561098425196846
20
-4.348533070866142
11
5.2561104330708659
21
-4.348530039370079
0
LINE
8
BLACK
6
CONTINUOUS
10
5.2561104330708659
20
-4.348530039370079
11
5.2561665748031494
21
-4.3479601181102359
0
LINE
8
BLACK
6
CONTINUOUS
10
5.2561665748031494
20
-4.3479601181102359
11
5.2562784251968502
21
-4.3476900000000001
0
LINE
8
BLACK
6
CONTINUOUS
10
5.2562784251968502
20
-4.3476900000000001
11
5.256335787401575
21
-4.3474033858267713
0
LINE
8
BLACK
6
CONTINUOUS
10
5.256335787401575
20
-4.3474033858267713
11
5.2564967322834644
21
-4.347162992125984
0
LINE
8
BLACK
6
CONTINUOUS
10
5.2564967322834644
20
-4.347162992125984
11
5.2566074803149609
21
-4.3468957086614175
0
LINE
8
BLACK
6
CONTINUOUS
10
5.2566074803149609
20
-4.3468957086614175
11
5.2568141732283467
21
-4.346688976377953
0
LINE
8
BLACK
6
CONTINUOUS
10
5.2568141732283467
20
-4.346688976377953
11
5.2569768503937011
21
-4.3464461023622043
0
LINE
8
BLACK
6
CONTINUOUS
10
5.2569768503937011
20
-4.3464461023622043
11
5.2572175590551176
21
-4.3462855905511812
0
LINE
8
BLACK
6
CONTINUOUS
10
5.2572175590551176
20
-4.3462855905511812
11
5.2574221259842515
21
-4.346081062992126
0
LINE
8
BLACK
6
CONTINUOUS
10
5.2574221259842515
20
-4.346081062992126
11
5.2576922047244095
21
-4.3459691732283465
0
LINE
8
BLACK
6
CONTINUOUS
10
5.2576922047244095
20
-4.3459691732283465
11
5.2579354724409448
21
-4.3458070078740159
0
LINE
8
BLACK
6
CONTINUOUS
10
5.2579354724409448
20
-4.3458070078740159
11
5.2582192519685043
21
-4.3457508661417323
0
LINE
8
BLACK
6
CONTINUOUS
10
5.2582192519685043
20
-4.3457508661417323
11
5.2584865354330708
21
-4.3456401574803145
0
LINE
8
BLACK
6
CONTINUOUS
10
5.2584865354330708
20
-4.3456401574803145
11
5.2587789370078735
21
-4.3456401574803145
0
LINE
8
BLACK
6
CONTINUOUS
10
5.2587789370078735
20
-4.3456401574803145
11
5.2590657086614172
21
-4.3455834251968506
0
LINE
8
BLACK
6
CONTINUOUS
10
5.2590657086614172
20
-4.3455834251968506
11
5.2593493700787404
21
-4.3456401574803145
0
LINE
8
BLACK
6
CONTINUOUS
10
5.3083825590551177
20
-4.3456401574803145
11
5.3094469685039369
21
-4.346081062992126
0
LINE
8
BLACK
6
CONTINUOUS
10
5.3094469685039369
20
-4.346081062992126
11
5.3102616141732284
21
-4.3468957086614175
0
LINE
8
BLACK
6
CONTINUOUS
10
5.3102616141732284
20
-4.3468957086614175
11
5.310702519685039
21
-4.3479601181102359
0
LINE
8
BLACK
6
CONTINUOUS
10
5.310702519685039
20
-4.3479601181102359
11
5.3107592519685038
21
-4.3485361811023617
0
LINE
8
BLACK
6
CONTINUOUS
10
5.3107592519685038
20
-4.3485361811023617
11
5.3107592519685038
21
-4.38790625984252
0
LINE
8
BLACK
6
CONTINUOUS
10
5.3107592519685038
20
-4.38790625984252
11
5.310702519685039
21
-4.3884823228346459
0
LINE
8
BLACK
6
CONTINUOUS
10
5.310702519685039
20
-4.3884823228346459
11
5.3102616141732284
21
-4.3895467322834643
0
LINE
8
BLACK
6
CONTINUOUS
10
5.3102616141732284
20
-4.3895467322834643
11
5.3094469685039369
21
-4.3903613779527557
0
LINE
8
BLACK
6
CONTINUOUS
10
5.3094469685039369
20
-4.3903613779527557
11
5.3083825590551177
21
-4.3908022834645672
0
LINE
8
BLACK
6
CONTINUOUS
10
5.3083825590551177
20
-4.3908022834645672
11
5.3072304330708659
21
-4.3908022834645672
0
LINE
8
BLACK
6
CONTINUOUS
10
5.3072304330708659
20
-4.3908022834645672
11
5.3061660236220467
21
-4.3903613779527557
0
LINE
8
BLACK
6
CONTINUOUS
10
5.3061660236220467
20
-4.3903613779527557
11
5.3053513779527561
21
-4.3895467322834643
0
LINE
8
BLACK
6
CONTINUOUS
10
5.3053513779527561
20
-4.3895467322834643
11
5.3049104724409446
21
-4.3884823228346459
0
LINE
8
BLACK
6
CONTINUOUS
10
5.3049104724409446
20
-4.3884823228346459
11
5.3048537401574798
21
-4.38790625984252
0
LINE
8
BLACK
6
CONTINUOUS
10
5.3048537401574798
20
-4.38790625984252
11
5.3048537401574798
21
-4.3721113385826769
0
LINE
8
BLACK
6
CONTINUOUS
10
5.3048537401574798
20
-4.3721113385826769
11
5.2999700393700788
21
-4.3721113385826769
0
LINE
8
BLACK
6
CONTINUOUS
10
5.2999700393700788
20
-4.3721113385826769
11
5.2877283070866143
21
-4.3895995669291334
0
LINE
8
BLACK
6
CONTINUOUS
10
5.2877283070866143
20
-4.3895995669291334
11
5.2873514960629917
21
-4.3900389370078736
0
LINE
8
BLACK
6
CONTINUOUS
10
5.2873514960629917
20
-4.3900389370078736
11
5.286379881889764
21
-4.3906581102362203
0
LINE
8
BLACK
6
CONTINUOUS
10
5.286379881889764
20
-4.3906581102362203
11
5.2852453543307085
21
-4.3908583070866145
0
LINE
8
BLACK
6
CONTINUOUS
10
5.2852453543307085
20
-4.3908583070866145
11
5.2841205118110235
21
-4.390609133858268
0
LINE
8
BLACK
6
CONTINUOUS
10
5.2841205118110235
20
-4.390609133858268
11
5.2831766535433067
21
-4.3899484251968506
0
LINE
8
BLACK
6
CONTINUOUS
10
5.2831766535433067
20
-4.3899484251968506
11
5.2825574803149609
21
-4.388976811023622
0
LINE
8
BLACK
6
CONTINUOUS
10
5.2825574803149609
20
-4.388976811023622
11
5.2823572834645667
21
-4.3878422834645665
0
LINE
8
BLACK
6
CONTINUOUS
10
5.2823572834645667
20
-4.3878422834645665
11
5.2826064566929132
21
-4.3867174409448815
0
LINE
8
BLACK
6
CONTINUOUS
10
5.2826064566929132
20
-4.3867174409448815
11
5.2828903543307089
21
-4.3862129527559057
0
LINE
8
BLACK
6
CONTINUOUS
10
5.2828903543307089
20
-4.3862129527559057
11
5.2927644881889764
21
-4.3721070078740158
0
LINE
8
BLACK
6
CONTINUOUS
10
5.2927644881889764
20
-4.3721070078740158
11
5.2922323228346455
21
-4.3720546062992129
0
LINE
8
BLACK
6
CONTINUOUS
10
5.2922323228346455
20
-4.3720546062992129
11
5.2921343307086612
21
-4.3720140157480314
0
LINE
8
BLACK
6
CONTINUOUS
10
5.2921343307086612
20
-4.3720140157480314
11
5.2920284645669291
21
-4.3720064960629923
0
LINE
8
BLACK
6
CONTINUOUS
10
5.2920284645669291
20
-4.3720064960629923
11
5.2914878740157478
21
-4.3717996062992128
0
LINE
8
BLACK
6
CONTINUOUS
10
5.2914878740157478
20
-4.3717996062992128
11
5.2877383464566927
21
-4.3699248425196853
0
LINE
8
BLACK
6
CONTINUOUS
10
5.2877383464566927
20
-4.3699248425196853
11
5.28749031496063
21
-4.3697687401574798
0
LINE
8
BLACK
6
CONTINUOUS
10
5.28749031496063
20
-4.3697687401574798
11
5.2874183858267711
21
-4.3697389370078739
0
LINE
8
BLACK
6
CONTINUOUS
10
5.2874183858267711
20
-4.3697389370078739
11
5.2873374015748027
21
-4.3696724409448819
0
LINE
8
BLACK
6
CONTINUOUS
10
5.2873374015748027
20
-4.3696724409448819
11
5.2872484645669289
21
-4.3696164960629922
0
LINE
8
BLACK
6
CONTINUOUS
10
5.2872484645669289
20
-4.3696164960629922
11
5.2871972834645664
21
-4.3695574803149606
0
LINE
8
BLACK
6
CONTINUOUS
10
5.2871972834645664
20
-4.3695574803149606
11
5.2869709448818893
21
-4.3693717322834642
0
LINE
8
BLACK
6
CONTINUOUS
10
5.2869709448818893
20
-4.3693717322834642
11
5.2850961811023618
21
-4.3674969685039366
0
LINE
8
BLACK
6
CONTINUOUS
10
5.2850961811023618
20
-4.3674969685039366
11
5.2849103937007875
21
-4.3672705905511808
0
LINE
8
BLACK
6
CONTINUOUS
10
5.2849103937007875
20
-4.3672705905511808
11
5.2848514173228347
21
-4.3672194488188971
0
LINE
8
BLACK
6
CONTINUOUS
10
5.2848514173228347
20
-4.3672194488188971
11
5.2847954330708662
21
-4.3671304724409445
0
LINE
8
BLACK
6
CONTINUOUS
10
5.2847954330708662
20
-4.3671304724409445
11
5.284728976377953
21
-4.3670495275590548
0
LINE
8
BLACK
6
CONTINUOUS
10
5.284728976377953
20
-4.3670495275590548
11
5.2846991338582674
21
-4.3669775590551181
0
LINE
8
BLACK
6
CONTINUOUS
10
5.2846991338582674
20
-4.3669775590551181
11
5.2845430708661416
21
-4.3667295669291342
0
LINE
8
BLACK
6
CONTINUOUS
10
5.2845430708661416
20
-4.3667295669291342
11
5.2826683070866141
21
-4.3629800393700791
0
LINE
8
BLACK
6
CONTINUOUS
10
5.2826683070866141
20
-4.3629800393700791
11
5.2824614173228346
21
-4.362439409448819
0
LINE
8
BLACK
6
CONTINUOUS
10
5.2824614173228346
20
-4.362439409448819
11
5.2824538976377955
21
-4.3623335826771656
0
LINE
8
BLACK
6
CONTINUOUS
10
5.2824538976377955
20
-4.3623335826771656
11
5.2824133070866139
21
-4.3622355905511814
0
LINE
8
BLACK
6
CONTINUOUS
10
5.2824133070866139
20
-4.3622355905511814
11
5.2823565748031491
21
-4.3616595275590546
0
LINE
8
BLACK
6
CONTINUOUS
10
5.2823565748031491
20
-4.3616595275590546
11
5.2823565748031491
21
-4.356035236220472
0
LINE
8
BLACK
6
CONTINUOUS
10
5.2823565748031491
20
-4.356035236220472
11
5.2824133070866139
21
-4.3554591732283461
0
LINE
8
BLACK
6
CONTINUOUS
10
5.2824133070866139
20
-4.3554591732283461
11
5.2824538976377955
21
-4.3553611417322831
0
LINE
8
BLACK
6
CONTINUOUS
10
5.2824538976377955
20
-4.3553611417322831
11
5.2824614173228346
21
-4.3552553543307084
0
LINE
8
BLACK
6
CONTINUOUS
10
5.2824614173228346
20
-4.3552553543307084
11
5.2826683070866141
21
-4.3547147244094484
0
LINE
8
BLACK
6
CONTINUOUS
10
5.2826683070866141
20
-4.3547147244094484
11
5.2845430708661416
21
-4.3509651968503933
0
LINE
8
BLACK
6
CONTINUOUS
10
5.2845430708661416
20
-4.3509651968503933
11
5.2846991338582674
21
-4.3507171653543306
0
LINE
8
BLACK
6
CONTINUOUS
10
5.2846991338582674
20
-4.3507171653543306
11
5.284728976377953
21
-4.3506452362204726
0
LINE
8
BLACK
6
CONTINUOUS
10
5.284728976377953
20
-4.3506452362204726
11
5.2847954330708662
21
-4.3505642519685042
0
LINE
8
BLACK
6
CONTINUOUS
10
5.2847954330708662
20
-4.3505642519685042
11
5.2848514173228347
21
-4.3504753149606294
0
LINE
8
BLACK
6
CONTINUOUS
10
5.2848514173228347
20
-4.3504753149606294
11
5.2849103937007875
21
-4.3504241338582679
0
LINE
8
BLACK
6
CONTINUOUS
10
5.2849103937007875
20
-4.3504241338582679
11
5.2850961811023618
21
-4.3501977952755908
0
LINE
8
BLACK
6
CONTINUOUS
10
5.2850961811023618
20
-4.3501977952755908
11
5.2869709448818893
21
-4.3483230314960633
0
LINE
8
BLACK
6
CONTINUOUS
10
5.2869709448818893
20
-4.3483230314960633
11
5.2871972834645664
21
-4.3481372440944881
0
LINE
8
BLACK
6
CONTINUOUS
10
5.2871972834645664
20
-4.3481372440944881
11
5.2872484645669289
21
-4.3480782677165353
0
LINE
8
BLACK
6
CONTINUOUS
10
5.2872484645669289
20
-4.3480782677165353
11
5.2873374015748027
21
-4.3480222834645668
0
LINE
8
BLACK
6
CONTINUOUS
10
5.2873374015748027
20
-4.3480222834645668
11
5.2874183858267711
21
-4.3479558267716536
0
LINE
8
BLACK
6
CONTINUOUS
10
5.2874183858267711
20
-4.3479558267716536
11
5.28749031496063
21
-4.347925984251968
0
LINE
8
BLACK
6
CONTINUOUS
10
5.28749031496063
20
-4.347925984251968
11
5.2877383464566927
21
-4.3477699212598422
0
LINE
8
BLACK
6
CONTINUOUS
10
5.2877383464566927
20
-4.3477699212598422
11
5.2914878740157478
21
-4.3458951574803146
0
LINE
8
BLACK
6
CONTINUOUS
10
5.2914878740157478
20
-4.3458951574803146
11
5.2920284645669291
21
-4.3456882677165352
0
LINE
8
BLACK
6
CONTINUOUS
10
5.2920284645669291
20
-4.3456882677165352
11
5.2921343307086612
21
-4.3456807086614173
0
LINE
8
BLACK
6
CONTINUOUS
10
5.2921343307086612
20
-4.3456807086614173
11
5.2922323228346455
21
-4.3456401574803145
0
LINE
8
BLACK
6
CONTINUOUS
10
5.2922323228346455
20
-4.3456401574803145
11
5.2928083858267714
21
-4.3455834251968506
0
LINE
8
BLACK
6
CONTINUOUS
10
5.2928083858267714
20
-4.3455834251968506
11
5.3078064960629918
21
-4.3455834251968506
0
LINE
8
BLACK
6
CONTINUOUS
10
5.3078064960629918
20
-4.3455834251968506
11
5.3083825590551177
21
-4.3456401574803145
0
LINE
8
BLACK
6
CONTINUOUS
10
5.2908079527559053
20
-4.3528376771653541
11
5.2896108267716535
21
-4.3540348031496059
0
LINE
8
BLACK
6
CONTINUOUS
10
5.2896108267716535
20
-4.3540348031496059
11
5.2882620866141732
21
-4.3567322834645665
0
LINE
8
BLACK
6
CONTINUOUS
10
5.2882620866141732
20
-4.3567322834645665
11
5.2882620866141732
21
-4.3609624803149609
0
LINE
8
BLACK
6
CONTINUOUS
10
5.2882620866141732
20
-4.3609624803149609
11
5.2896108267716535
21
-4.3636599606299216
0
LINE
8
BLACK
6
CONTINUOUS
10
5.2896108267716535
20
-4.3636599606299216
11
5.2908079527559053
21
-4.3648570866141734
0
LINE
8
BLACK
6
CONTINUOUS
10
5.2908079527559053
20
-4.3648570866141734
11
5.293505433070866
21
-4.3662058267716537
0
LINE
8
BLACK
6
CONTINUOUS
10
5.293505433070866
20
-4.3662058267716537
11
5.3048537401574798
21
-4.3662058267716537
0
LINE
8
BLACK
6
CONTINUOUS
10
5.3048537401574798
20
-4.3662058267716537
11
5.3048537401574798
21
-4.3514889370078738
0
LINE
8
BLACK
6
CONTINUOUS
10
5.3048537401574798
20
-4.3514889370078738
11
5.293505433070866
21
-4.3514889370078738
0
LINE
8
BLACK
6
CONTINUOUS
10
5.293505433070866
20
-4.3514889370078738
11
5.2908079527559053
21
-4.3528376771653541
0
LINE
8
BLACK
6
CONTINUOUS
10
4.715711220472441
20
-4.3587927559055117
11
4.7158598425196852
21
-4.3587927559055117
0
LINE
8
BLACK
6
CONTINUOUS
10
4.7158598425196852
20
-4.3587927559055117
11
4.71625842519685
21
-4.3589578346456692
0
LINE
8
BLACK
6
CONTINUOUS
10
4.71625842519685
20
-4.3589578346456692
11
4.7166718503937011
21
-4.3590825984251964
0
LINE
8
BLACK
6
CONTINUOUS
10
4.7166718503937011
20
-4.3590825984251964
11
4.7167869685039365
21
-4.3591767716535434
0
LINE
8
BLACK
6
CONTINUOUS
10
4.7167869685039365
20
-4.3591767716535434
11
4.7169242519685035
21
-4.3592336614173224
0
LINE
8
BLACK
6
CONTINUOUS
10
4.7169242519685035
20
-4.3592336614173224
11
4.7172292913385823
21
-4.3595387007874011
0
LINE
8
BLACK
6
CONTINUOUS
10
4.7172292913385823
20
-4.3595387007874011
11
4.7175635039370079
21
-4.3598121653543309
0
LINE
8
BLACK
6
CONTINUOUS
10
4.7175635039370079
20
-4.3598121653543309
11
4.7176337795275591
21
-4.359943188976378
0
LINE
8
BLACK
6
CONTINUOUS
10
4.7176337795275591
20
-4.359943188976378
11
4.7177389370078737
21
-4.3600483464566926
0
LINE
8
BLACK
6
CONTINUOUS
10
4.7177389370078737
20
-4.3600483464566926
11
4.7179040157480312
21
-4.3604469291338583
0
LINE
8
BLACK
6
CONTINUOUS
10
4.7179040157480312
20
-4.3604469291338583
11
4.7181081496062989
21
-4.3608274015748032
0
LINE
8
BLACK
6
CONTINUOUS
10
4.7181081496062989
20
-4.3608274015748032
11
4.7181229133858267
21
-4.3609753937007874
0
LINE
8
BLACK
6
CONTINUOUS
10
4.7181229133858267
20
-4.3609753937007874
11
4.7181798425196853
21
-4.3611127559055118
0
LINE
8
BLACK
6
CONTINUOUS
10
4.7181798425196853
20
-4.3611127559055118
11
4.7181798425196853
21
-4.3615442913385829
0
LINE
8
BLACK
6
CONTINUOUS
10
4.7181798425196853
20
-4.3615442913385829
11
4.7182227952755902
21
-4.3619738188976376
0
LINE
8
BLACK
6
CONTINUOUS
10
4.7182227952755902
20
-4.3619738188976376
11
4.7181798425196853
21
-4.3621161417322831
0
LINE
8
BLACK
6
CONTINUOUS
10
4.7181798425196853
20
-4.3621161417322831
11
4.7181798425196853
21
-4.3622648425196848
0
LINE
8
BLACK
6
CONTINUOUS
10
4.7181798425196853
20
-4.3622648425196848
11
4.7180146850393703
21
-4.3626635039370081
0
LINE
8
BLACK
6
CONTINUOUS
10
4.7180146850393703
20
-4.3626635039370081
11
4.7178899999999997
21
-4.363076811023622
0
LINE
8
BLACK
6
CONTINUOUS
10
4.7178899999999997
20
-4.363076811023622
11
4.7177958267716535
21
-4.3631918897637796
0
LINE
8
BLACK
6
CONTINUOUS
10
4.7177958267716535
20
-4.3631918897637796
11
4.7177389370078737
21
-4.3633292519685041
0
LINE
8
BLACK
6
CONTINUOUS
10
4.7177389370078737
20
-4.3633292519685041
11
4.7173717322834641
21
-4.3637766929133859
0
LINE
8
BLACK
6
CONTINUOUS
10
4.7173717322834641
20
-4.3637766929133859
11
4.7158357874015744
21
-4.3653126377952756
0
LINE
8
BLACK
6
CONTINUOUS
10
4.7158357874015744
20
-4.3653126377952756
11
4.7144870472440941
21
-4.3680101181102362
0
LINE
8
BLACK
6
CONTINUOUS
10
4.7144870472440941
20
-4.3680101181102362
11
4.7144870472440941
21
-4.3759898425196848
0
LINE
8
BLACK
6
CONTINUOUS
10
4.7144870472440941
20
-4.3759898425196848
11
4.7158357874015744
21
-4.3786873228346455
0
LINE
8
BLACK
6
CONTINUOUS
10
4.7158357874015744
20
-4.3786873228346455
11
4.7170329133858271
21
-4.3798844488188973
0
LINE
8
BLACK
6
CONTINUOUS
10
4.7170329133858271
20
-4.3798844488188973
11
4.7197303937007877
21
-4.3812331889763776
0
LINE
8
BLACK
6
CONTINUOUS
10
4.7197303937007877
20
-4.3812331889763776
11
4.7277101181102363
21
-4.3812331889763776
0
LINE
8
BLACK
6
CONTINUOUS
10
4.7277101181102363
20
-4.3812331889763776
11
4.730407598425197
21
-4.3798844094488185
0
LINE
8
BLACK
6
CONTINUOUS
10
4.730407598425197
20
-4.3798844094488185
11
4.7316047637795275
21
-4.3786872834645667
0
LINE
8
BLACK
6
CONTINUOUS
10
4.7316047637795275
20
-4.3786872834645667
11
4.7329535039370079
21
-4.3759898425196848
0
LINE
8
BLACK
6
CONTINUOUS
10
4.7329535039370079
20
-4.3759898425196848
11
4.7329535039370079
21
-4.3680101181102362
0
LINE
8
BLACK
6
CONTINUOUS
10
4.7329535039370079
20
-4.3680101181102362
11
4.7316047637795275
21
-4.3653126377952756
0
LINE
8
BLACK
6
CONTINUOUS
10
4.7316047637795275
20
-4.3653126377952756
11
4.7300688188976379
21
-4.3637767322834646
0
LINE
8
BLACK
6
CONTINUOUS
10
4.7300688188976379
20
-4.3637767322834646
11
4.7297015748031495
21
-4.3633292519685041
0
LINE
8
BLACK
6
CONTINUOUS
10
4.7297015748031495
20
-4.3633292519685041
11
4.7292606692913388
21
-4.3622648425196848
0
LINE
8
BLACK
6
CONTINUOUS
10
4.7292606692913388
20
-4.3622648425196848
11
4.7292606692913388
21
-4.3611127559055118
0
LINE
8
BLACK
6
CONTINUOUS
10
4.7292606692913388
20
-4.3611127559055118
11
4.7297015354330707
21
-4.3600483464566926
0
LINE
8
BLACK
6
CONTINUOUS
10
4.7297015354330707
20
-4.3600483464566926
11
4.7305162204724409
21
-4.3592336614173224
0
LINE
8
BLACK
6
CONTINUOUS
10
4.7305162204724409
20
-4.3592336614173224
11
4.7315806299212602
21
-4.3587927559055117
0
LINE
8
BLACK
6
CONTINUOUS
10
4.7315806299212602
20
-4.3587927559055117
11
4.7327327165354331
21
-4.3587927559055117
0
LINE
8
BLACK
6
CONTINUOUS
10
4.7327327165354331
20
-4.3587927559055117
11
4.7337971259842515
21
-4.3592336220472436
0
LINE
8
BLACK
6
CONTINUOUS
10
4.7337971259842515
20
-4.3592336220472436
11
4.7342445669291333
21
-4.3596008267716533
0
LINE
8
BLACK
6
CONTINUOUS
10
4.7342445669291333
20
-4.3596008267716533
11
4.7361193700787396
21
-4.3614755905511808
0
LINE
8
BLACK
6
CONTINUOUS
10
4.7361193700787396
20
-4.3614755905511808
11
4.736305118110236
21
-4.3617019291338579
0
LINE
8
BLACK
6
CONTINUOUS
10
4.736305118110236
20
-4.3617019291338579
11
4.7363641732283464
21
-4.3617531496062991
0
LINE
8
BLACK
6
CONTINUOUS
10
4.7363641732283464
20
-4.3617531496062991
11
4.7364201574803149
21
-4.3618420866141729
0
LINE
8
BLACK
6
CONTINUOUS
10
4.7364201574803149
20
-4.3618420866141729
11
4.736486614173228
21
-4.3619230708661414
0
LINE
8
BLACK
6
CONTINUOUS
10
4.736486614173228
20
-4.3619230708661414
11
4.7365164173228349
21
-4.3619950000000003
0
LINE
8
BLACK
6
CONTINUOUS
10
4.7365164173228349
20
-4.3619950000000003
11
4.7366725196850394
21
-4.362243031496063
0
LINE
8
BLACK
6
CONTINUOUS
10
4.7366725196850394
20
-4.362243031496063
11
4.738547283464567
21
-4.3659925590551181
0
LINE
8
BLACK
6
CONTINUOUS
10
4.738547283464567
20
-4.3659925590551181
11
4.7387541732283465
21
-4.3665331496062993
0
LINE
8
BLACK
6
CONTINUOUS
10
4.7387541732283465
20
-4.3665331496062993
11
4.7387616929133856
21
-4.3666390157480315
0
LINE
8
BLACK
6
CONTINUOUS
10
4.7387616929133856
20
-4.3666390157480315
11
4.7388022834645671
21
-4.3667370078740158
0
LINE
8
BLACK
6
CONTINUOUS
10
4.7388022834645671
20
-4.3667370078740158
11
4.738859015748031
21
-4.3673130708661416
0
LINE
8
BLACK
6
CONTINUOUS
10
4.738859015748031
20
-4.3673130708661416
11
4.738859015748031
21
-4.3766868897637794
0
LINE
8
BLACK
6
CONTINUOUS
10
4.738859015748031
20
-4.3766868897637794
11
4.7388022834645671
21
-4.3772629527559053
0
LINE
8
BLACK
6
CONTINUOUS
10
4.7388022834645671
20
-4.3772629527559053
11
4.7387616929133856
21
-4.3773609055118108
0
LINE
8
BLACK
6
CONTINUOUS
10
4.7387616929133856
20
-4.3773609055118108
11
4.7387541732283465
21
-4.3774668110236217
0
LINE
8
BLACK
6
CONTINUOUS
10
4.7387541732283465
20
-4.3774668110236217
11
4.738547283464567
21
-4.3780074015748029
0
LINE
8
BLACK
6
CONTINUOUS
10
4.738547283464567
20
-4.3780074015748029
11
4.7366725196850394
21
-4.3817569291338581
0
LINE
8
BLACK
6
CONTINUOUS
10
4.7366725196850394
20
-4.3817569291338581
11
4.7365164173228349
21
-4.382004921259842
0
LINE
8
BLACK
6
CONTINUOUS
10
4.7365164173228349
20
-4.382004921259842
11
4.736486614173228
21
-4.3820768897637796
0
LINE
8
BLACK
6
CONTINUOUS
10
4.736486614173228
20
-4.3820768897637796
11
4.7364201574803149
21
-4.3821578346456693
0
LINE
8
BLACK
6
CONTINUOUS
10
4.7364201574803149
20
-4.3821578346456693
11
4.7363641732283464
21
-4.3822468110236219
0
LINE
8
BLACK
6
CONTINUOUS
10
4.7363641732283464
20
-4.3822468110236219
11
4.736305118110236
21
-4.3822979921259844
0
LINE
8
BLACK
6
CONTINUOUS
10
4.736305118110236
20
-4.3822979921259844
11
4.7361193700787396
21
-4.3825243700787402
0
LINE
8
BLACK
6
CONTINUOUS
10
4.7361193700787396
20
-4.3825243700787402
11
4.7342445669291333
21
-4.3843991338582677
0
LINE
8
BLACK
6
CONTINUOUS
10
4.7342445669291333
20
-4.3843991338582677
11
4.7340182283464562
21
-4.3845848425196845
0
LINE
8
BLACK
6
CONTINUOUS
10
4.7340182283464562
20
-4.3845848425196845
11
4.7339670866141734
21
-4.3846438582677161
0
LINE
8
BLACK
6
CONTINUOUS
10
4.7339670866141734
20
-4.3846438582677161
11
4.7338781496062987
21
-4.3846998031496058
0
LINE
8
BLACK
6
CONTINUOUS
10
4.7338781496062987
20
-4.3846998031496058
11
4.7337971259842515
21
-4.3847663385826774
0
LINE
8
BLACK
6
CONTINUOUS
10
4.7337971259842515
20
-4.3847663385826774
11
4.7337250787401572
21
-4.3847961417322834
0
LINE
8
BLACK
6
CONTINUOUS
10
4.7337250787401572
20
-4.3847961417322834
11
4.7334772047244096
21
-4.3849522047244092
0
LINE
8
BLACK
6
CONTINUOUS
10
4.7334772047244096
20
-4.3849522047244092
11
4.7297276771653545
21
-4.3868269685039367
0
LINE
8
BLACK
6
CONTINUOUS
10
4.7297276771653545
20
-4.3868269685039367
11
4.7291870472440944
21
-4.3870338582677162
0
LINE
8
BLACK
6
CONTINUOUS
10
4.7291870472440944
20
-4.3870338582677162
11
4.7290812204724411
21
-4.3870413385826774
0
LINE
8
BLACK
6
CONTINUOUS
10
4.7290812204724411
20
-4.3870413385826774
11
4.7289832283464568
21
-4.3870819685039368
0
LINE
8
BLACK
6
CONTINUOUS
10
4.7289832283464568
20
-4.3870819685039368
11
4.7284071653543309
21
-4.3871387007874016
0
LINE
8
BLACK
6
CONTINUOUS
10
4.7284071653543309
20
-4.3871387007874016
11
4.7190333464566931
21
-4.3871387007874016
0
LINE
8
BLACK
6
CONTINUOUS
10
4.7190333464566931
20
-4.3871387007874016
11
4.7184572834645664
21
-4.3870819685039368
0
LINE
8
BLACK
6
CONTINUOUS
10
4.7184572834645664
20
-4.3870819685039368
11
4.718359291338583
21
-4.3870413779527562
0
LINE
8
BLACK
6
CONTINUOUS
10
4.718359291338583
20
-4.3870413779527562
11
4.71825342519685
21
-4.3870338582677162
0
LINE
8
BLACK
6
CONTINUOUS
10
4.71825342519685
20
-4.3870338582677162
11
4.7177128346456696
21
-4.3868269685039367
0
LINE
8
BLACK
6
CONTINUOUS
10
4.7177128346456696
20
-4.3868269685039367
11
4.7139633070866145
21
-4.3849522047244092
0
LINE
8
BLACK
6
CONTINUOUS
10
4.7139633070866145
20
-4.3849522047244092
11
4.7137152755905509
21
-4.3847961023622046
0
LINE
8
BLACK
6
CONTINUOUS
10
4.7137152755905509
20
-4.3847961023622046
11
4.7136433464566929
21
-4.3847662992125986
0
LINE
8
BLACK
6
CONTINUOUS
10
4.7136433464566929
20
-4.3847662992125986
11
4.7135623622047245
21
-4.3846998031496058
0
LINE
8
BLACK
6
CONTINUOUS
10
4.7135623622047245
20
-4.3846998031496058
11
4.7134734251968506
21
-4.3846438582677161
0
LINE
8
BLACK
6
CONTINUOUS
10
4.7134734251968506
20
-4.3846438582677161
11
4.7134222440944882
21
-4.3845848425196845
0
LINE
8
BLACK
6
CONTINUOUS
10
4.7134222440944882
20
-4.3845848425196845
11
4.7131959055118111
21
-4.384399094488189
0
LINE
8
BLACK
6
CONTINUOUS
10
4.7131959055118111
20
-4.384399094488189
11
4.7113211417322836
21
-4.3825243307086614
0
LINE
8
BLACK
6
CONTINUOUS
10
4.7113211417322836
20
-4.3825243307086614
11
4.7111353543307084
21
-4.3822979527559056
0
LINE
8
BLACK
6
CONTINUOUS
10
4.7111353543307084
20
-4.3822979527559056
11
4.7110763779527556
21
-4.3822468110236219
0
LINE
8
BLACK
6
CONTINUOUS
10
4.7110763779527556
20
-4.3822468110236219
11
4.7110203937007871
21
-4.3821578346456693
0
LINE
8
BLACK
6
CONTINUOUS
10
4.7110203937007871
20
-4.3821578346456693
11
4.7109539370078739
21
-4.3820768897637796
0
LINE
8
BLACK
6
CONTINUOUS
10
4.7109539370078739
20
-4.3820768897637796
11
4.7109240944881892
21
-4.382004921259842
0
LINE
8
BLACK
6
CONTINUOUS
10
4.7109240944881892
20
-4.382004921259842
11
4.7107680314960625
21
-4.3817569291338581
0
LINE
8
BLACK
6
CONTINUOUS
10
4.7107680314960625
20
-4.3817569291338581
11
4.7088932677165349
21
-4.3780074015748029
0
LINE
8
BLACK
6
CONTINUOUS
10
4.7088932677165349
20
-4.3780074015748029
11
4.7086863779527555
21
-4.3774667716535429
0
LINE
8
BLACK
6
CONTINUOUS
10
4.7086863779527555
20
-4.3774667716535429
11
4.7086788582677164
21
-4.3773609448818895
0
LINE
8
BLACK
6
CONTINUOUS
10
4.7086788582677164
20
-4.3773609448818895
11
4.7086382677165357
21
-4.3772629527559053
0
LINE
8
BLACK
6
CONTINUOUS
10
4.7086382677165357
20
-4.3772629527559053
11
4.7085815354330709
21
-4.3766868897637794
0
LINE
8
BLACK
6
CONTINUOUS
10
4.7085815354330709
20
-4.3766868897637794
11
4.7085815354330709
21
-4.3673130708661416
0
LINE
8
BLACK
6
CONTINUOUS
10
4.7085815354330709
20
-4.3673130708661416
11
4.7086382677165357
21
-4.3667370078740158
0
LINE
8
BLACK
6
CONTINUOUS
10
4.7086382677165357
20
-4.3667370078740158
11
4.7086788582677164
21
-4.3666389763779527
0
LINE
8
BLACK
6
CONTINUOUS
10
4.7086788582677164
20
-4.3666389763779527
11
4.7086863779527555
21
-4.3665331889763781
0
LINE
8
BLACK
6
CONTINUOUS
10
4.7086863779527555
20
-4.3665331889763781
11
4.7088932677165349
21
-4.3659925590551181
0
LINE
8
BLACK
6
CONTINUOUS
10
4.7088932677165349
20
-4.3659925590551181
11
4.7092601968503933
21
-4.3652586220472438
0
LINE
8
BLACK
6
CONTINUOUS
10
4.7092601968503933
20
-4.3652586220472438
11
4.6994889370078736
21
-4.3662357480314959
0
LINE
8
BLACK
6
CONTINUOUS
10
4.6994889370078736
20
-4.3662357480314959
11
4.6994889370078736
21
-4.3823111811023621
0
LINE
8
BLACK
6
CONTINUOUS
10
4.6994889370078736
20
-4.3823111811023621
11
4.6994322047244097
21
-4.3828872440944879
0
LINE
8
BLACK
6
CONTINUOUS
10
4.6994322047244097
20
-4.3828872440944879
11
4.6989912992125982
21
-4.3839516535433072
0
LINE
8
BLACK
6
CONTINUOUS
10
4.6989912992125982
20
-4.3839516535433072
11
4.6981766535433067
21
-4.3847662992125986
0
LINE
8
BLACK
6
CONTINUOUS
10
4.6981766535433067
20
-4.3847662992125986
11
4.6971122440944884
21
-4.3852072047244093
0
LINE
8
BLACK
6
CONTINUOUS
10
4.6971122440944884
20
-4.3852072047244093
11
4.6959601181102357
21
-4.3852072047244093
0
LINE
8
BLACK
6
CONTINUOUS
10
4.6959601181102357
20
-4.3852072047244093
11
4.6948957086614174
21
-4.3847662992125986
0
LINE
8
BLACK
6
CONTINUOUS
10
4.6948957086614174
20
-4.3847662992125986
11
4.6940810629921259
21
-4.3839516535433072
0
LINE
8
BLACK
6
CONTINUOUS
10
4.6940810629921259
20
-4.3839516535433072
11
4.6936401574803153
21
-4.3828872440944879
0
LINE
8
BLACK
6
CONTINUOUS
10
4.6936401574803153
20
-4.3828872440944879
11
4.6935834251968505
21
-4.3823111811023621
0
LINE
8
BLACK
6
CONTINUOUS
10
4.6935834251968505
20
-4.3823111811023621
11
4.6935834251968505
21
-4.3635635433070865
0
LINE
8
BLACK
6
CONTINUOUS
10
4.6935834251968505
20
-4.3635635433070865
11
4.6936043700787398
21
-4.3633504724409446
0
LINE
8
BLACK
6
CONTINUOUS
10
4.6936043700787398
20
-4.3633504724409446
11
4.6935972047244094
21
-4.3632785039370079
0
LINE
8
BLACK
6
CONTINUOUS
10
4.6935972047244094
20
-4.3632785039370079
11
4.6936183858267713
21
-4.3632081496062991
0
LINE
8
BLACK
6
CONTINUOUS
10
4.6936183858267713
20
-4.3632081496062991
11
4.6936401574803153
21
-4.3629874803149606
0
LINE
8
BLACK
6
CONTINUOUS
10
4.6936401574803153
20
-4.3629874803149606
11
4.6938052755905515
21
-4.3625887795275586
0
LINE
8
BLACK
6
CONTINUOUS
10
4.6938052755905515
20
-4.3625887795275586
11
4.6939299999999999
21
-4.3621755118110235
0
LINE
8
BLACK
6
CONTINUOUS
10
4.6939299999999999
20
-4.3621755118110235
11
4.6940241338582673
21
-4.3620603937007871
0
LINE
8
BLACK
6
CONTINUOUS
10
4.6940241338582673
20
-4.3620603937007871
11
4.6940810629921259
21
-4.3619230708661414
0
LINE
8
BLACK
6
CONTINUOUS
10
4.6940810629921259
20
-4.3619230708661414
11
4.6943862992125984
21
-4.3616177952755901
0
LINE
8
BLACK
6
CONTINUOUS
10
4.6943862992125984
20
-4.3616177952755901
11
4.6946595669291336
21
-4.3612838582677167
0
LINE
8
BLACK
6
CONTINUOUS
10
4.6946595669291336
20
-4.3612838582677167
11
4.6947905118110231
21
-4.3612135826771654
0
LINE
8
BLACK
6
CONTINUOUS
10
4.6947905118110231
20
-4.3612135826771654
11
4.6948957086614174
21
-4.3611084251968499
0
LINE
8
BLACK
6
CONTINUOUS
10
4.6948957086614174
20
-4.3611084251968499
11
4.695294488188976
21
-4.3609432283464562
0
LINE
8
BLACK
6
CONTINUOUS
10
4.695294488188976
20
-4.3609432283464562
11
4.6956748031496058
21
-4.3607392125984248
0
LINE
8
BLACK
6
CONTINUOUS
10
4.6956748031496058
20
-4.3607392125984248
11
4.6958922834645671
21
-4.3606955905511811
0
LINE
8
BLACK
6
CONTINUOUS
10
4.6958922834645671
20
-4.3606955905511811
11
4.6959601181102357
21
-4.3606675196850393
0
LINE
8
BLACK
6
CONTINUOUS
10
4.6959601181102357
20
-4.3606675196850393
11
4.6960324409448821
21
-4.3606675196850393
0
LINE
8
BLACK
6
CONTINUOUS
10
4.6960324409448821
20
-4.3606675196850393
11
4.6962423622047247
21
-4.360625433070866
0
LINE
8
BLACK
6
CONTINUOUS
10
4.6962423622047247
20
-4.360625433070866
11
4.7149900000000002
21
-4.3587506692913385
0
LINE
8
BLACK
6
CONTINUOUS
10
4.7149900000000002
20
-4.3587506692913385
11
4.7155688582677167
21
-4.3587498031496059
0
LINE
8
BLACK
6
CONTINUOUS
10
4.7155688582677167
20
-4.3587498031496059
11
4.715711220472441
21
-4.3587927559055117
0
LINE
8
BLACK
6
CONTINUOUS
10
4.6277112204724409
20
-4.3555404330708658
11
4.6278598425196851
21
-4.3555404330708658
0
LINE
8
BLACK
6
CONTINUOUS
10
4.6278598425196851
20
-4.3555404330708658
11
4.6282584251968499
21
-4.3557055118110233
0
LINE
8
BLACK
6
CONTINUOUS
10
4.6282584251968499
20
-4.3557055118110233
11
4.628671850393701
21
-4.3558302755905514
0
LINE
8
BLACK
6
CONTINUOUS
10
4.628671850393701
20
-4.3558302755905514
11
4.6287869685039373
21
-4.3559244488188975
0
LINE
8
BLACK
6
CONTINUOUS
10
4.6287869685039373
20
-4.3559244488188975
11
4.6289242519685034
21
-4.3559813385826773
0
LINE
8
BLACK
6
CONTINUOUS
10
4.6289242519685034
20
-4.3559813385826773
11
4.6292292913385822
21
-4.3562863779527561
0
LINE
8
BLACK
6
CONTINUOUS
10
4.6292292913385822
20
-4.3562863779527561
11
4.6295635039370078
21
-4.356559842519685
0
LINE
8
BLACK
6
CONTINUOUS
10
4.6295635039370078
20
-4.356559842519685
11
4.6296337795275591
21
-4.3566908661417321
0
LINE
8
BLACK
6
CONTINUOUS
10
4.6296337795275591
20
-4.3566908661417321
11
4.6297389370078736
21
-4.3567960236220475
0
LINE
8
BLACK
6
CONTINUOUS
10
4.6297389370078736
20
-4.3567960236220475
11
4.6299040157480311
21
-4.3571946062992124
0
LINE
8
BLACK
6
CONTINUOUS
10
4.6299040157480311
20
-4.3571946062992124
11
4.6301081496062988
21
-4.3575750787401573
0
LINE
8
BLACK
6
CONTINUOUS
10
4.6301081496062988
20
-4.3575750787401573
11
4.6301229133858266
21
-4.3577230708661414
0
LINE
8
BLACK
6
CONTINUOUS
10
4.6301229133858266
20
-4.3577230708661414
11
4.6301798425196852
21
-4.3578604330708659
0
LINE
8
BLACK
6
CONTINUOUS
10
4.6301798425196852
20
-4.3578604330708659
11
4.6301798425196852
21
-4.358291968503937
0
LINE
8
BLACK
6
CONTINUOUS
10
4.6301798425196852
20
-4.358291968503937
11
4.6302227952755901
21
-4.3587214960629916
0
LINE
8
BLACK
6
CONTINUOUS
10
4.6302227952755901
20
-4.3587214960629916
11
4.6301798425196852
21
-4.3588638188976381
0
LINE
8
BLACK
6
CONTINUOUS
10
4.6301798425196852
20
-4.3588638188976381
11
4.6301798425196852
21
-4.3590125196850389
0
LINE
8
BLACK
6
CONTINUOUS
10
4.6301798425196852
20
-4.3590125196850389
11
4.6300146850393702
21
-4.3594111811023621
0
LINE
8
BLACK
6
CONTINUOUS
10
4.6300146850393702
20
-4.3594111811023621
11
4.6298899999999996
21
-4.3598244881889761
0
LINE
8
BLACK
6
CONTINUOUS
10
4.6298899999999996
20
-4.3598244881889761
11
4.6297958267716535
21
-4.3599395669291336
0
LINE
8
BLACK
6
CONTINUOUS
10
4.6297958267716535
20
-4.3599395669291336
11
4.6297389370078736
21
-4.3600769291338581
0
LINE
8
BLACK
6
CONTINUOUS
10
4.6297389370078736
20
-4.3600769291338581
11
4.6293717322834649
21
-4.3605243700787399
0
LINE
8
BLACK
6
CONTINUOUS
10
4.6293717322834649
20
-4.3605243700787399
11
4.6278357874015743
21
-4.3620603149606296
0
LINE
8
BLACK
6
CONTINUOUS
10
4.6278357874015743
20
-4.3620603149606296
11
4.626487047244094
21
-4.3647577952755903
0
LINE
8
BLACK
6
CONTINUOUS
10
4.626487047244094
20
-4.3647577952755903
11
4.626487047244094
21
-4.3727375196850389
0
LINE
8
BLACK
6
CONTINUOUS
10
4.626487047244094
20
-4.3727375196850389
11
4.6278357874015743
21
-4.3754349999999995
0
LINE
8
BLACK
6
CONTINUOUS
10
4.6278357874015743
20
-4.3754349999999995
11
4.629032913385827
21
-4.3766321259842522
0
LINE
8
BLACK
6
CONTINUOUS
10
4.629032913385827
20
-4.3766321259842522
11
4.6317303937007877
21
-4.3779808661417325
0
LINE
8
BLACK
6
CONTINUOUS
10
4.6317303937007877
20
-4.3779808661417325
11
4.6397101181102363
21
-4.3779808661417325
0
LINE
8
BLACK
6
CONTINUOUS
10
4.6397101181102363
20
-4.3779808661417325
11
4.6424075984251969
21
-4.3766320866141735
0
LINE
8
BLACK
6
CONTINUOUS
10
4.6424075984251969
20
-4.3766320866141735
11
4.6436047637795275
21
-4.3754349606299208
0
LINE
8
BLACK
6
CONTINUOUS
10
4.6436047637795275
20
-4.3754349606299208
11
4.6449535039370078
21
-4.3727375196850389
0
LINE
8
BLACK
6
CONTINUOUS
10
4.6449535039370078
20
-4.3727375196850389
11
4.6449535039370078
21
-4.3647577952755903
0
LINE
8
BLACK
6
CONTINUOUS
10
4.6449535039370078
20
-4.3647577952755903
11
4.6436047637795275
21
-4.3620603149606296
0
LINE
8
BLACK
6
CONTINUOUS
10
4.6436047637795275
20
-4.3620603149606296
11
4.6420688188976378
21
-4.3605244094488187
0
LINE
8
BLACK
6
CONTINUOUS
10
4.6420688188976378
20
-4.3605244094488187
11
4.6417015748031494
21
-4.3600769291338581
0
LINE
8
BLACK
6
CONTINUOUS
10
4.6417015748031494
20
-4.3600769291338581
11
4.6412606692913387
21
-4.3590125196850389
0
LINE
8
BLACK
6
CONTINUOUS
10
4.6412606692913387
20
-4.3590125196850389
11
4.6412606692913387
21
-4.3578604330708659
0
LINE
8
BLACK
6
CONTINUOUS
10
4.6412606692913387
20
-4.3578604330708659
11
4.6417015354330706
21
-4.3567960236220475
0
LINE
8
BLACK
6
CONTINUOUS
10
4.6417015354330706
20
-4.3567960236220475
11
4.6425162204724408
21
-4.3559813385826773
0
LINE
8
BLACK
6
CONTINUOUS
10
4.6425162204724408
20
-4.3559813385826773
11
4.6435806299212601
21
-4.3555404330708658
0
LINE
8
BLACK
6
CONTINUOUS
10
4.6435806299212601
20
-4.3555404330708658
11
4.6447327165354331
21
-4.3555404330708658
0
LINE
8
BLACK
6
CONTINUOUS
10
4.6447327165354331
20
-4.3555404330708658
11
4.6457971259842514
21
-4.3559812992125986
0
LINE
8
BLACK
6
CONTINUOUS
10
4.6457971259842514
20
-4.3559812992125986
11
4.6462445669291341
21
-4.3563485039370073
0
LINE
8
BLACK
6
CONTINUOUS
10
4.6462445669291341
20
-4.3563485039370073
11
4.6481193700787404
21
-4.3582232677165349
0
LINE
8
BLACK
6
CONTINUOUS
10
4.6481193700787404
20
-4.3582232677165349
11
4.6483051181102359
21
-4.3584496062992129
0
LINE
8
BLACK
6
CONTINUOUS
10
4.6483051181102359
20
-4.3584496062992129
11
4.6483641732283463
21
-4.3585008267716532
0
LINE
8
BLACK
6
CONTINUOUS
10
4.6483641732283463
20
-4.3585008267716532
11
4.6484201574803148
21
-4.3585897637795279
0
LINE
8
BLACK
6
CONTINUOUS
10
4.6484201574803148
20
-4.3585897637795279
11
4.6484866141732279
21
-4.3586707480314963
0
LINE
8
BLACK
6
CONTINUOUS
10
4.6484866141732279
20
-4.3586707480314963
11
4.6485164173228348
21
-4.3587426771653544
0
LINE
8
BLACK
6
CONTINUOUS
10
4.6485164173228348
20
-4.3587426771653544
11
4.6486725196850394
21
-4.358990708661417
0
LINE
8
BLACK
6
CONTINUOUS
10
4.6486725196850394
20
-4.358990708661417
11
4.6505472834645669
21
-4.3627402362204721
0
LINE
8
BLACK
6
CONTINUOUS
10
4.6505472834645669
20
-4.3627402362204721
11
4.6507541732283464
21
-4.3632808267716534
0
LINE
8
BLACK
6
CONTINUOUS
10
4.6507541732283464
20
-4.3632808267716534
11
4.6507616929133855
21
-4.3633866929133855
0
LINE
8
BLACK
6
CONTINUOUS
10
4.6507616929133855
20
-4.3633866929133855
11
4.650802283464567
21
-4.3634846850393698
0
LINE
8
BLACK
6
CONTINUOUS
10
4.650802283464567
20
-4.3634846850393698
11
4.650859015748031
21
-4.3640607480314957
0
LINE
8
BLACK
6
CONTINUOUS
10
4.650859015748031
20
-4.3640607480314957
11
4.650859015748031
21
-4.3734345669291335
0
LINE
8
BLACK
6
CONTINUOUS
10
4.650859015748031
20
-4.3734345669291335
11
4.650802283464567
21
-4.3740106299212593
0
LINE
8
BLACK
6
CONTINUOUS
10
4.650802283464567
20
-4.3740106299212593
11
4.6507616929133855
21
-4.3741085826771648
0
LINE
8
BLACK
6
CONTINUOUS
10
4.6507616929133855
20
-4.3741085826771648
11
4.6507541732283464
21
-4.3742144881889766
0
LINE
8
BLACK
6
CONTINUOUS
10
4.6507541732283464
20
-4.3742144881889766
11
4.6505472834645669
21
-4.374755078740157
0
LINE
8
BLACK
6
CONTINUOUS
10
4.6505472834645669
20
-4.374755078740157
11
4.6486725196850394
21
-4.3785046062992121
0
LINE
8
BLACK
6
CONTINUOUS
10
4.6486725196850394
20
-4.3785046062992121
11
4.6485164173228348
21
-4.3787525984251969
0
LINE
8
BLACK
6
CONTINUOUS
10
4.6485164173228348
20
-4.3787525984251969
11
4.6484866141732279
21
-4.3788245669291337
0
LINE
8
BLACK
6
CONTINUOUS
10
4.6484866141732279
20
-4.3788245669291337
11
4.6484201574803148
21
-4.3789055118110234
0
LINE
8
BLACK
6
CONTINUOUS
10
4.6484201574803148
20
-4.3789055118110234
11
4.6483641732283463
21
-4.378994488188976
0
LINE
8
BLACK
6
CONTINUOUS
10
4.6483641732283463
20
-4.378994488188976
11
4.6483051181102359
21
-4.3790456692913384
0
LINE
8
BLACK
6
CONTINUOUS
10
4.6483051181102359
20
-4.3790456692913384
11
4.6481193700787404
21
-4.3792720472440942
0
LINE
8
BLACK
6
CONTINUOUS
10
4.6481193700787404
20
-4.3792720472440942
11
4.6462445669291341
21
-4.3811468110236218
0
LINE
8
BLACK
6
CONTINUOUS
10
4.6462445669291341
20
-4.3811468110236218
11
4.6460182283464562
21
-4.3813325196850395
0
LINE
8
BLACK
6
CONTINUOUS
10
4.6460182283464562
20
-4.3813325196850395
11
4.6459670866141733
21
-4.381391535433071
0
LINE
8
BLACK
6
CONTINUOUS
10
4.6459670866141733
20
-4.381391535433071
11
4.6458781496062995
21
-4.3814474803149608
0
LINE
8
BLACK
6
CONTINUOUS
10
4.6458781496062995
20
-4.3814474803149608
11
4.6457971259842514
21
-4.3815140157480315
0
LINE
8
BLACK
6
CONTINUOUS
10
4.6457971259842514
20
-4.3815140157480315
11
4.6457250787401572
21
-4.3815438188976374
0
LINE
8
BLACK
6
CONTINUOUS
10
4.6457250787401572
20
-4.3815438188976374
11
4.6454772047244095
21
-4.3816998818897641
0
LINE
8
BLACK
6
CONTINUOUS
10
4.6454772047244095
20
-4.3816998818897641
11
4.6417276771653544
21
-4.3835746456692917
0
LINE
8
BLACK
6
CONTINUOUS
10
4.6417276771653544
20
-4.3835746456692917
11
4.6411870472440944
21
-4.3837815354330711
0
LINE
8
BLACK
6
CONTINUOUS
10
4.6411870472440944
20
-4.3837815354330711
11
4.641081220472441
21
-4.3837890157480315
0
LINE
8
BLACK
6
CONTINUOUS
10
4.641081220472441
20
-4.3837890157480315
11
4.6409832283464567
21
-4.3838296456692909
0
LINE
8
BLACK
6
CONTINUOUS
10
4.6409832283464567
20
-4.3838296456692909
11
4.6404071653543308
21
-4.3838863779527557
0
LINE
8
BLACK
6
CONTINUOUS
10
4.6404071653543308
20
-4.3838863779527557
11
4.6310333464566931
21
-4.3838863779527557
0
LINE
8
BLACK
6
CONTINUOUS
10
4.6310333464566931
20
-4.3838863779527557
11
4.6304572834645672
21
-4.3838296456692909
0
LINE
8
BLACK
6
CONTINUOUS
10
4.6304572834645672
20
-4.3838296456692909
11
4.6303592913385829
21
-4.3837890551181102
0
LINE
8
BLACK
6
CONTINUOUS
10
4.6303592913385829
20
-4.3837890551181102
11
4.6302534251968499
21
-4.3837815354330711
0
LINE
8
BLACK
6
CONTINUOUS
10
4.6302534251968499
20
-4.3837815354330711
11
4.6297128346456695
21
-4.3835746456692917
0
LINE
8
BLACK
6
CONTINUOUS
10
4.6297128346456695
20
-4.3835746456692917
11
4.6259633070866144
21
-4.3816998818897641
0
LINE
8
BLACK
6
CONTINUOUS
10
4.6259633070866144
20
-4.3816998818897641
11
4.6257152755905508
21
-4.3815437795275587
0
LINE
8
BLACK
6
CONTINUOUS
10
4.6257152755905508
20
-4.3815437795275587
11
4.6256433464566928
21
-4.3815139763779527
0
LINE
8
BLACK
6
CONTINUOUS
10
4.6256433464566928
20
-4.3815139763779527
11
4.6255623622047244
21
-4.3814474803149608
0
LINE
8
BLACK
6
CONTINUOUS
10
4.6255623622047244
20
-4.3814474803149608
11
4.6254734251968506
21
-4.381391535433071
0
LINE
8
BLACK
6
CONTINUOUS
10
4.6254734251968506
20
-4.381391535433071
11
4.6254222440944881
21
-4.3813325196850395
0
LINE
8
BLACK
6
CONTINUOUS
10
4.6254222440944881
20
-4.3813325196850395
11
4.625195905511811
21
-4.381146771653543
0
LINE
8
BLACK
6
CONTINUOUS
10
4.625195905511811
20
-4.381146771653543
11
4.6233211417322835
21
-4.3792720078740155
0
LINE
8
BLACK
6
CONTINUOUS
10
4.6233211417322835
20
-4.3792720078740155
11
4.6231353543307083
21
-4.3790456299212597
0
LINE
8
BLACK
6
CONTINUOUS
10
4.6231353543307083
20
-4.3790456299212597
11
4.6230763779527555
21
-4.378994488188976
0
LINE
8
BLACK
6
CONTINUOUS
10
4.6230763779527555
20
-4.378994488188976
11
4.623020393700787
21
-4.3789055118110234
0
LINE
8
BLACK
6
CONTINUOUS
10
4.623020393700787
20
-4.3789055118110234
11
4.6229539370078738
21
-4.3788245669291337
0
LINE
8
BLACK
6
CONTINUOUS
10
4.6229539370078738
20
-4.3788245669291337
11
4.6229240944881891
21
-4.3787525984251969
0
LINE
8
BLACK
6
CONTINUOUS
10
4.6229240944881891
20
-4.3787525984251969
11
4.6227680314960633
21
-4.3785046062992121
0
LINE
8
BLACK
6
CONTINUOUS
10
4.6227680314960633
20
-4.3785046062992121
11
4.6208932677165357
21
-4.374755078740157
0
LINE
8
BLACK
6
CONTINUOUS
10
4.6208932677165357
20
-4.374755078740157
11
4.6206863779527554
21
-4.3742144488188979
0
LINE
8
BLACK
6
CONTINUOUS
10
4.6206863779527554
20
-4.3742144488188979
11
4.6206788582677163
21
-4.3741086220472436
0
LINE
8
BLACK
6
CONTINUOUS
10
4.6206788582677163
20
-4.3741086220472436
11
4.6206382677165356
21
-4.3740106299212593
0
LINE
8
BLACK
6
CONTINUOUS
10
4.6206382677165356
20
-4.3740106299212593
11
4.6205815354330708
21
-4.3734345669291335
0
LINE
8
BLACK
6
CONTINUOUS
10
4.6205815354330708
20
-4.3734345669291335
11
4.6205815354330708
21
-4.3640607480314957
0
LINE
8
BLACK
6
CONTINUOUS
10
4.6205815354330708
20
-4.3640607480314957
11
4.6206382677165356
21
-4.3634846850393698
0
LINE
8
BLACK
6
CONTINUOUS
10
4.6206382677165356
20
-4.3634846850393698
11
4.6206788582677163
21
-4.3633866535433068
0
LINE
8
BLACK
6
CONTINUOUS
10
4.6206788582677163
20
-4.3633866535433068
11
4.6206863779527554
21
-4.3632808661417322
0
LINE
8
BLACK
6
CONTINUOUS
10
4.6206863779527554
20
-4.3632808661417322
11
4.6208932677165357
21
-4.3627402362204721
0
LINE
8
BLACK
6
CONTINUOUS
10
4.6208932677165357
20
-4.3627402362204721
11
4.6212601968503932
21
-4.3620062992125987
0
LINE
8
BLACK
6
CONTINUOUS
10
4.6212601968503932
20
-4.3620062992125987
11
4.6114889370078735
21
-4.36298342519685
0
LINE
8
BLACK
6
CONTINUOUS
10
4.6114889370078735
20
-4.36298342519685
11
4.6114889370078735
21
-4.3790588582677161
0
LINE
8
BLACK
6
CONTINUOUS
10
4.6114889370078735
20
-4.3790588582677161
11
4.6114322047244096
21
-4.379634921259842
0
LINE
8
BLACK
6
CONTINUOUS
10
4.6114322047244096
20
-4.379634921259842
11
4.6109912992125981
21
-4.3806993307086612
0
LINE
8
BLACK
6
CONTINUOUS
10
4.6109912992125981
20
-4.3806993307086612
11
4.6101766535433066
21
-4.3815139763779527
0
LINE
8
BLACK
6
CONTINUOUS
10
4.6101766535433066
20
-4.3815139763779527
11
4.6091122440944883
21
-4.3819548818897633
0
LINE
8
BLACK
6
CONTINUOUS
10
4.6091122440944883
20
-4.3819548818897633
11
4.6079601181102365
21
-4.3819548818897633
0
LINE
8
BLACK
6
CONTINUOUS
10
4.6079601181102365
20
-4.3819548818897633
11
4.6068957086614173
21
-4.3815139763779527
0
LINE
8
BLACK
6
CONTINUOUS
10
4.6068957086614173
20
-4.3815139763779527
11
4.6060810629921258
21
-4.3806993307086612
0
LINE
8
BLACK
6
CONTINUOUS
10
4.6060810629921258
20
-4.3806993307086612
11
4.6056401574803152
21
-4.379634921259842
0
LINE
8
BLACK
6
CONTINUOUS
10
4.6056401574803152
20
-4.379634921259842
11
4.6055834251968504
21
-4.3790588582677161
0
LINE
8
BLACK
6
CONTINUOUS
10
4.6055834251968504
20
-4.3790588582677161
11
4.6055834251968504
21
-4.3603112204724406
0
LINE
8
BLACK
6
CONTINUOUS
10
4.6055834251968504
20
-4.3603112204724406
11
4.6056043700787397
21
-4.3600981496062987
0
LINE
8
BLACK
6
CONTINUOUS
10
4.6056043700787397
20
-4.3600981496062987
11
4.6055972047244094
21
-4.360026181102362
0
LINE
8
BLACK
6
CONTINUOUS
10
4.6055972047244094
20
-4.360026181102362
11
4.6056183858267712
21
-4.3599558267716532
0
LINE
8
BLACK
6
CONTINUOUS
10
4.6056183858267712
20
-4.3599558267716532
11
4.6056401574803152
21
-4.3597351574803147
0
LINE
8
BLACK
6
CONTINUOUS
10
4.6056401574803152
20
-4.3597351574803147
11
4.6058052755905514
21
-4.3593364566929136
0
LINE
8
BLACK
6
CONTINUOUS
10
4.6058052755905514
20
-4.3593364566929136
11
4.6059299999999999
21
-4.3589231889763775
0
LINE
8
BLACK
6
CONTINUOUS
10
4.6059299999999999
20
-4.3589231889763775
11
4.6060241338582673
21
-4.3588080708661412
0
LINE
8
BLACK
6
CONTINUOUS
10
4.6060241338582673
20
-4.3588080708661412
11
4.6060810629921258
21
-4.3586707480314963
0
LINE
8
BLACK
6
CONTINUOUS
10
4.6060810629921258
20
-4.3586707480314963
11
4.6063862992125983
21
-4.3583654724409451
0
LINE
8
BLACK
6
CONTINUOUS
10
4.6063862992125983
20
-4.3583654724409451
11
4.6066595669291335
21
-4.3580315354330708
0
LINE
8
BLACK
6
CONTINUOUS
10
4.6066595669291335
20
-4.3580315354330708
11
4.6067905118110239
21
-4.3579612598425195
0
LINE
8
BLACK
6
CONTINUOUS
10
4.6067905118110239
20
-4.3579612598425195
11
4.6068957086614173
21
-4.3578561023622049
0
LINE
8
BLACK
6
CONTINUOUS
10
4.6068957086614173
20
-4.3578561023622049
11
4.6072944881889759
21
-4.3576909055118112
0
LINE
8
BLACK
6
CONTINUOUS
10
4.6072944881889759
20
-4.3576909055118112
11
4.6076748031496058
21
-4.3574868897637797
0
LINE
8
BLACK
6
CONTINUOUS
10
4.6076748031496058
20
-4.3574868897637797
11
4.607892283464567
21
-4.3574432677165351
0
LINE
8
BLACK
6
CONTINUOUS
10
4.607892283464567
20
-4.3574432677165351
11
4.6079601181102365
21
-4.3574151968503934
0
LINE
8
BLACK
6
CONTINUOUS
10
4.6079601181102365
20
-4.3574151968503934
11
4.6080324409448821
21
-4.3574151968503934
0
LINE
8
BLACK
6
CONTINUOUS
10
4.6080324409448821
20
-4.3574151968503934
11
4.6082423622047246
21
-4.3573731102362201
0
LINE
8
BLACK
6
CONTINUOUS
10
4.6082423622047246
20
-4.3573731102362201
11
4.6269900000000002
21
-4.3554983464566925
0
LINE
8
BLACK
6
CONTINUOUS
10
4.6269900000000002
20
-4.3554983464566925
11
4.6275688582677166
21
-4.3554974803149609
0
LINE
8
BLACK
6
CONTINUOUS
10
4.6275688582677166
20
-4.3554974803149609
11
4.6277112204724409
21
-4.3555404330708658
0
LINE
8
BLACK
6
CONTINUOUS
10
4.8665646456692908
20
-4.3518408661417318
11
4.8675951574803147
21
-4.3523561417322831
0
LINE
8
BLACK
6
CONTINUOUS
10
4.8675951574803147
20
-4.3523561417322831
11
4.8683499999999995
21
-4.3532264960629918
0
LINE
8
BLACK
6
CONTINUOUS
10
4.8683499999999995
20
-4.3532264960629918
11
4.8687143307086611
21
-4.3543194881889766
0
LINE
8
BLACK
6
CONTINUOUS
10
4.8687143307086611
20
-4.3543194881889766
11
4.8686326771653539
21
-4.3554687007874016
0
LINE
8
BLACK
6
CONTINUOUS
10
4.8686326771653539
20
-4.3554687007874016
11
4.8684257874015744
21
-4.3560092913385828
0
LINE
8
BLACK
6
CONTINUOUS
10
4.8684257874015744
20
-4.3560092913385828
11
4.8665510236220468
21
-4.3597588188976379
0
LINE
8
BLACK
6
CONTINUOUS
10
4.8665510236220468
20
-4.3597588188976379
11
4.8663949999999998
21
-4.3600066141732281
0
LINE
8
BLACK
6
CONTINUOUS
10
4.8663949999999998
20
-4.3600066141732281
11
4.8663651574803151
21
-4.3600787795275586
0
LINE
8
BLACK
6
CONTINUOUS
10
4.8663651574803151
20
-4.3600787795275586
11
4.8662985433070869
21
-4.3601599212598421
0
LINE
8
BLACK
6
CONTINUOUS
10
4.8662985433070869
20
-4.3601599212598421
11
4.8662426771653546
21
-4.3602487007874018
0
LINE
8
BLACK
6
CONTINUOUS
10
4.8662426771653546
20
-4.3602487007874018
11
4.8661837401574806
21
-4.3602998031496059
0
LINE
8
BLACK
6
CONTINUOUS
10
4.8661837401574806
20
-4.3602998031496059
11
4.8659979133858267
21
-4.3605262204724404
0
LINE
8
BLACK
6
CONTINUOUS
10
4.8659979133858267
20
-4.3605262204724404
11
4.8635395275590554
21
-4.3629846062992126
0
LINE
8
BLACK
6
CONTINUOUS
10
4.8635395275590554
20
-4.3629846062992126
11
4.8909535039370073
21
-4.3629846062992126
0
LINE
8
BLACK
6
CONTINUOUS
10
4.8909535039370073
20
-4.3629846062992126
11
4.8909535039370073
21
-4.3546887795275593
0
LINE
8
BLACK
6
CONTINUOUS
10
4.8909535039370073
20
-4.3546887795275593
11
4.8910102362204722
21
-4.3541127165354334
0
LINE
8
BLACK
6
CONTINUOUS
10
4.8910102362204722
20
-4.3541127165354334
11
4.8914511417322837
21
-4.3530483070866142
0
LINE
8
BLACK
6
CONTINUOUS
10
4.8914511417322837
20
-4.3530483070866142
11
4.8922657874015743
21
-4.3522336614173227
0
LINE
8
BLACK
6
CONTINUOUS
10
4.8922657874015743
20
-4.3522336614173227
11
4.8933301968503935
21
-4.3517927559055121
0
LINE
8
BLACK
6
CONTINUOUS
10
4.8933301968503935
20
-4.3517927559055121
11
4.8944823228346452
21
-4.3517927559055121
0
LINE
8
BLACK
6
CONTINUOUS
10
4.8944823228346452
20
-4.3517927559055121
11
4.8955467322834645
21
-4.3522336614173227
0
LINE
8
BLACK
6
CONTINUOUS
10
4.8955467322834645
20
-4.3522336614173227
11
4.8963613779527559
21
-4.3530483070866142
0
LINE
8
BLACK
6
CONTINUOUS
10
4.8963613779527559
20
-4.3530483070866142
11
4.8968022834645666
21
-4.3541127165354334
0
LINE
8
BLACK
6
CONTINUOUS
10
4.8968022834645666
20
-4.3541127165354334
11
4.8968590157480314
21
-4.3546887795275593
0
LINE
8
BLACK
6
CONTINUOUS
10
4.8968590157480314
20
-4.3546887795275593
11
4.8968590157480314
21
-4.3771859448818899
0
LINE
8
BLACK
6
CONTINUOUS
10
4.8968590157480314
20
-4.3771859448818899
11
4.8968022834645666
21
-4.3777620078740158
0
LINE
8
BLACK
6
CONTINUOUS
10
4.8968022834645666
20
-4.3777620078740158
11
4.8963613779527559
21
-4.3788264173228342
0
LINE
8
BLACK
6
CONTINUOUS
10
4.8963613779527559
20
-4.3788264173228342
11
4.8955467322834645
21
-4.3796410629921256
0
LINE
8
BLACK
6
CONTINUOUS
10
4.8955467322834645
20
-4.3796410629921256
11
4.8944823228346452
21
-4.3800819685039372
0
LINE
8
BLACK
6
CONTINUOUS
10
4.8944823228346452
20
-4.3800819685039372
11
4.8933301968503935
21
-4.3800819685039372
0
LINE
8
BLACK
6
CONTINUOUS
10
4.8933301968503935
20
-4.3800819685039372
11
4.8922657874015743
21
-4.3796410629921256
0
LINE
8
BLACK
6
CONTINUOUS
10
4.8922657874015743
20
-4.3796410629921256
11
4.8914511417322837
21
-4.3788264173228342
0
LINE
8
BLACK
6
CONTINUOUS
10
4.8914511417322837
20
-4.3788264173228342
11
4.8910102362204722
21
-4.3777620078740158
0
LINE
8
BLACK
6
CONTINUOUS
10
4.8910102362204722
20
-4.3777620078740158
11
4.8909535039370073
21
-4.3771859448818899
0
LINE
8
BLACK
6
CONTINUOUS
10
4.8909535039370073
20
-4.3771859448818899
11
4.8909535039370073
21
-4.3688901181102358
0
LINE
8
BLACK
6
CONTINUOUS
10
4.8909535039370073
20
-4.3688901181102358
11
4.854536181102362
21
-4.3688901181102358
0
LINE
8
BLACK
6
CONTINUOUS
10
4.854536181102362
20
-4.3688901181102358
11
4.854534094488189
21
-4.3688898818897632
0
LINE
8
BLACK
6
CONTINUOUS
10
4.854534094488189
20
-4.3688898818897632
11
4.8545330708661414
21
-4.3688901181102358
0
LINE
8
BLACK
6
CONTINUOUS
10
4.8545330708661414
20
-4.3688901181102358
11
4.8545300393700783
21
-4.3688894881889766
0
LINE
8
BLACK
6
CONTINUOUS
10
4.8545300393700783
20
-4.3688894881889766
11
4.8539601181102361
21
-4.3688333858267718
0
LINE
8
BLACK
6
CONTINUOUS
10
4.8539601181102361
20
-4.3688333858267718
11
4.8536900000000003
21
-4.3687214960629923
0
LINE
8
BLACK
6
CONTINUOUS
10
4.8536900000000003
20
-4.3687214960629923
11
4.8534033858267716
21
-4.3686641732283462
0
LINE
8
BLACK
6
CONTINUOUS
10
4.8534033858267716
20
-4.3686641732283462
11
4.8531629921259842
21
-4.3685031889763781
0
LINE
8
BLACK
6
CONTINUOUS
10
4.8531629921259842
20
-4.3685031889763781
11
4.8528957086614168
21
-4.3683924803149603
0
LINE
8
BLACK
6
CONTINUOUS
10
4.8528957086614168
20
-4.3683924803149603
11
4.8526889763779524
21
-4.3681857480314958
0
LINE
8
BLACK
6
CONTINUOUS
10
4.8526889763779524
20
-4.3681857480314958
11
4.8524461023622045
21
-4.3680231102362201
0
LINE
8
BLACK
6
CONTINUOUS
10
4.8524461023622045
20
-4.3680231102362201
11
4.8522855905511806
21
-4.367782362204724
0
LINE
8
BLACK
6
CONTINUOUS
10
4.8522855905511806
20
-4.367782362204724
11
4.8520810629921263
21
-4.3675778346456688
0
LINE
8
BLACK
6
CONTINUOUS
10
4.8520810629921263
20
-4.3675778346456688
11
4.8519691732283468
21
-4.367307716535433
0
LINE
8
BLACK
6
CONTINUOUS
10
4.8519691732283468
20
-4.367307716535433
11
4.8518070078740152
21
-4.3670644881889764
0
LINE
8
BLACK
6
CONTINUOUS
10
4.8518070078740152
20
-4.3670644881889764
11
4.8517508661417326
21
-4.3667806692913382
0
LINE
8
BLACK
6
CONTINUOUS
10
4.8517508661417326
20
-4.3667806692913382
11
4.8516401574803147
21
-4.3665134251968505
0
LINE
8
BLACK
6
CONTINUOUS
10
4.8516401574803147
20
-4.3665134251968505
11
4.8516401574803147
21
-4.3662210236220469
0
LINE
8
BLACK
6
CONTINUOUS
10
4.8516401574803147
20
-4.3662210236220469
11
4.8515834251968499
21
-4.365934251968504
0
LINE
8
BLACK
6
CONTINUOUS
10
4.8515834251968499
20
-4.365934251968504
11
4.8516401574803147
21
-4.3656505905511809
0
LINE
8
BLACK
6
CONTINUOUS
10
4.8516401574803147
20
-4.3656505905511809
11
4.8516401574803147
21
-4.3653612992125987
0
LINE
8
BLACK
6
CONTINUOUS
10
4.8516401574803147
20
-4.3653612992125987
11
4.8517520078740155
21
-4.3650911811023621
0
LINE
8
BLACK
6
CONTINUOUS
10
4.8517520078740155
20
-4.3650911811023621
11
4.8518093700787404
21
-4.3648045669291333
0
LINE
8
BLACK
6
CONTINUOUS
10
4.8518093700787404
20
-4.3648045669291333
11
4.8519703149606297
21
-4.364564173228346
0
LINE
8
BLACK
6
CONTINUOUS
10
4.8519703149606297
20
-4.364564173228346
11
4.8520810629921263
21
-4.3642968897637795
0
LINE
8
BLACK
6
CONTINUOUS
10
4.8520810629921263
20
-4.3642968897637795
11
4.852287755905512
21
-4.364090157480315
0
LINE
8
BLACK
6
CONTINUOUS
10
4.852287755905512
20
-4.364090157480315
11
4.8524504330708664
21
-4.3638472834645672
0
LINE
8
BLACK
6
CONTINUOUS
10
4.8524504330708664
20
-4.3638472834645672
11
4.8528936614173226
21
-4.3634842519685035
0
LINE
8
BLACK
6
CONTINUOUS
10
4.8528936614173226
20
-4.3634842519685035
11
4.8528957086614168
21
-4.363482244094488
0
LINE
8
BLACK
6
CONTINUOUS
10
4.8528957086614168
20
-4.363482244094488
11
4.8528965748031494
21
-4.3634818503937005
0
LINE
8
BLACK
6
CONTINUOUS
10
4.8528965748031494
20
-4.3634818503937005
11
4.8528982677165358
21
-4.3634805118110238
0
LINE
8
BLACK
6
CONTINUOUS
10
4.8528982677165358
20
-4.3634805118110238
11
4.8582792913385822
21
-4.3598931496062994
0
LINE
8
BLACK
6
CONTINUOUS
10
4.8582792913385822
20
-4.3598931496062994
11
4.8614832677165349
21
-4.3566892125984253
0
LINE
8
BLACK
6
CONTINUOUS
10
4.8614832677165349
20
-4.3566892125984253
11
4.8631437401574802
21
-4.3533682677165357
0
LINE
8
BLACK
6
CONTINUOUS
10
4.8631437401574802
20
-4.3533682677165357
11
4.8634520866141733
21
-4.3528783858267719
0
LINE
8
BLACK
6
CONTINUOUS
10
4.8634520866141733
20
-4.3528783858267719
11
4.8643224803149607
21
-4.3521235433070862
0
LINE
8
BLACK
6
CONTINUOUS
10
4.8643224803149607
20
-4.3521235433070862
11
4.8654154330708659
21
-4.3517592125984255
0
LINE
8
BLACK
6
CONTINUOUS
10
4.8654154330708659
20
-4.3517592125984255
11
4.8665646456692908
21
-4.3518408661417318
0
LINE
8
BLACK
6
CONTINUOUS
10
4.7832453937007875
20
-4.3501564960629917
11
4.783425196850394
21
-4.3510604724409445
0
LINE
8
BLACK
6
CONTINUOUS
10
4.783425196850394
20
-4.3510604724409445
11
4.783425196850394
21
-4.3689395275590552
0
LINE
8
BLACK
6
CONTINUOUS
10
4.783425196850394
20
-4.3689395275590552
11
4.7832453937007875
21
-4.369843503937008
0
LINE
8
BLACK
6
CONTINUOUS
10
4.7832453937007875
20
-4.369843503937008
11
4.7819669685039372
21
-4.3711219291338583
0
LINE
8
BLACK
6
CONTINUOUS
10
4.7819669685039372
20
-4.3711219291338583
11
4.7801590157480316
21
-4.3711219291338583
0
LINE
8
BLACK
6
CONTINUOUS
10
4.7801590157480316
20
-4.3711219291338583
11
4.7788805905511813
21
-4.369843503937008
0
LINE
8
BLACK
6
CONTINUOUS
10
4.7788805905511813
20
-4.369843503937008
11
4.7787007874015748
21
-4.3689395275590552
0
LINE
8
BLACK
6
CONTINUOUS
10
4.7787007874015748
20
-4.3689395275590552
11
4.7787007874015748
21
-4.3510604724409445
0
LINE
8
BLACK
6
CONTINUOUS
10
4.7787007874015748
20
-4.3510604724409445
11
4.7788805905511813
21
-4.3501564960629917
0
LINE
8
BLACK
6
CONTINUOUS
10
4.7788805905511813
20
-4.3501564960629917
11
4.7801590157480316
21
-4.3488780708661414
0
LINE
8
BLACK
6
CONTINUOUS
10
4.7801590157480316
20
-4.3488780708661414
11
4.7819669685039372
21
-4.3488780708661414
0
LINE
8
BLACK
6
CONTINUOUS
10
4.7819669685039372
20
-4.3488780708661414
11
4.7832453937007875
21
-4.3501564960629917
0
LINE
8
BLACK
6
CONTINUOUS
10
4.8411194094488188
20
-4.3501564960629917
11
4.8412992125984253
21
-4.3510604724409445
0
LINE
8
BLACK
6
CONTINUOUS
10
4.8412992125984253
20
-4.3510604724409445
11
4.8412992125984253
21
-4.3689395275590552
0
LINE
8
BLACK
6
CONTINUOUS
10
4.8412992125984253
20
-4.3689395275590552
11
4.8411194094488188
21
-4.369843503937008
0
LINE
8
BLACK
6
CONTINUOUS
10
4.8411194094488188
20
-4.369843503937008
11
4.8398409842519685
21
-4.3711219291338583
0
LINE
8
BLACK
6
CONTINUOUS
10
4.8398409842519685
20
-4.3711219291338583
11
4.8380330314960629
21
-4.3711219291338583
0
LINE
8
BLACK
6
CONTINUOUS
10
4.8380330314960629
20
-4.3711219291338583
11
4.8367546062992126
21
-4.369843503937008
0
LINE
8
BLACK
6
CONTINUOUS
10
4.8367546062992126
20
-4.369843503937008
11
4.8365748031496061
21
-4.3689395275590552
0
LINE
8
BLACK
6
CONTINUOUS
10
4.8365748031496061
20
-4.3689395275590552
11
4.8365748031496061
21
-4.3510604724409445
0
LINE
8
BLACK
6
CONTINUOUS
10
4.8365748031496061
20
-4.3510604724409445
11
4.8367546062992126
21
-4.3501564960629917
0
LINE
8
BLACK
6
CONTINUOUS
10
4.8367546062992126
20
-4.3501564960629917
11
4.8380330314960629
21
-4.3488780708661414
0
LINE
8
BLACK
6
CONTINUOUS
10
4.8380330314960629
20
-4.3488780708661414
11
4.8398409842519685
21
-4.3488780708661414
0
LINE
8
BLACK
6
CONTINUOUS
10
4.8398409842519685
20
-4.3488780708661414
11
4.8411194094488188
21
-4.3501564960629917
0
LINE
8
BLACK
6
CONTINUOUS
10
4.7191338582677167
20
-4.3193758267716538
11
4.7191768897637791
21
-4.3193694488188976
0
LINE
8
BLACK
6
CONTINUOUS
10
4.7191768897637791
20
-4.3193694488188976
11
4.719392362204724
21
-4.3194012992125987
0
LINE
8
BLACK
6
CONTINUOUS
10
4.719392362204724
20
-4.3194012992125987
11
4.719609409448819
21
-4.3194226771653543
0
LINE
8
BLACK
6
CONTINUOUS
10
4.719609409448819
20
-4.3194226771653543
11
4.7196496062992122
21
-4.3194392913385826
0
LINE
8
BLACK
6
CONTINUOUS
10
4.7196496062992122
20
-4.3194392913385826
11
4.7197494881889765
21
-4.3194540944881892
0
LINE
8
BLACK
6
CONTINUOUS
10
4.7197494881889765
20
-4.3194540944881892
11
4.7272485433070868
21
-4.3213288582677167
0
LINE
8
BLACK
6
CONTINUOUS
10
4.7272485433070868
20
-4.3213288582677167
11
4.7272910236220476
21
-4.3213440157480312
0
LINE
8
BLACK
6
CONTINUOUS
10
4.7272910236220476
20
-4.3213440157480312
11
4.7273122834645669
21
-4.3213455511811025
0
LINE
8
BLACK
6
CONTINUOUS
10
4.7273122834645669
20
-4.3213455511811025
11
4.7275516929133854
21
-4.3214371653543306
0
LINE
8
BLACK
6
CONTINUOUS
10
4.7275516929133854
20
-4.3214371653543306
11
4.7277936614173228
21
-4.3215236220472439
0
LINE
8
BLACK
6
CONTINUOUS
10
4.7277936614173228
20
-4.3215236220472439
11
4.7278107874015749
21
-4.3215362992125987
0
LINE
8
BLACK
6
CONTINUOUS
10
4.7278107874015749
20
-4.3215362992125987
11
4.7278529133858269
21
-4.321552440944882
0
LINE
8
BLACK
6
CONTINUOUS
10
4.7278529133858269
20
-4.321552440944882
11
4.731602440944882
21
-4.3234272047244096
0
LINE
8
BLACK
6
CONTINUOUS
10
4.731602440944882
20
-4.3234272047244096
11
4.7318503149606297
21
-4.3235832283464566
0
LINE
8
BLACK
6
CONTINUOUS
10
4.7318503149606297
20
-4.3235832283464566
11
4.731922362204724
21
-4.3236130708661413
0
LINE
8
BLACK
6
CONTINUOUS
10
4.731922362204724
20
-4.3236130708661413
11
4.7320033858267712
21
-4.3236795669291341
0
LINE
8
BLACK
6
CONTINUOUS
10
4.7320033858267712
20
-4.3236795669291341
11
4.7320923228346459
21
-4.3237355511811026
0
LINE
8
BLACK
6
CONTINUOUS
10
4.7320923228346459
20
-4.3237355511811026
11
4.7321434645669287
21
-4.3237945275590546
0
LINE
8
BLACK
6
CONTINUOUS
10
4.7321434645669287
20
-4.3237945275590546
11
4.7323698425196845
21
-4.3239803149606297
0
LINE
8
BLACK
6
CONTINUOUS
10
4.7323698425196845
20
-4.3239803149606297
11
4.7361194094488184
21
-4.3277298425196848
0
LINE
8
BLACK
6
CONTINUOUS
10
4.7361194094488184
20
-4.3277298425196848
11
4.7364866535433068
21
-4.3281772834645666
0
LINE
8
BLACK
6
CONTINUOUS
10
4.7364866535433068
20
-4.3281772834645666
11
4.7365272440944883
21
-4.3282753149606297
0
LINE
8
BLACK
6
CONTINUOUS
10
4.7365272440944883
20
-4.3282753149606297
11
4.7365967322834646
21
-4.3283554330708665
0
LINE
8
BLACK
6
CONTINUOUS
10
4.7365967322834646
20
-4.3283554330708665
11
4.7368327165354334
21
-4.3288840157480317
0
LINE
8
BLACK
6
CONTINUOUS
10
4.7368327165354334
20
-4.3288840157480317
11
4.7387074803149609
21
-4.3345082677165356
0
LINE
8
BLACK
6
CONTINUOUS
10
4.7387074803149609
20
-4.3345082677165356
11
4.7387724015748027
21
-4.3347938976377955
0
LINE
8
BLACK
6
CONTINUOUS
10
4.7387724015748027
20
-4.3347938976377955
11
4.7388022834645671
21
-4.3348659842519686
0
LINE
8
BLACK
6
CONTINUOUS
10
4.7388022834645671
20
-4.3348659842519686
11
4.738812559055118
21
-4.3349704330708656
0
LINE
8
BLACK
6
CONTINUOUS
10
4.738812559055118
20
-4.3349704330708656
11
4.7388358267716537
21
-4.335072716535433
0
LINE
8
BLACK
6
CONTINUOUS
10
4.7388358267716537
20
-4.335072716535433
11
4.7388302755905514
21
-4.3351504330708659
0
LINE
8
BLACK
6
CONTINUOUS
10
4.7388302755905514
20
-4.3351504330708659
11
4.738859015748031
21
-4.3354420472440944
0
LINE
8
BLACK
6
CONTINUOUS
10
4.738859015748031
20
-4.3354420472440944
11
4.738859015748031
21
-4.3391915748031495
0
LINE
8
BLACK
6
CONTINUOUS
10
4.738859015748031
20
-4.3391915748031495
11
4.7388302755905514
21
-4.3394831496062993
0
LINE
8
BLACK
6
CONTINUOUS
10
4.7388302755905514
20
-4.3394831496062993
11
4.7388358267716537
21
-4.339560905511811
0
LINE
8
BLACK
6
CONTINUOUS
10
4.7388358267716537
20
-4.339560905511811
11
4.738812559055118
21
-4.3396631496062987
0
LINE
8
BLACK
6
CONTINUOUS
10
4.738812559055118
20
-4.3396631496062987
11
4.7388022834645671
21
-4.3397676377952754
0
LINE
8
BLACK
6
CONTINUOUS
10
4.7388022834645671
20
-4.3397676377952754
11
4.7387724015748027
21
-4.3398396850393697
0
LINE
8
BLACK
6
CONTINUOUS
10
4.7387724015748027
20
-4.3398396850393697
11
4.7387074803149609
21
-4.3401253543307083
0
LINE
8
BLACK
6
CONTINUOUS
10
4.7387074803149609
20
-4.3401253543307083
11
4.7368327165354334
21
-4.3457496062992123
0
LINE
8
BLACK
6
CONTINUOUS
10
4.7368327165354334
20
-4.3457496062992123
11
4.7365967322834646
21
-4.3462781889763775
0
LINE
8
BLACK
6
CONTINUOUS
10
4.7365967322834646
20
-4.3462781889763775
11
4.7365271653543308
21
-4.3463583464566931
0
LINE
8
BLACK
6
CONTINUOUS
10
4.7365271653543308
20
-4.3463583464566931
11
4.736486614173228
21
-4.3464563385826773
0
LINE
8
BLACK
6
CONTINUOUS
10
4.736486614173228
20
-4.3464563385826773
11
4.7361193700787396
21
-4.3469038188976379
0
LINE
8
BLACK
6
CONTINUOUS
10
4.7361193700787396
20
-4.3469038188976379
11
4.7342445669291333
21
-4.3487785826771654
0
LINE
8
BLACK
6
CONTINUOUS
10
4.7342445669291333
20
-4.3487785826771654
11
4.7337971259842515
21
-4.3491457874015751
0
LINE
8
BLACK
6
CONTINUOUS
10
4.7337971259842515
20
-4.3491457874015751
11
4.7327327165354331
21
-4.349586653543307
0
LINE
8
BLACK
6
CONTINUOUS
10
4.7327327165354331
20
-4.349586653543307
11
4.7315806299212602
21
-4.349586653543307
0
LINE
8
BLACK
6
CONTINUOUS
10
4.7315806299212602
20
-4.349586653543307
11
4.7305162204724409
21
-4.3491457480314963
0
LINE
8
BLACK
6
CONTINUOUS
10
4.7305162204724409
20
-4.3491457480314963
11
4.7297015354330707
21
-4.3483310629921261
0
LINE
8
BLACK
6
CONTINUOUS
10
4.7297015354330707
20
-4.3483310629921261
11
4.7292606692913388
21
-4.3472666535433069
0
LINE
8
BLACK
6
CONTINUOUS
10
4.7292606692913388
20
-4.3472666535433069
11
4.7292606692913388
21
-4.3461145669291339
0
LINE
8
BLACK
6
CONTINUOUS
10
4.7292606692913388
20
-4.3461145669291339
11
4.7297015748031495
21
-4.3450501574803146
0
LINE
8
BLACK
6
CONTINUOUS
10
4.7297015748031495
20
-4.3450501574803146
11
4.7300688188976379
21
-4.3446026771653541
0
LINE
8
BLACK
6
CONTINUOUS
10
4.7300688188976379
20
-4.3446026771653541
11
4.7314507086614173
21
-4.3432207874015747
0
LINE
8
BLACK
6
CONTINUOUS
10
4.7314507086614173
20
-4.3432207874015747
11
4.7329535039370079
21
-4.3387124409448816
0
LINE
8
BLACK
6
CONTINUOUS
10
4.7329535039370079
20
-4.3387124409448816
11
4.7329535039370079
21
-4.3359211811023624
0
LINE
8
BLACK
6
CONTINUOUS
10
4.7329535039370079
20
-4.3359211811023624
11
4.7314507086614173
21
-4.3314127952755905
0
LINE
8
BLACK
6
CONTINUOUS
10
4.7314507086614173
20
-4.3314127952755905
11
4.7285328346456694
21
-4.3284949606299215
0
LINE
8
BLACK
6
CONTINUOUS
10
4.7285328346456694
20
-4.3284949606299215
11
4.7255018503937007
21
-4.3269794488188973
0
LINE
8
BLACK
6
CONTINUOUS
10
4.7255018503937007
20
-4.3269794488188973
11
4.7186698031496066
21
-4.3252714566929136
0
LINE
8
BLACK
6
CONTINUOUS
10
4.7186698031496066
20
-4.3252714566929136
11
4.713772598425197
21
-4.3252714566929136
0
LINE
8
BLACK
6
CONTINUOUS
10
4.713772598425197
20
-4.3252714566929136
11
4.706940551181102
21
-4.3269794488188973
0
LINE
8
BLACK
6
CONTINUOUS
10
4.706940551181102
20
-4.3269794488188973
11
4.7039095669291333
21
-4.3284949606299215
0
LINE
8
BLACK
6
CONTINUOUS
10
4.7039095669291333
20
-4.3284949606299215
11
4.7009917322834642
21
-4.3314127559055118
0
LINE
8
BLACK
6
CONTINUOUS
10
4.7009917322834642
20
-4.3314127559055118
11
4.6994889370078736
21
-4.3359211811023624
0
LINE
8
BLACK
6
CONTINUOUS
10
4.6994889370078736
20
-4.3359211811023624
11
4.6994889370078736
21
-4.3387124015748029
0
LINE
8
BLACK
6
CONTINUOUS
10
4.6994889370078736
20
-4.3387124015748029
11
4.7009917322834642
21
-4.3432208267716534
0
LINE
8
BLACK
6
CONTINUOUS
10
4.7009917322834642
20
-4.3432208267716534
11
4.7023736220472436
21
-4.3446027165354328
0
LINE
8
BLACK
6
CONTINUOUS
10
4.7023736220472436
20
-4.3446027165354328
11
4.7027408267716533
21
-4.3450501574803146
0
LINE
8
BLACK
6
CONTINUOUS
10
4.7027408267716533
20
-4.3450501574803146
11
4.7031817322834648
21
-4.3461145669291339
0
LINE
8
BLACK
6
CONTINUOUS
10
4.7031817322834648
20
-4.3461145669291339
11
4.7031817322834648
21
-4.3472666535433069
0
LINE
8
BLACK
6
CONTINUOUS
10
4.7031817322834648
20
-4.3472666535433069
11
4.7027408267716533
21
-4.3483310629921261
0
LINE
8
BLACK
6
CONTINUOUS
10
4.7027408267716533
20
-4.3483310629921261
11
4.7019261417322831
21
-4.3491457480314963
0
LINE
8
BLACK
6
CONTINUOUS
10
4.7019261417322831
20
-4.3491457480314963
11
4.7008617322834647
21
-4.349586653543307
0
LINE
8
BLACK
6
CONTINUOUS
10
4.7008617322834647
20
-4.349586653543307
11
4.6997096456692908
21
-4.349586653543307
0
LINE
8
BLACK
6
CONTINUOUS
10
4.6997096456692908
20
-4.349586653543307
11
4.6986452362204725
21
-4.3491457480314963
0
LINE
8
BLACK
6
CONTINUOUS
10
4.6986452362204725
20
-4.3491457480314963
11
4.6981977952755907
21
-4.3487785433070867
0
LINE
8
BLACK
6
CONTINUOUS
10
4.6981977952755907
20
-4.3487785433070867
11
4.6963230314960631
21
-4.3469037795275591
0
LINE
8
BLACK
6
CONTINUOUS
10
4.6963230314960631
20
-4.3469037795275591
11
4.6959558267716535
21
-4.3464563385826773
0
LINE
8
BLACK
6
CONTINUOUS
10
4.6959558267716535
20
-4.3464563385826773
11
4.6959151968503932
21
-4.3463582677165356
0
LINE
8
BLACK
6
CONTINUOUS
10
4.6959151968503932
20
-4.3463582677165356
11
4.6958457086614169
21
-4.3462781496062988
0
LINE
8
BLACK
6
CONTINUOUS
10
4.6958457086614169
20
-4.3462781496062988
11
4.695609724409449
21
-4.3457496062992123
0
LINE
8
BLACK
6
CONTINUOUS
10
4.695609724409449
20
-4.3457496062992123
11
4.6937349606299215
21
-4.3401253149606296
0
LINE
8
BLACK
6
CONTINUOUS
10
4.6937349606299215
20
-4.3401253149606296
11
4.69367
21
-4.3398397244094484
0
LINE
8
BLACK
6
CONTINUOUS
10
4.69367
20
-4.3398397244094484
11
4.6936401574803153
21
-4.3397676377952754
0
LINE
8
BLACK
6
CONTINUOUS
10
4.6936401574803153
20
-4.3397676377952754
11
4.6936298425196847
21
-4.33966311023622
0
LINE
8
BLACK
6
CONTINUOUS
10
4.6936298425196847
20
-4.33966311023622
11
4.6936066141732287
21
-4.3395608661417322
0
LINE
8
BLACK
6
CONTINUOUS
10
4.6936066141732287
20
-4.3395608661417322
11
4.6936121259842523
21
-4.3394831102362206
0
LINE
8
BLACK
6
CONTINUOUS
10
4.6936121259842523
20
-4.3394831102362206
11
4.6935834251968505
21
-4.3391915748031495
0
LINE
8
BLACK
6
CONTINUOUS
10
4.6935834251968505
20
-4.3391915748031495
11
4.6935834251968505
21
-4.3354420472440944
0
LINE
8
BLACK
6
CONTINUOUS
10
4.6935834251968505
20
-4.3354420472440944
11
4.6936121259842523
21
-4.3351504724409446
0
LINE
8
BLACK
6
CONTINUOUS
10
4.6936121259842523
20
-4.3351504724409446
11
4.6936066141732287
21
-4.3350727559055118
0
LINE
8
BLACK
6
CONTINUOUS
10
4.6936066141732287
20
-4.3350727559055118
11
4.6936298425196847
21
-4.3349704724409444
0
LINE
8
BLACK
6
CONTINUOUS
10
4.6936298425196847
20
-4.3349704724409444
11
4.6936401574803153
21
-4.3348659842519686
0
LINE
8
BLACK
6
CONTINUOUS
10
4.6936401574803153
20
-4.3348659842519686
11
4.69367
21
-4.3347938582677168
0
LINE
8
BLACK
6
CONTINUOUS
10
4.69367
20
-4.3347938582677168
11
4.6937349606299215
21
-4.3345083070866144
0
LINE
8
BLACK
6
CONTINUOUS
10
4.6937349606299215
20
-4.3345083070866144
11
4.695609724409449
21
-4.3288840157480317
0
LINE
8
BLACK
6
CONTINUOUS
10
4.695609724409449
20
-4.3288840157480317
11
4.6958457086614169
21
-4.3283554724409452
0
LINE
8
BLACK
6
CONTINUOUS
10
4.6958457086614169
20
-4.3283554724409452
11
4.6959151968503932
21
-4.3282753149606297
0
LINE
8
BLACK
6
CONTINUOUS
10
4.6959151968503932
20
-4.3282753149606297
11
4.6959558267716535
21
-4.3281772834645666
0
LINE
8
BLACK
6
CONTINUOUS
10
4.6959558267716535
20
-4.3281772834645666
11
4.6963230314960631
21
-4.3277298425196848
0
LINE
8
BLACK
6
CONTINUOUS
10
4.6963230314960631
20
-4.3277298425196848
11
4.7000725590551182
21
-4.3239803149606297
0
LINE
8
BLACK
6
CONTINUOUS
10
4.7000725590551182
20
-4.3239803149606297
11
4.700298937007874
21
-4.323794448818898
0
LINE
8
BLACK
6
CONTINUOUS
10
4.700298937007874
20
-4.323794448818898
11
4.7003500787401578
21
-4.3237355511811026
0
LINE
8
BLACK
6
CONTINUOUS
10
4.7003500787401578
20
-4.3237355511811026
11
4.7004388188976378
21
-4.3236796456692916
0
LINE
8
BLACK
6
CONTINUOUS
10
4.7004388188976378
20
-4.3236796456692916
11
4.70052
21
-4.3236130708661413
0
LINE
8
BLACK
6
CONTINUOUS
10
4.70052
20
-4.3236130708661413
11
4.7005921259842518
21
-4.3235831889763778
0
LINE
8
BLACK
6
CONTINUOUS
10
4.7005921259842518
20
-4.3235831889763778
11
4.7008399606299207
21
-4.3234272047244096
0
LINE
8
BLACK
6
CONTINUOUS
10
4.7008399606299207
20
-4.3234272047244096
11
4.7045894881889767
21
-4.321552440944882
0
LINE
8
BLACK
6
CONTINUOUS
10
4.7045894881889767
20
-4.321552440944882
11
4.7046315748031491
21
-4.3215362992125987
0
LINE
8
BLACK
6
CONTINUOUS
10
4.7046315748031491
20
-4.3215362992125987
11
4.7046487401574799
21
-4.3215236220472439
0
LINE
8
BLACK
6
CONTINUOUS
10
4.7046487401574799
20
-4.3215236220472439
11
4.7048903149606298
21
-4.3214372834645669
0
LINE
8
BLACK
6
CONTINUOUS
10
4.7048903149606298
20
-4.3214372834645669
11
4.7051300787401571
21
-4.3213455511811025
0
LINE
8
BLACK
6
CONTINUOUS
10
4.7051300787401571
20
-4.3213455511811025
11
4.7051513385826773
21
-4.3213440157480312
0
LINE
8
BLACK
6
CONTINUOUS
10
4.7051513385826773
20
-4.3213440157480312
11
4.7051938582677169
21
-4.3213288582677167
0
LINE
8
BLACK
6
CONTINUOUS
10
4.7051938582677169
20
-4.3213288582677167
11
4.7126929133858271
21
-4.3194540944881892
0
LINE
8
BLACK
6
CONTINUOUS
10
4.7126929133858271
20
-4.3194540944881892
11
4.7127927559055118
21
-4.3194392913385826
0
LINE
8
BLACK
6
CONTINUOUS
10
4.7127927559055118
20
-4.3194392913385826
11
4.7128329921259837
21
-4.3194226771653543
0
LINE
8
BLACK
6
CONTINUOUS
10
4.7128329921259837
20
-4.3194226771653543
11
4.71305
21
-4.3194012992125987
0
LINE
8
BLACK
6
CONTINUOUS
10
4.71305
20
-4.3194012992125987
11
4.7132655118110236
21
-4.3193694488188976
0
LINE
8
BLACK
6
CONTINUOUS
10
4.7132655118110236
20
-4.3193694488188976
11
4.7133085039370082
21
-4.3193758267716538
0
LINE
8
BLACK
6
CONTINUOUS
10
4.7133085039370082
20
-4.3193758267716538
11
4.7134090551181105
21
-4.3193659448818895
0
LINE
8
BLACK
6
CONTINUOUS
10
4.7134090551181105
20
-4.3193659448818895
11
4.7190333464566931
21
-4.3193659448818895
0
LINE
8
BLACK
6
CONTINUOUS
10
4.7190333464566931
20
-4.3193659448818895
11
4.7191338582677167
21
-4.3193758267716538
0
LINE
8
BLACK
6
CONTINUOUS
10
4.6484823228346457
20
-4.3180451181102359
11
4.649546732283464
21
-4.3184860236220475
0
LINE
8
BLACK
6
CONTINUOUS
10
4.649546732283464
20
-4.3184860236220475
11
4.6503613779527555
21
-4.319300669291338
0
LINE
8
BLACK
6
CONTINUOUS
10
4.6503613779527555
20
-4.319300669291338
11
4.650802283464567
21
-4.3203650787401573
0
LINE
8
BLACK
6
CONTINUOUS
10
4.650802283464567
20
-4.3203650787401573
11
4.650802283464567
21
-4.321517204724409
0
LINE
8
BLACK
6
CONTINUOUS
10
4.650802283464567
20
-4.321517204724409
11
4.6503613779527555
21
-4.3225816141732283
0
LINE
8
BLACK
6
CONTINUOUS
10
4.6503613779527555
20
-4.3225816141732283
11
4.649546732283464
21
-4.3233962598425197
0
LINE
8
BLACK
6
CONTINUOUS
10
4.649546732283464
20
-4.3233962598425197
11
4.6484823228346457
21
-4.3238371653543304
0
LINE
8
BLACK
6
CONTINUOUS
10
4.6484823228346457
20
-4.3238371653543304
11
4.6479062598425198
21
-4.3238938976377952
0
LINE
8
BLACK
6
CONTINUOUS
10
4.6479062598425198
20
-4.3238938976377952
11
4.6321113385826767
21
-4.3238938976377952
0
LINE
8
BLACK
6
CONTINUOUS
10
4.6321113385826767
20
-4.3238938976377952
11
4.6321113385826767
21
-4.3287775590551183
0
LINE
8
BLACK
6
CONTINUOUS
10
4.6321113385826767
20
-4.3287775590551183
11
4.6495995669291341
21
-4.3410193307086615
0
LINE
8
BLACK
6
CONTINUOUS
10
4.6495995669291341
20
-4.3410193307086615
11
4.6500389370078743
21
-4.3413961417322833
0
LINE
8
BLACK
6
CONTINUOUS
10
4.6500389370078743
20
-4.3413961417322833
11
4.6506581102362201
21
-4.3423677559055118
0
LINE
8
BLACK
6
CONTINUOUS
10
4.6506581102362201
20
-4.3423677559055118
11
4.650858346456693
21
-4.3435022834645665
0
LINE
8
BLACK
6
CONTINUOUS
10
4.650858346456693
20
-4.3435022834645665
11
4.6506091338582678
21
-4.3446271259842515
0
LINE
8
BLACK
6
CONTINUOUS
10
4.6506091338582678
20
-4.3446271259842515
11
4.6499484251968504
21
-4.3455709842519683
0
LINE
8
BLACK
6
CONTINUOUS
10
4.6499484251968504
20
-4.3455709842519683
11
4.6489768503937006
21
-4.346190157480315
0
LINE
8
BLACK
6
CONTINUOUS
10
4.6489768503937006
20
-4.346190157480315
11
4.6478422834645672
21
-4.3463903543307083
0
LINE
8
BLACK
6
CONTINUOUS
10
4.6478422834645672
20
-4.3463903543307083
11
4.6467174409448821
21
-4.3461411811023618
0
LINE
8
BLACK
6
CONTINUOUS
10
4.6467174409448821
20
-4.3461411811023618
11
4.6462129921259843
21
-4.3458573228346458
0
LINE
8
BLACK
6
CONTINUOUS
10
4.6462129921259843
20
-4.3458573228346458
11
4.6321070078740156
21
-4.3359831496062995
0
LINE
8
BLACK
6
CONTINUOUS
10
4.6321070078740156
20
-4.3359831496062995
11
4.6320546062992127
21
-4.3365153149606295
0
LINE
8
BLACK
6
CONTINUOUS
10
4.6320546062992127
20
-4.3365153149606295
11
4.6320140157480312
21
-4.336613267716535
0
LINE
8
BLACK
6
CONTINUOUS
10
4.6320140157480312
20
-4.336613267716535
11
4.6320064960629921
21
-4.3367191732283468
0
LINE
8
BLACK
6
CONTINUOUS
10
4.6320064960629921
20
-4.3367191732283468
11
4.6317996062992126
21
-4.3372597637795272
0
LINE
8
BLACK
6
CONTINUOUS
10
4.6317996062992126
20
-4.3372597637795272
11
4.6299248425196851
21
-4.3410092913385823
0
LINE
8
BLACK
6
CONTINUOUS
10
4.6299248425196851
20
-4.3410092913385823
11
4.6297687401574805
21
-4.3412572834645671
0
LINE
8
BLACK
6
CONTINUOUS
10
4.6297687401574805
20
-4.3412572834645671
11
4.6297389370078736
21
-4.3413292519685038
0
LINE
8
BLACK
6
CONTINUOUS
10
4.6297389370078736
20
-4.3413292519685038
11
4.6296724409448817
21
-4.3414101968503935
0
LINE
8
BLACK
6
CONTINUOUS
10
4.6296724409448817
20
-4.3414101968503935
11
4.629616496062992
21
-4.3414991732283461
0
LINE
8
BLACK
6
CONTINUOUS
10
4.629616496062992
20
-4.3414991732283461
11
4.6295574803149604
21
-4.3415503149606298
0
LINE
8
BLACK
6
CONTINUOUS
10
4.6295574803149604
20
-4.3415503149606298
11
4.6293717322834649
21
-4.3417766929133856
0
LINE
8
BLACK
6
CONTINUOUS
10
4.6293717322834649
20
-4.3417766929133856
11
4.6274969685039373
21
-4.3436514566929132
0
LINE
8
BLACK
6
CONTINUOUS
10
4.6274969685039373
20
-4.3436514566929132
11
4.6272705905511806
21
-4.3438372047244096
0
LINE
8
BLACK
6
CONTINUOUS
10
4.6272705905511806
20
-4.3438372047244096
11
4.6272194488188978
21
-4.3438962204724412
0
LINE
8
BLACK
6
CONTINUOUS
10
4.6272194488188978
20
-4.3438962204724412
11
4.6271304724409452
21
-4.3439521653543309
0
LINE
8
BLACK
6
CONTINUOUS
10
4.6271304724409452
20
-4.3439521653543309
11
4.6270495275590546
21
-4.3440186614173228
0
LINE
8
BLACK
6
CONTINUOUS
10
4.6270495275590546
20
-4.3440186614173228
11
4.6269775590551179
21
-4.3440484645669288
0
LINE
8
BLACK
6
CONTINUOUS
10
4.6269775590551179
20
-4.3440484645669288
11
4.626729566929134
21
-4.3442045669291334
0
LINE
8
BLACK
6
CONTINUOUS
10
4.626729566929134
20
-4.3442045669291334
11
4.6229800393700788
21
-4.3460793307086609
0
LINE
8
BLACK
6
CONTINUOUS
10
4.6229800393700788
20
-4.3460793307086609
11
4.6224394094488188
21
-4.3462862204724413
0
LINE
8
BLACK
6
CONTINUOUS
10
4.6224394094488188
20
-4.3462862204724413
11
4.6223335826771654
21
-4.3462937007874016
0
LINE
8
BLACK
6
CONTINUOUS
10
4.6223335826771654
20
-4.3462937007874016
11
4.6222355905511812
21
-4.346334330708661
0
LINE
8
BLACK
6
CONTINUOUS
10
4.6222355905511812
20
-4.346334330708661
11
4.6216595275590553
21
-4.3463910629921259
0
LINE
8
BLACK
6
CONTINUOUS
10
4.6216595275590553
20
-4.3463910629921259
11
4.6160352362204726
21
-4.3463910629921259
0
LINE
8
BLACK
6
CONTINUOUS
10
4.6160352362204726
20
-4.3463910629921259
11
4.6154591732283468
21
-4.346334330708661
0
LINE
8
BLACK
6
CONTINUOUS
10
4.6154591732283468
20
-4.346334330708661
11
4.6153611811023625
21
-4.3462937401574804
0
LINE
8
BLACK
6
CONTINUOUS
10
4.6153611811023625
20
-4.3462937401574804
11
4.6152553149606295
21
-4.3462862204724413
0
LINE
8
BLACK
6
CONTINUOUS
10
4.6152553149606295
20
-4.3462862204724413
11
4.6147147244094491
21
-4.3460793307086609
0
LINE
8
BLACK
6
CONTINUOUS
10
4.6147147244094491
20
-4.3460793307086609
11
4.610965196850394
21
-4.3442045669291334
0
LINE
8
BLACK
6
CONTINUOUS
10
4.610965196850394
20
-4.3442045669291334
11
4.6107171653543304
21
-4.3440484645669288
0
LINE
8
BLACK
6
CONTINUOUS
10
4.6107171653543304
20
-4.3440484645669288
11
4.6106452362204724
21
-4.3440186614173228
0
LINE
8
BLACK
6
CONTINUOUS
10
4.6106452362204724
20
-4.3440186614173228
11
4.6105642519685039
21
-4.3439521653543309
0
LINE
8
BLACK
6
CONTINUOUS
10
4.6105642519685039
20
-4.3439521653543309
11
4.6104753149606301
21
-4.3438962204724412
0
LINE
8
BLACK
6
CONTINUOUS
10
4.6104753149606301
20
-4.3438962204724412
11
4.6104241338582677
21
-4.3438372047244096
0
LINE
8
BLACK
6
CONTINUOUS
10
4.6104241338582677
20
-4.3438372047244096
11
4.6101977952755906
21
-4.3436514566929132
0
LINE
8
BLACK
6
CONTINUOUS
10
4.6101977952755906
20
-4.3436514566929132
11
4.608323031496063
21
-4.3417766929133856
0
LINE
8
BLACK
6
CONTINUOUS
10
4.608323031496063
20
-4.3417766929133856
11
4.6081372440944879
21
-4.3415503149606298
0
LINE
8
BLACK
6
CONTINUOUS
10
4.6081372440944879
20
-4.3415503149606298
11
4.6080782677165351
21
-4.3414991732283461
0
LINE
8
BLACK
6
CONTINUOUS
10
4.6080782677165351
20
-4.3414991732283461
11
4.6080222834645665
21
-4.3414101968503935
0
LINE
8
BLACK
6
CONTINUOUS
10
4.6080222834645665
20
-4.3414101968503935
11
4.6079558267716534
21
-4.3413292519685038
0
LINE
8
BLACK
6
CONTINUOUS
10
4.6079558267716534
20
-4.3413292519685038
11
4.6079259842519686
21
-4.3412572834645671
0
LINE
8
BLACK
6
CONTINUOUS
10
4.6079259842519686
20
-4.3412572834645671
11
4.607769921259842
21
-4.3410092913385823
0
LINE
8
BLACK
6
CONTINUOUS
10
4.607769921259842
20
-4.3410092913385823
11
4.6058951574803144
21
-4.3372597637795272
0
LINE
8
BLACK
6
CONTINUOUS
10
4.6058951574803144
20
-4.3372597637795272
11
4.6056882677165349
21
-4.336719133858268
0
LINE
8
BLACK
6
CONTINUOUS
10
4.6056882677165349
20
-4.336719133858268
11
4.6056807480314959
21
-4.3366133070866137
0
LINE
8
BLACK
6
CONTINUOUS
10
4.6056807480314959
20
-4.3366133070866137
11
4.6056401574803152
21
-4.3365153149606295
0
LINE
8
BLACK
6
CONTINUOUS
10
4.6056401574803152
20
-4.3365153149606295
11
4.6055834251968504
21
-4.3359392519685036
0
LINE
8
BLACK
6
CONTINUOUS
10
4.6055834251968504
20
-4.3359392519685036
11
4.6055834251968504
21
-4.3209411417322832
0
LINE
8
BLACK
6
CONTINUOUS
10
4.6055834251968504
20
-4.3209411417322832
11
4.6056401574803152
21
-4.3203650787401573
0
LINE
8
BLACK
6
CONTINUOUS
10
4.6056401574803152
20
-4.3203650787401573
11
4.6060810629921258
21
-4.319300669291338
0
LINE
8
BLACK
6
CONTINUOUS
10
4.6060810629921258
20
-4.319300669291338
11
4.6068957086614173
21
-4.3184860236220475
0
LINE
8
BLACK
6
CONTINUOUS
10
4.6068957086614173
20
-4.3184860236220475
11
4.6079601181102365
21
-4.3180451181102359
0
LINE
8
BLACK
6
CONTINUOUS
10
4.6079601181102365
20
-4.3180451181102359
11
4.6085361811023624
21
-4.3179883858267711
0
LINE
8
BLACK
6
CONTINUOUS
10
4.6085361811023624
20
-4.3179883858267711
11
4.6479062598425198
21
-4.3179883858267711
0
LINE
8
BLACK
6
CONTINUOUS
10
4.6479062598425198
20
-4.3179883858267711
11
4.6484823228346457
21
-4.3180451181102359
0
LINE
8
BLACK
6
CONTINUOUS
10
4.6114889370078735
20
-4.335242204724409
11
4.6128376771653539
21
-4.3379396850393697
0
LINE
8
BLACK
6
CONTINUOUS
10
4.6128376771653539
20
-4.3379396850393697
11
4.6140348031496066
21
-4.3391368110236224
0
LINE
8
BLACK
6
CONTINUOUS
10
4.6140348031496066
20
-4.3391368110236224
11
4.6167322834645672
21
-4.3404855511811027
0
LINE
8
BLACK
6
CONTINUOUS
10
4.6167322834645672
20
-4.3404855511811027
11
4.6209624803149607
21
-4.3404855511811027
0
LINE
8
BLACK
6
CONTINUOUS
10
4.6209624803149607
20
-4.3404855511811027
11
4.6236599606299214
21
-4.3391368110236224
0
LINE
8
BLACK
6
CONTINUOUS
10
4.6236599606299214
20
-4.3391368110236224
11
4.6248570866141732
21
-4.3379396850393697
0
LINE
8
BLACK
6
CONTINUOUS
10
4.6248570866141732
20
-4.3379396850393697
11
4.6262058267716535
21
-4.335242204724409
0
LINE
8
BLACK
6
CONTINUOUS
10
4.6262058267716535
20
-4.335242204724409
11
4.6262058267716535
21
-4.3238938976377952
0
LINE
8
BLACK
6
CONTINUOUS
10
4.6262058267716535
20
-4.3238938976377952
11
4.6114889370078735
21
-4.3238938976377952
0
LINE
8
BLACK
6
CONTINUOUS
10
4.6114889370078735
20
-4.3238938976377952
11
4.6114889370078735
21
-4.335242204724409
0
LINE
8
BLACK
6
CONTINUOUS
10
4.8944823228346452
20
-4.3142974409448822
11
4.8955467322834645
21
-4.3147383464566929
0
LINE
8
BLACK
6
CONTINUOUS
10
4.8955467322834645
20
-4.3147383464566929
11
4.8963613779527559
21
-4.3155529921259843
0
LINE
8
BLACK
6
CONTINUOUS
10
4.8963613779527559
20
-4.3155529921259843
11
4.8968022834645666
21
-4.3166174015748027
0
LINE
8
BLACK
6
CONTINUOUS
10
4.8968022834645666
20
-4.3166174015748027
11
4.8968022834645666
21
-4.3177695275590553
0
LINE
8
BLACK
6
CONTINUOUS
10
4.8968022834645666
20
-4.3177695275590553
11
4.8963613779527559
21
-4.3188339370078737
0
LINE
8
BLACK
6
CONTINUOUS
10
4.8963613779527559
20
-4.3188339370078737
11
4.8955467322834645
21
-4.3196485826771651
0
LINE
8
BLACK
6
CONTINUOUS
10
4.8955467322834645
20
-4.3196485826771651
11
4.8944823228346452
21
-4.3200894881889766
0
LINE
8
BLACK
6
CONTINUOUS
10
4.8944823228346452
20
-4.3200894881889766
11
4.8939062598425194
21
-4.3201462204724406
0
LINE
8
BLACK
6
CONTINUOUS
10
4.8939062598425194
20
-4.3201462204724406
11
4.8781113385826771
21
-4.3201462204724406
0
LINE
8
BLACK
6
CONTINUOUS
10
4.8781113385826771
20
-4.3201462204724406
11
4.8781113385826771
21
-4.3250298818897637
0
LINE
8
BLACK
6
CONTINUOUS
10
4.8781113385826771
20
-4.3250298818897637
11
4.8955995669291337
21
-4.3372716535433069
0
LINE
8
BLACK
6
CONTINUOUS
10
4.8955995669291337
20
-4.3372716535433069
11
4.8960389370078738
21
-4.3376484645669287
0
LINE
8
BLACK
6
CONTINUOUS
10
4.8960389370078738
20
-4.3376484645669287
11
4.8966581102362206
21
-4.3386200787401572
0
LINE
8
BLACK
6
CONTINUOUS
10
4.8966581102362206
20
-4.3386200787401572
11
4.8968583464566926
21
-4.3397546062992127
0
LINE
8
BLACK
6
CONTINUOUS
10
4.8968583464566926
20
-4.3397546062992127
11
4.8966091338582673
21
-4.3408794488188978
0
LINE
8
BLACK
6
CONTINUOUS
10
4.8966091338582673
20
-4.3408794488188978
11
4.8959484251968499
21
-4.3418233070866137
0
LINE
8
BLACK
6
CONTINUOUS
10
4.8959484251968499
20
-4.3418233070866137
11
4.894976850393701
21
-4.3424424803149604
0
LINE
8
BLACK
6
CONTINUOUS
10
4.894976850393701
20
-4.3424424803149604
11
4.8938422834645667
21
-4.3426426771653546
0
LINE
8
BLACK
6
CONTINUOUS
10
4.8938422834645667
20
-4.3426426771653546
11
4.8927174409448817
21
-4.3423935039370081
0
LINE
8
BLACK
6
CONTINUOUS
10
4.8927174409448817
20
-4.3423935039370081
11
4.8922129921259838
21
-4.3421096456692911
0
LINE
8
BLACK
6
CONTINUOUS
10
4.8922129921259838
20
-4.3421096456692911
11
4.8781070078740161
21
-4.3322354724409449
0
LINE
8
BLACK
6
CONTINUOUS
10
4.8781070078740161
20
-4.3322354724409449
11
4.8780546062992123
21
-4.3327676377952757
0
LINE
8
BLACK
6
CONTINUOUS
10
4.8780546062992123
20
-4.3327676377952757
11
4.8780140157480316
21
-4.3328655905511813
0
LINE
8
BLACK
6
CONTINUOUS
10
4.8780140157480316
20
-4.3328655905511813
11
4.8780064960629916
21
-4.3329714960629921
0
LINE
8
BLACK
6
CONTINUOUS
10
4.8780064960629916
20
-4.3329714960629921
11
4.8777996062992122
21
-4.3335120866141734
0
LINE
8
BLACK
6
CONTINUOUS
10
4.8777996062992122
20
-4.3335120866141734
11
4.8759248425196846
21
-4.3372616141732285
0
LINE
8
BLACK
6
CONTINUOUS
10
4.8759248425196846
20
-4.3372616141732285
11
4.8757687401574801
21
-4.3375096062992125
0
LINE
8
BLACK
6
CONTINUOUS
10
4.8757687401574801
20
-4.3375096062992125
11
4.8757389370078741
21
-4.3375815748031492
0
LINE
8
BLACK
6
CONTINUOUS
10
4.8757389370078741
20
-4.3375815748031492
11
4.8756724409448822
21
-4.3376625196850389
0
LINE
8
BLACK
6
CONTINUOUS
10
4.8756724409448822
20
-4.3376625196850389
11
4.8756164960629924
21
-4.3377514960629924
0
LINE
8
BLACK
6
CONTINUOUS
10
4.8756164960629924
20
-4.3377514960629924
11
4.8755574803149608
21
-4.3378026377952752
0
LINE
8
BLACK
6
CONTINUOUS
10
4.8755574803149608
20
-4.3378026377952752
11
4.8753717322834644
21
-4.338029015748031
0
LINE
8
BLACK
6
CONTINUOUS
10
4.8753717322834644
20
-4.338029015748031
11
4.8734969685039369
21
-4.3399037795275586
0
LINE
8
BLACK
6
CONTINUOUS
10
4.8734969685039369
20
-4.3399037795275586
11
4.8732705905511811
21
-4.340089527559055
0
LINE
8
BLACK
6
CONTINUOUS
10
4.8732705905511811
20
-4.340089527559055
11
4.8732194488188973
21
-4.3401485433070865
0
LINE
8
BLACK
6
CONTINUOUS
10
4.8732194488188973
20
-4.3401485433070865
11
4.8731304724409448
21
-4.3402044881889763
0
LINE
8
BLACK
6
CONTINUOUS
10
4.8731304724409448
20
-4.3402044881889763
11
4.8730495275590551
21
-4.3402709842519682
0
LINE
8
BLACK
6
CONTINUOUS
10
4.8730495275590551
20
-4.3402709842519682
11
4.8729775590551183
21
-4.3403007874015751
0
LINE
8
BLACK
6
CONTINUOUS
10
4.8729775590551183
20
-4.3403007874015751
11
4.8727295669291335
21
-4.3404568897637796
0
LINE
8
BLACK
6
CONTINUOUS
10
4.8727295669291335
20
-4.3404568897637796
11
4.8689800393700784
21
-4.3423316535433072
0
LINE
8
BLACK
6
CONTINUOUS
10
4.8689800393700784
20
-4.3423316535433072
11
4.8684394094488184
21
-4.3425385433070867
0
LINE
8
BLACK
6
CONTINUOUS
10
4.8684394094488184
20
-4.3425385433070867
11
4.868333582677165
21
-4.342546023622047
0
LINE
8
BLACK
6
CONTINUOUS
10
4.868333582677165
20
-4.342546023622047
11
4.8682355905511807
21
-4.3425866535433073
0
LINE
8
BLACK
6
CONTINUOUS
10
4.8682355905511807
20
-4.3425866535433073
11
4.8676595275590548
21
-4.3426433858267712
0
LINE
8
BLACK
6
CONTINUOUS
10
4.8676595275590548
20
-4.3426433858267712
11
4.8620352362204722
21
-4.3426433858267712
0
LINE
8
BLACK
6
CONTINUOUS
10
4.8620352362204722
20
-4.3426433858267712
11
4.8614591732283463
21
-4.3425866535433073
0
LINE
8
BLACK
6
CONTINUOUS
10
4.8614591732283463
20
-4.3425866535433073
11
4.861361181102362
21
-4.3425460629921258
0
LINE
8
BLACK
6
CONTINUOUS
10
4.861361181102362
20
-4.3425460629921258
11
4.8612553149606299
21
-4.3425385433070867
0
LINE
8
BLACK
6
CONTINUOUS
10
4.8612553149606299
20
-4.3425385433070867
11
4.8607147244094486
21
-4.3423316535433072
0
LINE
8
BLACK
6
CONTINUOUS
10
4.8607147244094486
20
-4.3423316535433072
11
4.8569651968503935
21
-4.3404568897637796
0
LINE
8
BLACK
6
CONTINUOUS
10
4.8569651968503935
20
-4.3404568897637796
11
4.8567171653543308
21
-4.3403007874015751
0
LINE
8
BLACK
6
CONTINUOUS
10
4.8567171653543308
20
-4.3403007874015751
11
4.856645236220472
21
-4.3402709842519682
0
LINE
8
BLACK
6
CONTINUOUS
10
4.856645236220472
20
-4.3402709842519682
11
4.8565642519685035
21
-4.3402044881889763
0
LINE
8
BLACK
6
CONTINUOUS
10
4.8565642519685035
20
-4.3402044881889763
11
4.8564753149606297
21
-4.3401485433070865
0
LINE
8
BLACK
6
CONTINUOUS
10
4.8564753149606297
20
-4.3401485433070865
11
4.8564241338582672
21
-4.340089527559055
0
LINE
8
BLACK
6
CONTINUOUS
10
4.8564241338582672
20
-4.340089527559055
11
4.8561977952755901
21
-4.3399037795275586
0
LINE
8
BLACK
6
CONTINUOUS
10
4.8561977952755901
20
-4.3399037795275586
11
4.8543230314960626
21
-4.338029015748031
0
LINE
8
BLACK
6
CONTINUOUS
10
4.8543230314960626
20
-4.338029015748031
11
4.8541372440944883
21
-4.3378026377952752
0
LINE
8
BLACK
6
CONTINUOUS
10
4.8541372440944883
20
-4.3378026377952752
11
4.8540782677165355
21
-4.3377514960629924
0
LINE
8
BLACK
6
CONTINUOUS
10
4.8540782677165355
20
-4.3377514960629924
11
4.854022283464567
21
-4.3376625196850389
0
LINE
8
BLACK
6
CONTINUOUS
10
4.854022283464567
20
-4.3376625196850389
11
4.8539558267716538
21
-4.3375815748031492
0
LINE
8
BLACK
6
CONTINUOUS
10
4.8539558267716538
20
-4.3375815748031492
11
4.8539259842519682
21
-4.3375096062992125
0
LINE
8
BLACK
6
CONTINUOUS
10
4.8539259842519682
20
-4.3375096062992125
11
4.8537699212598424
21
-4.3372616141732285
0
LINE
8
BLACK
6
CONTINUOUS
10
4.8537699212598424
20
-4.3372616141732285
11
4.8518951574803149
21
-4.3335120866141734
0
LINE
8
BLACK
6
CONTINUOUS
10
4.8518951574803149
20
-4.3335120866141734
11
4.8516882677165354
21
-4.3329714566929134
0
LINE
8
BLACK
6
CONTINUOUS
10
4.8516882677165354
20
-4.3329714566929134
11
4.8516807480314963
21
-4.33286562992126
0
LINE
8
BLACK
6
CONTINUOUS
10
4.8516807480314963
20
-4.33286562992126
11
4.8516401574803147
21
-4.3327676377952757
0
LINE
8
BLACK
6
CONTINUOUS
10
4.8516401574803147
20
-4.3327676377952757
11
4.8515834251968499
21
-4.3321915748031499
0
LINE
8
BLACK
6
CONTINUOUS
10
4.8515834251968499
20
-4.3321915748031499
11
4.8515834251968499
21
-4.3171934645669294
0
LINE
8
BLACK
6
CONTINUOUS
10
4.8515834251968499
20
-4.3171934645669294
11
4.8516401574803147
21
-4.3166174015748027
0
LINE
8
BLACK
6
CONTINUOUS
10
4.8516401574803147
20
-4.3166174015748027
11
4.8520810629921263
21
-4.3155529921259843
0
LINE
8
BLACK
6
CONTINUOUS
10
4.8520810629921263
20
-4.3155529921259843
11
4.8528957086614168
21
-4.3147383464566929
0
LINE
8
BLACK
6
CONTINUOUS
10
4.8528957086614168
20
-4.3147383464566929
11
4.8539601181102361
21
-4.3142974409448822
0
LINE
8
BLACK
6
CONTINUOUS
10
4.8539601181102361
20
-4.3142974409448822
11
4.854536181102362
21
-4.3142407086614174
0
LINE
8
BLACK
6
CONTINUOUS
10
4.854536181102362
20
-4.3142407086614174
11
4.8939062598425194
21
-4.3142407086614174
0
LINE
8
BLACK
6
CONTINUOUS
10
4.8939062598425194
20
-4.3142407086614174
11
4.8944823228346452
21
-4.3142974409448822
0
LINE
8
BLACK
6
CONTINUOUS
10
4.857488937007874
20
-4.3314945275590553
11
4.8588376771653543
21
-4.3341920078740159
0
LINE
8
BLACK
6
CONTINUOUS
10
4.8588376771653543
20
-4.3341920078740159
11
4.8600348031496061
21
-4.3353891338582677
0
LINE
8
BLACK
6
CONTINUOUS
10
4.8600348031496061
20
-4.3353891338582677
11
4.8627322834645668
21
-4.3367378740157481
0
LINE
8
BLACK
6
CONTINUOUS
10
4.8627322834645668
20
-4.3367378740157481
11
4.8669624803149603
21
-4.3367378740157481
0
LINE
8
BLACK
6
CONTINUOUS
10
4.8669624803149603
20
-4.3367378740157481
11
4.8696599606299209
21
-4.3353891338582677
0
LINE
8
BLACK
6
CONTINUOUS
10
4.8696599606299209
20
-4.3353891338582677
11
4.8708570866141727
21
-4.3341920078740159
0
LINE
8
BLACK
6
CONTINUOUS
10
4.8708570866141727
20
-4.3341920078740159
11
4.872205826771653
21
-4.3314945275590553
0
LINE
8
BLACK
6
CONTINUOUS
10
4.872205826771653
20
-4.3314945275590553
11
4.872205826771653
21
-4.3201462204724406
0
LINE
8
BLACK
6
CONTINUOUS
10
4.872205826771653
20
-4.3201462204724406
11
4.857488937007874
21
-4.3201462204724406
0
LINE
8
BLACK
6
CONTINUOUS
10
4.857488937007874
20
-4.3201462204724406
11
4.857488937007874
21
-4.3314945275590553
0
LINE
8
BLACK
6
CONTINUOUS
10
4.9792618110236218
20
-4.3323917322834644
11
5.0107578740157477
21
-4.3323917322834644
0
LINE
8
BLACK
6
CONTINUOUS
10
5.0107578740157477
20
-4.3323917322834644
11
5.0116618503937005
21
-4.3325715354330709
0
LINE
8
BLACK
6
CONTINUOUS
10
5.0116618503937005
20
-4.3325715354330709
11
5.0129402755905508
21
-4.3338499606299212
0
LINE
8
BLACK
6
CONTINUOUS
10
5.0129402755905508
20
-4.3338499606299212
11
5.0129402755905508
21
-4.3356579133858268
0
LINE
8
BLACK
6
CONTINUOUS
10
5.0129402755905508
20
-4.3356579133858268
11
5.0116618503937005
21
-4.3369363385826771
0
LINE
8
BLACK
6
CONTINUOUS
10
5.0116618503937005
20
-4.3369363385826771
11
5.0107578740157477
21
-4.3371161417322837
0
LINE
8
BLACK
6
CONTINUOUS
10
5.0107578740157477
20
-4.3371161417322837
11
4.9792618110236218
21
-4.3371161417322837
0
LINE
8
BLACK
6
CONTINUOUS
10
4.9792618110236218
20
-4.3371161417322837
11
4.9083956692913384
21
-4.3371161417322837
0
LINE
8
BLACK
6
CONTINUOUS
10
4.9083956692913384
20
-4.3371161417322837
11
4.9074916929133856
21
-4.3369363385826771
0
LINE
8
BLACK
6
CONTINUOUS
10
4.9074916929133856
20
-4.3369363385826771
11
4.9062132677165353
21
-4.3356579133858268
0
LINE
8
BLACK
6
CONTINUOUS
10
4.9062132677165353
20
-4.3356579133858268
11
4.9062132677165353
21
-4.3338499606299212
0
LINE
8
BLACK
6
CONTINUOUS
10
4.9062132677165353
20
-4.3338499606299212
11
4.9074916929133856
21
-4.3325715354330709
0
LINE
8
BLACK
6
CONTINUOUS
10
4.9074916929133856
20
-4.3325715354330709
11
4.9083956692913384
21
-4.3323917322834644
0
LINE
8
BLACK
6
CONTINUOUS
10
4.9083956692913384
20
-4.3323917322834644
11
4.9792618110236218
21
-4.3323917322834644
0
LINE
8
BLACK
6
CONTINUOUS
10
5.7940143307086611
20
-4.2556401574803147
11
5.7950787401574804
21
-4.2560810629921262
0
LINE
8
BLACK
6
CONTINUOUS
10
5.7950787401574804
20
-4.2560810629921262
11
5.7958933858267718
21
-4.2568957086614176
0
LINE
8
BLACK
6
CONTINUOUS
10
5.7958933858267718
20
-4.2568957086614176
11
5.7963342913385825
21
-4.257960118110236
0
LINE
8
BLACK
6
CONTINUOUS
10
5.7963342913385825
20
-4.257960118110236
11
5.7963342913385825
21
-4.2591122440944877
0
LINE
8
BLACK
6
CONTINUOUS
10
5.7963342913385825
20
-4.2591122440944877
11
5.7958933858267718
21
-4.260176653543307
0
LINE
8
BLACK
6
CONTINUOUS
10
5.7958933858267718
20
-4.260176653543307
11
5.7950787401574804
21
-4.2609912992125984
0
LINE
8
BLACK
6
CONTINUOUS
10
5.7950787401574804
20
-4.2609912992125984
11
5.7940143307086611
21
-4.2614322047244091
0
LINE
8
BLACK
6
CONTINUOUS
10
5.7940143307086611
20
-4.2614322047244091
11
5.7934382677165353
21
-4.2614889370078739
0
LINE
8
BLACK
6
CONTINUOUS
10
5.7934382677165353
20
-4.2614889370078739
11
5.7755735039370073
21
-4.2614889370078739
0
LINE
8
BLACK
6
CONTINUOUS
10
5.7755735039370073
20
-4.2614889370078739
11
5.7844118503937008
21
-4.2715898818897635
0
LINE
8
BLACK
6
CONTINUOUS
10
5.7844118503937008
20
-4.2715898818897635
11
5.7845898425196847
21
-4.2718388582677163
0
LINE
8
BLACK
6
CONTINUOUS
10
5.7845898425196847
20
-4.2718388582677163
11
5.7846448031496065
21
-4.2718938188976381
0
LINE
8
BLACK
6
CONTINUOUS
10
5.7846448031496065
20
-4.2718938188976381
11
5.7846663779527558
21
-4.271945905511811
0
LINE
8
BLACK
6
CONTINUOUS
10
5.7846663779527558
20
-4.271945905511811
11
5.7847485039370081
21
-4.2720607874015748
0
LINE
8
BLACK
6
CONTINUOUS
10
5.7847485039370081
20
-4.2720607874015748
11
5.7849020866141734
21
-4.2725150000000003
0
LINE
8
BLACK
6
CONTINUOUS
10
5.7849020866141734
20
-4.2725150000000003
11
5.7850857086614171
21
-4.2729582283464564
0
LINE
8
BLACK
6
CONTINUOUS
10
5.7850857086614171
20
-4.2729582283464564
11
5.7850857086614171
21
-4.2730578346456696
0
LINE
8
BLACK
6
CONTINUOUS
10
5.7850857086614171
20
-4.2730578346456696
11
5.785117598425197
21
-4.2731521653543307
0
LINE
8
BLACK
6
CONTINUOUS
10
5.785117598425197
20
-4.2731521653543307
11
5.7850857086614171
21
-4.2736306299212599
0
LINE
8
BLACK
6
CONTINUOUS
10
5.7850857086614171
20
-4.2736306299212599
11
5.7850857086614171
21
-4.2741103543307082
0
LINE
8
BLACK
6
CONTINUOUS
10
5.7850857086614171
20
-4.2741103543307082
11
5.785047598425197
21
-4.274202322834646
0
LINE
8
BLACK
6
CONTINUOUS
10
5.785047598425197
20
-4.274202322834646
11
5.7850409842519683
21
-4.2743016929133857
0
LINE
8
BLACK
6
CONTINUOUS
10
5.7850409842519683
20
-4.2743016929133857
11
5.7848282677165352
21
-4.2747318110236217
0
LINE
8
BLACK
6
CONTINUOUS
10
5.7848282677165352
20
-4.2747318110236217
11
5.7846448031496065
21
-4.2751747637795274
0
LINE
8
BLACK
6
CONTINUOUS
10
5.7846448031496065
20
-4.2751747637795274
11
5.7845744488188977
21
-4.2752450787401575
0
LINE
8
BLACK
6
CONTINUOUS
10
5.7845744488188977
20
-4.2752450787401575
11
5.7845302755905514
21
-4.2753344488188976
0
LINE
8
BLACK
6
CONTINUOUS
10
5.7845302755905514
20
-4.2753344488188976
11
5.7841691338582679
21
-4.2756503937007873
0
LINE
8
BLACK
6
CONTINUOUS
10
5.7841691338582679
20
-4.2756503937007873
11
5.783830157480315
21
-4.2759894094488189
0
LINE
8
BLACK
6
CONTINUOUS
10
5.783830157480315
20
-4.2759894094488189
11
5.7837381496062994
21
-4.276027519685039
0
LINE
8
BLACK
6
CONTINUOUS
10
5.7837381496062994
20
-4.276027519685039
11
5.7836631889763774
21
-4.2760931102362205
0
LINE
8
BLACK
6
CONTINUOUS
10
5.7836631889763774
20
-4.2760931102362205
11
5.7832089370078741
21
-4.2762466929133858
0
LINE
8
BLACK
6
CONTINUOUS
10
5.7832089370078741
20
-4.2762466929133858
11
5.7827657480314958
21
-4.2764303149606295
0
LINE
8
BLACK
6
CONTINUOUS
10
5.7827657480314958
20
-4.2764303149606295
11
5.7826251574803145
21
-4.2764441338582673
0
LINE
8
BLACK
6
CONTINUOUS
10
5.7826251574803145
20
-4.2764441338582673
11
5.7825718110236215
21
-4.2764622047244094
0
LINE
8
BLACK
6
CONTINUOUS
10
5.7825718110236215
20
-4.2764622047244094
11
5.7824943307086611
21
-4.2764570078740158
0
LINE
8
BLACK
6
CONTINUOUS
10
5.7824943307086611
20
-4.2764570078740158
11
5.7821896850393699
21
-4.2764870472440943
0
LINE
8
BLACK
6
CONTINUOUS
10
5.7821896850393699
20
-4.2764870472440943
11
5.7772624409448818
21
-4.2764870472440943
0
LINE
8
BLACK
6
CONTINUOUS
10
5.7772624409448818
20
-4.2764870472440943
11
5.7745649606299212
21
-4.2778357874015747
0
LINE
8
BLACK
6
CONTINUOUS
10
5.7745649606299212
20
-4.2778357874015747
11
5.7733678346456694
21
-4.2790329133858265
0
LINE
8
BLACK
6
CONTINUOUS
10
5.7733678346456694
20
-4.2790329133858265
11
5.7720190944881891
21
-4.2817303937007871
0
LINE
8
BLACK
6
CONTINUOUS
10
5.7720190944881891
20
-4.2817303937007871
11
5.7720190944881891
21
-4.2897101181102357
0
LINE
8
BLACK
6
CONTINUOUS
10
5.7720190944881891
20
-4.2897101181102357
11
5.7733678346456694
21
-4.2924075984251964
0
LINE
8
BLACK
6
CONTINUOUS
10
5.7733678346456694
20
-4.2924075984251964
11
5.7745649606299212
21
-4.2936047637795278
0
LINE
8
BLACK
6
CONTINUOUS
10
5.7745649606299212
20
-4.2936047637795278
11
5.7772624409448818
21
-4.2949535039370081
0
LINE
8
BLACK
6
CONTINUOUS
10
5.7772624409448818
20
-4.2949535039370081
11
5.787116929133858
21
-4.2949535039370081
0
LINE
8
BLACK
6
CONTINUOUS
10
5.787116929133858
20
-4.2949535039370081
11
5.7898143700787399
21
-4.2936047637795278
0
LINE
8
BLACK
6
CONTINUOUS
10
5.7898143700787399
20
-4.2936047637795278
11
5.7913503149606296
21
-4.2920688188976381
0
LINE
8
BLACK
6
CONTINUOUS
10
5.7913503149606296
20
-4.2920688188976381
11
5.7917977952755901
21
-4.2917015748031497
0
LINE
8
BLACK
6
CONTINUOUS
10
5.7917977952755901
20
-4.2917015748031497
11
5.7928622047244094
21
-4.2912606692913382
0
LINE
8
BLACK
6
CONTINUOUS
10
5.7928622047244094
20
-4.2912606692913382
11
5.7940142913385824
21
-4.2912606692913382
0
LINE
8
BLACK
6
CONTINUOUS
10
5.7940142913385824
20
-4.2912606692913382
11
5.7950787007874016
21
-4.291701535433071
0
LINE
8
BLACK
6
CONTINUOUS
10
5.7950787007874016
20
-4.291701535433071
11
5.7958933858267718
21
-4.2925162204724412
0
LINE
8
BLACK
6
CONTINUOUS
10
5.7958933858267718
20
-4.2925162204724412
11
5.7963342913385825
21
-4.2935806299212596
0
LINE
8
BLACK
6
CONTINUOUS
10
5.7963342913385825
20
-4.2935806299212596
11
5.7963342913385825
21
-4.2947327165354325
0
LINE
8
BLACK
6
CONTINUOUS
10
5.7963342913385825
20
-4.2947327165354325
11
5.7958934251968506
21
-4.2957971259842518
0
LINE
8
BLACK
6
CONTINUOUS
10
5.7958934251968506
20
-4.2957971259842518
11
5.7955261811023622
21
-4.2962446062992123
0
LINE
8
BLACK
6
CONTINUOUS
10
5.7955261811023622
20
-4.2962446062992123
11
5.7936514566929134
21
-4.2981193700787399
0
LINE
8
BLACK
6
CONTINUOUS
10
5.7936514566929134
20
-4.2981193700787399
11
5.7934250787401576
21
-4.2983051181102363
0
LINE
8
BLACK
6
CONTINUOUS
10
5.7934250787401576
20
-4.2983051181102363
11
5.7933738976377951
21
-4.2983641732283466
0
LINE
8
BLACK
6
CONTINUOUS
10
5.7933738976377951
20
-4.2983641732283466
11
5.7932849212598425
21
-4.2984201574803151
0
LINE
8
BLACK
6
CONTINUOUS
10
5.7932849212598425
20
-4.2984201574803151
11
5.7932039763779528
21
-4.2984866141732283
0
LINE
8
BLACK
6
CONTINUOUS
10
5.7932039763779528
20
-4.2984866141732283
11
5.7931320078740161
21
-4.2985164173228343
0
LINE
8
BLACK
6
CONTINUOUS
10
5.7931320078740161
20
-4.2985164173228343
11
5.7928840157480312
21
-4.2986725196850388
0
LINE
8
BLACK
6
CONTINUOUS
10
5.7928840157480312
20
-4.2986725196850388
11
5.7891344881889761
21
-4.3005472834645673
0
LINE
8
BLACK
6
CONTINUOUS
10
5.7891344881889761
20
-4.3005472834645673
11
5.7885938582677161
21
-4.3007541732283467
0
LINE
8
BLACK
6
CONTINUOUS
10
5.7885938582677161
20
-4.3007541732283467
11
5.7884880314960627
21
-4.3007616535433071
0
LINE
8
BLACK
6
CONTINUOUS
10
5.7884880314960627
20
-4.3007616535433071
11
5.7883900393700785
21
-4.3008022834645665
0
LINE
8
BLACK
6
CONTINUOUS
10
5.7883900393700785
20
-4.3008022834645665
11
5.7878139763779526
21
-4.3008590157480313
0
LINE
8
BLACK
6
CONTINUOUS
10
5.7878139763779526
20
-4.3008590157480313
11
5.7765653937007873
21
-4.3008590157480313
0
LINE
8
BLACK
6
CONTINUOUS
10
5.7765653937007873
20
-4.3008590157480313
11
5.7759893307086614
21
-4.3008022834645665
0
LINE
8
BLACK
6
CONTINUOUS
10
5.7759893307086614
20
-4.3008022834645665
11
5.7758913385826771
21
-4.3007616929133858
0
LINE
8
BLACK
6
CONTINUOUS
10
5.7758913385826771
20
-4.3007616929133858
11
5.775785472440945
21
-4.3007541732283467
0
LINE
8
BLACK
6
CONTINUOUS
10
5.775785472440945
20
-4.3007541732283467
11
5.7752448818897637
21
-4.3005472834645673
0
LINE
8
BLACK
6
CONTINUOUS
10
5.7752448818897637
20
-4.3005472834645673
11
5.7714953543307086
21
-4.2986725196850388
0
LINE
8
BLACK
6
CONTINUOUS
10
5.7714953543307086
20
-4.2986725196850388
11
5.7712473228346459
21
-4.2985164173228343
0
LINE
8
BLACK
6
CONTINUOUS
10
5.7712473228346459
20
-4.2985164173228343
11
5.771175393700787
21
-4.2984866141732283
0
LINE
8
BLACK
6
CONTINUOUS
10
5.771175393700787
20
-4.2984866141732283
11
5.7710944094488186
21
-4.2984201574803151
0
LINE
8
BLACK
6
CONTINUOUS
10
5.7710944094488186
20
-4.2984201574803151
11
5.7710054724409448
21
-4.2983641732283466
0
LINE
8
BLACK
6
CONTINUOUS
10
5.7710054724409448
20
-4.2983641732283466
11
5.7709542519685035
21
-4.2983051181102363
0
LINE
8
BLACK
6
CONTINUOUS
10
5.7709542519685035
20
-4.2983051181102363
11
5.7707279133858265
21
-4.2981193700787399
0
LINE
8
BLACK
6
CONTINUOUS
10
5.7707279133858265
20
-4.2981193700787399
11
5.7688531496062989
21
-4.2962445669291336
0
LINE
8
BLACK
6
CONTINUOUS
10
5.7688531496062989
20
-4.2962445669291336
11
5.7686674015748034
21
-4.2960182283464565
0
LINE
8
BLACK
6
CONTINUOUS
10
5.7686674015748034
20
-4.2960182283464565
11
5.7686084251968506
21
-4.2959670866141728
0
LINE
8
BLACK
6
CONTINUOUS
10
5.7686084251968506
20
-4.2959670866141728
11
5.7685524409448821
21
-4.295878149606299
0
LINE
8
BLACK
6
CONTINUOUS
10
5.7685524409448821
20
-4.295878149606299
11
5.7684859448818893
21
-4.2957971259842518
0
LINE
8
BLACK
6
CONTINUOUS
10
5.7684859448818893
20
-4.2957971259842518
11
5.7684561023622045
21
-4.2957250787401575
0
LINE
8
BLACK
6
CONTINUOUS
10
5.7684561023622045
20
-4.2957250787401575
11
5.7683000787401575
21
-4.295477204724409
0
LINE
8
BLACK
6
CONTINUOUS
10
5.7683000787401575
20
-4.295477204724409
11
5.7664253149606299
21
-4.2917276771653539
0
LINE
8
BLACK
6
CONTINUOUS
10
5.7664253149606299
20
-4.2917276771653539
11
5.7662184251968505
21
-4.2911870472440947
0
LINE
8
BLACK
6
CONTINUOUS
10
5.7662184251968505
20
-4.2911870472440947
11
5.7662109055118105
21
-4.2910812204724404
0
LINE
8
BLACK
6
CONTINUOUS
10
5.7662109055118105
20
-4.2910812204724404
11
5.7661703149606298
21
-4.2909832283464562
0
LINE
8
BLACK
6
CONTINUOUS
10
5.7661703149606298
20
-4.2909832283464562
11
5.766113582677165
21
-4.2904071653543303
0
LINE
8
BLACK
6
CONTINUOUS
10
5.766113582677165
20
-4.2904071653543303
11
5.766113582677165
21
-4.2810333464566925
0
LINE
8
BLACK
6
CONTINUOUS
10
5.766113582677165
20
-4.2810333464566925
11
5.7661703149606298
21
-4.2804572834645667
0
LINE
8
BLACK
6
CONTINUOUS
10
5.7661703149606298
20
-4.2804572834645667
11
5.7662109055118105
21
-4.2803592519685036
0
LINE
8
BLACK
6
CONTINUOUS
10
5.7662109055118105
20
-4.2803592519685036
11
5.7662184251968505
21
-4.280253464566929
0
LINE
8
BLACK
6
CONTINUOUS
10
5.7662184251968505
20
-4.280253464566929
11
5.7664253149606299
21
-4.279712834645669
0
LINE
8
BLACK
6
CONTINUOUS
10
5.7664253149606299
20
-4.279712834645669
11
5.7683000787401575
21
-4.2759633070866139
0
LINE
8
BLACK
6
CONTINUOUS
10
5.7683000787401575
20
-4.2759633070866139
11
5.7684561417322833
21
-4.2757152755905512
0
LINE
8
BLACK
6
CONTINUOUS
10
5.7684561417322833
20
-4.2757152755905512
11
5.768485984251968
21
-4.2756433464566932
0
LINE
8
BLACK
6
CONTINUOUS
10
5.768485984251968
20
-4.2756433464566932
11
5.7685524409448821
21
-4.2755623622047247
0
LINE
8
BLACK
6
CONTINUOUS
10
5.7685524409448821
20
-4.2755623622047247
11
5.7686084251968506
21
-4.27547342519685
0
LINE
8
BLACK
6
CONTINUOUS
10
5.7686084251968506
20
-4.27547342519685
11
5.7686674015748034
21
-4.2754222440944885
0
LINE
8
BLACK
6
CONTINUOUS
10
5.7686674015748034
20
-4.2754222440944885
11
5.7688531889763777
21
-4.2751959055118105
0
LINE
8
BLACK
6
CONTINUOUS
10
5.7688531889763777
20
-4.2751959055118105
11
5.7707279527559052
21
-4.2733211417322829
0
LINE
8
BLACK
6
CONTINUOUS
10
5.7707279527559052
20
-4.2733211417322829
11
5.7709542913385823
21
-4.2731353543307087
0
LINE
8
BLACK
6
CONTINUOUS
10
5.7709542913385823
20
-4.2731353543307087
11
5.7710054724409448
21
-4.2730763779527559
0
LINE
8
BLACK
6
CONTINUOUS
10
5.7710054724409448
20
-4.2730763779527559
11
5.7710944094488186
21
-4.2730203937007873
0
LINE
8
BLACK
6
CONTINUOUS
10
5.7710944094488186
20
-4.2730203937007873
11
5.771175393700787
21
-4.2729539370078742
0
LINE
8
BLACK
6
CONTINUOUS
10
5.771175393700787
20
-4.2729539370078742
11
5.7712473228346459
21
-4.2729240944881886
0
LINE
8
BLACK
6
CONTINUOUS
10
5.7712473228346459
20
-4.2729240944881886
11
5.7714953543307086
21
-4.2727680314960628
0
LINE
8
BLACK
6
CONTINUOUS
10
5.7714953543307086
20
-4.2727680314960628
11
5.7752448818897637
21
-4.2708932677165352
0
LINE
8
BLACK
6
CONTINUOUS
10
5.7752448818897637
20
-4.2708932677165352
11
5.7757770472440946
21
-4.2706895669291338
0
LINE
8
BLACK
6
CONTINUOUS
10
5.7757770472440946
20
-4.2706895669291338
11
5.7668441732283462
21
-4.2604805905511807
0
LINE
8
BLACK
6
CONTINUOUS
10
5.7668441732283462
20
-4.2604805905511807
11
5.7666661417322835
21
-4.2602315748031492
0
LINE
8
BLACK
6
CONTINUOUS
10
5.7666661417322835
20
-4.2602315748031492
11
5.7666112204724405
21
-4.260176653543307
0
LINE
8
BLACK
6
CONTINUOUS
10
5.7666112204724405
20
-4.260176653543307
11
5.7665896062992124
21
-4.2601245275590554
0
LINE
8
BLACK
6
CONTINUOUS
10
5.7665896062992124
20
-4.2601245275590554
11
5.7665075196850388
21
-4.2600096850393703
0
LINE
8
BLACK
6
CONTINUOUS
10
5.7665075196850388
20
-4.2600096850393703
11
5.7663538976377948
21
-4.259555433070866
0
LINE
8
BLACK
6
CONTINUOUS
10
5.7663538976377948
20
-4.259555433070866
11
5.7661703149606298
21
-4.2591122440944877
0
LINE
8
BLACK
6
CONTINUOUS
10
5.7661703149606298
20
-4.2591122440944877
11
5.7661703149606298
21
-4.2590125984251967
0
LINE
8
BLACK
6
CONTINUOUS
10
5.7661703149606298
20
-4.2590125984251967
11
5.7661384251968499
21
-4.2589183070866143
0
LINE
8
BLACK
6
CONTINUOUS
10
5.7661384251968499
20
-4.2589183070866143
11
5.7661703149606298
21
-4.2584398031496065
0
LINE
8
BLACK
6
CONTINUOUS
10
5.7661703149606298
20
-4.2584398031496065
11
5.7661703149606298
21
-4.257960118110236
0
LINE
8
BLACK
6
CONTINUOUS
10
5.7661703149606298
20
-4.257960118110236
11
5.7662083858267712
21
-4.2578681102362204
0
LINE
8
BLACK
6
CONTINUOUS
10
5.7662083858267712
20
-4.2578681102362204
11
5.7662150393700786
21
-4.2577687795275594
0
LINE
8
BLACK
6
CONTINUOUS
10
5.7662150393700786
20
-4.2577687795275594
11
5.766427716535433
21
-4.2573386220472438
0
LINE
8
BLACK
6
CONTINUOUS
10
5.766427716535433
20
-4.2573386220472438
11
5.7666112204724405
21
-4.2568957086614176
0
LINE
8
BLACK
6
CONTINUOUS
10
5.7666112204724405
20
-4.2568957086614176
11
5.7666815354330705
21
-4.2568253543307089
0
LINE
8
BLACK
6
CONTINUOUS
10
5.7666815354330705
20
-4.2568253543307089
11
5.7667257480314955
21
-4.2567360236220475
0
LINE
8
BLACK
6
CONTINUOUS
10
5.7667257480314955
20
-4.2567360236220475
11
5.7670868503937003
21
-4.2564200393700791
0
LINE
8
BLACK
6
CONTINUOUS
10
5.7670868503937003
20
-4.2564200393700791
11
5.7674258661417319
21
-4.2560810629921262
0
LINE
8
BLACK
6
CONTINUOUS
10
5.7674258661417319
20
-4.2560810629921262
11
5.7675178346456688
21
-4.2560429133858264
0
LINE
8
BLACK
6
CONTINUOUS
10
5.7675178346456688
20
-4.2560429133858264
11
5.7675928346456695
21
-4.2559773622047246
0
LINE
8
BLACK
6
CONTINUOUS
10
5.7675928346456695
20
-4.2559773622047246
11
5.7680470472440941
21
-4.2558237401574806
0
LINE
8
BLACK
6
CONTINUOUS
10
5.7680470472440941
20
-4.2558237401574806
11
5.7684902755905512
21
-4.2556401574803147
0
LINE
8
BLACK
6
CONTINUOUS
10
5.7684902755905512
20
-4.2556401574803147
11
5.7686308267716537
21
-4.2556262992125982
0
LINE
8
BLACK
6
CONTINUOUS
10
5.7686308267716537
20
-4.2556262992125982
11
5.7686842125984255
21
-4.2556082677165357
0
LINE
8
BLACK
6
CONTINUOUS
10
5.7686842125984255
20
-4.2556082677165357
11
5.7687616535433071
21
-4.2556134251968505
0
LINE
8
BLACK
6
CONTINUOUS
10
5.7687616535433071
20
-4.2556134251968505
11
5.769066338582677
21
-4.2555834251968507
0
LINE
8
BLACK
6
CONTINUOUS
10
5.769066338582677
20
-4.2555834251968507
11
5.7934382677165353
21
-4.2555834251968507
0
LINE
8
BLACK
6
CONTINUOUS
10
5.7934382677165353
20
-4.2555834251968507
11
5.7940143307086611
21
-4.2556401574803147
0
LINE
8
BLACK
6
CONTINUOUS
10
5.8296348818897634
20
-4.2556401574803147
11
5.8306992913385827
21
-4.2560810629921262
0
LINE
8
BLACK
6
CONTINUOUS
10
5.8306992913385827
20
-4.2560810629921262
11
5.8315139370078741
21
-4.2568957086614176
0
LINE
8
BLACK
6
CONTINUOUS
10
5.8315139370078741
20
-4.2568957086614176
11
5.8319548425196848
21
-4.257960118110236
0
LINE
8
BLACK
6
CONTINUOUS
10
5.8319548425196848
20
-4.257960118110236
11
5.8320115748031496
21
-4.2585361811023619
0
LINE
8
BLACK
6
CONTINUOUS
10
5.8320115748031496
20
-4.2585361811023619
11
5.8320115748031496
21
-4.2979062598425193
0
LINE
8
BLACK
6
CONTINUOUS
10
5.8320115748031496
20
-4.2979062598425193
11
5.8319548425196848
21
-4.2984823228346452
0
LINE
8
BLACK
6
CONTINUOUS
10
5.8319548425196848
20
-4.2984823228346452
11
5.8315139370078741
21
-4.2995467322834644
0
LINE
8
BLACK
6
CONTINUOUS
10
5.8315139370078741
20
-4.2995467322834644
11
5.8306992913385827
21
-4.3003613779527559
0
LINE
8
BLACK
6
CONTINUOUS
10
5.8306992913385827
20
-4.3003613779527559
11
5.8296348818897634
21
-4.3008022834645665
0
LINE
8
BLACK
6
CONTINUOUS
10
5.8296348818897634
20
-4.3008022834645665
11
5.8284827559055117
21
-4.3008022834645665
0
LINE
8
BLACK
6
CONTINUOUS
10
5.8284827559055117
20
-4.3008022834645665
11
5.8274183464566924
21
-4.3003613779527559
0
LINE
8
BLACK
6
CONTINUOUS
10
5.8274183464566924
20
-4.3003613779527559
11
5.8266037007874019
21
-4.2995467322834644
0
LINE
8
BLACK
6
CONTINUOUS
10
5.8266037007874019
20
-4.2995467322834644
11
5.8261627952755903
21
-4.2984823228346452
0
LINE
8
BLACK
6
CONTINUOUS
10
5.8261627952755903
20
-4.2984823228346452
11
5.8261060629921255
21
-4.2979062598425193
0
LINE
8
BLACK
6
CONTINUOUS
10
5.8261060629921255
20
-4.2979062598425193
11
5.8261060629921255
21
-4.282111338582677
0
LINE
8
BLACK
6
CONTINUOUS
10
5.8261060629921255
20
-4.282111338582677
11
5.8212223622047246
21
-4.282111338582677
0
LINE
8
BLACK
6
CONTINUOUS
10
5.8212223622047246
20
-4.282111338582677
11
5.8089806299212601
21
-4.2995995669291336
0
LINE
8
BLACK
6
CONTINUOUS
10
5.8089806299212601
20
-4.2995995669291336
11
5.8086038188976374
21
-4.3000389370078738
0
LINE
8
BLACK
6
CONTINUOUS
10
5.8086038188976374
20
-4.3000389370078738
11
5.8076322047244089
21
-4.3006581102362205
0
LINE
8
BLACK
6
CONTINUOUS
10
5.8076322047244089
20
-4.3006581102362205
11
5.8064976771653543
21
-4.3008583070866138
0
LINE
8
BLACK
6
CONTINUOUS
10
5.8064976771653543
20
-4.3008583070866138
11
5.8053728346456692
21
-4.3006091338582673
0
LINE
8
BLACK
6
CONTINUOUS
10
5.8053728346456692
20
-4.3006091338582673
11
5.8044289763779524
21
-4.2999484251968507
0
LINE
8
BLACK
6
CONTINUOUS
10
5.8044289763779524
20
-4.2999484251968507
11
5.8038098031496066
21
-4.2989768110236222
0
LINE
8
BLACK
6
CONTINUOUS
10
5.8038098031496066
20
-4.2989768110236222
11
5.8036096062992124
21
-4.2978422834645666
0
LINE
8
BLACK
6
CONTINUOUS
10
5.8036096062992124
20
-4.2978422834645666
11
5.8038587795275589
21
-4.2967174409448816
0
LINE
8
BLACK
6
CONTINUOUS
10
5.8038587795275589
20
-4.2967174409448816
11
5.8041426771653546
21
-4.296212952755905
0
LINE
8
BLACK
6
CONTINUOUS
10
5.8041426771653546
20
-4.296212952755905
11
5.8140168110236221
21
-4.282107007874016
0
LINE
8
BLACK
6
CONTINUOUS
10
5.8140168110236221
20
-4.282107007874016
11
5.8134846456692912
21
-4.2820546062992122
0
LINE
8
BLACK
6
CONTINUOUS
10
5.8134846456692912
20
-4.2820546062992122
11
5.813386653543307
21
-4.2820140157480315
0
LINE
8
BLACK
6
CONTINUOUS
10
5.813386653543307
20
-4.2820140157480315
11
5.8132807874015748
21
-4.2820064960629924
0
LINE
8
BLACK
6
CONTINUOUS
10
5.8132807874015748
20
-4.2820064960629924
11
5.8127401968503936
21
-4.2817996062992121
0
LINE
8
BLACK
6
CONTINUOUS
10
5.8127401968503936
20
-4.2817996062992121
11
5.8089906692913384
21
-4.2799248425196845
0
LINE
8
BLACK
6
CONTINUOUS
10
5.8089906692913384
20
-4.2799248425196845
11
5.8087426377952758
21
-4.27976874015748
0
LINE
8
BLACK
6
CONTINUOUS
10
5.8087426377952758
20
-4.27976874015748
11
5.8086707086614169
21
-4.279738937007874
0
LINE
8
BLACK
6
CONTINUOUS
10
5.8086707086614169
20
-4.279738937007874
11
5.8085897244094484
21
-4.2796724409448821
0
LINE
8
BLACK
6
CONTINUOUS
10
5.8085897244094484
20
-4.2796724409448821
11
5.8085007874015746
21
-4.2796164960629923
0
LINE
8
BLACK
6
CONTINUOUS
10
5.8085007874015746
20
-4.2796164960629923
11
5.8084496062992121
21
-4.2795574803149607
0
LINE
8
BLACK
6
CONTINUOUS
10
5.8084496062992121
20
-4.2795574803149607
11
5.8082232677165351
21
-4.2793717322834643
0
LINE
8
BLACK
6
CONTINUOUS
10
5.8082232677165351
20
-4.2793717322834643
11
5.8063485039370075
21
-4.2774969685039368
0
LINE
8
BLACK
6
CONTINUOUS
10
5.8063485039370075
20
-4.2774969685039368
11
5.8061627165354333
21
-4.277270590551181
0
LINE
8
BLACK
6
CONTINUOUS
10
5.8061627165354333
20
-4.277270590551181
11
5.8061037401574804
21
-4.2772194488188973
0
LINE
8
BLACK
6
CONTINUOUS
10
5.8061037401574804
20
-4.2772194488188973
11
5.8060477559055119
21
-4.2771304724409447
0
LINE
8
BLACK
6
CONTINUOUS
10
5.8060477559055119
20
-4.2771304724409447
11
5.8059812992125979
21
-4.277049527559055
0
LINE
8
BLACK
6
CONTINUOUS
10
5.8059812992125979
20
-4.277049527559055
11
5.8059514566929131
21
-4.2769775590551182
0
LINE
8
BLACK
6
CONTINUOUS
10
5.8059514566929131
20
-4.2769775590551182
11
5.8057953937007873
21
-4.2767295669291334
0
LINE
8
BLACK
6
CONTINUOUS
10
5.8057953937007873
20
-4.2767295669291334
11
5.8039206299212598
21
-4.2729800393700783
0
LINE
8
BLACK
6
CONTINUOUS
10
5.8039206299212598
20
-4.2729800393700783
11
5.8037137401574803
21
-4.2724394094488192
0
LINE
8
BLACK
6
CONTINUOUS
10
5.8037137401574803
20
-4.2724394094488192
11
5.8037062204724412
21
-4.2723335826771649
0
LINE
8
BLACK
6
CONTINUOUS
10
5.8037062204724412
20
-4.2723335826771649
11
5.8036656299212597
21
-4.2722355905511806
0
LINE
8
BLACK
6
CONTINUOUS
10
5.8036656299212597
20
-4.2722355905511806
11
5.8036088976377949
21
-4.2716595275590548
0
LINE
8
BLACK
6
CONTINUOUS
10
5.8036088976377949
20
-4.2716595275590548
11
5.8036088976377949
21
-4.2660352362204721
0
LINE
8
BLACK
6
CONTINUOUS
10
5.8036088976377949
20
-4.2660352362204721
11
5.8036656299212597
21
-4.2654591732283462
0
LINE
8
BLACK
6
CONTINUOUS
10
5.8036656299212597
20
-4.2654591732283462
11
5.8037062204724412
21
-4.2653611417322832
0
LINE
8
BLACK
6
CONTINUOUS
10
5.8037062204724412
20
-4.2653611417322832
11
5.8037137401574803
21
-4.2652553543307086
0
LINE
8
BLACK
6
CONTINUOUS
10
5.8037137401574803
20
-4.2652553543307086
11
5.8039206299212598
21
-4.2647147244094485
0
LINE
8
BLACK
6
CONTINUOUS
10
5.8039206299212598
20
-4.2647147244094485
11
5.8057953937007873
21
-4.2609651968503934
0
LINE
8
BLACK
6
CONTINUOUS
10
5.8057953937007873
20
-4.2609651968503934
11
5.8059514566929131
21
-4.2607171653543308
0
LINE
8
BLACK
6
CONTINUOUS
10
5.8059514566929131
20
-4.2607171653543308
11
5.8059812992125979
21
-4.2606452362204728
0
LINE
8
BLACK
6
CONTINUOUS
10
5.8059812992125979
20
-4.2606452362204728
11
5.8060477559055119
21
-4.2605642519685034
0
LINE
8
BLACK
6
CONTINUOUS
10
5.8060477559055119
20
-4.2605642519685034
11
5.8061037401574804
21
-4.2604753149606296
0
LINE
8
BLACK
6
CONTINUOUS
10
5.8061037401574804
20
-4.2604753149606296
11
5.8061627165354333
21
-4.260424133858268
0
LINE
8
BLACK
6
CONTINUOUS
10
5.8061627165354333
20
-4.260424133858268
11
5.8063485039370075
21
-4.2601977952755901
0
LINE
8
BLACK
6
CONTINUOUS
10
5.8063485039370075
20
-4.2601977952755901
11
5.8082232677165351
21
-4.2583230314960625
0
LINE
8
BLACK
6
CONTINUOUS
10
5.8082232677165351
20
-4.2583230314960625
11
5.8084496062992121
21
-4.2581372440944882
0
LINE
8
BLACK
6
CONTINUOUS
10
5.8084496062992121
20
-4.2581372440944882
11
5.8085007874015746
21
-4.2580782677165354
0
LINE
8
BLACK
6
CONTINUOUS
10
5.8085007874015746
20
-4.2580782677165354
11
5.8085897244094484
21
-4.2580222834645669
0
LINE
8
BLACK
6
CONTINUOUS
10
5.8085897244094484
20
-4.2580222834645669
11
5.8086707086614169
21
-4.2579558267716537
0
LINE
8
BLACK
6
CONTINUOUS
10
5.8086707086614169
20
-4.2579558267716537
11
5.8087426377952758
21
-4.2579259842519681
0
LINE
8
BLACK
6
CONTINUOUS
10
5.8087426377952758
20
-4.2579259842519681
11
5.8089906692913384
21
-4.2577699212598423
0
LINE
8
BLACK
6
CONTINUOUS
10
5.8089906692913384
20
-4.2577699212598423
11
5.8127401968503936
21
-4.2558951574803148
0
LINE
8
BLACK
6
CONTINUOUS
10
5.8127401968503936
20
-4.2558951574803148
11
5.8132807874015748
21
-4.2556882677165353
0
LINE
8
BLACK
6
CONTINUOUS
10
5.8132807874015748
20
-4.2556882677165353
11
5.813386653543307
21
-4.2556807086614175
0
LINE
8
BLACK
6
CONTINUOUS
10
5.813386653543307
20
-4.2556807086614175
11
5.8134846456692912
21
-4.2556401574803147
0
LINE
8
BLACK
6
CONTINUOUS
10
5.8134846456692912
20
-4.2556401574803147
11
5.8140607086614171
21
-4.2555834251968507
0
LINE
8
BLACK
6
CONTINUOUS
10
5.8140607086614171
20
-4.2555834251968507
11
5.8290588188976376
21
-4.2555834251968507
0
LINE
8
BLACK
6
CONTINUOUS
10
5.8290588188976376
20
-4.2555834251968507
11
5.8296348818897634
21
-4.2556401574803147
0
LINE
8
BLACK
6
CONTINUOUS
10
5.8120602755905511
20
-4.2628376771653542
11
5.8108631496062992
21
-4.264034803149606
0
LINE
8
BLACK
6
CONTINUOUS
10
5.8108631496062992
20
-4.264034803149606
11
5.8095144094488189
21
-4.2667322834645667
0
LINE
8
BLACK
6
CONTINUOUS
10
5.8095144094488189
20
-4.2667322834645667
11
5.8095144094488189
21
-4.2709624803149602
0
LINE
8
BLACK
6
CONTINUOUS
10
5.8095144094488189
20
-4.2709624803149602
11
5.8108631496062992
21
-4.2736599606299208
0
LINE
8
BLACK
6
CONTINUOUS
10
5.8108631496062992
20
-4.2736599606299208
11
5.8120602755905511
21
-4.2748570866141735
0
LINE
8
BLACK
6
CONTINUOUS
10
5.8120602755905511
20
-4.2748570866141735
11
5.8147577559055117
21
-4.2762058267716538
0
LINE
8
BLACK
6
CONTINUOUS
10
5.8147577559055117
20
-4.2762058267716538
11
5.8261060629921255
21
-4.2762058267716538
0
LINE
8
BLACK
6
CONTINUOUS
10
5.8261060629921255
20
-4.2762058267716538
11
5.8261060629921255
21
-4.2614889370078739
0
LINE
8
BLACK
6
CONTINUOUS
10
5.8261060629921255
20
-4.2614889370078739
11
5.8147577559055117
21
-4.2614889370078739
0
LINE
8
BLACK
6
CONTINUOUS
10
5.8147577559055117
20
-4.2614889370078739
11
5.8120602755905511
21
-4.2628376771653542
0
LINE
8
BLACK
6
CONTINUOUS
10
5.2132453937007872
20
-4.2588105118110233
11
5.2134251968503937
21
-4.2597144881889761
0
LINE
8
BLACK
6
CONTINUOUS
10
5.2134251968503937
20
-4.2597144881889761
11
5.2134251968503937
21
-4.2802855118110239
0
LINE
8
BLACK
6
CONTINUOUS
10
5.2134251968503937
20
-4.2802855118110239
11
5.2132453937007872
21
-4.2811894881889767
0
LINE
8
BLACK
6
CONTINUOUS
10
5.2132453937007872
20
-4.2811894881889767
11
5.2119669685039369
21
-4.282467913385827
0
LINE
8
BLACK
6
CONTINUOUS
10
5.2119669685039369
20
-4.282467913385827
11
5.2101590157480313
21
-4.282467913385827
0
LINE
8
BLACK
6
CONTINUOUS
10
5.2101590157480313
20
-4.282467913385827
11
5.208880590551181
21
-4.2811894881889767
0
LINE
8
BLACK
6
CONTINUOUS
10
5.208880590551181
20
-4.2811894881889767
11
5.2087007874015745
21
-4.2802855118110239
0
LINE
8
BLACK
6
CONTINUOUS
10
5.2087007874015745
20
-4.2802855118110239
11
5.2087007874015745
21
-4.2597144881889761
0
LINE
8
BLACK
6
CONTINUOUS
10
5.2087007874015745
20
-4.2597144881889761
11
5.208880590551181
21
-4.2588105118110233
0
LINE
8
BLACK
6
CONTINUOUS
10
5.208880590551181
20
-4.2588105118110233
11
5.2101590157480313
21
-4.257532086614173
0
LINE
8
BLACK
6
CONTINUOUS
10
5.2101590157480313
20
-4.257532086614173
11
5.2119669685039369
21
-4.257532086614173
0
LINE
8
BLACK
6
CONTINUOUS
10
5.2119669685039369
20
-4.257532086614173
11
5.2132453937007872
21
-4.2588105118110233
0
LINE
8
BLACK
6
CONTINUOUS
10
5.2711194094488185
20
-4.2588105118110233
11
5.271299212598425
21
-4.2597144881889761
0
LINE
8
BLACK
6
CONTINUOUS
10
5.271299212598425
20
-4.2597144881889761
11
5.271299212598425
21
-4.2802855118110239
0
LINE
8
BLACK
6
CONTINUOUS
10
5.271299212598425
20
-4.2802855118110239
11
5.2711194094488185
21
-4.2811894881889767
0
LINE
8
BLACK
6
CONTINUOUS
10
5.2711194094488185
20
-4.2811894881889767
11
5.2698409842519682
21
-4.282467913385827
0
LINE
8
BLACK
6
CONTINUOUS
10
5.2698409842519682
20
-4.282467913385827
11
5.2680330314960626
21
-4.282467913385827
0
LINE
8
BLACK
6
CONTINUOUS
10
5.2680330314960626
20
-4.282467913385827
11
5.2667546062992123
21
-4.2811894881889767
0
LINE
8
BLACK
6
CONTINUOUS
10
5.2667546062992123
20
-4.2811894881889767
11
5.2665748031496058
21
-4.2802855118110239
0
LINE
8
BLACK
6
CONTINUOUS
10
5.2665748031496058
20
-4.2802855118110239
11
5.2665748031496058
21
-4.2597144881889761
0
LINE
8
BLACK
6
CONTINUOUS
10
5.2665748031496058
20
-4.2597144881889761
11
5.2667546062992123
21
-4.2588105118110233
0
LINE
8
BLACK
6
CONTINUOUS
10
5.2667546062992123
20
-4.2588105118110233
11
5.2680330314960626
21
-4.257532086614173
0
LINE
8
BLACK
6
CONTINUOUS
10
5.2680330314960626
20
-4.257532086614173
11
5.2698409842519682
21
-4.257532086614173
0
LINE
8
BLACK
6
CONTINUOUS
10
5.2698409842519682
20
-4.257532086614173
11
5.2711194094488185
21
-4.2588105118110233
0
LINE
8
BLACK
6
CONTINUOUS
10
5.1132453937007876
20
-4.2601564960629918
11
5.1134251968503932
21
-4.2610604724409447
0
LINE
8
BLACK
6
CONTINUOUS
10
5.1134251968503932
20
-4.2610604724409447
11
5.1134251968503932
21
-4.2789395275590554
0
LINE
8
BLACK
6
CONTINUOUS
10
5.1134251968503932
20
-4.2789395275590554
11
5.1132453937007876
21
-4.2798435039370082
0
LINE
8
BLACK
6
CONTINUOUS
10
5.1132453937007876
20
-4.2798435039370082
11
5.1119669685039373
21
-4.2811219291338585
0
LINE
8
BLACK
6
CONTINUOUS
10
5.1119669685039373
20
-4.2811219291338585
11
5.1101590157480317
21
-4.2811219291338585
0
LINE
8
BLACK
6
CONTINUOUS
10
5.1101590157480317
20
-4.2811219291338585
11
5.1088805905511814
21
-4.2798435039370082
0
LINE
8
BLACK
6
CONTINUOUS
10
5.1088805905511814
20
-4.2798435039370082
11
5.1087007874015748
21
-4.2789395275590554
0
LINE
8
BLACK
6
CONTINUOUS
10
5.1087007874015748
20
-4.2789395275590554
11
5.1087007874015748
21
-4.2610604724409447
0
LINE
8
BLACK
6
CONTINUOUS
10
5.1087007874015748
20
-4.2610604724409447
11
5.1088805905511814
21
-4.2601564960629918
0
LINE
8
BLACK
6
CONTINUOUS
10
5.1088805905511814
20
-4.2601564960629918
11
5.1101590157480317
21
-4.2588780708661416
0
LINE
8
BLACK
6
CONTINUOUS
10
5.1101590157480317
20
-4.2588780708661416
11
5.1119669685039373
21
-4.2588780708661416
0
LINE
8
BLACK
6
CONTINUOUS
10
5.1119669685039373
20
-4.2588780708661416
11
5.1132453937007876
21
-4.2601564960629918
0
LINE
8
BLACK
6
CONTINUOUS
10
5.1711194094488189
20
-4.2601564960629918
11
5.1712992125984254
21
-4.2610604724409447
0
LINE
8
BLACK
6
CONTINUOUS
10
5.1712992125984254
20
-4.2610604724409447
11
5.1712992125984254
21
-4.2789395275590554
0
LINE
8
BLACK
6
CONTINUOUS
10
5.1712992125984254
20
-4.2789395275590554
11
5.1711194094488189
21
-4.2798435039370082
0
LINE
8
BLACK
6
CONTINUOUS
10
5.1711194094488189
20
-4.2798435039370082
11
5.1698409842519686
21
-4.2811219291338585
0
LINE
8
BLACK
6
CONTINUOUS
10
5.1698409842519686
20
-4.2811219291338585
11
5.168033031496063
21
-4.2811219291338585
0
LINE
8
BLACK
6
CONTINUOUS
10
5.168033031496063
20
-4.2811219291338585
11
5.1667546062992127
21
-4.2798435039370082
0
LINE
8
BLACK
6
CONTINUOUS
10
5.1667546062992127
20
-4.2798435039370082
11
5.1665748031496062
21
-4.2789395275590554
0
LINE
8
BLACK
6
CONTINUOUS
10
5.1665748031496062
20
-4.2789395275590554
11
5.1665748031496062
21
-4.2610604724409447
0
LINE
8
BLACK
6
CONTINUOUS
10
5.1665748031496062
20
-4.2610604724409447
11
5.1667546062992127
21
-4.2601564960629918
0
LINE
8
BLACK
6
CONTINUOUS
10
5.1667546062992127
20
-4.2601564960629918
11
5.168033031496063
21
-4.2588780708661416
0
LINE
8
BLACK
6
CONTINUOUS
10
5.168033031496063
20
-4.2588780708661416
11
5.1698409842519686
21
-4.2588780708661416
0
LINE
8
BLACK
6
CONTINUOUS
10
5.1698409842519686
20
-4.2588780708661416
11
5.1711194094488189
21
-4.2601564960629918
0
LINE
8
BLACK
6
CONTINUOUS
10
5.4101766535433073
20
-4.2441065748031495
11
5.4109912992125979
21
-4.2449212204724409
0
LINE
8
BLACK
6
CONTINUOUS
10
5.4109912992125979
20
-4.2449212204724409
11
5.4114322047244094
21
-4.2459856299212602
0
LINE
8
BLACK
6
CONTINUOUS
10
5.4114322047244094
20
-4.2459856299212602
11
5.4114889370078743
21
-4.246561692913386
0
LINE
8
BLACK
6
CONTINUOUS
10
5.4114889370078743
20
-4.246561692913386
11
5.4114889370078743
21
-4.2683303937007873
0
LINE
8
BLACK
6
CONTINUOUS
10
5.4114889370078743
20
-4.2683303937007873
11
5.4467431102362207
21
-4.2532214960629924
0
LINE
8
BLACK
6
CONTINUOUS
10
5.4467431102362207
20
-4.2532214960629924
11
5.447294921259842
21
-4.2530467322834644
0
LINE
8
BLACK
6
CONTINUOUS
10
5.447294921259842
20
-4.2530467322834644
11
5.4484469685039372
21
-4.2530326771653542
0
LINE
8
BLACK
6
CONTINUOUS
10
5.4484469685039372
20
-4.2530326771653542
11
5.4495166535433066
21
-4.2534605511811021
0
LINE
8
BLACK
6
CONTINUOUS
10
5.4495166535433066
20
-4.2534605511811021
11
5.4503411811023623
21
-4.2542652362204727
0
LINE
8
BLACK
6
CONTINUOUS
10
5.4503411811023623
20
-4.2542652362204727
11
5.450795039370079
21
-4.255324212598425
0
LINE
8
BLACK
6
CONTINUOUS
10
5.450795039370079
20
-4.255324212598425
11
5.4508090551181105
21
-4.2564762204724405
0
LINE
8
BLACK
6
CONTINUOUS
10
5.4508090551181105
20
-4.2564762204724405
11
5.4503811811023617
21
-4.2575459055118108
0
LINE
8
BLACK
6
CONTINUOUS
10
5.4503811811023617
20
-4.2575459055118108
11
5.4495765354330707
21
-4.2583704724409444
0
LINE
8
BLACK
6
CONTINUOUS
10
5.4495765354330707
20
-4.2583704724409444
11
5.4490694094488186
21
-4.2586495275590552
0
LINE
8
BLACK
6
CONTINUOUS
10
5.4490694094488186
20
-4.2586495275590552
11
5.4096993307086612
21
-4.2755224015748032
0
LINE
8
BLACK
6
CONTINUOUS
10
5.4096993307086612
20
-4.2755224015748032
11
5.4091474803149602
21
-4.2756971653543303
0
LINE
8
BLACK
6
CONTINUOUS
10
5.4091474803149602
20
-4.2756971653543303
11
5.4091291732283464
21
-4.2756973622047241
0
LINE
8
BLACK
6
CONTINUOUS
10
5.4091291732283464
20
-4.2756973622047241
11
5.4091122440944881
21
-4.275704409448819
0
LINE
8
BLACK
6
CONTINUOUS
10
5.4091122440944881
20
-4.275704409448819
11
5.4085537401574806
21
-4.275704409448819
0
LINE
8
BLACK
6
CONTINUOUS
10
5.4085537401574806
20
-4.275704409448819
11
5.4079954724409447
21
-4.2757112204724406
0
LINE
8
BLACK
6
CONTINUOUS
10
5.4079954724409447
20
-4.2757112204724406
11
5.4079784645669289
21
-4.275704409448819
0
LINE
8
BLACK
6
CONTINUOUS
10
5.4079784645669289
20
-4.275704409448819
11
5.4079601181102364
21
-4.275704409448819
0
LINE
8
BLACK
6
CONTINUOUS
10
5.4079601181102364
20
-4.275704409448819
11
5.4074447637795275
21
-4.2754909448818896
0
LINE
8
BLACK
6
CONTINUOUS
10
5.4074447637795275
20
-4.2754909448818896
11
5.4069257874015744
21
-4.2752833464566926
0
LINE
8
BLACK
6
CONTINUOUS
10
5.4069257874015744
20
-4.2752833464566926
11
5.4069126377952754
21
-4.2752705118110237
0
LINE
8
BLACK
6
CONTINUOUS
10
5.4069126377952754
20
-4.2752705118110237
11
5.4068957086614171
21
-4.2752635039370075
0
LINE
8
BLACK
6
CONTINUOUS
10
5.4068957086614171
20
-4.2752635039370075
11
5.4065012204724407
21
-4.2748690157480311
0
LINE
8
BLACK
6
CONTINUOUS
10
5.4065012204724407
20
-4.2748690157480311
11
5.4061012204724408
21
-4.2744786614173229
0
LINE
8
BLACK
6
CONTINUOUS
10
5.4061012204724408
20
-4.2744786614173229
11
5.406093976377953
21
-4.2744617716535434
0
LINE
8
BLACK
6
CONTINUOUS
10
5.406093976377953
20
-4.2744617716535434
11
5.4060810629921257
21
-4.274448858267716
0
LINE
8
BLACK
6
CONTINUOUS
10
5.4060810629921257
20
-4.274448858267716
11
5.4058674015748034
21
-4.2739330708661418
0
LINE
8
BLACK
6
CONTINUOUS
10
5.4058674015748034
20
-4.2739330708661418
11
5.4056474015748028
21
-4.2734196850393698
0
LINE
8
BLACK
6
CONTINUOUS
10
5.4056474015748028
20
-4.2734196850393698
11
5.4056471653543303
21
-4.273401377952756
0
LINE
8
BLACK
6
CONTINUOUS
10
5.4056471653543303
20
-4.273401377952756
11
5.405640157480315
21
-4.2733844488188977
0
LINE
8
BLACK
6
CONTINUOUS
10
5.405640157480315
20
-4.2733844488188977
11
5.4055834251968502
21
-4.2728083858267718
0
LINE
8
BLACK
6
CONTINUOUS
10
5.4055834251968502
20
-4.2728083858267718
11
5.4055834251968502
21
-4.246561692913386
0
LINE
8
BLACK
6
CONTINUOUS
10
5.4055834251968502
20
-4.246561692913386
11
5.405640157480315
21
-4.2459856299212602
0
LINE
8
BLACK
6
CONTINUOUS
10
5.405640157480315
20
-4.2459856299212602
11
5.4060810629921257
21
-4.2449212204724409
0
LINE
8
BLACK
6
CONTINUOUS
10
5.4060810629921257
20
-4.2449212204724409
11
5.4068957086614171
21
-4.2441065748031495
0
LINE
8
BLACK
6
CONTINUOUS
10
5.4068957086614171
20
-4.2441065748031495
11
5.4079601181102364
21
-4.2436656692913388
0
LINE
8
BLACK
6
CONTINUOUS
10
5.4079601181102364
20
-4.2436656692913388
11
5.4091122440944881
21
-4.2436656692913388
0
LINE
8
BLACK
6
CONTINUOUS
10
5.4091122440944881
20
-4.2436656692913388
11
5.4101766535433073
21
-4.2441065748031495
0
LINE
8
BLACK
6
CONTINUOUS
10
6.3705646456692913
20
-4.2355885433070863
11
6.3715951574803151
21
-4.2361038188976377
0
LINE
8
BLACK
6
CONTINUOUS
10
6.3715951574803151
20
-4.2361038188976377
11
6.37235
21
-4.2369741732283464
0
LINE
8
BLACK
6
CONTINUOUS
10
6.37235
20
-4.2369741732283464
11
6.3727143307086616
21
-4.2380671653543303
0
LINE
8
BLACK
6
CONTINUOUS
10
6.3727143307086616
20
-4.2380671653543303
11
6.3726326771653543
21
-4.2392163779527561
0
LINE
8
BLACK
6
CONTINUOUS
10
6.3726326771653543
20
-4.2392163779527561
11
6.3724257874015748
21
-4.2397569685039374
0
LINE
8
BLACK
6
CONTINUOUS
10
6.3724257874015748
20
-4.2397569685039374
11
6.3705510236220473
21
-4.2435064960629925
0
LINE
8
BLACK
6
CONTINUOUS
10
6.3705510236220473
20
-4.2435064960629925
11
6.3703950000000003
21
-4.2437542913385826
0
LINE
8
BLACK
6
CONTINUOUS
10
6.3703950000000003
20
-4.2437542913385826
11
6.3703651574803146
21
-4.2438264566929131
0
LINE
8
BLACK
6
CONTINUOUS
10
6.3703651574803146
20
-4.2438264566929131
11
6.3702985433070864
21
-4.2439075984251966
0
LINE
8
BLACK
6
CONTINUOUS
10
6.3702985433070864
20
-4.2439075984251966
11
6.3702426771653542
21
-4.2439963779527554
0
LINE
8
BLACK
6
CONTINUOUS
10
6.3702426771653542
20
-4.2439963779527554
11
6.3701837401574801
21
-4.2440474803149604
0
LINE
8
BLACK
6
CONTINUOUS
10
6.3701837401574801
20
-4.2440474803149604
11
6.3699979133858262
21
-4.2442738976377949
0
LINE
8
BLACK
6
CONTINUOUS
10
6.3699979133858262
20
-4.2442738976377949
11
6.3675395275590549
21
-4.2467322834645671
0
LINE
8
BLACK
6
CONTINUOUS
10
6.3675395275590549
20
-4.2467322834645671
11
6.3949535039370078
21
-4.2467322834645671
0
LINE
8
BLACK
6
CONTINUOUS
10
6.3949535039370078
20
-4.2467322834645671
11
6.3949535039370078
21
-4.2384364566929129
0
LINE
8
BLACK
6
CONTINUOUS
10
6.3949535039370078
20
-4.2384364566929129
11
6.3950102362204726
21
-4.237860393700787
0
LINE
8
BLACK
6
CONTINUOUS
10
6.3950102362204726
20
-4.237860393700787
11
6.3954511417322832
21
-4.2367959842519687
0
LINE
8
BLACK
6
CONTINUOUS
10
6.3954511417322832
20
-4.2367959842519687
11
6.3962657874015747
21
-4.2359813385826772
0
LINE
8
BLACK
6
CONTINUOUS
10
6.3962657874015747
20
-4.2359813385826772
11
6.3973301968503939
21
-4.2355404330708657
0
LINE
8
BLACK
6
CONTINUOUS
10
6.3973301968503939
20
-4.2355404330708657
11
6.3984823228346457
21
-4.2355404330708657
0
LINE
8
BLACK
6
CONTINUOUS
10
6.3984823228346457
20
-4.2355404330708657
11
6.399546732283464
21
-4.2359813385826772
0
LINE
8
BLACK
6
CONTINUOUS
10
6.399546732283464
20
-4.2359813385826772
11
6.4003613779527555
21
-4.2367959842519687
0
LINE
8
BLACK
6
CONTINUOUS
10
6.4003613779527555
20
-4.2367959842519687
11
6.400802283464567
21
-4.237860393700787
0
LINE
8
BLACK
6
CONTINUOUS
10
6.400802283464567
20
-4.237860393700787
11
6.400859015748031
21
-4.2384364566929129
0
LINE
8
BLACK
6
CONTINUOUS
10
6.400859015748031
20
-4.2384364566929129
11
6.400859015748031
21
-4.2609336220472436
0
LINE
8
BLACK
6
CONTINUOUS
10
6.400859015748031
20
-4.2609336220472436
11
6.400802283464567
21
-4.2615096850393703
0
LINE
8
BLACK
6
CONTINUOUS
10
6.400802283464567
20
-4.2615096850393703
11
6.4003613779527555
21
-4.2625740944881887
0
LINE
8
BLACK
6
CONTINUOUS
10
6.4003613779527555
20
-4.2625740944881887
11
6.399546732283464
21
-4.2633887401574802
0
LINE
8
BLACK
6
CONTINUOUS
10
6.399546732283464
20
-4.2633887401574802
11
6.3984823228346457
21
-4.2638296456692917
0
LINE
8
BLACK
6
CONTINUOUS
10
6.3984823228346457
20
-4.2638296456692917
11
6.3973301968503939
21
-4.2638296456692917
0
LINE
8
BLACK
6
CONTINUOUS
10
6.3973301968503939
20
-4.2638296456692917
11
6.3962657874015747
21
-4.2633887401574802
0
LINE
8
BLACK
6
CONTINUOUS
10
6.3962657874015747
20
-4.2633887401574802
11
6.3954511417322832
21
-4.2625740944881887
0
LINE
8
BLACK
6
CONTINUOUS
10
6.3954511417322832
20
-4.2625740944881887
11
6.3950102362204726
21
-4.2615096850393703
0
LINE
8
BLACK
6
CONTINUOUS
10
6.3950102362204726
20
-4.2615096850393703
11
6.3949535039370078
21
-4.2609336220472436
0
LINE
8
BLACK
6
CONTINUOUS
10
6.3949535039370078
20
-4.2609336220472436
11
6.3949535039370078
21
-4.2526377952755903
0
LINE
8
BLACK
6
CONTINUOUS
10
6.3949535039370078
20
-4.2526377952755903
11
6.3585361811023624
21
-4.2526377952755903
0
LINE
8
BLACK
6
CONTINUOUS
10
6.3585361811023624
20
-4.2526377952755903
11
6.3585340944881885
21
-4.2526375590551178
0
LINE
8
BLACK
6
CONTINUOUS
10
6.3585340944881885
20
-4.2526375590551178
11
6.3585330708661418
21
-4.2526377952755903
0
LINE
8
BLACK
6
CONTINUOUS
10
6.3585330708661418
20
-4.2526377952755903
11
6.3585300393700788
21
-4.2526371653543302
0
LINE
8
BLACK
6
CONTINUOUS
10
6.3585300393700788
20
-4.2526371653543302
11
6.3579601181102356
21
-4.2525810629921255
0
LINE
8
BLACK
6
CONTINUOUS
10
6.3579601181102356
20
-4.2525810629921255
11
6.3576899999999998
21
-4.2524691732283459
0
LINE
8
BLACK
6
CONTINUOUS
10
6.3576899999999998
20
-4.2524691732283459
11
6.3574033858267711
21
-4.2524118503937007
0
LINE
8
BLACK
6
CONTINUOUS
10
6.3574033858267711
20
-4.2524118503937007
11
6.3571629921259838
21
-4.2522508661417318
0
LINE
8
BLACK
6
CONTINUOUS
10
6.3571629921259838
20
-4.2522508661417318
11
6.3568957086614173
21
-4.2521401574803148
0
LINE
8
BLACK
6
CONTINUOUS
10
6.3568957086614173
20
-4.2521401574803148
11
6.3566889763779528
21
-4.2519334251968504
0
LINE
8
BLACK
6
CONTINUOUS
10
6.3566889763779528
20
-4.2519334251968504
11
6.356446102362205
21
-4.2517707874015747
0
LINE
8
BLACK
6
CONTINUOUS
10
6.356446102362205
20
-4.2517707874015747
11
6.356285590551181
21
-4.2515300393700786
0
LINE
8
BLACK
6
CONTINUOUS
10
6.356285590551181
20
-4.2515300393700786
11
6.3560810629921258
21
-4.2513255118110234
0
LINE
8
BLACK
6
CONTINUOUS
10
6.3560810629921258
20
-4.2513255118110234
11
6.3559691732283463
21
-4.2510553937007876
0
LINE
8
BLACK
6
CONTINUOUS
10
6.3559691732283463
20
-4.2510553937007876
11
6.3558070078740156
21
-4.2508121653543309
0
LINE
8
BLACK
6
CONTINUOUS
10
6.3558070078740156
20
-4.2508121653543309
11
6.3557508661417321
21
-4.2505283464566928
0
LINE
8
BLACK
6
CONTINUOUS
10
6.3557508661417321
20
-4.2505283464566928
11
6.3556401574803152
21
-4.250261102362205
0
LINE
8
BLACK
6
CONTINUOUS
10
6.3556401574803152
20
-4.250261102362205
11
6.3556401574803152
21
-4.2499687007874014
0
LINE
8
BLACK
6
CONTINUOUS
10
6.3556401574803152
20
-4.2499687007874014
11
6.3555834251968504
21
-4.2496819291338586
0
LINE
8
BLACK
6
CONTINUOUS
10
6.3555834251968504
20
-4.2496819291338586
11
6.3556401574803152
21
-4.2493982677165354
0
LINE
8
BLACK
6
CONTINUOUS
10
6.3556401574803152
20
-4.2493982677165354
11
6.3556401574803152
21
-4.2491089763779524
0
LINE
8
BLACK
6
CONTINUOUS
10
6.3556401574803152
20
-4.2491089763779524
11
6.355752007874016
21
-4.2488388582677166
0
LINE
8
BLACK
6
CONTINUOUS
10
6.355752007874016
20
-4.2488388582677166
11
6.3558093700787399
21
-4.2485522440944878
0
LINE
8
BLACK
6
CONTINUOUS
10
6.3558093700787399
20
-4.2485522440944878
11
6.3559703149606301
21
-4.2483118503937005
0
LINE
8
BLACK
6
CONTINUOUS
10
6.3559703149606301
20
-4.2483118503937005
11
6.3560810629921258
21
-4.248044566929134
0
LINE
8
BLACK
6
CONTINUOUS
10
6.3560810629921258
20
-4.248044566929134
11
6.3562877559055115
21
-4.2478378346456696
0
LINE
8
BLACK
6
CONTINUOUS
10
6.3562877559055115
20
-4.2478378346456696
11
6.356450433070866
21
-4.2475949606299208
0
LINE
8
BLACK
6
CONTINUOUS
10
6.356450433070866
20
-4.2475949606299208
11
6.356893661417323
21
-4.2472319291338581
0
LINE
8
BLACK
6
CONTINUOUS
10
6.356893661417323
20
-4.2472319291338581
11
6.3568957086614173
21
-4.2472299212598426
0
LINE
8
BLACK
6
CONTINUOUS
10
6.3568957086614173
20
-4.2472299212598426
11
6.3568965748031498
21
-4.247229527559055
0
LINE
8
BLACK
6
CONTINUOUS
10
6.3568965748031498
20
-4.247229527559055
11
6.3568982677165353
21
-4.2472281889763774
0
LINE
8
BLACK
6
CONTINUOUS
10
6.3568982677165353
20
-4.2472281889763774
11
6.3622792913385826
21
-4.2436408267716539
0
LINE
8
BLACK
6
CONTINUOUS
10
6.3622792913385826
20
-4.2436408267716539
11
6.3654832677165354
21
-4.2404368897637799
0
LINE
8
BLACK
6
CONTINUOUS
10
6.3654832677165354
20
-4.2404368897637799
11
6.3671437401574797
21
-4.2371159448818894
0
LINE
8
BLACK
6
CONTINUOUS
10
6.3671437401574797
20
-4.2371159448818894
11
6.3674520866141728
21
-4.2366260629921255
0
LINE
8
BLACK
6
CONTINUOUS
10
6.3674520866141728
20
-4.2366260629921255
11
6.3683224803149603
21
-4.2358712204724407
0
LINE
8
BLACK
6
CONTINUOUS
10
6.3683224803149603
20
-4.2358712204724407
11
6.3694154330708663
21
-4.2355068897637791
0
LINE
8
BLACK
6
CONTINUOUS
10
6.3694154330708663
20
-4.2355068897637791
11
6.3705646456692913
21
-4.2355885433070863
0
LINE
8
BLACK
6
CONTINUOUS
10
6.4645260236220468
20
-4.1825420078740159
11
6.4658044488188979
21
-4.1838204330708662
0
LINE
8
BLACK
6
CONTINUOUS
10
6.4658044488188979
20
-4.1838204330708662
11
6.4659842519685036
21
-4.184724409448819
0
LINE
8
BLACK
6
CONTINUOUS
10
6.4659842519685036
20
-4.184724409448819
11
6.4659842519685036
21
-4.2575590551181097
0
LINE
8
BLACK
6
CONTINUOUS
10
6.4659842519685036
20
-4.2575590551181097
11
6.4658044488188979
21
-4.2584630314960625
0
LINE
8
BLACK
6
CONTINUOUS
10
6.4658044488188979
20
-4.2584630314960625
11
6.4645260236220468
21
-4.2597414566929137
0
LINE
8
BLACK
6
CONTINUOUS
10
6.4645260236220468
20
-4.2597414566929137
11
6.462718070866142
21
-4.2597414566929137
0
LINE
8
BLACK
6
CONTINUOUS
10
6.462718070866142
20
-4.2597414566929137
11
6.4614396456692909
21
-4.2584630314960625
0
LINE
8
BLACK
6
CONTINUOUS
10
6.4614396456692909
20
-4.2584630314960625
11
6.4612598425196852
21
-4.2575590551181097
0
LINE
8
BLACK
6
CONTINUOUS
10
6.4612598425196852
20
-4.2575590551181097
11
6.4612598425196852
21
-4.1870866141732286
0
LINE
8
BLACK
6
CONTINUOUS
10
6.4612598425196852
20
-4.1870866141732286
11
6.4187401574803147
21
-4.1870866141732286
0
LINE
8
BLACK
6
CONTINUOUS
10
6.4187401574803147
20
-4.1870866141732286
11
6.4187401574803147
21
-4.2575590551181097
0
LINE
8
BLACK
6
CONTINUOUS
10
6.4187401574803147
20
-4.2575590551181097
11
6.4185603543307082
21
-4.2584630314960625
0
LINE
8
BLACK
6
CONTINUOUS
10
6.4185603543307082
20
-4.2584630314960625
11
6.4172819291338579
21
-4.2597414566929137
0
LINE
8
BLACK
6
CONTINUOUS
10
6.4172819291338579
20
-4.2597414566929137
11
6.4154739763779522
21
-4.2597414566929137
0
LINE
8
BLACK
6
CONTINUOUS
10
6.4154739763779522
20
-4.2597414566929137
11
6.414195551181102
21
-4.2584630314960625
0
LINE
8
BLACK
6
CONTINUOUS
10
6.414195551181102
20
-4.2584630314960625
11
6.4140157480314963
21
-4.2575590551181097
0
LINE
8
BLACK
6
CONTINUOUS
10
6.4140157480314963
20
-4.2575590551181097
11
6.4140157480314963
21
-4.184724409448819
0
LINE
8
BLACK
6
CONTINUOUS
10
6.4140157480314963
20
-4.184724409448819
11
6.414195551181102
21
-4.1838204330708662
0
LINE
8
BLACK
6
CONTINUOUS
10
6.414195551181102
20
-4.1838204330708662
11
6.4154739763779522
21
-4.1825420078740159
0
LINE
8
BLACK
6
CONTINUOUS
10
6.4154739763779522
20
-4.1825420078740159
11
6.4163779527559051
21
-4.1823622047244093
0
LINE
8
BLACK
6
CONTINUOUS
10
6.4163779527559051
20
-4.1823622047244093
11
6.4636220472440939
21
-4.1823622047244093
0
LINE
8
BLACK
6
CONTINUOUS
10
6.4636220472440939
20
-4.1823622047244093
11
6.4645260236220468
21
-4.1825420078740159
0
LINE
8
BLACK
6
CONTINUOUS
10
4.692507204724409
20
-4.2321471259842518
11
4.6926870078740155
21
-4.2330511023622046
0
LINE
8
BLACK
6
CONTINUOUS
10
4.6926870078740155
20
-4.2330511023622046
11
4.6926870078740155
21
-4.2536221259842515
0
LINE
8
BLACK
6
CONTINUOUS
10
4.6926870078740155
20
-4.2536221259842515
11
4.692507204724409
21
-4.2545261023622043
0
LINE
8
BLACK
6
CONTINUOUS
10
4.692507204724409
20
-4.2545261023622043
11
4.6912287795275587
21
-4.2558045275590546
0
LINE
8
BLACK
6
CONTINUOUS
10
4.6912287795275587
20
-4.2558045275590546
11
4.6894208267716531
21
-4.2558045275590546
0
LINE
8
BLACK
6
CONTINUOUS
10
4.6894208267716531
20
-4.2558045275590546
11
4.6881424015748028
21
-4.2545261023622043
0
LINE
8
BLACK
6
CONTINUOUS
10
4.6881424015748028
20
-4.2545261023622043
11
4.6879625984251971
21
-4.2536221259842515
0
LINE
8
BLACK
6
CONTINUOUS
10
4.6879625984251971
20
-4.2536221259842515
11
4.6879625984251971
21
-4.2330511023622046
0
LINE
8
BLACK
6
CONTINUOUS
10
4.6879625984251971
20
-4.2330511023622046
11
4.6881424015748028
21
-4.2321471259842518
0
LINE
8
BLACK
6
CONTINUOUS
10
4.6881424015748028
20
-4.2321471259842518
11
4.6894208267716531
21
-4.2308687007874015
0
LINE
8
BLACK
6
CONTINUOUS
10
4.6894208267716531
20
-4.2308687007874015
11
4.6912287795275587
21
-4.2308687007874015
0
LINE
8
BLACK
6
CONTINUOUS
10
4.6912287795275587
20
-4.2308687007874015
11
4.692507204724409
21
-4.2321471259842518
0
LINE
8
BLACK
6
CONTINUOUS
10
4.7503812204724412
20
-4.2321471259842518
11
4.7505610236220468
21
-4.2330511023622046
0
LINE
8
BLACK
6
CONTINUOUS
10
4.7505610236220468
20
-4.2330511023622046
11
4.7505610236220468
21
-4.2536221259842515
0
LINE
8
BLACK
6
CONTINUOUS
10
4.7505610236220468
20
-4.2536221259842515
11
4.7503812204724412
21
-4.2545261023622043
0
LINE
8
BLACK
6
CONTINUOUS
10
4.7503812204724412
20
-4.2545261023622043
11
4.7491027952755909
21
-4.2558045275590546
0
LINE
8
BLACK
6
CONTINUOUS
10
4.7491027952755909
20
-4.2558045275590546
11
4.7472948425196853
21
-4.2558045275590546
0
LINE
8
BLACK
6
CONTINUOUS
10
4.7472948425196853
20
-4.2558045275590546
11
4.746016417322835
21
-4.2545261023622043
0
LINE
8
BLACK
6
CONTINUOUS
10
4.746016417322835
20
-4.2545261023622043
11
4.7458366141732284
21
-4.2536221259842515
0
LINE
8
BLACK
6
CONTINUOUS
10
4.7458366141732284
20
-4.2536221259842515
11
4.7458366141732284
21
-4.2330511023622046
0
LINE
8
BLACK
6
CONTINUOUS
10
4.7458366141732284
20
-4.2330511023622046
11
4.746016417322835
21
-4.2321471259842518
0
LINE
8
BLACK
6
CONTINUOUS
10
4.746016417322835
20
-4.2321471259842518
11
4.7472948425196853
21
-4.2308687007874015
0
LINE
8
BLACK
6
CONTINUOUS
10
4.7472948425196853
20
-4.2308687007874015
11
4.7491027952755909
21
-4.2308687007874015
0
LINE
8
BLACK
6
CONTINUOUS
10
4.7491027952755909
20
-4.2308687007874015
11
4.7503812204724412
21
-4.2321471259842518
0
LINE
8
BLACK
6
CONTINUOUS
10
4.6025072047244091
20
-4.2334931102362203
11
4.6026870078740156
21
-4.2343970866141731
0
LINE
8
BLACK
6
CONTINUOUS
10
4.6026870078740156
20
-4.2343970866141731
11
4.6026870078740156
21
-4.252276141732283
0
LINE
8
BLACK
6
CONTINUOUS
10
4.6026870078740156
20
-4.252276141732283
11
4.6025072047244091
21
-4.2531801181102358
0
LINE
8
BLACK
6
CONTINUOUS
10
4.6025072047244091
20
-4.2531801181102358
11
4.6012287795275588
21
-4.2544585433070869
0
LINE
8
BLACK
6
CONTINUOUS
10
4.6012287795275588
20
-4.2544585433070869
11
4.5994208267716532
21
-4.2544585433070869
0
LINE
8
BLACK
6
CONTINUOUS
10
4.5994208267716532
20
-4.2544585433070869
11
4.5981424015748029
21
-4.2531801181102358
0
LINE
8
BLACK
6
CONTINUOUS
10
4.5981424015748029
20
-4.2531801181102358
11
4.5979625984251964
21
-4.252276141732283
0
LINE
8
BLACK
6
CONTINUOUS
10
4.5979625984251964
20
-4.252276141732283
11
4.5979625984251964
21
-4.2343970866141731
0
LINE
8
BLACK
6
CONTINUOUS
10
4.5979625984251964
20
-4.2343970866141731
11
4.5981424015748029
21
-4.2334931102362203
0
LINE
8
BLACK
6
CONTINUOUS
10
4.5981424015748029
20
-4.2334931102362203
11
4.5994208267716532
21
-4.23221468503937
0
LINE
8
BLACK
6
CONTINUOUS
10
4.5994208267716532
20
-4.23221468503937
11
4.6012287795275588
21
-4.23221468503937
0
LINE
8
BLACK
6
CONTINUOUS
10
4.6012287795275588
20
-4.23221468503937
11
4.6025072047244091
21
-4.2334931102362203
0
LINE
8
BLACK
6
CONTINUOUS
10
4.6603812204724404
20
-4.2334931102362203
11
4.6605610236220469
21
-4.2343970866141731
0
LINE
8
BLACK
6
CONTINUOUS
10
4.6605610236220469
20
-4.2343970866141731
11
4.6605610236220469
21
-4.252276141732283
0
LINE
8
BLACK
6
CONTINUOUS
10
4.6605610236220469
20
-4.252276141732283
11
4.6603812204724404
21
-4.2531801181102358
0
LINE
8
BLACK
6
CONTINUOUS
10
4.6603812204724404
20
-4.2531801181102358
11
4.6591027952755901
21
-4.2544585433070869
0
LINE
8
BLACK
6
CONTINUOUS
10
4.6591027952755901
20
-4.2544585433070869
11
4.6572948425196845
21
-4.2544585433070869
0
LINE
8
BLACK
6
CONTINUOUS
10
4.6572948425196845
20
-4.2544585433070869
11
4.6560164173228342
21
-4.2531801181102358
0
LINE
8
BLACK
6
CONTINUOUS
10
4.6560164173228342
20
-4.2531801181102358
11
4.6558366141732286
21
-4.252276141732283
0
LINE
8
BLACK
6
CONTINUOUS
10
4.6558366141732286
20
-4.252276141732283
11
4.6558366141732286
21
-4.2343970866141731
0
LINE
8
BLACK
6
CONTINUOUS
10
4.6558366141732286
20
-4.2343970866141731
11
4.6560164173228342
21
-4.2334931102362203
0
LINE
8
BLACK
6
CONTINUOUS
10
4.6560164173228342
20
-4.2334931102362203
11
4.6572948425196845
21
-4.23221468503937
0
LINE
8
BLACK
6
CONTINUOUS
10
4.6572948425196845
20
-4.23221468503937
11
4.6591027952755901
21
-4.23221468503937
0
LINE
8
BLACK
6
CONTINUOUS
10
4.6591027952755901
20
-4.23221468503937
11
4.6603812204724404
21
-4.2334931102362203
0
LINE
8
BLACK
6
CONTINUOUS
10
5.9232453937007872
20
-4.228810511811024
11
5.9234251968503937
21
-4.2297144881889759
0
LINE
8
BLACK
6
CONTINUOUS
10
5.9234251968503937
20
-4.2297144881889759
11
5.9234251968503937
21
-4.2502855118110237
0
LINE
8
BLACK
6
CONTINUOUS
10
5.9234251968503937
20
-4.2502855118110237
11
5.9232453937007872
21
-4.2511894881889765
0
LINE
8
BLACK
6
CONTINUOUS
10
5.9232453937007872
20
-4.2511894881889765
11
5.9219669685039369
21
-4.2524679133858267
0
LINE
8
BLACK
6
CONTINUOUS
10
5.9219669685039369
20
-4.2524679133858267
11
5.9201590157480313
21
-4.2524679133858267
0
LINE
8
BLACK
6
CONTINUOUS
10
5.9201590157480313
20
-4.2524679133858267
11
5.918880590551181
21
-4.2511894881889765
0
LINE
8
BLACK
6
CONTINUOUS
10
5.918880590551181
20
-4.2511894881889765
11
5.9187007874015745
21
-4.2502855118110237
0
LINE
8
BLACK
6
CONTINUOUS
10
5.9187007874015745
20
-4.2502855118110237
11
5.9187007874015745
21
-4.2297144881889759
0
LINE
8
BLACK
6
CONTINUOUS
10
5.9187007874015745
20
-4.2297144881889759
11
5.918880590551181
21
-4.228810511811024
0
LINE
8
BLACK
6
CONTINUOUS
10
5.918880590551181
20
-4.228810511811024
11
5.9201590157480313
21
-4.2275320866141728
0
LINE
8
BLACK
6
CONTINUOUS
10
5.9201590157480313
20
-4.2275320866141728
11
5.9219669685039369
21
-4.2275320866141728
0
LINE
8
BLACK
6
CONTINUOUS
10
5.9219669685039369
20
-4.2275320866141728
11
5.9232453937007872
21
-4.228810511811024
0
LINE
8
BLACK
6
CONTINUOUS
10
5.9811194094488185
20
-4.228810511811024
11
5.981299212598425
21
-4.2297144881889759
0
LINE
8
BLACK
6
CONTINUOUS
10
5.981299212598425
20
-4.2297144881889759
11
5.981299212598425
21
-4.2502855118110237
0
LINE
8
BLACK
6
CONTINUOUS
10
5.981299212598425
20
-4.2502855118110237
11
5.9811194094488185
21
-4.2511894881889765
0
LINE
8
BLACK
6
CONTINUOUS
10
5.9811194094488185
20
-4.2511894881889765
11
5.9798409842519682
21
-4.2524679133858267
0
LINE
8
BLACK
6
CONTINUOUS
10
5.9798409842519682
20
-4.2524679133858267
11
5.9780330314960626
21
-4.2524679133858267
0
LINE
8
BLACK
6
CONTINUOUS
10
5.9780330314960626
20
-4.2524679133858267
11
5.9767546062992123
21
-4.2511894881889765
0
LINE
8
BLACK
6
CONTINUOUS
10
5.9767546062992123
20
-4.2511894881889765
11
5.9765748031496058
21
-4.2502855118110237
0
LINE
8
BLACK
6
CONTINUOUS
10
5.9765748031496058
20
-4.2502855118110237
11
5.9765748031496058
21
-4.2297144881889759
0
LINE
8
BLACK
6
CONTINUOUS
10
5.9765748031496058
20
-4.2297144881889759
11
5.9767546062992123
21
-4.228810511811024
0
LINE
8
BLACK
6
CONTINUOUS
10
5.9767546062992123
20
-4.228810511811024
11
5.9780330314960626
21
-4.2275320866141728
0
LINE
8
BLACK
6
CONTINUOUS
10
5.9780330314960626
20
-4.2275320866141728
11
5.9798409842519682
21
-4.2275320866141728
0
LINE
8
BLACK
6
CONTINUOUS
10
5.9798409842519682
20
-4.2275320866141728
11
5.9811194094488185
21
-4.228810511811024
0
LINE
8
BLACK
6
CONTINUOUS
10
6.0432453937007873
20
-4.228810511811024
11
6.0434251968503938
21
-4.2297144881889759
0
LINE
8
BLACK
6
CONTINUOUS
10
6.0434251968503938
20
-4.2297144881889759
11
6.0434251968503938
21
-4.2502855118110237
0
LINE
8
BLACK
6
CONTINUOUS
10
6.0434251968503938
20
-4.2502855118110237
11
6.0432453937007873
21
-4.2511894881889765
0
LINE
8
BLACK
6
CONTINUOUS
10
6.0432453937007873
20
-4.2511894881889765
11
6.041966968503937
21
-4.2524679133858267
0
LINE
8
BLACK
6
CONTINUOUS
10
6.041966968503937
20
-4.2524679133858267
11
6.0401590157480314
21
-4.2524679133858267
0
LINE
8
BLACK
6
CONTINUOUS
10
6.0401590157480314
20
-4.2524679133858267
11
6.0388805905511811
21
-4.2511894881889765
0
LINE
8
BLACK
6
CONTINUOUS
10
6.0388805905511811
20
-4.2511894881889765
11
6.0387007874015746
21
-4.2502855118110237
0
LINE
8
BLACK
6
CONTINUOUS
10
6.0387007874015746
20
-4.2502855118110237
11
6.0387007874015746
21
-4.2297144881889759
0
LINE
8
BLACK
6
CONTINUOUS
10
6.0387007874015746
20
-4.2297144881889759
11
6.0388805905511811
21
-4.228810511811024
0
LINE
8
BLACK
6
CONTINUOUS
10
6.0388805905511811
20
-4.228810511811024
11
6.0401590157480314
21
-4.2275320866141728
0
LINE
8
BLACK
6
CONTINUOUS
10
6.0401590157480314
20
-4.2275320866141728
11
6.041966968503937
21
-4.2275320866141728
0
LINE
8
BLACK
6
CONTINUOUS
10
6.041966968503937
20
-4.2275320866141728
11
6.0432453937007873
21
-4.228810511811024
0
LINE
8
BLACK
6
CONTINUOUS
10
6.1011194094488186
20
-4.228810511811024
11
6.1012992125984251
21
-4.2297144881889759
0
LINE
8
BLACK
6
CONTINUOUS
10
6.1012992125984251
20
-4.2297144881889759
11
6.1012992125984251
21
-4.2502855118110237
0
LINE
8
BLACK
6
CONTINUOUS
10
6.1012992125984251
20
-4.2502855118110237
11
6.1011194094488186
21
-4.2511894881889765
0
LINE
8
BLACK
6
CONTINUOUS
10
6.1011194094488186
20
-4.2511894881889765
11
6.0998409842519683
21
-4.2524679133858267
0
LINE
8
BLACK
6
CONTINUOUS
10
6.0998409842519683
20
-4.2524679133858267
11
6.0980330314960627
21
-4.2524679133858267
0
LINE
8
BLACK
6
CONTINUOUS
10
6.0980330314960627
20
-4.2524679133858267
11
6.0967546062992124
21
-4.2511894881889765
0
LINE
8
BLACK
6
CONTINUOUS
10
6.0967546062992124
20
-4.2511894881889765
11
6.0965748031496059
21
-4.2502855118110237
0
LINE
8
BLACK
6
CONTINUOUS
10
6.0965748031496059
20
-4.2502855118110237
11
6.0965748031496059
21
-4.2297144881889759
0
LINE
8
BLACK
6
CONTINUOUS
10
6.0965748031496059
20
-4.2297144881889759
11
6.0967546062992124
21
-4.228810511811024
0
LINE
8
BLACK
6
CONTINUOUS
10
6.0967546062992124
20
-4.228810511811024
11
6.0980330314960627
21
-4.2275320866141728
0
LINE
8
BLACK
6
CONTINUOUS
10
6.0980330314960627
20
-4.2275320866141728
11
6.0998409842519683
21
-4.2275320866141728
0
LINE
8
BLACK
6
CONTINUOUS
10
6.0998409842519683
20
-4.2275320866141728
11
6.1011194094488186
21
-4.228810511811024
0
LINE
8
BLACK
6
CONTINUOUS
10
6.1632453937007874
20
-4.228810511811024
11
6.1634251968503939
21
-4.2297144881889759
0
LINE
8
BLACK
6
CONTINUOUS
10
6.1634251968503939
20
-4.2297144881889759
11
6.1634251968503939
21
-4.2502855118110237
0
LINE
8
BLACK
6
CONTINUOUS
10
6.1634251968503939
20
-4.2502855118110237
11
6.1632453937007874
21
-4.2511894881889765
0
LINE
8
BLACK
6
CONTINUOUS
10
6.1632453937007874
20
-4.2511894881889765
11
6.1619669685039371
21
-4.2524679133858267
0
LINE
8
BLACK
6
CONTINUOUS
10
6.1619669685039371
20
-4.2524679133858267
11
6.1601590157480315
21
-4.2524679133858267
0
LINE
8
BLACK
6
CONTINUOUS
10
6.1601590157480315
20
-4.2524679133858267
11
6.1588805905511812
21
-4.2511894881889765
0
LINE
8
BLACK
6
CONTINUOUS
10
6.1588805905511812
20
-4.2511894881889765
11
6.1587007874015747
21
-4.2502855118110237
0
LINE
8
BLACK
6
CONTINUOUS
10
6.1587007874015747
20
-4.2502855118110237
11
6.1587007874015747
21
-4.2297144881889759
0
LINE
8
BLACK
6
CONTINUOUS
10
6.1587007874015747
20
-4.2297144881889759
11
6.1588805905511812
21
-4.228810511811024
0
LINE
8
BLACK
6
CONTINUOUS
10
6.1588805905511812
20
-4.228810511811024
11
6.1601590157480315
21
-4.2275320866141728
0
LINE
8
BLACK
6
CONTINUOUS
10
6.1601590157480315
20
-4.2275320866141728
11
6.1619669685039371
21
-4.2275320866141728
0
LINE
8
BLACK
6
CONTINUOUS
10
6.1619669685039371
20
-4.2275320866141728
11
6.1632453937007874
21
-4.228810511811024
0
LINE
8
BLACK
6
CONTINUOUS
10
6.2211194094488187
20
-4.228810511811024
11
6.2212992125984252
21
-4.2297144881889759
0
LINE
8
BLACK
6
CONTINUOUS
10
6.2212992125984252
20
-4.2297144881889759
11
6.2212992125984252
21
-4.2502855118110237
0
LINE
8
BLACK
6
CONTINUOUS
10
6.2212992125984252
20
-4.2502855118110237
11
6.2211194094488187
21
-4.2511894881889765
0
LINE
8
BLACK
6
CONTINUOUS
10
6.2211194094488187
20
-4.2511894881889765
11
6.2198409842519684
21
-4.2524679133858267
0
LINE
8
BLACK
6
CONTINUOUS
10
6.2198409842519684
20
-4.2524679133858267
11
6.2180330314960628
21
-4.2524679133858267
0
LINE
8
BLACK
6
CONTINUOUS
10
6.2180330314960628
20
-4.2524679133858267
11
6.2167546062992125
21
-4.2511894881889765
0
LINE
8
BLACK
6
CONTINUOUS
10
6.2167546062992125
20
-4.2511894881889765
11
6.216574803149606
21
-4.2502855118110237
0
LINE
8
BLACK
6
CONTINUOUS
10
6.216574803149606
20
-4.2502855118110237
11
6.216574803149606
21
-4.2297144881889759
0
LINE
8
BLACK
6
CONTINUOUS
10
6.216574803149606
20
-4.2297144881889759
11
6.2167546062992125
21
-4.228810511811024
0
LINE
8
BLACK
6
CONTINUOUS
10
6.2167546062992125
20
-4.228810511811024
11
6.2180330314960628
21
-4.2275320866141728
0
LINE
8
BLACK
6
CONTINUOUS
10
6.2180330314960628
20
-4.2275320866141728
11
6.2198409842519684
21
-4.2275320866141728
0
LINE
8
BLACK
6
CONTINUOUS
10
6.2198409842519684
20
-4.2275320866141728
11
6.2211194094488187
21
-4.228810511811024
0
LINE
8
BLACK
6
CONTINUOUS
10
6.2832453937007875
20
-4.228810511811024
11
6.2834251968503931
21
-4.2297144881889759
0
LINE
8
BLACK
6
CONTINUOUS
10
6.2834251968503931
20
-4.2297144881889759
11
6.2834251968503931
21
-4.2502855118110237
0
LINE
8
BLACK
6
CONTINUOUS
10
6.2834251968503931
20
-4.2502855118110237
11
6.2832453937007875
21
-4.2511894881889765
0
LINE
8
BLACK
6
CONTINUOUS
10
6.2832453937007875
20
-4.2511894881889765
11
6.2819669685039372
21
-4.2524679133858267
0
LINE
8
BLACK
6
CONTINUOUS
10
6.2819669685039372
20
-4.2524679133858267
11
6.2801590157480316
21
-4.2524679133858267
0
LINE
8
BLACK
6
CONTINUOUS
10
6.2801590157480316
20
-4.2524679133858267
11
6.2788805905511813
21
-4.2511894881889765
0
LINE
8
BLACK
6
CONTINUOUS
10
6.2788805905511813
20
-4.2511894881889765
11
6.2787007874015748
21
-4.2502855118110237
0
LINE
8
BLACK
6
CONTINUOUS
10
6.2787007874015748
20
-4.2502855118110237
11
6.2787007874015748
21
-4.2297144881889759
0
LINE
8
BLACK
6
CONTINUOUS
10
6.2787007874015748
20
-4.2297144881889759
11
6.2788805905511813
21
-4.228810511811024
0
LINE
8
BLACK
6
CONTINUOUS
10
6.2788805905511813
20
-4.228810511811024
11
6.2801590157480316
21
-4.2275320866141728
0
LINE
8
BLACK
6
CONTINUOUS
10
6.2801590157480316
20
-4.2275320866141728
11
6.2819669685039372
21
-4.2275320866141728
0
LINE
8
BLACK
6
CONTINUOUS
10
6.2819669685039372
20
-4.2275320866141728
11
6.2832453937007875
21
-4.228810511811024
0
LINE
8
BLACK
6
CONTINUOUS
10
6.3411194094488188
20
-4.228810511811024
11
6.3412992125984253
21
-4.2297144881889759
0
LINE
8
BLACK
6
CONTINUOUS
10
6.3412992125984253
20
-4.2297144881889759
11
6.3412992125984253
21
-4.2502855118110237
0
LINE
8
BLACK
6
CONTINUOUS
10
6.3412992125984253
20
-4.2502855118110237
11
6.3411194094488188
21
-4.2511894881889765
0
LINE
8
BLACK
6
CONTINUOUS
10
6.3411194094488188
20
-4.2511894881889765
11
6.3398409842519685
21
-4.2524679133858267
0
LINE
8
BLACK
6
CONTINUOUS
10
6.3398409842519685
20
-4.2524679133858267
11
6.3380330314960629
21
-4.2524679133858267
0
LINE
8
BLACK
6
CONTINUOUS
10
6.3380330314960629
20
-4.2524679133858267
11
6.3367546062992126
21
-4.2511894881889765
0
LINE
8
BLACK
6
CONTINUOUS
10
6.3367546062992126
20
-4.2511894881889765
11
6.3365748031496061
21
-4.2502855118110237
0
LINE
8
BLACK
6
CONTINUOUS
10
6.3365748031496061
20
-4.2502855118110237
11
6.3365748031496061
21
-4.2297144881889759
0
LINE
8
BLACK
6
CONTINUOUS
10
6.3365748031496061
20
-4.2297144881889759
11
6.3367546062992126
21
-4.228810511811024
0
LINE
8
BLACK
6
CONTINUOUS
10
6.3367546062992126
20
-4.228810511811024
11
6.3380330314960629
21
-4.2275320866141728
0
LINE
8
BLACK
6
CONTINUOUS
10
6.3380330314960629
20
-4.2275320866141728
11
6.3398409842519685
21
-4.2275320866141728
0
LINE
8
BLACK
6
CONTINUOUS
10
6.3398409842519685
20
-4.2275320866141728
11
6.3411194094488188
21
-4.228810511811024
0
LINE
8
BLACK
6
CONTINUOUS
10
5.8098435039370075
20
-4.2367546062992121
11
5.8111219291338578
21
-4.2380330314960633
0
LINE
8
BLACK
6
CONTINUOUS
10
5.8111219291338578
20
-4.2380330314960633
11
5.8111219291338578
21
-4.239840984251968
0
LINE
8
BLACK
6
CONTINUOUS
10
5.8111219291338578
20
-4.239840984251968
11
5.8098435039370075
21
-4.2411194094488192
0
LINE
8
BLACK
6
CONTINUOUS
10
5.8098435039370075
20
-4.2411194094488192
11
5.8089395275590547
21
-4.2412992125984248
0
LINE
8
BLACK
6
CONTINUOUS
10
5.8089395275590547
20
-4.2412992125984248
11
5.7910604724409449
21
-4.2412992125984248
0
LINE
8
BLACK
6
CONTINUOUS
10
5.7910604724409449
20
-4.2412992125984248
11
5.7901564960629921
21
-4.2411194094488192
0
LINE
8
BLACK
6
CONTINUOUS
10
5.7901564960629921
20
-4.2411194094488192
11
5.7888780708661418
21
-4.239840984251968
0
LINE
8
BLACK
6
CONTINUOUS
10
5.7888780708661418
20
-4.239840984251968
11
5.7888780708661418
21
-4.2380330314960633
0
LINE
8
BLACK
6
CONTINUOUS
10
5.7888780708661418
20
-4.2380330314960633
11
5.7901564960629921
21
-4.2367546062992121
0
LINE
8
BLACK
6
CONTINUOUS
10
5.7901564960629921
20
-4.2367546062992121
11
5.7910604724409449
21
-4.2365748031496064
0
LINE
8
BLACK
6
CONTINUOUS
10
5.7910604724409449
20
-4.2365748031496064
11
5.8089395275590547
21
-4.2365748031496064
0
LINE
8
BLACK
6
CONTINUOUS
10
5.8089395275590547
20
-4.2365748031496064
11
5.8098435039370075
21
-4.2367546062992121
0
LINE
8
BLACK
6
CONTINUOUS
10
5.4311338582677164
20
-4.2061235039370075
11
5.4311768897637798
21
-4.2061171259842522
0
LINE
8
BLACK
6
CONTINUOUS
10
5.4311768897637798
20
-4.2061171259842522
11
5.4313923622047247
21
-4.2061489763779525
0
LINE
8
BLACK
6
CONTINUOUS
10
5.4313923622047247
20
-4.2061489763779525
11
5.4316094094488188
21
-4.206170354330709
0
LINE
8
BLACK
6
CONTINUOUS
10
5.4316094094488188
20
-4.206170354330709
11
5.4316496062992128
21
-4.2061869685039373
0
LINE
8
BLACK
6
CONTINUOUS
10
5.4316496062992128
20
-4.2061869685039373
11
5.4317494881889763
21
-4.2062017716535429
0
LINE
8
BLACK
6
CONTINUOUS
10
5.4317494881889763
20
-4.2062017716535429
11
5.4392485433070865
21
-4.2080765354330705
0
LINE
8
BLACK
6
CONTINUOUS
10
5.4392485433070865
20
-4.2080765354330705
11
5.4392910236220473
21
-4.2080916929133858
0
LINE
8
BLACK
6
CONTINUOUS
10
5.4392910236220473
20
-4.2080916929133858
11
5.4393122834645666
21
-4.2080932283464563
0
LINE
8
BLACK
6
CONTINUOUS
10
5.4393122834645666
20
-4.2080932283464563
11
5.439551692913386
21
-4.2081848425196853
0
LINE
8
BLACK
6
CONTINUOUS
10
5.439551692913386
20
-4.2081848425196853
11
5.4397936614173226
21
-4.2082712992125986
0
LINE
8
BLACK
6
CONTINUOUS
10
5.4397936614173226
20
-4.2082712992125986
11
5.4398107874015746
21
-4.2082839763779525
0
LINE
8
BLACK
6
CONTINUOUS
10
5.4398107874015746
20
-4.2082839763779525
11
5.4398529133858267
21
-4.2083001181102357
0
LINE
8
BLACK
6
CONTINUOUS
10
5.4398529133858267
20
-4.2083001181102357
11
5.4436024409448818
21
-4.2101748818897633
0
LINE
8
BLACK
6
CONTINUOUS
10
5.4436024409448818
20
-4.2101748818897633
11
5.4438503149606294
21
-4.2103309055118112
0
LINE
8
BLACK
6
CONTINUOUS
10
5.4438503149606294
20
-4.2103309055118112
11
5.4439223622047246
21
-4.210360748031496
0
LINE
8
BLACK
6
CONTINUOUS
10
5.4439223622047246
20
-4.210360748031496
11
5.4440033858267718
21
-4.2104272440944879
0
LINE
8
BLACK
6
CONTINUOUS
10
5.4440033858267718
20
-4.2104272440944879
11
5.4440923228346456
21
-4.2104832283464564
0
LINE
8
BLACK
6
CONTINUOUS
10
5.4440923228346456
20
-4.2104832283464564
11
5.4441434645669293
21
-4.2105422047244092
0
LINE
8
BLACK
6
CONTINUOUS
10
5.4441434645669293
20
-4.2105422047244092
11
5.4443698425196851
21
-4.2107279921259844
0
LINE
8
BLACK
6
CONTINUOUS
10
5.4443698425196851
20
-4.2107279921259844
11
5.448119409448819
21
-4.2144775196850395
0
LINE
8
BLACK
6
CONTINUOUS
10
5.448119409448819
20
-4.2144775196850395
11
5.4484866535433065
21
-4.2149249606299213
0
LINE
8
BLACK
6
CONTINUOUS
10
5.4484866535433065
20
-4.2149249606299213
11
5.4485272440944881
21
-4.2150229921259843
0
LINE
8
BLACK
6
CONTINUOUS
10
5.4485272440944881
20
-4.2150229921259843
11
5.4485967322834643
21
-4.2151031102362202
0
LINE
8
BLACK
6
CONTINUOUS
10
5.4485967322834643
20
-4.2151031102362202
11
5.4488327165354331
21
-4.2156316929133855
0
LINE
8
BLACK
6
CONTINUOUS
10
5.4488327165354331
20
-4.2156316929133855
11
5.4507074803149607
21
-4.2212559448818894
0
LINE
8
BLACK
6
CONTINUOUS
10
5.4507074803149607
20
-4.2212559448818894
11
5.4507724015748034
21
-4.2215415748031493
0
LINE
8
BLACK
6
CONTINUOUS
10
5.4507724015748034
20
-4.2215415748031493
11
5.4508022834645669
21
-4.2216136614173223
0
LINE
8
BLACK
6
CONTINUOUS
10
5.4508022834645669
20
-4.2216136614173223
11
5.4508125590551177
21
-4.2217181102362202
0
LINE
8
BLACK
6
CONTINUOUS
10
5.4508125590551177
20
-4.2217181102362202
11
5.4508358267716535
21
-4.2218203937007877
0
LINE
8
BLACK
6
CONTINUOUS
10
5.4508358267716535
20
-4.2218203937007877
11
5.4508302755905511
21
-4.2218981102362205
0
LINE
8
BLACK
6
CONTINUOUS
10
5.4508302755905511
20
-4.2218981102362205
11
5.4508590157480317
21
-4.2221897244094491
0
LINE
8
BLACK
6
CONTINUOUS
10
5.4508590157480317
20
-4.2221897244094491
11
5.4508590157480317
21
-4.2259392519685042
0
LINE
8
BLACK
6
CONTINUOUS
10
5.4508590157480317
20
-4.2259392519685042
11
5.4508302755905511
21
-4.2262308267716531
0
LINE
8
BLACK
6
CONTINUOUS
10
5.4508302755905511
20
-4.2262308267716531
11
5.4508358267716535
21
-4.2263085826771656
0
LINE
8
BLACK
6
CONTINUOUS
10
5.4508358267716535
20
-4.2263085826771656
11
5.4508125590551177
21
-4.2264108267716534
0
LINE
8
BLACK
6
CONTINUOUS
10
5.4508125590551177
20
-4.2264108267716534
11
5.4508022834645669
21
-4.22651531496063
0
LINE
8
BLACK
6
CONTINUOUS
10
5.4508022834645669
20
-4.22651531496063
11
5.4507724015748034
21
-4.2265873622047243
0
LINE
8
BLACK
6
CONTINUOUS
10
5.4507724015748034
20
-4.2265873622047243
11
5.4507074803149607
21
-4.226873031496063
0
LINE
8
BLACK
6
CONTINUOUS
10
5.4507074803149607
20
-4.226873031496063
11
5.4488327165354331
21
-4.2324972834645669
0
LINE
8
BLACK
6
CONTINUOUS
10
5.4488327165354331
20
-4.2324972834645669
11
5.4485967322834643
21
-4.2330258661417322
0
LINE
8
BLACK
6
CONTINUOUS
10
5.4485967322834643
20
-4.2330258661417322
11
5.4485271653543306
21
-4.2331060236220468
0
LINE
8
BLACK
6
CONTINUOUS
10
5.4485271653543306
20
-4.2331060236220468
11
5.4484866141732287
21
-4.2332040157480311
0
LINE
8
BLACK
6
CONTINUOUS
10
5.4484866141732287
20
-4.2332040157480311
11
5.4481193700787403
21
-4.2336514960629916
0
LINE
8
BLACK
6
CONTINUOUS
10
5.4481193700787403
20
-4.2336514960629916
11
5.4462445669291339
21
-4.2355262598425192
0
LINE
8
BLACK
6
CONTINUOUS
10
5.4462445669291339
20
-4.2355262598425192
11
5.4457971259842521
21
-4.2358934645669288
0
LINE
8
BLACK
6
CONTINUOUS
10
5.4457971259842521
20
-4.2358934645669288
11
5.4447327165354329
21
-4.2363343307086616
0
LINE
8
BLACK
6
CONTINUOUS
10
5.4447327165354329
20
-4.2363343307086616
11
5.4435806299212599
21
-4.2363343307086616
0
LINE
8
BLACK
6
CONTINUOUS
10
5.4435806299212599
20
-4.2363343307086616
11
5.4425162204724407
21
-4.2358934251968501
0
LINE
8
BLACK
6
CONTINUOUS
10
5.4425162204724407
20
-4.2358934251968501
11
5.4417015354330704
21
-4.2350787401574799
0
LINE
8
BLACK
6
CONTINUOUS
10
5.4417015354330704
20
-4.2350787401574799
11
5.4412606692913386
21
-4.2340143307086615
0
LINE
8
BLACK
6
CONTINUOUS
10
5.4412606692913386
20
-4.2340143307086615
11
5.4412606692913386
21
-4.2328622440944885
0
LINE
8
BLACK
6
CONTINUOUS
10
5.4412606692913386
20
-4.2328622440944885
11
5.4417015748031492
21
-4.2317978346456693
0
LINE
8
BLACK
6
CONTINUOUS
10
5.4417015748031492
20
-4.2317978346456693
11
5.4420688188976376
21
-4.2313503543307087
0
LINE
8
BLACK
6
CONTINUOUS
10
5.4420688188976376
20
-4.2313503543307087
11
5.443450708661417
21
-4.2299684645669293
0
LINE
8
BLACK
6
CONTINUOUS
10
5.443450708661417
20
-4.2299684645669293
11
5.4449535039370076
21
-4.2254601181102363
0
LINE
8
BLACK
6
CONTINUOUS
10
5.4449535039370076
20
-4.2254601181102363
11
5.4449535039370076
21
-4.2226688582677161
0
LINE
8
BLACK
6
CONTINUOUS
10
5.4449535039370076
20
-4.2226688582677161
11
5.443450708661417
21
-4.2181604724409452
0
LINE
8
BLACK
6
CONTINUOUS
10
5.443450708661417
20
-4.2181604724409452
11
5.4405328346456692
21
-4.2152426377952752
0
LINE
8
BLACK
6
CONTINUOUS
10
5.4405328346456692
20
-4.2152426377952752
11
5.4375018503937005
21
-4.2137271259842519
0
LINE
8
BLACK
6
CONTINUOUS
10
5.4375018503937005
20
-4.2137271259842519
11
5.4306698031496063
21
-4.2120191338582673
0
LINE
8
BLACK
6
CONTINUOUS
10
5.4306698031496063
20
-4.2120191338582673
11
5.4257725984251968
21
-4.2120191338582673
0
LINE
8
BLACK
6
CONTINUOUS
10
5.4257725984251968
20
-4.2120191338582673
11
5.4189405511811026
21
-4.2137271259842519
0
LINE
8
BLACK
6
CONTINUOUS
10
5.4189405511811026
20
-4.2137271259842519
11
5.4159095669291339
21
-4.2152426377952752
0
LINE
8
BLACK
6
CONTINUOUS
10
5.4159095669291339
20
-4.2152426377952752
11
5.4129917322834649
21
-4.2181604330708664
0
LINE
8
BLACK
6
CONTINUOUS
10
5.4129917322834649
20
-4.2181604330708664
11
5.4114889370078743
21
-4.2226688582677161
0
LINE
8
BLACK
6
CONTINUOUS
10
5.4114889370078743
20
-4.2226688582677161
11
5.4114889370078743
21
-4.2254600787401575
0
LINE
8
BLACK
6
CONTINUOUS
10
5.4114889370078743
20
-4.2254600787401575
11
5.4129917322834649
21
-4.2299685039370081
0
LINE
8
BLACK
6
CONTINUOUS
10
5.4129917322834649
20
-4.2299685039370081
11
5.4143736220472443
21
-4.2313503937007875
0
LINE
8
BLACK
6
CONTINUOUS
10
5.4143736220472443
20
-4.2313503937007875
11
5.414740826771653
21
-4.2317978346456693
0
LINE
8
BLACK
6
CONTINUOUS
10
5.414740826771653
20
-4.2317978346456693
11
5.4151817322834646
21
-4.2328622440944885
0
LINE
8
BLACK
6
CONTINUOUS
10
5.4151817322834646
20
-4.2328622440944885
11
5.4151817322834646
21
-4.2340143307086615
0
LINE
8
BLACK
6
CONTINUOUS
10
5.4151817322834646
20
-4.2340143307086615
11
5.414740826771653
21
-4.2350787401574799
0
LINE
8
BLACK
6
CONTINUOUS
10
5.414740826771653
20
-4.2350787401574799
11
5.4139261417322837
21
-4.2358934251968501
0
LINE
8
BLACK
6
CONTINUOUS
10
5.4139261417322837
20
-4.2358934251968501
11
5.4128617322834645
21
-4.2363343307086616
0
LINE
8
BLACK
6
CONTINUOUS
10
5.4128617322834645
20
-4.2363343307086616
11
5.4117096456692915
21
-4.2363343307086616
0
LINE
8
BLACK
6
CONTINUOUS
10
5.4117096456692915
20
-4.2363343307086616
11
5.4106452362204722
21
-4.2358934251968501
0
LINE
8
BLACK
6
CONTINUOUS
10
5.4106452362204722
20
-4.2358934251968501
11
5.4101977952755904
21
-4.2355262204724404
0
LINE
8
BLACK
6
CONTINUOUS
10
5.4101977952755904
20
-4.2355262204724404
11
5.4083230314960629
21
-4.2336514566929129
0
LINE
8
BLACK
6
CONTINUOUS
10
5.4083230314960629
20
-4.2336514566929129
11
5.4079558267716532
21
-4.2332040157480311
0
LINE
8
BLACK
6
CONTINUOUS
10
5.4079558267716532
20
-4.2332040157480311
11
5.4079151968503938
21
-4.2331059448818893
0
LINE
8
BLACK
6
CONTINUOUS
10
5.4079151968503938
20
-4.2331059448818893
11
5.4078457086614176
21
-4.2330258267716534
0
LINE
8
BLACK
6
CONTINUOUS
10
5.4078457086614176
20
-4.2330258267716534
11
5.4076097244094488
21
-4.2324972834645669
0
LINE
8
BLACK
6
CONTINUOUS
10
5.4076097244094488
20
-4.2324972834645669
11
5.4057349606299212
21
-4.2268729921259842
0
LINE
8
BLACK
6
CONTINUOUS
10
5.4057349606299212
20
-4.2268729921259842
11
5.4056699999999998
21
-4.2265874015748031
0
LINE
8
BLACK
6
CONTINUOUS
10
5.4056699999999998
20
-4.2265874015748031
11
5.405640157480315
21
-4.22651531496063
0
LINE
8
BLACK
6
CONTINUOUS
10
5.405640157480315
20
-4.22651531496063
11
5.4056298425196845
21
-4.2264107874015746
0
LINE
8
BLACK
6
CONTINUOUS
10
5.4056298425196845
20
-4.2264107874015746
11
5.4056066141732284
21
-4.2263085433070868
0
LINE
8
BLACK
6
CONTINUOUS
10
5.4056066141732284
20
-4.2263085433070868
11
5.405612125984252
21
-4.2262307874015743
0
LINE
8
BLACK
6
CONTINUOUS
10
5.405612125984252
20
-4.2262307874015743
11
5.4055834251968502
21
-4.2259392519685042
0
LINE
8
BLACK
6
CONTINUOUS
10
5.4055834251968502
20
-4.2259392519685042
11
5.4055834251968502
21
-4.2221897244094491
0
LINE
8
BLACK
6
CONTINUOUS
10
5.4055834251968502
20
-4.2221897244094491
11
5.405612125984252
21
-4.2218981496062993
0
LINE
8
BLACK
6
CONTINUOUS
10
5.405612125984252
20
-4.2218981496062993
11
5.4056066141732284
21
-4.2218204330708664
0
LINE
8
BLACK
6
CONTINUOUS
10
5.4056066141732284
20
-4.2218204330708664
11
5.4056298425196845
21
-4.221718149606299
0
LINE
8
BLACK
6
CONTINUOUS
10
5.4056298425196845
20
-4.221718149606299
11
5.405640157480315
21
-4.2216136614173223
0
LINE
8
BLACK
6
CONTINUOUS
10
5.405640157480315
20
-4.2216136614173223
11
5.4056699999999998
21
-4.2215415354330705
0
LINE
8
BLACK
6
CONTINUOUS
10
5.4056699999999998
20
-4.2215415354330705
11
5.4057349606299212
21
-4.2212559842519681
0
LINE
8
BLACK
6
CONTINUOUS
10
5.4057349606299212
20
-4.2212559842519681
11
5.4076097244094488
21
-4.2156316929133855
0
LINE
8
BLACK
6
CONTINUOUS
10
5.4076097244094488
20
-4.2156316929133855
11
5.4078457086614176
21
-4.2151031496062989
0
LINE
8
BLACK
6
CONTINUOUS
10
5.4078457086614176
20
-4.2151031496062989
11
5.4079151968503938
21
-4.2150229921259843
0
LINE
8
BLACK
6
CONTINUOUS
10
5.4079151968503938
20
-4.2150229921259843
11
5.4079558267716532
21
-4.2149249606299213
0
LINE
8
BLACK
6
CONTINUOUS
10
5.4079558267716532
20
-4.2149249606299213
11
5.4083230314960629
21
-4.2144775196850395
0
LINE
8
BLACK
6
CONTINUOUS
10
5.4083230314960629
20
-4.2144775196850395
11
5.412072559055118
21
-4.2107279921259844
0
LINE
8
BLACK
6
CONTINUOUS
10
5.412072559055118
20
-4.2107279921259844
11
5.4122989370078738
21
-4.2105421259842517
0
LINE
8
BLACK
6
CONTINUOUS
10
5.4122989370078738
20
-4.2105421259842517
11
5.4123500787401575
21
-4.2104832283464564
0
LINE
8
BLACK
6
CONTINUOUS
10
5.4123500787401575
20
-4.2104832283464564
11
5.4124388188976376
21
-4.2104273228346454
0
LINE
8
BLACK
6
CONTINUOUS
10
5.4124388188976376
20
-4.2104273228346454
11
5.4125199999999998
21
-4.210360748031496
0
LINE
8
BLACK
6
CONTINUOUS
10
5.4125199999999998
20
-4.210360748031496
11
5.4125921259842515
21
-4.2103308661417325
0
LINE
8
BLACK
6
CONTINUOUS
10
5.4125921259842515
20
-4.2103308661417325
11
5.4128399606299213
21
-4.2101748818897633
0
LINE
8
BLACK
6
CONTINUOUS
10
5.4128399606299213
20
-4.2101748818897633
11
5.4165894881889765
21
-4.2083001181102357
0
LINE
8
BLACK
6
CONTINUOUS
10
5.4165894881889765
20
-4.2083001181102357
11
5.4166315748031497
21
-4.2082839763779525
0
LINE
8
BLACK
6
CONTINUOUS
10
5.4166315748031497
20
-4.2082839763779525
11
5.4166487401574805
21
-4.2082712992125986
0
LINE
8
BLACK
6
CONTINUOUS
10
5.4166487401574805
20
-4.2082712992125986
11
5.4168903149606296
21
-4.2081849606299215
0
LINE
8
BLACK
6
CONTINUOUS
10
5.4168903149606296
20
-4.2081849606299215
11
5.4171300787401577
21
-4.2080932283464563
0
LINE
8
BLACK
6
CONTINUOUS
10
5.4171300787401577
20
-4.2080932283464563
11
5.4171513385826771
21
-4.2080916929133858
0
LINE
8
BLACK
6
CONTINUOUS
10
5.4171513385826771
20
-4.2080916929133858
11
5.4171938582677166
21
-4.2080765354330705
0
LINE
8
BLACK
6
CONTINUOUS
10
5.4171938582677166
20
-4.2080765354330705
11
5.4246929133858268
21
-4.2062017716535429
0
LINE
8
BLACK
6
CONTINUOUS
10
5.4246929133858268
20
-4.2062017716535429
11
5.4247927559055116
21
-4.2061869685039373
0
LINE
8
BLACK
6
CONTINUOUS
10
5.4247927559055116
20
-4.2061869685039373
11
5.4248329921259844
21
-4.206170354330709
0
LINE
8
BLACK
6
CONTINUOUS
10
5.4248329921259844
20
-4.206170354330709
11
5.4250499999999997
21
-4.2061489763779525
0
LINE
8
BLACK
6
CONTINUOUS
10
5.4250499999999997
20
-4.2061489763779525
11
5.4252655118110233
21
-4.2061171259842522
0
LINE
8
BLACK
6
CONTINUOUS
10
5.4252655118110233
20
-4.2061171259842522
11
5.4253085039370079
21
-4.2061235039370075
0
LINE
8
BLACK
6
CONTINUOUS
10
5.4253085039370079
20
-4.2061235039370075
11
5.4254090551181102
21
-4.2061136220472441
0
LINE
8
BLACK
6
CONTINUOUS
10
5.4254090551181102
20
-4.2061136220472441
11
5.4310333464566929
21
-4.2061136220472441
0
LINE
8
BLACK
6
CONTINUOUS
10
5.4310333464566929
20
-4.2061136220472441
11
5.4311338582677164
21
-4.2061235039370075
0
LINE
8
BLACK
6
CONTINUOUS
10
5.3232453937007875
20
-4.2088105118110235
11
5.3234251968503932
21
-4.2097144881889763
0
LINE
8
BLACK
6
CONTINUOUS
10
5.3234251968503932
20
-4.2097144881889763
11
5.3234251968503932
21
-4.2302855118110232
0
LINE
8
BLACK
6
CONTINUOUS
10
5.3234251968503932
20
-4.2302855118110232
11
5.3232453937007875
21
-4.231189488188976
0
LINE
8
BLACK
6
CONTINUOUS
10
5.3232453937007875
20
-4.231189488188976
11
5.3219669685039372
21
-4.2324679133858263
0
LINE
8
BLACK
6
CONTINUOUS
10
5.3219669685039372
20
-4.2324679133858263
11
5.3201590157480316
21
-4.2324679133858263
0
LINE
8
BLACK
6
CONTINUOUS
10
5.3201590157480316
20
-4.2324679133858263
11
5.3188805905511813
21
-4.231189488188976
0
LINE
8
BLACK
6
CONTINUOUS
10
5.3188805905511813
20
-4.231189488188976
11
5.3187007874015748
21
-4.2302855118110232
0
LINE
8
BLACK
6
CONTINUOUS
10
5.3187007874015748
20
-4.2302855118110232
11
5.3187007874015748
21
-4.2097144881889763
0
LINE
8
BLACK
6
CONTINUOUS
10
5.3187007874015748
20
-4.2097144881889763
11
5.3188805905511813
21
-4.2088105118110235
0
LINE
8
BLACK
6
CONTINUOUS
10
5.3188805905511813
20
-4.2088105118110235
11
5.3201590157480316
21
-4.2075320866141732
0
LINE
8
BLACK
6
CONTINUOUS
10
5.3201590157480316
20
-4.2075320866141732
11
5.3219669685039372
21
-4.2075320866141732
0
LINE
8
BLACK
6
CONTINUOUS
10
5.3219669685039372
20
-4.2075320866141732
11
5.3232453937007875
21
-4.2088105118110235
0
LINE
8
BLACK
6
CONTINUOUS
10
5.3811194094488188
20
-4.2088105118110235
11
5.3812992125984254
21
-4.2097144881889763
0
LINE
8
BLACK
6
CONTINUOUS
10
5.3812992125984254
20
-4.2097144881889763
11
5.3812992125984254
21
-4.2302855118110232
0
LINE
8
BLACK
6
CONTINUOUS
10
5.3812992125984254
20
-4.2302855118110232
11
5.3811194094488188
21
-4.231189488188976
0
LINE
8
BLACK
6
CONTINUOUS
10
5.3811194094488188
20
-4.231189488188976
11
5.3798409842519685
21
-4.2324679133858263
0
LINE
8
BLACK
6
CONTINUOUS
10
5.3798409842519685
20
-4.2324679133858263
11
5.3780330314960629
21
-4.2324679133858263
0
LINE
8
BLACK
6
CONTINUOUS
10
5.3780330314960629
20
-4.2324679133858263
11
5.3767546062992126
21
-4.231189488188976
0
LINE
8
BLACK
6
CONTINUOUS
10
5.3767546062992126
20
-4.231189488188976
11
5.3765748031496061
21
-4.2302855118110232
0
LINE
8
BLACK
6
CONTINUOUS
10
5.3765748031496061
20
-4.2302855118110232
11
5.3765748031496061
21
-4.2097144881889763
0
LINE
8
BLACK
6
CONTINUOUS
10
5.3765748031496061
20
-4.2097144881889763
11
5.3767546062992126
21
-4.2088105118110235
0
LINE
8
BLACK
6
CONTINUOUS
10
5.3767546062992126
20
-4.2088105118110235
11
5.3780330314960629
21
-4.2075320866141732
0
LINE
8
BLACK
6
CONTINUOUS
10
5.3780330314960629
20
-4.2075320866141732
11
5.3798409842519685
21
-4.2075320866141732
0
LINE
8
BLACK
6
CONTINUOUS
10
5.3798409842519685
20
-4.2075320866141732
11
5.3811194094488188
21
-4.2088105118110235
0
LINE
8
BLACK
6
CONTINUOUS
10
4.8032453937007871
20
-4.2060816929133855
11
4.8034251968503936
21
-4.2069856692913383
0
LINE
8
BLACK
6
CONTINUOUS
10
4.8034251968503936
20
-4.2069856692913383
11
4.8034251968503936
21
-4.224864724409449
0
LINE
8
BLACK
6
CONTINUOUS
10
4.8034251968503936
20
-4.224864724409449
11
4.8032453937007871
21
-4.2257687007874019
0
LINE
8
BLACK
6
CONTINUOUS
10
4.8032453937007871
20
-4.2257687007874019
11
4.8019669685039368
21
-4.2270471259842521
0
LINE
8
BLACK
6
CONTINUOUS
10
4.8019669685039368
20
-4.2270471259842521
11
4.8001590157480312
21
-4.2270471259842521
0
LINE
8
BLACK
6
CONTINUOUS
10
4.8001590157480312
20
-4.2270471259842521
11
4.7988805905511809
21
-4.2257687007874019
0
LINE
8
BLACK
6
CONTINUOUS
10
4.7988805905511809
20
-4.2257687007874019
11
4.7987007874015744
21
-4.224864724409449
0
LINE
8
BLACK
6
CONTINUOUS
10
4.7987007874015744
20
-4.224864724409449
11
4.7987007874015744
21
-4.2069856692913383
0
LINE
8
BLACK
6
CONTINUOUS
10
4.7987007874015744
20
-4.2069856692913383
11
4.7988805905511809
21
-4.2060816929133855
0
LINE
8
BLACK
6
CONTINUOUS
10
4.7988805905511809
20
-4.2060816929133855
11
4.8001590157480312
21
-4.2048032677165352
0
LINE
8
BLACK
6
CONTINUOUS
10
4.8001590157480312
20
-4.2048032677165352
11
4.8019669685039368
21
-4.2048032677165352
0
LINE
8
BLACK
6
CONTINUOUS
10
4.8019669685039368
20
-4.2048032677165352
11
4.8032453937007871
21
-4.2060816929133855
0
LINE
8
BLACK
6
CONTINUOUS
10
4.8611194094488184
20
-4.2060816929133855
11
4.8612992125984249
21
-4.2069856692913383
0
LINE
8
BLACK
6
CONTINUOUS
10
4.8612992125984249
20
-4.2069856692913383
11
4.8612992125984249
21
-4.224864724409449
0
LINE
8
BLACK
6
CONTINUOUS
10
4.8612992125984249
20
-4.224864724409449
11
4.8611194094488184
21
-4.2257687007874019
0
LINE
8
BLACK
6
CONTINUOUS
10
4.8611194094488184
20
-4.2257687007874019
11
4.8598409842519681
21
-4.2270471259842521
0
LINE
8
BLACK
6
CONTINUOUS
10
4.8598409842519681
20
-4.2270471259842521
11
4.8580330314960625
21
-4.2270471259842521
0
LINE
8
BLACK
6
CONTINUOUS
10
4.8580330314960625
20
-4.2270471259842521
11
4.8567546062992122
21
-4.2257687007874019
0
LINE
8
BLACK
6
CONTINUOUS
10
4.8567546062992122
20
-4.2257687007874019
11
4.8565748031496065
21
-4.224864724409449
0
LINE
8
BLACK
6
CONTINUOUS
10
4.8565748031496065
20
-4.224864724409449
11
4.8565748031496065
21
-4.2069856692913383
0
LINE
8
BLACK
6
CONTINUOUS
10
4.8565748031496065
20
-4.2069856692913383
11
4.8567546062992122
21
-4.2060816929133855
0
LINE
8
BLACK
6
CONTINUOUS
10
4.8567546062992122
20
-4.2060816929133855
11
4.8580330314960625
21
-4.2048032677165352
0
LINE
8
BLACK
6
CONTINUOUS
10
4.8580330314960625
20
-4.2048032677165352
11
4.8598409842519681
21
-4.2048032677165352
0
LINE
8
BLACK
6
CONTINUOUS
10
4.8598409842519681
20
-4.2048032677165352
11
4.8611194094488184
21
-4.2060816929133855
0
LINE
8
BLACK
6
CONTINUOUS
10
6.3984823228346457
20
-4.1980451181102358
11
6.399546732283464
21
-4.1984860236220474
0
LINE
8
BLACK
6
CONTINUOUS
10
6.399546732283464
20
-4.1984860236220474
11
6.4003613779527555
21
-4.1993006692913388
0
LINE
8
BLACK
6
CONTINUOUS
10
6.4003613779527555
20
-4.1993006692913388
11
6.400802283464567
21
-4.2003650787401572
0
LINE
8
BLACK
6
CONTINUOUS
10
6.400802283464567
20
-4.2003650787401572
11
6.400859015748031
21
-4.2009411417322831
0
LINE
8
BLACK
6
CONTINUOUS
10
6.400859015748031
20
-4.2009411417322831
11
6.400859015748031
21
-4.2103149606299208
0
LINE
8
BLACK
6
CONTINUOUS
10
6.400859015748031
20
-4.2103149606299208
11
6.4008302755905513
21
-4.2106065354330706
0
LINE
8
BLACK
6
CONTINUOUS
10
6.4008302755905513
20
-4.2106065354330706
11
6.4008358267716536
21
-4.2106842913385822
0
LINE
8
BLACK
6
CONTINUOUS
10
6.4008358267716536
20
-4.2106842913385822
11
6.4008125590551179
21
-4.2107865354330709
0
LINE
8
BLACK
6
CONTINUOUS
10
6.4008125590551179
20
-4.2107865354330709
11
6.400802283464567
21
-4.2108910236220476
0
LINE
8
BLACK
6
CONTINUOUS
10
6.400802283464567
20
-4.2108910236220476
11
6.4007724015748027
21
-4.2109630708661419
0
LINE
8
BLACK
6
CONTINUOUS
10
6.4007724015748027
20
-4.2109630708661419
11
6.4007074803149608
21
-4.2112487401574805
0
LINE
8
BLACK
6
CONTINUOUS
10
6.4007074803149608
20
-4.2112487401574805
11
6.3988327165354333
21
-4.2168729921259844
0
LINE
8
BLACK
6
CONTINUOUS
10
6.3988327165354333
20
-4.2168729921259844
11
6.3985967322834645
21
-4.2174015748031497
0
LINE
8
BLACK
6
CONTINUOUS
10
6.3985967322834645
20
-4.2174015748031497
11
6.3985272440944883
21
-4.2174816535433068
0
LINE
8
BLACK
6
CONTINUOUS
10
6.3985272440944883
20
-4.2174816535433068
11
6.3984866535433067
21
-4.2175797244094486
0
LINE
8
BLACK
6
CONTINUOUS
10
6.3984866535433067
20
-4.2175797244094486
11
6.3981194094488192
21
-4.2180271653543304
0
LINE
8
BLACK
6
CONTINUOUS
10
6.3981194094488192
20
-4.2180271653543304
11
6.3943698425196853
21
-4.2217766929133855
0
LINE
8
BLACK
6
CONTINUOUS
10
6.3943698425196853
20
-4.2217766929133855
11
6.3941434645669286
21
-4.2219624409448819
0
LINE
8
BLACK
6
CONTINUOUS
10
6.3941434645669286
20
-4.2219624409448819
11
6.3940923228346458
21
-4.2220214566929135
0
LINE
8
BLACK
6
CONTINUOUS
10
6.3940923228346458
20
-4.2220214566929135
11
6.3940033858267711
21
-4.2220774015748033
0
LINE
8
BLACK
6
CONTINUOUS
10
6.3940033858267711
20
-4.2220774015748033
11
6.3939223622047239
21
-4.2221439370078739
0
LINE
8
BLACK
6
CONTINUOUS
10
6.3939223622047239
20
-4.2221439370078739
11
6.3938503149606296
21
-4.2221737401574799
0
LINE
8
BLACK
6
CONTINUOUS
10
6.3938503149606296
20
-4.2221737401574799
11
6.3936024409448819
21
-4.2223298031496066
0
LINE
8
BLACK
6
CONTINUOUS
10
6.3936024409448819
20
-4.2223298031496066
11
6.3898529133858268
21
-4.2242045669291342
0
LINE
8
BLACK
6
CONTINUOUS
10
6.3898529133858268
20
-4.2242045669291342
11
6.3898107874015748
21
-4.2242206692913387
0
LINE
8
BLACK
6
CONTINUOUS
10
6.3898107874015748
20
-4.2242206692913387
11
6.3897936614173227
21
-4.2242333858267713
0
LINE
8
BLACK
6
CONTINUOUS
10
6.3897936614173227
20
-4.2242333858267713
11
6.3895516929133853
21
-4.2243198031496059
0
LINE
8
BLACK
6
CONTINUOUS
10
6.3895516929133853
20
-4.2243198031496059
11
6.3893122834645668
21
-4.2244114566929136
0
LINE
8
BLACK
6
CONTINUOUS
10
6.3893122834645668
20
-4.2244114566929136
11
6.3892910236220475
21
-4.2244129527559053
0
LINE
8
BLACK
6
CONTINUOUS
10
6.3892910236220475
20
-4.2244129527559053
11
6.3892485433070867
21
-4.2244281496062994
0
LINE
8
BLACK
6
CONTINUOUS
10
6.3892485433070867
20
-4.2244281496062994
11
6.3817494881889765
21
-4.226302913385827
0
LINE
8
BLACK
6
CONTINUOUS
10
6.3817494881889765
20
-4.226302913385827
11
6.3816496062992121
21
-4.2263176771653539
0
LINE
8
BLACK
6
CONTINUOUS
10
6.3816496062992121
20
-4.2263176771653539
11
6.3816094094488189
21
-4.2263343307086609
0
LINE
8
BLACK
6
CONTINUOUS
10
6.3816094094488189
20
-4.2263343307086609
11
6.3813923622047239
21
-4.2263556692913387
0
LINE
8
BLACK
6
CONTINUOUS
10
6.3813923622047239
20
-4.2263556692913387
11
6.3811768897637791
21
-4.2263875590551176
0
LINE
8
BLACK
6
CONTINUOUS
10
6.3811768897637791
20
-4.2263875590551176
11
6.3811338582677166
21
-4.2263811417322836
0
LINE
8
BLACK
6
CONTINUOUS
10
6.3811338582677166
20
-4.2263811417322836
11
6.3810333464566931
21
-4.2263910629921257
0
LINE
8
BLACK
6
CONTINUOUS
10
6.3810333464566931
20
-4.2263910629921257
11
6.3754090551181104
21
-4.2263910629921257
0
LINE
8
BLACK
6
CONTINUOUS
10
6.3754090551181104
20
-4.2263910629921257
11
6.3753085039370081
21
-4.2263811417322836
0
LINE
8
BLACK
6
CONTINUOUS
10
6.3753085039370081
20
-4.2263811417322836
11
6.3752655118110235
21
-4.2263875590551176
0
LINE
8
BLACK
6
CONTINUOUS
10
6.3752655118110235
20
-4.2263875590551176
11
6.3750499999999999
21
-4.2263556692913387
0
LINE
8
BLACK
6
CONTINUOUS
10
6.3750499999999999
20
-4.2263556692913387
11
6.3748329921259845
21
-4.2263343307086609
0
LINE
8
BLACK
6
CONTINUOUS
10
6.3748329921259845
20
-4.2263343307086609
11
6.3747927559055118
21
-4.2263176771653539
0
LINE
8
BLACK
6
CONTINUOUS
10
6.3747927559055118
20
-4.2263176771653539
11
6.374692913385827
21
-4.226302913385827
0
LINE
8
BLACK
6
CONTINUOUS
10
6.374692913385827
20
-4.226302913385827
11
6.3671938582677168
21
-4.2244281496062994
0
LINE
8
BLACK
6
CONTINUOUS
10
6.3671938582677168
20
-4.2244281496062994
11
6.3671513385826772
21
-4.2244129527559053
0
LINE
8
BLACK
6
CONTINUOUS
10
6.3671513385826772
20
-4.2244129527559053
11
6.367130078740157
21
-4.2244114566929136
0
LINE
8
BLACK
6
CONTINUOUS
10
6.367130078740157
20
-4.2244114566929136
11
6.3668903149606297
21
-4.2243196850393696
0
LINE
8
BLACK
6
CONTINUOUS
10
6.3668903149606297
20
-4.2243196850393696
11
6.3666487401574798
21
-4.2242333858267713
0
LINE
8
BLACK
6
CONTINUOUS
10
6.3666487401574798
20
-4.2242333858267713
11
6.3666315748031499
21
-4.2242206692913387
0
LINE
8
BLACK
6
CONTINUOUS
10
6.3666315748031499
20
-4.2242206692913387
11
6.3665894881889766
21
-4.2242045669291342
0
LINE
8
BLACK
6
CONTINUOUS
10
6.3665894881889766
20
-4.2242045669291342
11
6.3628399606299215
21
-4.2223298031496066
0
LINE
8
BLACK
6
CONTINUOUS
10
6.3628399606299215
20
-4.2223298031496066
11
6.3625921259842517
21
-4.2221737795275587
0
LINE
8
BLACK
6
CONTINUOUS
10
6.3625921259842517
20
-4.2221737795275587
11
6.36252
21
-4.2221439370078739
0
LINE
8
BLACK
6
CONTINUOUS
10
6.36252
20
-4.2221439370078739
11
6.3624388188976377
21
-4.2220773228346458
0
LINE
8
BLACK
6
CONTINUOUS
10
6.3624388188976377
20
-4.2220773228346458
11
6.3623500787401577
21
-4.2220214566929135
0
LINE
8
BLACK
6
CONTINUOUS
10
6.3623500787401577
20
-4.2220214566929135
11
6.362298937007874
21
-4.2219625196850394
0
LINE
8
BLACK
6
CONTINUOUS
10
6.362298937007874
20
-4.2219625196850394
11
6.3620725590551181
21
-4.2217766929133855
0
LINE
8
BLACK
6
CONTINUOUS
10
6.3620725590551181
20
-4.2217766929133855
11
6.358323031496063
21
-4.2180271653543304
0
LINE
8
BLACK
6
CONTINUOUS
10
6.358323031496063
20
-4.2180271653543304
11
6.3579558267716534
21
-4.2175797244094486
0
LINE
8
BLACK
6
CONTINUOUS
10
6.3579558267716534
20
-4.2175797244094486
11
6.357915196850394
21
-4.2174816535433068
0
LINE
8
BLACK
6
CONTINUOUS
10
6.357915196850394
20
-4.2174816535433068
11
6.3578457086614169
21
-4.2174015354330709
0
LINE
8
BLACK
6
CONTINUOUS
10
6.3578457086614169
20
-4.2174015354330709
11
6.3576097244094489
21
-4.2168729921259844
0
LINE
8
BLACK
6
CONTINUOUS
10
6.3576097244094489
20
-4.2168729921259844
11
6.3557349606299214
21
-4.2112487007874018
0
LINE
8
BLACK
6
CONTINUOUS
10
6.3557349606299214
20
-4.2112487007874018
11
6.3556699999999999
21
-4.2109631102362206
0
LINE
8
BLACK
6
CONTINUOUS
10
6.3556699999999999
20
-4.2109631102362206
11
6.3556401574803152
21
-4.2108910236220476
0
LINE
8
BLACK
6
CONTINUOUS
10
6.3556401574803152
20
-4.2108910236220476
11
6.3556298425196847
21
-4.2107864960629922
0
LINE
8
BLACK
6
CONTINUOUS
10
6.3556298425196847
20
-4.2107864960629922
11
6.3556066141732286
21
-4.2106842519685035
0
LINE
8
BLACK
6
CONTINUOUS
10
6.3556066141732286
20
-4.2106842519685035
11
6.3556121259842522
21
-4.2106064960629919
0
LINE
8
BLACK
6
CONTINUOUS
10
6.3556121259842522
20
-4.2106064960629919
11
6.3555834251968504
21
-4.2103149606299208
0
LINE
8
BLACK
6
CONTINUOUS
10
6.3555834251968504
20
-4.2103149606299208
11
6.3555834251968504
21
-4.2009411417322831
0
LINE
8
BLACK
6
CONTINUOUS
10
6.3555834251968504
20
-4.2009411417322831
11
6.3556401574803152
21
-4.2003650787401572
0
LINE
8
BLACK
6
CONTINUOUS
10
6.3556401574803152
20
-4.2003650787401572
11
6.3560810629921258
21
-4.1993006692913388
0
LINE
8
BLACK
6
CONTINUOUS
10
6.3560810629921258
20
-4.1993006692913388
11
6.3568957086614173
21
-4.1984860236220474
0
LINE
8
BLACK
6
CONTINUOUS
10
6.3568957086614173
20
-4.1984860236220474
11
6.3579601181102356
21
-4.1980451181102358
0
LINE
8
BLACK
6
CONTINUOUS
10
6.3579601181102356
20
-4.1980451181102358
11
6.3585361811023624
21
-4.1979883858267719
0
LINE
8
BLACK
6
CONTINUOUS
10
6.3585361811023624
20
-4.1979883858267719
11
6.3979062598425198
21
-4.1979883858267719
0
LINE
8
BLACK
6
CONTINUOUS
10
6.3979062598425198
20
-4.1979883858267719
11
6.3984823228346457
21
-4.1980451181102358
0
LINE
8
BLACK
6
CONTINUOUS
10
6.3614889370078735
20
-4.209835787401575
11
6.3629917322834642
21
-4.2143442125984247
0
LINE
8
BLACK
6
CONTINUOUS
10
6.3629917322834642
20
-4.2143442125984247
11
6.3659095669291341
21
-4.2172620472440947
0
LINE
8
BLACK
6
CONTINUOUS
10
6.3659095669291341
20
-4.2172620472440947
11
6.3689405511811019
21
-4.2187775196850392
0
LINE
8
BLACK
6
CONTINUOUS
10
6.3689405511811019
20
-4.2187775196850392
11
6.3757725984251969
21
-4.2204855511811026
0
LINE
8
BLACK
6
CONTINUOUS
10
6.3757725984251969
20
-4.2204855511811026
11
6.3806698031496065
21
-4.2204855511811026
0
LINE
8
BLACK
6
CONTINUOUS
10
6.3806698031496065
20
-4.2204855511811026
11
6.3875018503937007
21
-4.2187775196850392
0
LINE
8
BLACK
6
CONTINUOUS
10
6.3875018503937007
20
-4.2187775196850392
11
6.3905328346456693
21
-4.2172620078740159
0
LINE
8
BLACK
6
CONTINUOUS
10
6.3905328346456693
20
-4.2172620078740159
11
6.3934507086614172
21
-4.214344173228346
0
LINE
8
BLACK
6
CONTINUOUS
10
6.3934507086614172
20
-4.214344173228346
11
6.3949535039370078
21
-4.2098358267716538
0
LINE
8
BLACK
6
CONTINUOUS
10
6.3949535039370078
20
-4.2098358267716538
11
6.3949535039370078
21
-4.2038938976377951
0
LINE
8
BLACK
6
CONTINUOUS
10
6.3949535039370078
20
-4.2038938976377951
11
6.3614889370078735
21
-4.2038938976377951
0
LINE
8
BLACK
6
CONTINUOUS
10
6.3614889370078735
20
-4.2038938976377951
11
6.3614889370078735
21
-4.209835787401575
0
LINE
8
BLACK
6
CONTINUOUS
10
4.9792618110236218
20
-4.2095570866141729
11
5.0107578740157477
21
-4.2095570866141729
0
LINE
8
BLACK
6
CONTINUOUS
10
5.0107578740157477
20
-4.2095570866141729
11
5.0116618503937005
21
-4.2097368897637795
0
LINE
8
BLACK
6
CONTINUOUS
10
5.0116618503937005
20
-4.2097368897637795
11
5.0129402755905508
21
-4.2110153149606298
0
LINE
8
BLACK
6
CONTINUOUS
10
5.0129402755905508
20
-4.2110153149606298
11
5.0129402755905508
21
-4.2128232677165354
0
LINE
8
BLACK
6
CONTINUOUS
10
5.0129402755905508
20
-4.2128232677165354
11
5.0116618503937005
21
-4.2141016929133857
0
LINE
8
BLACK
6
CONTINUOUS
10
5.0116618503937005
20
-4.2141016929133857
11
5.0107578740157477
21
-4.2142814960629922
0
LINE
8
BLACK
6
CONTINUOUS
10
5.0107578740157477
20
-4.2142814960629922
11
4.9792618110236218
21
-4.2142814960629922
0
LINE
8
BLACK
6
CONTINUOUS
10
4.9792618110236218
20
-4.2142814960629922
11
4.9477657480314958
21
-4.2142814960629922
0
LINE
8
BLACK
6
CONTINUOUS
10
4.9477657480314958
20
-4.2142814960629922
11
4.946861771653543
21
-4.2141016929133857
0
LINE
8
BLACK
6
CONTINUOUS
10
4.946861771653543
20
-4.2141016929133857
11
4.9455833464566927
21
-4.2128232677165354
0
LINE
8
BLACK
6
CONTINUOUS
10
4.9455833464566927
20
-4.2128232677165354
11
4.9455833464566927
21
-4.2110153149606298
0
LINE
8
BLACK
6
CONTINUOUS
10
4.9455833464566927
20
-4.2110153149606298
11
4.946861771653543
21
-4.2097368897637795
0
LINE
8
BLACK
6
CONTINUOUS
10
4.946861771653543
20
-4.2097368897637795
11
4.9477657480314958
21
-4.2095570866141729
0
LINE
8
BLACK
6
CONTINUOUS
10
4.9477657480314958
20
-4.2095570866141729
11
4.9792618110236218
21
-4.2095570866141729
0
LINE
8
BLACK
6
CONTINUOUS
10
6.5308909842519682
20
-4.1406007874015751
11
6.5309889763779525
21
-4.1406413779527558
0
LINE
8
BLACK
6
CONTINUOUS
10
6.5309889763779525
20
-4.1406413779527558
11
6.5310948031496059
21
-4.1406488976377949
0
LINE
8
BLACK
6
CONTINUOUS
10
6.5310948031496059
20
-4.1406488976377949
11
6.5316354330708659
21
-4.1408557874015743
0
LINE
8
BLACK
6
CONTINUOUS
10
6.5316354330708659
20
-4.1408557874015743
11
6.535384960629921
21
-4.1427305511811019
0
LINE
8
BLACK
6
CONTINUOUS
10
6.535384960629921
20
-4.1427305511811019
11
6.5356329527559049
21
-4.1428866141732286
0
LINE
8
BLACK
6
CONTINUOUS
10
6.5356329527559049
20
-4.1428866141732286
11
6.5357049212598426
21
-4.1429164566929133
0
LINE
8
BLACK
6
CONTINUOUS
10
6.5357049212598426
20
-4.1429164566929133
11
6.5357858661417323
21
-4.1429829133858265
0
LINE
8
BLACK
6
CONTINUOUS
10
6.5357858661417323
20
-4.1429829133858265
11
6.5358748425196849
21
-4.143038897637795
0
LINE
8
BLACK
6
CONTINUOUS
10
6.5358748425196849
20
-4.143038897637795
11
6.5359259842519686
21
-4.1430978740157478
0
LINE
8
BLACK
6
CONTINUOUS
10
6.5359259842519686
20
-4.1430978740157478
11
6.5361523622047244
21
-4.143283661417323
0
LINE
8
BLACK
6
CONTINUOUS
10
6.5361523622047244
20
-4.143283661417323
11
6.538027125984252
21
-4.1451584251968505
0
LINE
8
BLACK
6
CONTINUOUS
10
6.538027125984252
20
-4.1451584251968505
11
6.5380284251968499
21
-4.1451599999999997
0
LINE
8
BLACK
6
CONTINUOUS
10
6.5380284251968499
20
-4.1451599999999997
11
6.5380292913385825
21
-4.145160590551181
0
LINE
8
BLACK
6
CONTINUOUS
10
6.5380292913385825
20
-4.145160590551181
11
6.5382175984251969
21
-4.1453905511811024
0
LINE
8
BLACK
6
CONTINUOUS
10
6.5382175984251969
20
-4.1453905511811024
11
6.5383943307086616
21
-4.1456058661417323
0
LINE
8
BLACK
6
CONTINUOUS
10
6.5383943307086616
20
-4.1456058661417323
11
6.5383946850393695
21
-4.1456067322834649
0
LINE
8
BLACK
6
CONTINUOUS
10
6.5383946850393695
20
-4.1456067322834649
11
6.5383960629921258
21
-4.1456084251968504
0
LINE
8
BLACK
6
CONTINUOUS
10
6.5383960629921258
20
-4.1456084251968504
11
6.5421455905511809
21
-4.1512327559055118
0
LINE
8
BLACK
6
CONTINUOUS
10
6.5421455905511809
20
-4.1512327559055118
11
6.5423150393700782
21
-4.1515506299212594
0
LINE
8
BLACK
6
CONTINUOUS
10
6.5423150393700782
20
-4.1515506299212594
11
6.5423585826771653
21
-4.1516093700787398
0
LINE
8
BLACK
6
CONTINUOUS
10
6.5423585826771653
20
-4.1516093700787398
11
6.5423833464566927
21
-4.1516787401574806
0
LINE
8
BLACK
6
CONTINUOUS
10
6.5423833464566927
20
-4.1516787401574806
11
6.5424179133858269
21
-4.1517435433070862
0
LINE
8
BLACK
6
CONTINUOUS
10
6.5424179133858269
20
-4.1517435433070862
11
6.5424320078740159
21
-4.1518149606299213
0
LINE
8
BLACK
6
CONTINUOUS
10
6.5424320078740159
20
-4.1518149606299213
11
6.5425533464566925
21
-4.1521544881889767
0
LINE
8
BLACK
6
CONTINUOUS
10
6.5425533464566925
20
-4.1521544881889767
11
6.5444281102362201
21
-4.1596535433070869
0
LINE
8
BLACK
6
CONTINUOUS
10
6.5444281102362201
20
-4.1596535433070869
11
6.5444428740157479
21
-4.1597533858267717
0
LINE
8
BLACK
6
CONTINUOUS
10
6.5444428740157479
20
-4.1597533858267717
11
6.5444595275590549
21
-4.1597936220472436
0
LINE
8
BLACK
6
CONTINUOUS
10
6.5444595275590549
20
-4.1597936220472436
11
6.5444808661417317
21
-4.1600106299212598
0
LINE
8
BLACK
6
CONTINUOUS
10
6.5444808661417317
20
-4.1600106299212598
11
6.5445127559055116
21
-4.1602261417322834
0
LINE
8
BLACK
6
CONTINUOUS
10
6.5445127559055116
20
-4.1602261417322834
11
6.5445063385826767
21
-4.160269133858268
0
LINE
8
BLACK
6
CONTINUOUS
10
6.5445063385826767
20
-4.160269133858268
11
6.5445162598425197
21
-4.1603696850393703
0
LINE
8
BLACK
6
CONTINUOUS
10
6.5445162598425197
20
-4.1603696850393703
11
6.5445162598425197
21
-4.1753677952755908
0
LINE
8
BLACK
6
CONTINUOUS
10
6.5445162598425197
20
-4.1753677952755908
11
6.5444595275590549
21
-4.1759438582677166
0
LINE
8
BLACK
6
CONTINUOUS
10
6.5444595275590549
20
-4.1759438582677166
11
6.5444189370078742
21
-4.1760418110236222
0
LINE
8
BLACK
6
CONTINUOUS
10
6.5444189370078742
20
-4.1760418110236222
11
6.5444114173228343
21
-4.176147716535433
0
LINE
8
BLACK
6
CONTINUOUS
10
6.5444114173228343
20
-4.176147716535433
11
6.5442045275590548
21
-4.1766883070866143
0
LINE
8
BLACK
6
CONTINUOUS
10
6.5442045275590548
20
-4.1766883070866143
11
6.5423297637795272
21
-4.1804378346456694
0
LINE
8
BLACK
6
CONTINUOUS
10
6.5423297637795272
20
-4.1804378346456694
11
6.5421737007874015
21
-4.1806857086614171
0
LINE
8
BLACK
6
CONTINUOUS
10
6.5421737007874015
20
-4.1806857086614171
11
6.5421438976377955
21
-4.1807577559055114
0
LINE
8
BLACK
6
CONTINUOUS
10
6.5421438976377955
20
-4.1807577559055114
11
6.5420773622047239
21
-4.1808387795275586
0
LINE
8
BLACK
6
CONTINUOUS
10
6.5420773622047239
20
-4.1808387795275586
11
6.5420214173228342
21
-4.1809277165354333
0
LINE
8
BLACK
6
CONTINUOUS
10
6.5420214173228342
20
-4.1809277165354333
11
6.5419624015748026
21
-4.1809788582677161
0
LINE
8
BLACK
6
CONTINUOUS
10
6.5419624015748026
20
-4.1809788582677161
11
6.5417766535433071
21
-4.1812052362204719
0
LINE
8
BLACK
6
CONTINUOUS
10
6.5417766535433071
20
-4.1812052362204719
11
6.5399019291338583
21
-4.1830799999999995
0
LINE
8
BLACK
6
CONTINUOUS
10
6.5399019291338583
20
-4.1830799999999995
11
6.5396755511811024
21
-4.1832657480314959
0
LINE
8
BLACK
6
CONTINUOUS
10
6.5396755511811024
20
-4.1832657480314959
11
6.53962437007874
21
-4.1833248031496062
0
LINE
8
BLACK
6
CONTINUOUS
10
6.53962437007874
20
-4.1833248031496062
11
6.5395353937007874
21
-4.1833807874015747
0
LINE
8
BLACK
6
CONTINUOUS
10
6.5395353937007874
20
-4.1833807874015747
11
6.5394544488188977
21
-4.1834472440944879
0
LINE
8
BLACK
6
CONTINUOUS
10
6.5394544488188977
20
-4.1834472440944879
11
6.5393824803149601
21
-4.1834770472440947
0
LINE
8
BLACK
6
CONTINUOUS
10
6.5393824803149601
20
-4.1834770472440947
11
6.5391344881889761
21
-4.1836331496062993
0
LINE
8
BLACK
6
CONTINUOUS
10
6.5391344881889761
20
-4.1836331496062993
11
6.535384960629921
21
-4.1855079133858268
0
LINE
8
BLACK
6
CONTINUOUS
10
6.535384960629921
20
-4.1855079133858268
11
6.534844330708661
21
-4.1857148031496063
0
LINE
8
BLACK
6
CONTINUOUS
10
6.534844330708661
20
-4.1857148031496063
11
6.5347385039370076
21
-4.1857222834645667
0
LINE
8
BLACK
6
CONTINUOUS
10
6.5347385039370076
20
-4.1857222834645667
11
6.5346405118110233
21
-4.185762913385827
0
LINE
8
BLACK
6
CONTINUOUS
10
6.5346405118110233
20
-4.185762913385827
11
6.5340644488188975
21
-4.1858196456692909
0
LINE
8
BLACK
6
CONTINUOUS
10
6.5340644488188975
20
-4.1858196456692909
11
6.5265653937007873
21
-4.1858196456692909
0
LINE
8
BLACK
6
CONTINUOUS
10
6.5265653937007873
20
-4.1858196456692909
11
6.5259893307086614
21
-4.185762913385827
0
LINE
8
BLACK
6
CONTINUOUS
10
6.5259893307086614
20
-4.185762913385827
11
6.5258913385826771
21
-4.1857223228346454
0
LINE
8
BLACK
6
CONTINUOUS
10
6.5258913385826771
20
-4.1857223228346454
11
6.525785472440945
21
-4.1857148031496063
0
LINE
8
BLACK
6
CONTINUOUS
10
6.525785472440945
20
-4.1857148031496063
11
6.5252448818897637
21
-4.1855079133858268
0
LINE
8
BLACK
6
CONTINUOUS
10
6.5252448818897637
20
-4.1855079133858268
11
6.5214953543307086
21
-4.1836331496062993
0
LINE
8
BLACK
6
CONTINUOUS
10
6.5214953543307086
20
-4.1836331496062993
11
6.5212473228346459
21
-4.1834770472440947
0
LINE
8
BLACK
6
CONTINUOUS
10
6.5212473228346459
20
-4.1834770472440947
11
6.521175393700787
21
-4.1834472440944879
0
LINE
8
BLACK
6
CONTINUOUS
10
6.521175393700787
20
-4.1834472440944879
11
6.5210944094488186
21
-4.1833807874015747
0
LINE
8
BLACK
6
CONTINUOUS
10
6.5210944094488186
20
-4.1833807874015747
11
6.5210054724409448
21
-4.1833248031496062
0
LINE
8
BLACK
6
CONTINUOUS
10
6.5210054724409448
20
-4.1833248031496062
11
6.5209542519685035
21
-4.1832657480314959
0
LINE
8
BLACK
6
CONTINUOUS
10
6.5209542519685035
20
-4.1832657480314959
11
6.5207279133858265
21
-4.1830799999999995
0
LINE
8
BLACK
6
CONTINUOUS
10
6.5207279133858265
20
-4.1830799999999995
11
6.5188531496062989
21
-4.181205196850394
0
LINE
8
BLACK
6
CONTINUOUS
10
6.5188531496062989
20
-4.181205196850394
11
6.5186674015748034
21
-4.1809788582677161
0
LINE
8
BLACK
6
CONTINUOUS
10
6.5186674015748034
20
-4.1809788582677161
11
6.5186084251968506
21
-4.1809277165354333
0
LINE
8
BLACK
6
CONTINUOUS
10
6.5186084251968506
20
-4.1809277165354333
11
6.5185524409448821
21
-4.1808387795275586
0
LINE
8
BLACK
6
CONTINUOUS
10
6.5185524409448821
20
-4.1808387795275586
11
6.5184859448818893
21
-4.1807577559055114
0
LINE
8
BLACK
6
CONTINUOUS
10
6.5184859448818893
20
-4.1807577559055114
11
6.5184561023622045
21
-4.1806857086614171
0
LINE
8
BLACK
6
CONTINUOUS
10
6.5184561023622045
20
-4.1806857086614171
11
6.5183000787401575
21
-4.1804378346456694
0
LINE
8
BLACK
6
CONTINUOUS
10
6.5183000787401575
20
-4.1804378346456694
11
6.5164253149606299
21
-4.1766883070866143
0
LINE
8
BLACK
6
CONTINUOUS
10
6.5164253149606299
20
-4.1766883070866143
11
6.5162184251968505
21
-4.1761476771653543
0
LINE
8
BLACK
6
CONTINUOUS
10
6.5162184251968505
20
-4.1761476771653543
11
6.5162109055118105
21
-4.1760418503937009
0
LINE
8
BLACK
6
CONTINUOUS
10
6.5162109055118105
20
-4.1760418503937009
11
6.5161703149606298
21
-4.1759438582677166
0
LINE
8
BLACK
6
CONTINUOUS
10
6.5161703149606298
20
-4.1759438582677166
11
6.516113582677165
21
-4.1753677952755908
0
LINE
8
BLACK
6
CONTINUOUS
10
6.516113582677165
20
-4.1753677952755908
11
6.516113582677165
21
-4.165993976377953
0
LINE
8
BLACK
6
CONTINUOUS
10
6.516113582677165
20
-4.165993976377953
11
6.5161703149606298
21
-4.1654179133858271
0
LINE
8
BLACK
6
CONTINUOUS
10
6.5161703149606298
20
-4.1654179133858271
11
6.5162109055118105
21
-4.1653198818897641
0
LINE
8
BLACK
6
CONTINUOUS
10
6.5162109055118105
20
-4.1653198818897641
11
6.5162184251968505
21
-4.1652140944881886
0
LINE
8
BLACK
6
CONTINUOUS
10
6.5162184251968505
20
-4.1652140944881886
11
6.5164253149606299
21
-4.1646734645669294
0
LINE
8
BLACK
6
CONTINUOUS
10
6.5164253149606299
20
-4.1646734645669294
11
6.5183000787401575
21
-4.1609239370078743
0
LINE
8
BLACK
6
CONTINUOUS
10
6.5183000787401575
20
-4.1609239370078743
11
6.5184561417322833
21
-4.1606759055118108
0
LINE
8
BLACK
6
CONTINUOUS
10
6.5184561417322833
20
-4.1606759055118108
11
6.518485984251968
21
-4.1606039763779528
0
LINE
8
BLACK
6
CONTINUOUS
10
6.518485984251968
20
-4.1606039763779528
11
6.5185524409448821
21
-4.1605229921259843
0
LINE
8
BLACK
6
CONTINUOUS
10
6.5185524409448821
20
-4.1605229921259843
11
6.5186084251968506
21
-4.1604340551181105
0
LINE
8
BLACK
6
CONTINUOUS
10
6.5186084251968506
20
-4.1604340551181105
11
6.5186674015748034
21
-4.160382874015748
0
LINE
8
BLACK
6
CONTINUOUS
10
6.5186674015748034
20
-4.160382874015748
11
6.5188531889763777
21
-4.160156535433071
0
LINE
8
BLACK
6
CONTINUOUS
10
6.5188531889763777
20
-4.160156535433071
11
6.5207279527559052
21
-4.1582817716535434
0
LINE
8
BLACK
6
CONTINUOUS
10
6.5207279527559052
20
-4.1582817716535434
11
6.5209542913385823
21
-4.1580959842519682
0
LINE
8
BLACK
6
CONTINUOUS
10
6.5209542913385823
20
-4.1580959842519682
11
6.5210054724409448
21
-4.1580370078740154
0
LINE
8
BLACK
6
CONTINUOUS
10
6.5210054724409448
20
-4.1580370078740154
11
6.5210944094488186
21
-4.1579810236220469
0
LINE
8
BLACK
6
CONTINUOUS
10
6.5210944094488186
20
-4.1579810236220469
11
6.521175393700787
21
-4.1579145669291337
0
LINE
8
BLACK
6
CONTINUOUS
10
6.521175393700787
20
-4.1579145669291337
11
6.5212473228346459
21
-4.157884724409449
0
LINE
8
BLACK
6
CONTINUOUS
10
6.5212473228346459
20
-4.157884724409449
11
6.5214953543307086
21
-4.1577286614173223
0
LINE
8
BLACK
6
CONTINUOUS
10
6.5214953543307086
20
-4.1577286614173223
11
6.5252448818897637
21
-4.1558538976377948
0
LINE
8
BLACK
6
CONTINUOUS
10
6.5252448818897637
20
-4.1558538976377948
11
6.525785472440945
21
-4.1556470078740153
0
LINE
8
BLACK
6
CONTINUOUS
10
6.525785472440945
20
-4.1556470078740153
11
6.5258913385826771
21
-4.1556394488188975
0
LINE
8
BLACK
6
CONTINUOUS
10
6.5258913385826771
20
-4.1556394488188975
11
6.5259893307086614
21
-4.1555988976377956
0
LINE
8
BLACK
6
CONTINUOUS
10
6.5259893307086614
20
-4.1555988976377956
11
6.5265653937007873
21
-4.1555421653543307
0
LINE
8
BLACK
6
CONTINUOUS
10
6.5265653937007873
20
-4.1555421653543307
11
6.5340644488188975
21
-4.1555421653543307
0
LINE
8
BLACK
6
CONTINUOUS
10
6.5340644488188975
20
-4.1555421653543307
11
6.5346405118110233
21
-4.1555988976377956
0
LINE
8
BLACK
6
CONTINUOUS
10
6.5346405118110233
20
-4.1555988976377956
11
6.5347385039370076
21
-4.1556394881889762
0
LINE
8
BLACK
6
CONTINUOUS
10
6.5347385039370076
20
-4.1556394881889762
11
6.534844330708661
21
-4.1556470078740153
0
LINE
8
BLACK
6
CONTINUOUS
10
6.534844330708661
20
-4.1556470078740153
11
6.535384960629921
21
-4.1558538976377948
0
LINE
8
BLACK
6
CONTINUOUS
10
6.535384960629921
20
-4.1558538976377948
11
6.5376774803149607
21
-4.157000157480315
0
LINE
8
BLACK
6
CONTINUOUS
10
6.5376774803149607
20
-4.157000157480315
11
6.5369481889763774
21
-4.1540829921259839
0
LINE
8
BLACK
6
CONTINUOUS
10
6.5369481889763774
20
-4.1540829921259839
11
6.5336444881889761
21
-4.1491274409448815
0
LINE
8
BLACK
6
CONTINUOUS
10
6.5336444881889761
20
-4.1491274409448815
11
6.5323153543307084
21
-4.1477983070866138
0
LINE
8
BLACK
6
CONTINUOUS
10
6.5323153543307084
20
-4.1477983070866138
11
6.5296178740157478
21
-4.1464495669291335
0
LINE
8
BLACK
6
CONTINUOUS
10
6.5296178740157478
20
-4.1464495669291335
11
6.5228158661417321
21
-4.1464495669291335
0
LINE
8
BLACK
6
CONTINUOUS
10
6.5228158661417321
20
-4.1464495669291335
11
6.5222398031496063
21
-4.1463928346456695
0
LINE
8
BLACK
6
CONTINUOUS
10
6.5222398031496063
20
-4.1463928346456695
11
6.521175393700787
21
-4.145951929133858
0
LINE
8
BLACK
6
CONTINUOUS
10
6.521175393700787
20
-4.145951929133858
11
6.5203607480314956
21
-4.1451372834645666
0
LINE
8
BLACK
6
CONTINUOUS
10
6.5203607480314956
20
-4.1451372834645666
11
6.5199198425196849
21
-4.1440728740157482
0
LINE
8
BLACK
6
CONTINUOUS
10
6.5199198425196849
20
-4.1440728740157482
11
6.5199198425196849
21
-4.1429207480314956
0
LINE
8
BLACK
6
CONTINUOUS
10
6.5199198425196849
20
-4.1429207480314956
11
6.5203607480314956
21
-4.1418563385826772
0
LINE
8
BLACK
6
CONTINUOUS
10
6.5203607480314956
20
-4.1418563385826772
11
6.521175393700787
21
-4.1410416929133858
0
LINE
8
BLACK
6
CONTINUOUS
10
6.521175393700787
20
-4.1410416929133858
11
6.5222398031496063
21
-4.1406007874015751
0
LINE
8
BLACK
6
CONTINUOUS
10
6.5222398031496063
20
-4.1406007874015751
11
6.5228158661417321
21
-4.1405440551181103
0
LINE
8
BLACK
6
CONTINUOUS
10
6.5228158661417321
20
-4.1405440551181103
11
6.5303149212598424
21
-4.1405440551181103
0
LINE
8
BLACK
6
CONTINUOUS
10
6.5303149212598424
20
-4.1405440551181103
11
6.5308909842519682
21
-4.1406007874015751
0
LINE
8
BLACK
6
CONTINUOUS
10
6.5245649606299212
20
-4.1627964173228342
11
6.5233678346456694
21
-4.1639935433070869
0
LINE
8
BLACK
6
CONTINUOUS
10
6.5233678346456694
20
-4.1639935433070869
11
6.5220190944881891
21
-4.1666910236220476
0
LINE
8
BLACK
6
CONTINUOUS
10
6.5220190944881891
20
-4.1666910236220476
11
6.5220190944881891
21
-4.1746707480314962
0
LINE
8
BLACK
6
CONTINUOUS
10
6.5220190944881891
20
-4.1746707480314962
11
6.5233678346456694
21
-4.1773682283464568
0
LINE
8
BLACK
6
CONTINUOUS
10
6.5233678346456694
20
-4.1773682283464568
11
6.5245649606299212
21
-4.1785653937007874
0
LINE
8
BLACK
6
CONTINUOUS
10
6.5245649606299212
20
-4.1785653937007874
11
6.5272624409448818
21
-4.1799141338582677
0
LINE
8
BLACK
6
CONTINUOUS
10
6.5272624409448818
20
-4.1799141338582677
11
6.5333674015748029
21
-4.1799141338582677
0
LINE
8
BLACK
6
CONTINUOUS
10
6.5333674015748029
20
-4.1799141338582677
11
6.5360648425196848
21
-4.1785653937007874
0
LINE
8
BLACK
6
CONTINUOUS
10
6.5360648425196848
20
-4.1785653937007874
11
6.5372619685039366
21
-4.1773682283464568
0
LINE
8
BLACK
6
CONTINUOUS
10
6.5372619685039366
20
-4.1773682283464568
11
6.5386107480314957
21
-4.1746707480314962
0
LINE
8
BLACK
6
CONTINUOUS
10
6.5386107480314957
20
-4.1746707480314962
11
6.5386107480314957
21
-4.1666910236220476
0
LINE
8
BLACK
6
CONTINUOUS
10
6.5386107480314957
20
-4.1666910236220476
11
6.5372620078740153
21
-4.1639935433070869
0
LINE
8
BLACK
6
CONTINUOUS
10
6.5372620078740153
20
-4.1639935433070869
11
6.5360648818897635
21
-4.1627964173228342
0
LINE
8
BLACK
6
CONTINUOUS
10
6.5360648818897635
20
-4.1627964173228342
11
6.5333674015748029
21
-4.1614476771653539
0
LINE
8
BLACK
6
CONTINUOUS
10
6.5333674015748029
20
-4.1614476771653539
11
6.5272624409448818
21
-4.1614476771653539
0
LINE
8
BLACK
6
CONTINUOUS
10
6.5272624409448818
20
-4.1614476771653539
11
6.5245649606299212
21
-4.1627964173228342
0
LINE
8
BLACK
6
CONTINUOUS
10
6.5796348818897634
20
-4.1406007874015751
11
6.5806992913385827
21
-4.1410416929133858
0
LINE
8
BLACK
6
CONTINUOUS
10
6.5806992913385827
20
-4.1410416929133858
11
6.5815139370078741
21
-4.1418563385826772
0
LINE
8
BLACK
6
CONTINUOUS
10
6.5815139370078741
20
-4.1418563385826772
11
6.5819548425196848
21
-4.1429207480314956
0
LINE
8
BLACK
6
CONTINUOUS
10
6.5819548425196848
20
-4.1429207480314956
11
6.5820115748031496
21
-4.1434968110236223
0
LINE
8
BLACK
6
CONTINUOUS
10
6.5820115748031496
20
-4.1434968110236223
11
6.5820115748031496
21
-4.1828668897637797
0
LINE
8
BLACK
6
CONTINUOUS
10
6.5820115748031496
20
-4.1828668897637797
11
6.5819548425196848
21
-4.1834429527559056
0
LINE
8
BLACK
6
CONTINUOUS
10
6.5819548425196848
20
-4.1834429527559056
11
6.5815139370078741
21
-4.184507362204724
0
LINE
8
BLACK
6
CONTINUOUS
10
6.5815139370078741
20
-4.184507362204724
11
6.5806992913385827
21
-4.1853220078740154
0
LINE
8
BLACK
6
CONTINUOUS
10
6.5806992913385827
20
-4.1853220078740154
11
6.5796348818897634
21
-4.185762913385827
0
LINE
8
BLACK
6
CONTINUOUS
10
6.5796348818897634
20
-4.185762913385827
11
6.5784827559055117
21
-4.185762913385827
0
LINE
8
BLACK
6
CONTINUOUS
10
6.5784827559055117
20
-4.185762913385827
11
6.5774183464566924
21
-4.1853220078740154
0
LINE
8
BLACK
6
CONTINUOUS
10
6.5774183464566924
20
-4.1853220078740154
11
6.5766037007874019
21
-4.184507362204724
0
LINE
8
BLACK
6
CONTINUOUS
10
6.5766037007874019
20
-4.184507362204724
11
6.5761627952755903
21
-4.1834429527559056
0
LINE
8
BLACK
6
CONTINUOUS
10
6.5761627952755903
20
-4.1834429527559056
11
6.5761060629921255
21
-4.1828668897637797
0
LINE
8
BLACK
6
CONTINUOUS
10
6.5761060629921255
20
-4.1828668897637797
11
6.5761060629921255
21
-4.1670719685039366
0
LINE
8
BLACK
6
CONTINUOUS
10
6.5761060629921255
20
-4.1670719685039366
11
6.5712223622047246
21
-4.1670719685039366
0
LINE
8
BLACK
6
CONTINUOUS
10
6.5712223622047246
20
-4.1670719685039366
11
6.5589806299212601
21
-4.184560196850394
0
LINE
8
BLACK
6
CONTINUOUS
10
6.5589806299212601
20
-4.184560196850394
11
6.5586038188976374
21
-4.1849995669291333
0
LINE
8
BLACK
6
CONTINUOUS
10
6.5586038188976374
20
-4.1849995669291333
11
6.5576322047244089
21
-4.18561874015748
0
LINE
8
BLACK
6
CONTINUOUS
10
6.5576322047244089
20
-4.18561874015748
11
6.5564976771653543
21
-4.1858189370078742
0
LINE
8
BLACK
6
CONTINUOUS
10
6.5564976771653543
20
-4.1858189370078742
11
6.5553728346456692
21
-4.1855697637795277
0
LINE
8
BLACK
6
CONTINUOUS
10
6.5553728346456692
20
-4.1855697637795277
11
6.5544289763779524
21
-4.1849090551181103
0
LINE
8
BLACK
6
CONTINUOUS
10
6.5544289763779524
20
-4.1849090551181103
11
6.5538098031496057
21
-4.1839374409448817
0
LINE
8
BLACK
6
CONTINUOUS
10
6.5538098031496057
20
-4.1839374409448817
11
6.5536096062992124
21
-4.1828029133858271
0
LINE
8
BLACK
6
CONTINUOUS
10
6.5536096062992124
20
-4.1828029133858271
11
6.5538587795275589
21
-4.1816780708661421
0
LINE
8
BLACK
6
CONTINUOUS
10
6.5538587795275589
20
-4.1816780708661421
11
6.5541426771653546
21
-4.1811735826771654
0
LINE
8
BLACK
6
CONTINUOUS
10
6.5541426771653546
20
-4.1811735826771654
11
6.5640168110236221
21
-4.1670676377952756
0
LINE
8
BLACK
6
CONTINUOUS
10
6.5640168110236221
20
-4.1670676377952756
11
6.5634846456692912
21
-4.1670152362204727
0
LINE
8
BLACK
6
CONTINUOUS
10
6.5634846456692912
20
-4.1670152362204727
11
6.563386653543307
21
-4.1669746456692911
0
LINE
8
BLACK
6
CONTINUOUS
10
6.563386653543307
20
-4.1669746456692911
11
6.5632807874015748
21
-4.166967125984252
0
LINE
8
BLACK
6
CONTINUOUS
10
6.5632807874015748
20
-4.166967125984252
11
6.5627401968503936
21
-4.1667602362204725
0
LINE
8
BLACK
6
CONTINUOUS
10
6.5627401968503936
20
-4.1667602362204725
11
6.5589906692913384
21
-4.164885472440945
0
LINE
8
BLACK
6
CONTINUOUS
10
6.5589906692913384
20
-4.164885472440945
11
6.5587426377952758
21
-4.1647293700787404
0
LINE
8
BLACK
6
CONTINUOUS
10
6.5587426377952758
20
-4.1647293700787404
11
6.5586707086614169
21
-4.1646995669291336
0
LINE
8
BLACK
6
CONTINUOUS
10
6.5586707086614169
20
-4.1646995669291336
11
6.5585897244094484
21
-4.1646330708661417
0
LINE
8
BLACK
6
CONTINUOUS
10
6.5585897244094484
20
-4.1646330708661417
11
6.5585007874015746
21
-4.1645771259842519
0
LINE
8
BLACK
6
CONTINUOUS
10
6.5585007874015746
20
-4.1645771259842519
11
6.5584496062992121
21
-4.1645181102362203
0
LINE
8
BLACK
6
CONTINUOUS
10
6.5584496062992121
20
-4.1645181102362203
11
6.5582232677165351
21
-4.1643323622047239
0
LINE
8
BLACK
6
CONTINUOUS
10
6.5582232677165351
20
-4.1643323622047239
11
6.5563485039370075
21
-4.1624575984251964
0
LINE
8
BLACK
6
CONTINUOUS
10
6.5563485039370075
20
-4.1624575984251964
11
6.5561627165354333
21
-4.1622312204724405
0
LINE
8
BLACK
6
CONTINUOUS
10
6.5561627165354333
20
-4.1622312204724405
11
6.5561037401574804
21
-4.1621800787401577
0
LINE
8
BLACK
6
CONTINUOUS
10
6.5561037401574804
20
-4.1621800787401577
11
6.5560477559055119
21
-4.1620911023622043
0
LINE
8
BLACK
6
CONTINUOUS
10
6.5560477559055119
20
-4.1620911023622043
11
6.5559812992125979
21
-4.1620101574803146
0
LINE
8
BLACK
6
CONTINUOUS
10
6.5559812992125979
20
-4.1620101574803146
11
6.5559514566929131
21
-4.1619381889763778
0
LINE
8
BLACK
6
CONTINUOUS
10
6.5559514566929131
20
-4.1619381889763778
11
6.5557953937007873
21
-4.1616901968503939
0
LINE
8
BLACK
6
CONTINUOUS
10
6.5557953937007873
20
-4.1616901968503939
11
6.5539206299212598
21
-4.1579406692913388
0
LINE
8
BLACK
6
CONTINUOUS
10
6.5539206299212598
20
-4.1579406692913388
11
6.5537137401574803
21
-4.1574000393700787
0
LINE
8
BLACK
6
CONTINUOUS
10
6.5537137401574803
20
-4.1574000393700787
11
6.5537062204724412
21
-4.1572942125984254
0
LINE
8
BLACK
6
CONTINUOUS
10
6.5537062204724412
20
-4.1572942125984254
11
6.5536656299212597
21
-4.1571962204724411
0
LINE
8
BLACK
6
CONTINUOUS
10
6.5536656299212597
20
-4.1571962204724411
11
6.5536088976377949
21
-4.1566201574803152
0
LINE
8
BLACK
6
CONTINUOUS
10
6.5536088976377949
20
-4.1566201574803152
11
6.5536088976377949
21
-4.1509958661417325
0
LINE
8
BLACK
6
CONTINUOUS
10
6.5536088976377949
20
-4.1509958661417325
11
6.5536656299212597
21
-4.1504198031496058
0
LINE
8
BLACK
6
CONTINUOUS
10
6.5536656299212597
20
-4.1504198031496058
11
6.5537062204724412
21
-4.1503217716535437
0
LINE
8
BLACK
6
CONTINUOUS
10
6.5537062204724412
20
-4.1503217716535437
11
6.5537137401574803
21
-4.1502159842519681
0
LINE
8
BLACK
6
CONTINUOUS
10
6.5537137401574803
20
-4.1502159842519681
11
6.5539206299212598
21
-4.149675354330709
0
LINE
8
BLACK
6
CONTINUOUS
10
6.5539206299212598
20
-4.149675354330709
11
6.5557953937007873
21
-4.1459258267716539
0
LINE
8
BLACK
6
CONTINUOUS
10
6.5557953937007873
20
-4.1459258267716539
11
6.5559514566929131
21
-4.1456777952755903
0
LINE
8
BLACK
6
CONTINUOUS
10
6.5559514566929131
20
-4.1456777952755903
11
6.5559812992125979
21
-4.1456058661417323
0
LINE
8
BLACK
6
CONTINUOUS
10
6.5559812992125979
20
-4.1456058661417323
11
6.5560477559055119
21
-4.1455248818897639
0
LINE
8
BLACK
6
CONTINUOUS
10
6.5560477559055119
20
-4.1455248818897639
11
6.5561037401574804
21
-4.14543594488189
0
LINE
8
BLACK
6
CONTINUOUS
10
6.5561037401574804
20
-4.14543594488189
11
6.5561627165354333
21
-4.1453847637795276
0
LINE
8
BLACK
6
CONTINUOUS
10
6.5561627165354333
20
-4.1453847637795276
11
6.5563485039370075
21
-4.1451584251968505
0
LINE
8
BLACK
6
CONTINUOUS
10
6.5563485039370075
20
-4.1451584251968505
11
6.5582232677165351
21
-4.143283661417323
0
LINE
8
BLACK
6
CONTINUOUS
10
6.5582232677165351
20
-4.143283661417323
11
6.5584496062992121
21
-4.1430978740157478
0
LINE
8
BLACK
6
CONTINUOUS
10
6.5584496062992121
20
-4.1430978740157478
11
6.5585007874015746
21
-4.143038897637795
0
LINE
8
BLACK
6
CONTINUOUS
10
6.5585007874015746
20
-4.143038897637795
11
6.5585897244094484
21
-4.1429829133858265
0
LINE
8
BLACK
6
CONTINUOUS
10
6.5585897244094484
20
-4.1429829133858265
11
6.5586707086614169
21
-4.1429164566929133
0
LINE
8
BLACK
6
CONTINUOUS
10
6.5586707086614169
20
-4.1429164566929133
11
6.5587426377952758
21
-4.1428866141732286
0
LINE
8
BLACK
6
CONTINUOUS
10
6.5587426377952758
20
-4.1428866141732286
11
6.5589906692913384
21
-4.1427305511811019
0
LINE
8
BLACK
6
CONTINUOUS
10
6.5589906692913384
20
-4.1427305511811019
11
6.5627401968503936
21
-4.1408557874015743
0
LINE
8
BLACK
6
CONTINUOUS
10
6.5627401968503936
20
-4.1408557874015743
11
6.5632807874015748
21
-4.1406488976377949
0
LINE
8
BLACK
6
CONTINUOUS
10
6.5632807874015748
20
-4.1406488976377949
11
6.563386653543307
21
-4.140641338582677
0
LINE
8
BLACK
6
CONTINUOUS
10
6.563386653543307
20
-4.140641338582677
11
6.5634846456692912
21
-4.1406007874015751
0
LINE
8
BLACK
6
CONTINUOUS
10
6.5634846456692912
20
-4.1406007874015751
11
6.5640607086614171
21
-4.1405440551181103
0
LINE
8
BLACK
6
CONTINUOUS
10
6.5640607086614171
20
-4.1405440551181103
11
6.5790588188976376
21
-4.1405440551181103
0
LINE
8
BLACK
6
CONTINUOUS
10
6.5790588188976376
20
-4.1405440551181103
11
6.5796348818897634
21
-4.1406007874015751
0
LINE
8
BLACK
6
CONTINUOUS
10
6.5620602755905511
20
-4.1477983070866138
11
6.5608631496062992
21
-4.1489954330708665
0
LINE
8
BLACK
6
CONTINUOUS
10
6.5608631496062992
20
-4.1489954330708665
11
6.5595144094488189
21
-4.1516929133858262
0
LINE
8
BLACK
6
CONTINUOUS
10
6.5595144094488189
20
-4.1516929133858262
11
6.5595144094488189
21
-4.1559231102362206
0
LINE
8
BLACK
6
CONTINUOUS
10
6.5595144094488189
20
-4.1559231102362206
11
6.5608631496062992
21
-4.1586205905511813
0
LINE
8
BLACK
6
CONTINUOUS
10
6.5608631496062992
20
-4.1586205905511813
11
6.5620602755905511
21
-4.1598177165354331
0
LINE
8
BLACK
6
CONTINUOUS
10
6.5620602755905511
20
-4.1598177165354331
11
6.5647577559055117
21
-4.1611664566929134
0
LINE
8
BLACK
6
CONTINUOUS
10
6.5647577559055117
20
-4.1611664566929134
11
6.5761060629921255
21
-4.1611664566929134
0
LINE
8
BLACK
6
CONTINUOUS
10
6.5761060629921255
20
-4.1611664566929134
11
6.5761060629921255
21
-4.1464495669291335
0
LINE
8
BLACK
6
CONTINUOUS
10
6.5761060629921255
20
-4.1464495669291335
11
6.5647577559055117
21
-4.1464495669291335
0
LINE
8
BLACK
6
CONTINUOUS
10
6.5647577559055117
20
-4.1464495669291335
11
6.5620602755905511
21
-4.1477983070866138
0
LINE
8
BLACK
6
CONTINUOUS
10
5.0091053149606299
20
-4.1800912204724412
11
5.0103837401574802
21
-4.1813696456692915
0
LINE
8
BLACK
6
CONTINUOUS
10
5.0103837401574802
20
-4.1813696456692915
11
5.0103837401574802
21
-4.1831775984251971
0
LINE
8
BLACK
6
CONTINUOUS
10
5.0103837401574802
20
-4.1831775984251971
11
5.0091053149606299
21
-4.1844560236220474
0
LINE
8
BLACK
6
CONTINUOUS
10
5.0091053149606299
20
-4.1844560236220474
11
5.0082013385826771
21
-4.184635826771653
0
LINE
8
BLACK
6
CONTINUOUS
10
5.0082013385826771
20
-4.184635826771653
11
4.9903222834645664
21
-4.184635826771653
0
LINE
8
BLACK
6
CONTINUOUS
10
4.9903222834645664
20
-4.184635826771653
11
4.9894183070866145
21
-4.1844560236220474
0
LINE
8
BLACK
6
CONTINUOUS
10
4.9894183070866145
20
-4.1844560236220474
11
4.9881398818897633
21
-4.1831775984251971
0
LINE
8
BLACK
6
CONTINUOUS
10
4.9881398818897633
20
-4.1831775984251971
11
4.9881398818897633
21
-4.1813696456692915
0
LINE
8
BLACK
6
CONTINUOUS
10
4.9881398818897633
20
-4.1813696456692915
11
4.9894183070866145
21
-4.1800912204724412
0
LINE
8
BLACK
6
CONTINUOUS
10
4.9894183070866145
20
-4.1800912204724412
11
4.9903222834645664
21
-4.1799114173228347
0
LINE
8
BLACK
6
CONTINUOUS
10
4.9903222834645664
20
-4.1799114173228347
11
5.0082013385826771
21
-4.1799114173228347
0
LINE
8
BLACK
6
CONTINUOUS
10
5.0082013385826771
20
-4.1799114173228347
11
5.0091053149606299
21
-4.1800912204724412
0
LINE
8
BLACK
6
CONTINUOUS
10
5.8098435039370075
20
-4.1788805905511808
11
5.8111219291338578
21
-4.1801590157480311
0
LINE
8
BLACK
6
CONTINUOUS
10
5.8111219291338578
20
-4.1801590157480311
11
5.8111219291338578
21
-4.1819669685039367
0
LINE
8
BLACK
6
CONTINUOUS
10
5.8111219291338578
20
-4.1819669685039367
11
5.8098435039370075
21
-4.183245393700787
0
LINE
8
BLACK
6
CONTINUOUS
10
5.8098435039370075
20
-4.183245393700787
11
5.8089395275590547
21
-4.1834251968503935
0
LINE
8
BLACK
6
CONTINUOUS
10
5.8089395275590547
20
-4.1834251968503935
11
5.7910604724409449
21
-4.1834251968503935
0
LINE
8
BLACK
6
CONTINUOUS
10
5.7910604724409449
20
-4.1834251968503935
11
5.7901564960629921
21
-4.183245393700787
0
LINE
8
BLACK
6
CONTINUOUS
10
5.7901564960629921
20
-4.183245393700787
11
5.7888780708661418
21
-4.1819669685039367
0
LINE
8
BLACK
6
CONTINUOUS
10
5.7888780708661418
20
-4.1819669685039367
11
5.7888780708661418
21
-4.1801590157480311
0
LINE
8
BLACK
6
CONTINUOUS
10
5.7888780708661418
20
-4.1801590157480311
11
5.7901564960629921
21
-4.1788805905511808
0
LINE
8
BLACK
6
CONTINUOUS
10
5.7901564960629921
20
-4.1788805905511808
11
5.7910604724409449
21
-4.1787007874015751
0
LINE
8
BLACK
6
CONTINUOUS
10
5.7910604724409449
20
-4.1787007874015751
11
5.8089395275590547
21
-4.1787007874015751
0
LINE
8
BLACK
6
CONTINUOUS
10
5.8089395275590547
20
-4.1787007874015751
11
5.8098435039370075
21
-4.1788805905511808
0
LINE
8
BLACK
6
CONTINUOUS
10
5.9830086220472438
20
-4.1342412204724406
11
5.9830516535433071
21
-4.1342348425196853
0
LINE
8
BLACK
6
CONTINUOUS
10
5.9830516535433071
20
-4.1342348425196853
11
5.983267125984252
21
-4.1342666929133856
0
LINE
8
BLACK
6
CONTINUOUS
10
5.983267125984252
20
-4.1342666929133856
11
5.9834841732283461
21
-4.134288070866142
0
LINE
8
BLACK
6
CONTINUOUS
10
5.9834841732283461
20
-4.134288070866142
11
5.9835243700787402
21
-4.1343046850393703
0
LINE
8
BLACK
6
CONTINUOUS
10
5.9835243700787402
20
-4.1343046850393703
11
5.9836242519685037
21
-4.134319488188976
0
LINE
8
BLACK
6
CONTINUOUS
10
5.9836242519685037
20
-4.134319488188976
11
5.9911233070866139
21
-4.1361942519685035
0
LINE
8
BLACK
6
CONTINUOUS
10
5.9911233070866139
20
-4.1361942519685035
11
5.9911657874015747
21
-4.1362094094488189
0
LINE
8
BLACK
6
CONTINUOUS
10
5.9911657874015747
20
-4.1362094094488189
11
5.991187047244094
21
-4.1362109448818893
0
LINE
8
BLACK
6
CONTINUOUS
10
5.991187047244094
20
-4.1362109448818893
11
5.9914264566929134
21
-4.1363025590551183
0
LINE
8
BLACK
6
CONTINUOUS
10
5.9914264566929134
20
-4.1363025590551183
11
5.9916684251968499
21
-4.1363890157480316
0
LINE
8
BLACK
6
CONTINUOUS
10
5.9916684251968499
20
-4.1363890157480316
11
5.991685551181102
21
-4.1364016929133856
0
LINE
8
BLACK
6
CONTINUOUS
10
5.991685551181102
20
-4.1364016929133856
11
5.991727677165354
21
-4.1364178346456688
0
LINE
8
BLACK
6
CONTINUOUS
10
5.991727677165354
20
-4.1364178346456688
11
5.9954772047244091
21
-4.1382925984251964
0
LINE
8
BLACK
6
CONTINUOUS
10
5.9954772047244091
20
-4.1382925984251964
11
5.9957250787401577
21
-4.1384486220472443
0
LINE
8
BLACK
6
CONTINUOUS
10
5.9957250787401577
20
-4.1384486220472443
11
5.995797125984252
21
-4.138478464566929
0
LINE
8
BLACK
6
CONTINUOUS
10
5.995797125984252
20
-4.138478464566929
11
5.9958781496062992
21
-4.1385449606299209
0
LINE
8
BLACK
6
CONTINUOUS
10
5.9958781496062992
20
-4.1385449606299209
11
5.995967086614173
21
-4.1386009448818895
0
LINE
8
BLACK
6
CONTINUOUS
10
5.995967086614173
20
-4.1386009448818895
11
5.9960182283464567
21
-4.1386599212598423
0
LINE
8
BLACK
6
CONTINUOUS
10
5.9960182283464567
20
-4.1386599212598423
11
5.9962445669291338
21
-4.1388456692913387
0
LINE
8
BLACK
6
CONTINUOUS
10
5.9962445669291338
20
-4.1388456692913387
11
5.9981193700787401
21
-4.1407204330708662
0
LINE
8
BLACK
6
CONTINUOUS
10
5.9981193700787401
20
-4.1407204330708662
11
5.9983051181102365
21
-4.1409467716535433
0
LINE
8
BLACK
6
CONTINUOUS
10
5.9983051181102365
20
-4.1409467716535433
11
5.9983641732283459
21
-4.1409979921259845
0
LINE
8
BLACK
6
CONTINUOUS
10
5.9983641732283459
20
-4.1409979921259845
11
5.9984201574803144
21
-4.1410869291338583
0
LINE
8
BLACK
6
CONTINUOUS
10
5.9984201574803144
20
-4.1410869291338583
11
5.9984866141732285
21
-4.1411679133858268
0
LINE
8
BLACK
6
CONTINUOUS
10
5.9984866141732285
20
-4.1411679133858268
11
5.9985164173228345
21
-4.1412398425196848
0
LINE
8
BLACK
6
CONTINUOUS
10
5.9985164173228345
20
-4.1412398425196848
11
5.998672519685039
21
-4.1414878740157484
0
LINE
8
BLACK
6
CONTINUOUS
10
5.998672519685039
20
-4.1414878740157484
11
6.0005472834645666
21
-4.1452374015748035
0
LINE
8
BLACK
6
CONTINUOUS
10
6.0005472834645666
20
-4.1452374015748035
11
6.000754173228346
21
-4.1457779921259839
0
LINE
8
BLACK
6
CONTINUOUS
10
6.000754173228346
20
-4.1457779921259839
11
6.000761692913386
21
-4.1458838582677169
0
LINE
8
BLACK
6
CONTINUOUS
10
6.000761692913386
20
-4.1458838582677169
11
6.0008022834645667
21
-4.1459818503937003
0
LINE
8
BLACK
6
CONTINUOUS
10
6.0008022834645667
20
-4.1459818503937003
11
6.0008590157480315
21
-4.146557913385827
0
LINE
8
BLACK
6
CONTINUOUS
10
6.0008590157480315
20
-4.146557913385827
11
6.0008590157480315
21
-4.1503074409448821
0
LINE
8
BLACK
6
CONTINUOUS
10
6.0008590157480315
20
-4.1503074409448821
11
6.0008022834645667
21
-4.150883503937008
0
LINE
8
BLACK
6
CONTINUOUS
10
6.0008022834645667
20
-4.150883503937008
11
6.000761692913386
21
-4.1509814566929135
0
LINE
8
BLACK
6
CONTINUOUS
10
6.000761692913386
20
-4.1509814566929135
11
6.000754173228346
21
-4.1510873622047244
0
LINE
8
BLACK
6
CONTINUOUS
10
6.000754173228346
20
-4.1510873622047244
11
6.0005472834645666
21
-4.1516279527559057
0
LINE
8
BLACK
6
CONTINUOUS
10
6.0005472834645666
20
-4.1516279527559057
11
5.998672519685039
21
-4.1553774803149608
0
LINE
8
BLACK
6
CONTINUOUS
10
5.998672519685039
20
-4.1553774803149608
11
5.9985164173228345
21
-4.1556254724409447
0
LINE
8
BLACK
6
CONTINUOUS
10
5.9985164173228345
20
-4.1556254724409447
11
5.9984866141732285
21
-4.1556974409448815
0
LINE
8
BLACK
6
CONTINUOUS
10
5.9984866141732285
20
-4.1556974409448815
11
5.9984201574803144
21
-4.1557783858267712
0
LINE
8
BLACK
6
CONTINUOUS
10
5.9984201574803144
20
-4.1557783858267712
11
5.9983641732283459
21
-4.1558673622047246
0
LINE
8
BLACK
6
CONTINUOUS
10
5.9983641732283459
20
-4.1558673622047246
11
5.9983051181102365
21
-4.1559185433070862
0
LINE
8
BLACK
6
CONTINUOUS
10
5.9983051181102365
20
-4.1559185433070862
11
5.9981193700787401
21
-4.156144921259842
0
LINE
8
BLACK
6
CONTINUOUS
10
5.9981193700787401
20
-4.156144921259842
11
5.9962445669291338
21
-4.1580196850393696
0
LINE
8
BLACK
6
CONTINUOUS
10
5.9962445669291338
20
-4.1580196850393696
11
5.9960182283464567
21
-4.1582053937007872
0
LINE
8
BLACK
6
CONTINUOUS
10
5.9960182283464567
20
-4.1582053937007872
11
5.995967086614173
21
-4.1582644094488188
0
LINE
8
BLACK
6
CONTINUOUS
10
5.995967086614173
20
-4.1582644094488188
11
5.9958781496062992
21
-4.1583203543307086
0
LINE
8
BLACK
6
CONTINUOUS
10
5.9958781496062992
20
-4.1583203543307086
11
5.995797125984252
21
-4.1583868897637792
0
LINE
8
BLACK
6
CONTINUOUS
10
5.995797125984252
20
-4.1583868897637792
11
5.9957250787401577
21
-4.1584166929133861
0
LINE
8
BLACK
6
CONTINUOUS
10
5.9957250787401577
20
-4.1584166929133861
11
5.9954772047244091
21
-4.1585727559055119
0
LINE
8
BLACK
6
CONTINUOUS
10
5.9954772047244091
20
-4.1585727559055119
11
5.991727677165354
21
-4.1604475196850395
0
LINE
8
BLACK
6
CONTINUOUS
10
5.991727677165354
20
-4.1604475196850395
11
5.991685551181102
21
-4.160463622047244
0
LINE
8
BLACK
6
CONTINUOUS
10
5.991685551181102
20
-4.160463622047244
11
5.9916684251968499
21
-4.1604763385826775
0
LINE
8
BLACK
6
CONTINUOUS
10
5.9916684251968499
20
-4.1604763385826775
11
5.9914264566929134
21
-4.1605627559055121
0
LINE
8
BLACK
6
CONTINUOUS
10
5.9914264566929134
20
-4.1605627559055121
11
5.991187047244094
21
-4.1606544094488189
0
LINE
8
BLACK
6
CONTINUOUS
10
5.991187047244094
20
-4.1606544094488189
11
5.9911657874015747
21
-4.1606559055118106
0
LINE
8
BLACK
6
CONTINUOUS
10
5.9911657874015747
20
-4.1606559055118106
11
5.9911233070866139
21
-4.1606711023622047
0
LINE
8
BLACK
6
CONTINUOUS
10
5.9911233070866139
20
-4.1606711023622047
11
5.9836242519685037
21
-4.1625458661417323
0
LINE
8
BLACK
6
CONTINUOUS
10
5.9836242519685037
20
-4.1625458661417323
11
5.9835243700787402
21
-4.1625606299212601
0
LINE
8
BLACK
6
CONTINUOUS
10
5.9835243700787402
20
-4.1625606299212601
11
5.9834841732283461
21
-4.1625772834645671
0
LINE
8
BLACK
6
CONTINUOUS
10
5.9834841732283461
20
-4.1625772834645671
11
5.983267125984252
21
-4.162598622047244
0
LINE
8
BLACK
6
CONTINUOUS
10
5.983267125984252
20
-4.162598622047244
11
5.9830516535433071
21
-4.1626305118110238
0
LINE
8
BLACK
6
CONTINUOUS
10
5.9830516535433071
20
-4.1626305118110238
11
5.9830086220472438
21
-4.1626240944881889
0
LINE
8
BLACK
6
CONTINUOUS
10
5.9830086220472438
20
-4.1626240944881889
11
5.9829081102362203
21
-4.162634015748031
0
LINE
8
BLACK
6
CONTINUOUS
10
5.9829081102362203
20
-4.162634015748031
11
5.9735342913385825
21
-4.162634015748031
0
LINE
8
BLACK
6
CONTINUOUS
10
5.9735342913385825
20
-4.162634015748031
11
5.9734337401574802
21
-4.1626240944881889
0
LINE
8
BLACK
6
CONTINUOUS
10
5.9734337401574802
20
-4.1626240944881889
11
5.9733907480314956
21
-4.1626305118110238
0
LINE
8
BLACK
6
CONTINUOUS
10
5.9733907480314956
20
-4.1626305118110238
11
5.973175236220472
21
-4.162598622047244
0
LINE
8
BLACK
6
CONTINUOUS
10
5.973175236220472
20
-4.162598622047244
11
5.9729582283464566
21
-4.1625772834645671
0
LINE
8
BLACK
6
CONTINUOUS
10
5.9729582283464566
20
-4.1625772834645671
11
5.9729179921259838
21
-4.1625606299212601
0
LINE
8
BLACK
6
CONTINUOUS
10
5.9729179921259838
20
-4.1625606299212601
11
5.9728181496062991
21
-4.1625458661417323
0
LINE
8
BLACK
6
CONTINUOUS
10
5.9728181496062991
20
-4.1625458661417323
11
5.9653190944881889
21
-4.1606711023622047
0
LINE
8
BLACK
6
CONTINUOUS
10
5.9653190944881889
20
-4.1606711023622047
11
5.9652765748031493
21
-4.1606559055118106
0
LINE
8
BLACK
6
CONTINUOUS
10
5.9652765748031493
20
-4.1606559055118106
11
5.96525531496063
21
-4.1606544094488189
0
LINE
8
BLACK
6
CONTINUOUS
10
5.96525531496063
20
-4.1606544094488189
11
5.9650155511811018
21
-4.1605626377952758
0
LINE
8
BLACK
6
CONTINUOUS
10
5.9650155511811018
20
-4.1605626377952758
11
5.9647739763779528
21
-4.1604763385826775
0
LINE
8
BLACK
6
CONTINUOUS
10
5.9647739763779528
20
-4.1604763385826775
11
5.964756811023622
21
-4.160463622047244
0
LINE
8
BLACK
6
CONTINUOUS
10
5.964756811023622
20
-4.160463622047244
11
5.9647147244094487
21
-4.1604475196850395
0
LINE
8
BLACK
6
CONTINUOUS
10
5.9647147244094487
20
-4.1604475196850395
11
5.9609651968503936
21
-4.1585727559055119
0
LINE
8
BLACK
6
CONTINUOUS
10
5.9609651968503936
20
-4.1585727559055119
11
5.9607171653543309
21
-4.1584166535433074
0
LINE
8
BLACK
6
CONTINUOUS
10
5.9607171653543309
20
-4.1584166535433074
11
5.960645236220472
21
-4.1583868503937005
0
LINE
8
BLACK
6
CONTINUOUS
10
5.960645236220472
20
-4.1583868503937005
11
5.9605642519685036
21
-4.1583203543307086
0
LINE
8
BLACK
6
CONTINUOUS
10
5.9605642519685036
20
-4.1583203543307086
11
5.9604753149606298
21
-4.1582644094488188
0
LINE
8
BLACK
6
CONTINUOUS
10
5.9604753149606298
20
-4.1582644094488188
11
5.9604241338582673
21
-4.1582053937007872
0
LINE
8
BLACK
6
CONTINUOUS
10
5.9604241338582673
20
-4.1582053937007872
11
5.9601977952755902
21
-4.1580196456692908
0
LINE
8
BLACK
6
CONTINUOUS
10
5.9601977952755902
20
-4.1580196456692908
11
5.9583230314960627
21
-4.1561448818897633
0
LINE
8
BLACK
6
CONTINUOUS
10
5.9583230314960627
20
-4.1561448818897633
11
5.9581372440944884
21
-4.1559185039370075
0
LINE
8
BLACK
6
CONTINUOUS
10
5.9581372440944884
20
-4.1559185039370075
11
5.9580782677165356
21
-4.1558673622047246
0
LINE
8
BLACK
6
CONTINUOUS
10
5.9580782677165356
20
-4.1558673622047246
11
5.9580222834645671
21
-4.1557783858267712
0
LINE
8
BLACK
6
CONTINUOUS
10
5.9580222834645671
20
-4.1557783858267712
11
5.957955826771653
21
-4.1556974409448815
0
LINE
8
BLACK
6
CONTINUOUS
10
5.957955826771653
20
-4.1556974409448815
11
5.9579259842519683
21
-4.1556254724409447
0
LINE
8
BLACK
6
CONTINUOUS
10
5.9579259842519683
20
-4.1556254724409447
11
5.9577699212598425
21
-4.1553774803149608
0
LINE
8
BLACK
6
CONTINUOUS
10
5.9577699212598425
20
-4.1553774803149608
11
5.9558951574803149
21
-4.1516279527559057
0
LINE
8
BLACK
6
CONTINUOUS
10
5.9558951574803149
20
-4.1516279527559057
11
5.9556882677165355
21
-4.1510873228346457
0
LINE
8
BLACK
6
CONTINUOUS
10
5.9556882677165355
20
-4.1510873228346457
11
5.9556807480314955
21
-4.1509814960629923
0
LINE
8
BLACK
6
CONTINUOUS
10
5.9556807480314955
20
-4.1509814960629923
11
5.9556401574803148
21
-4.150883503937008
0
LINE
8
BLACK
6
CONTINUOUS
10
5.9556401574803148
20
-4.150883503937008
11
5.95558342519685
21
-4.1503074409448821
0
LINE
8
BLACK
6
CONTINUOUS
10
5.95558342519685
20
-4.1503074409448821
11
5.95558342519685
21
-4.146557913385827
0
LINE
8
BLACK
6
CONTINUOUS
10
5.95558342519685
20
-4.146557913385827
11
5.9556401574803148
21
-4.1459818503937003
0
LINE
8
BLACK
6
CONTINUOUS
10
5.9556401574803148
20
-4.1459818503937003
11
5.9556807480314955
21
-4.1458838188976381
0
LINE
8
BLACK
6
CONTINUOUS
10
5.9556807480314955
20
-4.1458838188976381
11
5.9556882677165355
21
-4.1457780314960626
0
LINE
8
BLACK
6
CONTINUOUS
10
5.9556882677165355
20
-4.1457780314960626
11
5.9558951574803149
21
-4.1452374015748035
0
LINE
8
BLACK
6
CONTINUOUS
10
5.9558951574803149
20
-4.1452374015748035
11
5.9577699212598425
21
-4.1414878740157484
0
LINE
8
BLACK
6
CONTINUOUS
10
5.9577699212598425
20
-4.1414878740157484
11
5.9579259842519683
21
-4.1412398425196848
0
LINE
8
BLACK
6
CONTINUOUS
10
5.9579259842519683
20
-4.1412398425196848
11
5.957955826771653
21
-4.1411679133858268
0
LINE
8
BLACK
6
CONTINUOUS
10
5.957955826771653
20
-4.1411679133858268
11
5.9580222834645671
21
-4.1410869291338583
0
LINE
8
BLACK
6
CONTINUOUS
10
5.9580222834645671
20
-4.1410869291338583
11
5.9580782677165356
21
-4.1409979921259845
0
LINE
8
BLACK
6
CONTINUOUS
10
5.9580782677165356
20
-4.1409979921259845
11
5.9581372440944884
21
-4.1409468110236221
0
LINE
8
BLACK
6
CONTINUOUS
10
5.9581372440944884
20
-4.1409468110236221
11
5.9583230314960627
21
-4.140720472440945
0
LINE
8
BLACK
6
CONTINUOUS
10
5.9583230314960627
20
-4.140720472440945
11
5.9601977952755902
21
-4.1388457086614174
0
LINE
8
BLACK
6
CONTINUOUS
10
5.9601977952755902
20
-4.1388457086614174
11
5.9604241338582673
21
-4.1386599212598423
0
LINE
8
BLACK
6
CONTINUOUS
10
5.9604241338582673
20
-4.1386599212598423
11
5.9604753149606298
21
-4.1386009448818895
0
LINE
8
BLACK
6
CONTINUOUS
10
5.9604753149606298
20
-4.1386009448818895
11
5.9605642519685036
21
-4.1385449606299209
0
LINE
8
BLACK
6
CONTINUOUS
10
5.9605642519685036
20
-4.1385449606299209
11
5.960645236220472
21
-4.1384785039370078
0
LINE
8
BLACK
6
CONTINUOUS
10
5.960645236220472
20
-4.1384785039370078
11
5.9607171653543309
21
-4.138448661417323
0
LINE
8
BLACK
6
CONTINUOUS
10
5.9607171653543309
20
-4.138448661417323
11
5.9609651968503936
21
-4.1382925984251964
0
LINE
8
BLACK
6
CONTINUOUS
10
5.9609651968503936
20
-4.1382925984251964
11
5.9647147244094487
21
-4.1364178346456688
0
LINE
8
BLACK
6
CONTINUOUS
10
5.9647147244094487
20
-4.1364178346456688
11
5.964756811023622
21
-4.1364016929133856
0
LINE
8
BLACK
6
CONTINUOUS
10
5.964756811023622
20
-4.1364016929133856
11
5.9647739763779528
21
-4.1363890157480316
0
LINE
8
BLACK
6
CONTINUOUS
10
5.9647739763779528
20
-4.1363890157480316
11
5.9650155511811018
21
-4.1363026771653546
0
LINE
8
BLACK
6
CONTINUOUS
10
5.9650155511811018
20
-4.1363026771653546
11
5.96525531496063
21
-4.1362109448818893
0
LINE
8
BLACK
6
CONTINUOUS
10
5.96525531496063
20
-4.1362109448818893
11
5.9652765748031493
21
-4.1362094094488189
0
LINE
8
BLACK
6
CONTINUOUS
10
5.9652765748031493
20
-4.1362094094488189
11
5.9653190944881889
21
-4.1361942519685035
0
LINE
8
BLACK
6
CONTINUOUS
10
5.9653190944881889
20
-4.1361942519685035
11
5.9728181496062991
21
-4.134319488188976
0
LINE
8
BLACK
6
CONTINUOUS
10
5.9728181496062991
20
-4.134319488188976
11
5.9729179921259838
21
-4.1343046850393703
0
LINE
8
BLACK
6
CONTINUOUS
10
5.9729179921259838
20
-4.1343046850393703
11
5.9729582283464566
21
-4.134288070866142
0
LINE
8
BLACK
6
CONTINUOUS
10
5.9729582283464566
20
-4.134288070866142
11
5.973175236220472
21
-4.1342666929133856
0
LINE
8
BLACK
6
CONTINUOUS
10
5.973175236220472
20
-4.1342666929133856
11
5.9733907480314956
21
-4.1342348425196853
0
LINE
8
BLACK
6
CONTINUOUS
10
5.9733907480314956
20
-4.1342348425196853
11
5.9734337401574802
21
-4.1342412204724406
0
LINE
8
BLACK
6
CONTINUOUS
10
5.9734337401574802
20
-4.1342412204724406
11
5.9735342913385825
21
-4.1342313385826772
0
LINE
8
BLACK
6
CONTINUOUS
10
5.9735342913385825
20
-4.1342313385826772
11
5.9829081102362203
21
-4.1342313385826772
0
LINE
8
BLACK
6
CONTINUOUS
10
5.9829081102362203
20
-4.1342313385826772
11
5.9830086220472438
21
-4.1342412204724406
0
LINE
8
BLACK
6
CONTINUOUS
10
5.9670657874015749
20
-4.141844842519685
11
5.9640348031496062
21
-4.1433603543307083
0
LINE
8
BLACK
6
CONTINUOUS
10
5.9640348031496062
20
-4.1433603543307083
11
5.9628376771653544
21
-4.144557480314961
0
LINE
8
BLACK
6
CONTINUOUS
10
5.9628376771653544
20
-4.144557480314961
11
5.9614889370078741
21
-4.1472549606299216
0
LINE
8
BLACK
6
CONTINUOUS
10
5.9614889370078741
20
-4.1472549606299216
11
5.9614889370078741
21
-4.1496103937007875
0
LINE
8
BLACK
6
CONTINUOUS
10
5.9614889370078741
20
-4.1496103937007875
11
5.9628376771653544
21
-4.1523078740157482
0
LINE
8
BLACK
6
CONTINUOUS
10
5.9628376771653544
20
-4.1523078740157482
11
5.9640348031496062
21
-4.153505
0
LINE
8
BLACK
6
CONTINUOUS
10
5.9640348031496062
20
-4.153505
11
5.9670657874015749
21
-4.1550204724409445
0
LINE
8
BLACK
6
CONTINUOUS
10
5.9670657874015749
20
-4.1550204724409445
11
5.973897834645669
21
-4.1567285039370079
0
LINE
8
BLACK
6
CONTINUOUS
10
5.973897834645669
20
-4.1567285039370079
11
5.9825445669291337
21
-4.1567285039370079
0
LINE
8
BLACK
6
CONTINUOUS
10
5.9825445669291337
20
-4.1567285039370079
11
5.9893766141732279
21
-4.1550204724409445
0
LINE
8
BLACK
6
CONTINUOUS
10
5.9893766141732279
20
-4.1550204724409445
11
5.9924075984251965
21
-4.1535049606299212
0
LINE
8
BLACK
6
CONTINUOUS
10
5.9924075984251965
20
-4.1535049606299212
11
5.9936047637795271
21
-4.1523078346456694
0
LINE
8
BLACK
6
CONTINUOUS
10
5.9936047637795271
20
-4.1523078346456694
11
5.9949535039370074
21
-4.1496103937007875
0
LINE
8
BLACK
6
CONTINUOUS
10
5.9949535039370074
20
-4.1496103937007875
11
5.9949535039370074
21
-4.1472549606299216
0
LINE
8
BLACK
6
CONTINUOUS
10
5.9949535039370074
20
-4.1472549606299216
11
5.9936047637795271
21
-4.144557480314961
0
LINE
8
BLACK
6
CONTINUOUS
10
5.9936047637795271
20
-4.144557480314961
11
5.9924075984251965
21
-4.1433603543307083
0
LINE
8
BLACK
6
CONTINUOUS
10
5.9924075984251965
20
-4.1433603543307083
11
5.9893766141732279
21
-4.141844842519685
0
LINE
8
BLACK
6
CONTINUOUS
10
5.9893766141732279
20
-4.141844842519685
11
5.9825445669291337
21
-4.1401368503937004
0
LINE
8
BLACK
6
CONTINUOUS
10
5.9825445669291337
20
-4.1401368503937004
11
5.973897834645669
21
-4.1401368503937004
0
LINE
8
BLACK
6
CONTINUOUS
10
5.973897834645669
20
-4.1401368503937004
11
5.9670657874015749
21
-4.141844842519685
0
LINE
8
BLACK
6
CONTINUOUS
10
5.8705646456692913
20
-4.1343361811023618
11
5.8715951574803151
21
-4.1348514566929131
0
LINE
8
BLACK
6
CONTINUOUS
10
5.8715951574803151
20
-4.1348514566929131
11
5.87235
21
-4.1357218110236218
0
LINE
8
BLACK
6
CONTINUOUS
10
5.87235
20
-4.1357218110236218
11
5.8727143307086616
21
-4.1368148031496066
0
LINE
8
BLACK
6
CONTINUOUS
10
5.8727143307086616
20
-4.1368148031496066
11
5.8726326771653543
21
-4.1379640157480315
0
LINE
8
BLACK
6
CONTINUOUS
10
5.8726326771653543
20
-4.1379640157480315
11
5.8724257874015748
21
-4.1385046062992128
0
LINE
8
BLACK
6
CONTINUOUS
10
5.8724257874015748
20
-4.1385046062992128
11
5.8705510236220473
21
-4.1422541338582679
0
LINE
8
BLACK
6
CONTINUOUS
10
5.8705510236220473
20
-4.1422541338582679
11
5.8703950000000003
21
-4.1425019291338581
0
LINE
8
BLACK
6
CONTINUOUS
10
5.8703950000000003
20
-4.1425019291338581
11
5.8703651574803146
21
-4.1425740944881886
0
LINE
8
BLACK
6
CONTINUOUS
10
5.8703651574803146
20
-4.1425740944881886
11
5.8702985433070864
21
-4.142655236220472
0
LINE
8
BLACK
6
CONTINUOUS
10
5.8702985433070864
20
-4.142655236220472
11
5.8702426771653542
21
-4.1427440157480317
0
LINE
8
BLACK
6
CONTINUOUS
10
5.8702426771653542
20
-4.1427440157480317
11
5.8701837401574801
21
-4.1427951181102358
0
LINE
8
BLACK
6
CONTINUOUS
10
5.8701837401574801
20
-4.1427951181102358
11
5.8699979133858262
21
-4.1430215354330704
0
LINE
8
BLACK
6
CONTINUOUS
10
5.8699979133858262
20
-4.1430215354330704
11
5.8675395275590549
21
-4.1454799212598425
0
LINE
8
BLACK
6
CONTINUOUS
10
5.8675395275590549
20
-4.1454799212598425
11
5.8949535039370078
21
-4.1454799212598425
0
LINE
8
BLACK
6
CONTINUOUS
10
5.8949535039370078
20
-4.1454799212598425
11
5.8949535039370078
21
-4.1371840944881892
0
LINE
8
BLACK
6
CONTINUOUS
10
5.8949535039370078
20
-4.1371840944881892
11
5.8950102362204726
21
-4.1366080314960625
0
LINE
8
BLACK
6
CONTINUOUS
10
5.8950102362204726
20
-4.1366080314960625
11
5.8954511417322832
21
-4.1355436220472441
0
LINE
8
BLACK
6
CONTINUOUS
10
5.8954511417322832
20
-4.1355436220472441
11
5.8962657874015747
21
-4.1347289763779527
0
LINE
8
BLACK
6
CONTINUOUS
10
5.8962657874015747
20
-4.1347289763779527
11
5.8973301968503939
21
-4.134288070866142
0
LINE
8
BLACK
6
CONTINUOUS
10
5.8973301968503939
20
-4.134288070866142
11
5.8984823228346457
21
-4.134288070866142
0
LINE
8
BLACK
6
CONTINUOUS
10
5.8984823228346457
20
-4.134288070866142
11
5.899546732283464
21
-4.1347289763779527
0
LINE
8
BLACK
6
CONTINUOUS
10
5.899546732283464
20
-4.1347289763779527
11
5.9003613779527555
21
-4.1355436220472441
0
LINE
8
BLACK
6
CONTINUOUS
10
5.9003613779527555
20
-4.1355436220472441
11
5.900802283464567
21
-4.1366080314960625
0
LINE
8
BLACK
6
CONTINUOUS
10
5.900802283464567
20
-4.1366080314960625
11
5.900859015748031
21
-4.1371840944881892
0
LINE
8
BLACK
6
CONTINUOUS
10
5.900859015748031
20
-4.1371840944881892
11
5.900859015748031
21
-4.1596812598425199
0
LINE
8
BLACK
6
CONTINUOUS
10
5.900859015748031
20
-4.1596812598425199
11
5.900802283464567
21
-4.1602573228346458
0
LINE
8
BLACK
6
CONTINUOUS
10
5.900802283464567
20
-4.1602573228346458
11
5.9003613779527555
21
-4.1613217322834641
0
LINE
8
BLACK
6
CONTINUOUS
10
5.9003613779527555
20
-4.1613217322834641
11
5.899546732283464
21
-4.1621363779527556
0
LINE
8
BLACK
6
CONTINUOUS
10
5.899546732283464
20
-4.1621363779527556
11
5.8984823228346457
21
-4.1625772834645671
0
LINE
8
BLACK
6
CONTINUOUS
10
5.8984823228346457
20
-4.1625772834645671
11
5.8973301968503939
21
-4.1625772834645671
0
LINE
8
BLACK
6
CONTINUOUS
10
5.8973301968503939
20
-4.1625772834645671
11
5.8962657874015747
21
-4.1621363779527556
0
LINE
8
BLACK
6
CONTINUOUS
10
5.8962657874015747
20
-4.1621363779527556
11
5.8954511417322832
21
-4.1613217322834641
0
LINE
8
BLACK
6
CONTINUOUS
10
5.8954511417322832
20
-4.1613217322834641
11
5.8950102362204726
21
-4.1602573228346458
0
LINE
8
BLACK
6
CONTINUOUS
10
5.8950102362204726
20
-4.1602573228346458
11
5.8949535039370078
21
-4.1596812598425199
0
LINE
8
BLACK
6
CONTINUOUS
10
5.8949535039370078
20
-4.1596812598425199
11
5.8949535039370078
21
-4.1513854330708657
0
LINE
8
BLACK
6
CONTINUOUS
10
5.8949535039370078
20
-4.1513854330708657
11
5.8585361811023624
21
-4.1513854330708657
0
LINE
8
BLACK
6
CONTINUOUS
10
5.8585361811023624
20
-4.1513854330708657
11
5.8585340944881885
21
-4.1513851968503932
0
LINE
8
BLACK
6
CONTINUOUS
10
5.8585340944881885
20
-4.1513851968503932
11
5.8585330708661418
21
-4.1513854330708657
0
LINE
8
BLACK
6
CONTINUOUS
10
5.8585330708661418
20
-4.1513854330708657
11
5.8585300393700788
21
-4.1513848031496066
0
LINE
8
BLACK
6
CONTINUOUS
10
5.8585300393700788
20
-4.1513848031496066
11
5.8579601181102356
21
-4.1513287007874018
0
LINE
8
BLACK
6
CONTINUOUS
10
5.8579601181102356
20
-4.1513287007874018
11
5.8576899999999998
21
-4.1512168110236223
0
LINE
8
BLACK
6
CONTINUOUS
10
5.8576899999999998
20
-4.1512168110236223
11
5.8574033858267711
21
-4.1511594881889762
0
LINE
8
BLACK
6
CONTINUOUS
10
5.8574033858267711
20
-4.1511594881889762
11
5.8571629921259838
21
-4.1509985039370081
0
LINE
8
BLACK
6
CONTINUOUS
10
5.8571629921259838
20
-4.1509985039370081
11
5.8568957086614173
21
-4.1508877952755903
0
LINE
8
BLACK
6
CONTINUOUS
10
5.8568957086614173
20
-4.1508877952755903
11
5.8566889763779528
21
-4.1506810629921258
0
LINE
8
BLACK
6
CONTINUOUS
10
5.8566889763779528
20
-4.1506810629921258
11
5.856446102362205
21
-4.1505184251968501
0
LINE
8
BLACK
6
CONTINUOUS
10
5.856446102362205
20
-4.1505184251968501
11
5.856285590551181
21
-4.150277677165354
0
LINE
8
BLACK
6
CONTINUOUS
10
5.856285590551181
20
-4.150277677165354
11
5.8560810629921258
21
-4.1500731496062988
0
LINE
8
BLACK
6
CONTINUOUS
10
5.8560810629921258
20
-4.1500731496062988
11
5.8559691732283463
21
-4.149803031496063
0
LINE
8
BLACK
6
CONTINUOUS
10
5.8559691732283463
20
-4.149803031496063
11
5.8558070078740156
21
-4.1495598031496064
0
LINE
8
BLACK
6
CONTINUOUS
10
5.8558070078740156
20
-4.1495598031496064
11
5.8557508661417321
21
-4.1492759842519682
0
LINE
8
BLACK
6
CONTINUOUS
10
5.8557508661417321
20
-4.1492759842519682
11
5.8556401574803152
21
-4.1490087401574804
0
LINE
8
BLACK
6
CONTINUOUS
10
5.8556401574803152
20
-4.1490087401574804
11
5.8556401574803152
21
-4.1487163385826769
0
LINE
8
BLACK
6
CONTINUOUS
10
5.8556401574803152
20
-4.1487163385826769
11
5.8555834251968504
21
-4.148429566929134
0
LINE
8
BLACK
6
CONTINUOUS
10
5.8555834251968504
20
-4.148429566929134
11
5.8556401574803152
21
-4.1481459055118108
0
LINE
8
BLACK
6
CONTINUOUS
10
5.8556401574803152
20
-4.1481459055118108
11
5.8556401574803152
21
-4.1478566141732278
0
LINE
8
BLACK
6
CONTINUOUS
10
5.8556401574803152
20
-4.1478566141732278
11
5.855752007874016
21
-4.147586496062992
0
LINE
8
BLACK
6
CONTINUOUS
10
5.855752007874016
20
-4.147586496062992
11
5.8558093700787399
21
-4.1472998818897633
0
LINE
8
BLACK
6
CONTINUOUS
10
5.8558093700787399
20
-4.1472998818897633
11
5.8559703149606301
21
-4.147059488188976
0
LINE
8
BLACK
6
CONTINUOUS
10
5.8559703149606301
20
-4.147059488188976
11
5.8560810629921258
21
-4.1467922047244095
0
LINE
8
BLACK
6
CONTINUOUS
10
5.8560810629921258
20
-4.1467922047244095
11
5.8562877559055115
21
-4.146585472440945
0
LINE
8
BLACK
6
CONTINUOUS
10
5.8562877559055115
20
-4.146585472440945
11
5.856450433070866
21
-4.1463425984251971
0
LINE
8
BLACK
6
CONTINUOUS
10
5.856450433070866
20
-4.1463425984251971
11
5.856893661417323
21
-4.1459795669291335
0
LINE
8
BLACK
6
CONTINUOUS
10
5.856893661417323
20
-4.1459795669291335
11
5.8568957086614173
21
-4.145977559055118
0
LINE
8
BLACK
6
CONTINUOUS
10
5.8568957086614173
20
-4.145977559055118
11
5.8568965748031498
21
-4.1459771653543305
0
LINE
8
BLACK
6
CONTINUOUS
10
5.8568965748031498
20
-4.1459771653543305
11
5.8568982677165353
21
-4.1459758267716538
0
LINE
8
BLACK
6
CONTINUOUS
10
5.8568982677165353
20
-4.1459758267716538
11
5.8622792913385826
21
-4.1423884645669293
0
LINE
8
BLACK
6
CONTINUOUS
10
5.8622792913385826
20
-4.1423884645669293
11
5.8654832677165354
21
-4.1391845275590553
0
LINE
8
BLACK
6
CONTINUOUS
10
5.8654832677165354
20
-4.1391845275590553
11
5.8671437401574797
21
-4.1358635826771657
0
LINE
8
BLACK
6
CONTINUOUS
10
5.8671437401574797
20
-4.1358635826771657
11
5.8674520866141728
21
-4.1353737007874019
0
LINE
8
BLACK
6
CONTINUOUS
10
5.8674520866141728
20
-4.1353737007874019
11
5.8683224803149603
21
-4.1346188582677161
0
LINE
8
BLACK
6
CONTINUOUS
10
5.8683224803149603
20
-4.1346188582677161
11
5.8694154330708663
21
-4.1342545275590554
0
LINE
8
BLACK
6
CONTINUOUS
10
5.8694154330708663
20
-4.1342545275590554
11
5.8705646456692913
21
-4.1343361811023618
0
LINE
8
BLACK
6
CONTINUOUS
10
4.8180086220472438
20
-4.1242412204724408
11
4.8180516535433071
21
-4.1242348425196846
0
LINE
8
BLACK
6
CONTINUOUS
10
4.8180516535433071
20
-4.1242348425196846
11
4.818267125984252
21
-4.1242666929133858
0
LINE
8
BLACK
6
CONTINUOUS
10
4.818267125984252
20
-4.1242666929133858
11
4.8184841732283461
21
-4.1242880708661414
0
LINE
8
BLACK
6
CONTINUOUS
10
4.8184841732283461
20
-4.1242880708661414
11
4.8185243700787401
21
-4.1243046850393696
0
LINE
8
BLACK
6
CONTINUOUS
10
4.8185243700787401
20
-4.1243046850393696
11
4.8186242519685036
21
-4.1243194881889762
0
LINE
8
BLACK
6
CONTINUOUS
10
4.8186242519685036
20
-4.1243194881889762
11
4.8261233070866139
21
-4.1261942519685038
0
LINE
8
BLACK
6
CONTINUOUS
10
4.8261233070866139
20
-4.1261942519685038
11
4.8261657874015746
21
-4.1262094094488191
0
LINE
8
BLACK
6
CONTINUOUS
10
4.8261657874015746
20
-4.1262094094488191
11
4.826187047244094
21
-4.1262109448818896
0
LINE
8
BLACK
6
CONTINUOUS
10
4.826187047244094
20
-4.1262109448818896
11
4.8264264566929134
21
-4.1263025590551177
0
LINE
8
BLACK
6
CONTINUOUS
10
4.8264264566929134
20
-4.1263025590551177
11
4.8266684251968499
21
-4.126389015748031
0
LINE
8
BLACK
6
CONTINUOUS
10
4.8266684251968499
20
-4.126389015748031
11
4.826685551181102
21
-4.1264016929133858
0
LINE
8
BLACK
6
CONTINUOUS
10
4.826685551181102
20
-4.1264016929133858
11
4.826727677165354
21
-4.126417834645669
0
LINE
8
BLACK
6
CONTINUOUS
10
4.826727677165354
20
-4.126417834645669
11
4.8304772047244091
21
-4.1282925984251966
0
LINE
8
BLACK
6
CONTINUOUS
10
4.8304772047244091
20
-4.1282925984251966
11
4.8307250787401577
21
-4.1284486220472436
0
LINE
8
BLACK
6
CONTINUOUS
10
4.8307250787401577
20
-4.1284486220472436
11
4.8307971259842519
21
-4.1284784645669292
0
LINE
8
BLACK
6
CONTINUOUS
10
4.8307971259842519
20
-4.1284784645669292
11
4.8308781496062991
21
-4.1285449606299212
0
LINE
8
BLACK
6
CONTINUOUS
10
4.8308781496062991
20
-4.1285449606299212
11
4.830967086614173
21
-4.1286009448818897
0
LINE
8
BLACK
6
CONTINUOUS
10
4.830967086614173
20
-4.1286009448818897
11
4.8310182283464567
21
-4.1286599212598425
0
LINE
8
BLACK
6
CONTINUOUS
10
4.8310182283464567
20
-4.1286599212598425
11
4.8312445669291337
21
-4.1288456692913389
0
LINE
8
BLACK
6
CONTINUOUS
10
4.8312445669291337
20
-4.1288456692913389
11
4.83311937007874
21
-4.1307204330708664
0
LINE
8
BLACK
6
CONTINUOUS
10
4.83311937007874
20
-4.1307204330708664
11
4.8333051181102364
21
-4.1309467716535435
0
LINE
8
BLACK
6
CONTINUOUS
10
4.8333051181102364
20
-4.1309467716535435
11
4.8333641732283468
21
-4.1309979921259838
0
LINE
8
BLACK
6
CONTINUOUS
10
4.8333641732283468
20
-4.1309979921259838
11
4.8334201574803153
21
-4.1310869291338586
0
LINE
8
BLACK
6
CONTINUOUS
10
4.8334201574803153
20
-4.1310869291338586
11
4.8334866141732284
21
-4.131167913385827
0
LINE
8
BLACK
6
CONTINUOUS
10
4.8334866141732284
20
-4.131167913385827
11
4.8335164173228344
21
-4.131239842519685
0
LINE
8
BLACK
6
CONTINUOUS
10
4.8335164173228344
20
-4.131239842519685
11
4.833672519685039
21
-4.1314878740157477
0
LINE
8
BLACK
6
CONTINUOUS
10
4.833672519685039
20
-4.1314878740157477
11
4.8355472834645665
21
-4.1352374015748028
0
LINE
8
BLACK
6
CONTINUOUS
10
4.8355472834645665
20
-4.1352374015748028
11
4.835754173228346
21
-4.1357779921259841
0
LINE
8
BLACK
6
CONTINUOUS
10
4.835754173228346
20
-4.1357779921259841
11
4.835761692913386
21
-4.1358838582677162
0
LINE
8
BLACK
6
CONTINUOUS
10
4.835761692913386
20
-4.1358838582677162
11
4.8358022834645666
21
-4.1359818503937005
0
LINE
8
BLACK
6
CONTINUOUS
10
4.8358022834645666
20
-4.1359818503937005
11
4.8358590157480315
21
-4.1365579133858263
0
LINE
8
BLACK
6
CONTINUOUS
10
4.8358590157480315
20
-4.1365579133858263
11
4.8358590157480315
21
-4.1403074409448815
0
LINE
8
BLACK
6
CONTINUOUS
10
4.8358590157480315
20
-4.1403074409448815
11
4.8358022834645666
21
-4.1408835039370082
0
LINE
8
BLACK
6
CONTINUOUS
10
4.8358022834645666
20
-4.1408835039370082
11
4.835761692913386
21
-4.1409814566929137
0
LINE
8
BLACK
6
CONTINUOUS
10
4.835761692913386
20
-4.1409814566929137
11
4.835754173228346
21
-4.1410873622047246
0
LINE
8
BLACK
6
CONTINUOUS
10
4.835754173228346
20
-4.1410873622047246
11
4.8355472834645665
21
-4.141627952755905
0
LINE
8
BLACK
6
CONTINUOUS
10
4.8355472834645665
20
-4.141627952755905
11
4.833672519685039
21
-4.1453774803149601
0
LINE
8
BLACK
6
CONTINUOUS
10
4.833672519685039
20
-4.1453774803149601
11
4.8335164173228344
21
-4.1456254724409449
0
LINE
8
BLACK
6
CONTINUOUS
10
4.8335164173228344
20
-4.1456254724409449
11
4.8334866141732284
21
-4.1456974409448817
0
LINE
8
BLACK
6
CONTINUOUS
10
4.8334866141732284
20
-4.1456974409448817
11
4.8334201574803153
21
-4.1457783858267714
0
LINE
8
BLACK
6
CONTINUOUS
10
4.8334201574803153
20
-4.1457783858267714
11
4.8333641732283468
21
-4.145867362204724
0
LINE
8
BLACK
6
CONTINUOUS
10
4.8333641732283468
20
-4.145867362204724
11
4.8333051181102364
21
-4.1459185433070864
0
LINE
8
BLACK
6
CONTINUOUS
10
4.8333051181102364
20
-4.1459185433070864
11
4.83311937007874
21
-4.1461449212598422
0
LINE
8
BLACK
6
CONTINUOUS
10
4.83311937007874
20
-4.1461449212598422
11
4.8312445669291337
21
-4.1480196850393698
0
LINE
8
BLACK
6
CONTINUOUS
10
4.8312445669291337
20
-4.1480196850393698
11
4.8310182283464567
21
-4.1482053937007874
0
LINE
8
BLACK
6
CONTINUOUS
10
4.8310182283464567
20
-4.1482053937007874
11
4.830967086614173
21
-4.148264409448819
0
LINE
8
BLACK
6
CONTINUOUS
10
4.830967086614173
20
-4.148264409448819
11
4.8308781496062991
21
-4.1483203543307088
0
LINE
8
BLACK
6
CONTINUOUS
10
4.8308781496062991
20
-4.1483203543307088
11
4.8307971259842519
21
-4.1483868897637795
0
LINE
8
BLACK
6
CONTINUOUS
10
4.8307971259842519
20
-4.1483868897637795
11
4.8307250787401577
21
-4.1484166929133854
0
LINE
8
BLACK
6
CONTINUOUS
10
4.8307250787401577
20
-4.1484166929133854
11
4.8304772047244091
21
-4.1485727559055121
0
LINE
8
BLACK
6
CONTINUOUS
10
4.8304772047244091
20
-4.1485727559055121
11
4.826727677165354
21
-4.1504475196850397
0
LINE
8
BLACK
6
CONTINUOUS
10
4.826727677165354
20
-4.1504475196850397
11
4.826685551181102
21
-4.1504636220472442
0
LINE
8
BLACK
6
CONTINUOUS
10
4.826685551181102
20
-4.1504636220472442
11
4.8266684251968499
21
-4.1504763385826768
0
LINE
8
BLACK
6
CONTINUOUS
10
4.8266684251968499
20
-4.1504763385826768
11
4.8264264566929134
21
-4.1505627559055114
0
LINE
8
BLACK
6
CONTINUOUS
10
4.8264264566929134
20
-4.1505627559055114
11
4.826187047244094
21
-4.1506544094488191
0
LINE
8
BLACK
6
CONTINUOUS
10
4.826187047244094
20
-4.1506544094488191
11
4.8261657874015746
21
-4.1506559055118109
0
LINE
8
BLACK
6
CONTINUOUS
10
4.8261657874015746
20
-4.1506559055118109
11
4.8261233070866139
21
-4.1506711023622049
0
LINE
8
BLACK
6
CONTINUOUS
10
4.8261233070866139
20
-4.1506711023622049
11
4.8186242519685036
21
-4.1525458661417325
0
LINE
8
BLACK
6
CONTINUOUS
10
4.8186242519685036
20
-4.1525458661417325
11
4.8185243700787401
21
-4.1525606299212594
0
LINE
8
BLACK
6
CONTINUOUS
10
4.8185243700787401
20
-4.1525606299212594
11
4.8184841732283461
21
-4.1525772834645664
0
LINE
8
BLACK
6
CONTINUOUS
10
4.8184841732283461
20
-4.1525772834645664
11
4.818267125984252
21
-4.1525986220472442
0
LINE
8
BLACK
6
CONTINUOUS
10
4.818267125984252
20
-4.1525986220472442
11
4.8180516535433071
21
-4.1526305118110232
0
LINE
8
BLACK
6
CONTINUOUS
10
4.8180516535433071
20
-4.1526305118110232
11
4.8180086220472438
21
-4.1526240944881891
0
LINE
8
BLACK
6
CONTINUOUS
10
4.8180086220472438
20
-4.1526240944881891
11
4.8179081102362202
21
-4.1526340157480313
0
LINE
8
BLACK
6
CONTINUOUS
10
4.8179081102362202
20
-4.1526340157480313
11
4.8085342913385825
21
-4.1526340157480313
0
LINE
8
BLACK
6
CONTINUOUS
10
4.8085342913385825
20
-4.1526340157480313
11
4.8084337401574802
21
-4.1526240944881891
0
LINE
8
BLACK
6
CONTINUOUS
10
4.8084337401574802
20
-4.1526240944881891
11
4.8083907480314956
21
-4.1526305118110232
0
LINE
8
BLACK
6
CONTINUOUS
10
4.8083907480314956
20
-4.1526305118110232
11
4.8081752362204719
21
-4.1525986220472442
0
LINE
8
BLACK
6
CONTINUOUS
10
4.8081752362204719
20
-4.1525986220472442
11
4.8079582283464566
21
-4.1525772834645664
0
LINE
8
BLACK
6
CONTINUOUS
10
4.8079582283464566
20
-4.1525772834645664
11
4.8079179921259838
21
-4.1525606299212594
0
LINE
8
BLACK
6
CONTINUOUS
10
4.8079179921259838
20
-4.1525606299212594
11
4.8078181496062991
21
-4.1525458661417325
0
LINE
8
BLACK
6
CONTINUOUS
10
4.8078181496062991
20
-4.1525458661417325
11
4.8003190944881888
21
-4.1506711023622049
0
LINE
8
BLACK
6
CONTINUOUS
10
4.8003190944881888
20
-4.1506711023622049
11
4.8002765748031493
21
-4.1506559055118109
0
LINE
8
BLACK
6
CONTINUOUS
10
4.8002765748031493
20
-4.1506559055118109
11
4.80025531496063
21
-4.1506544094488191
0
LINE
8
BLACK
6
CONTINUOUS
10
4.80025531496063
20
-4.1506544094488191
11
4.8000155511811027
21
-4.1505626377952751
0
LINE
8
BLACK
6
CONTINUOUS
10
4.8000155511811027
20
-4.1505626377952751
11
4.7997739763779528
21
-4.1504763385826768
0
LINE
8
BLACK
6
CONTINUOUS
10
4.7997739763779528
20
-4.1504763385826768
11
4.7997568110236219
21
-4.1504636220472442
0
LINE
8
BLACK
6
CONTINUOUS
10
4.7997568110236219
20
-4.1504636220472442
11
4.7997147244094487
21
-4.1504475196850397
0
LINE
8
BLACK
6
CONTINUOUS
10
4.7997147244094487
20
-4.1504475196850397
11
4.7959651968503936
21
-4.1485727559055121
0
LINE
8
BLACK
6
CONTINUOUS
10
4.7959651968503936
20
-4.1485727559055121
11
4.7957171653543309
21
-4.1484166535433067
0
LINE
8
BLACK
6
CONTINUOUS
10
4.7957171653543309
20
-4.1484166535433067
11
4.795645236220472
21
-4.1483868503937007
0
LINE
8
BLACK
6
CONTINUOUS
10
4.795645236220472
20
-4.1483868503937007
11
4.7955642519685036
21
-4.1483203543307088
0
LINE
8
BLACK
6
CONTINUOUS
10
4.7955642519685036
20
-4.1483203543307088
11
4.7954753149606297
21
-4.148264409448819
0
LINE
8
BLACK
6
CONTINUOUS
10
4.7954753149606297
20
-4.148264409448819
11
4.7954241338582673
21
-4.1482053937007874
0
LINE
8
BLACK
6
CONTINUOUS
10
4.7954241338582673
20
-4.1482053937007874
11
4.7951977952755902
21
-4.148019645669291
0
LINE
8
BLACK
6
CONTINUOUS
10
4.7951977952755902
20
-4.148019645669291
11
4.7933230314960626
21
-4.1461448818897635
0
LINE
8
BLACK
6
CONTINUOUS
10
4.7933230314960626
20
-4.1461448818897635
11
4.7931372440944884
21
-4.1459185039370077
0
LINE
8
BLACK
6
CONTINUOUS
10
4.7931372440944884
20
-4.1459185039370077
11
4.7930782677165356
21
-4.145867362204724
0
LINE
8
BLACK
6
CONTINUOUS
10
4.7930782677165356
20
-4.145867362204724
11
4.793022283464567
21
-4.1457783858267714
0
LINE
8
BLACK
6
CONTINUOUS
10
4.793022283464567
20
-4.1457783858267714
11
4.792955826771653
21
-4.1456974409448817
0
LINE
8
BLACK
6
CONTINUOUS
10
4.792955826771653
20
-4.1456974409448817
11
4.7929259842519683
21
-4.1456254724409449
0
LINE
8
BLACK
6
CONTINUOUS
10
4.7929259842519683
20
-4.1456254724409449
11
4.7927699212598425
21
-4.1453774803149601
0
LINE
8
BLACK
6
CONTINUOUS
10
4.7927699212598425
20
-4.1453774803149601
11
4.7908951574803149
21
-4.141627952755905
0
LINE
8
BLACK
6
CONTINUOUS
10
4.7908951574803149
20
-4.141627952755905
11
4.7906882677165354
21
-4.1410873228346459
0
LINE
8
BLACK
6
CONTINUOUS
10
4.7906882677165354
20
-4.1410873228346459
11
4.7906807480314963
21
-4.1409814960629916
0
LINE
8
BLACK
6
CONTINUOUS
10
4.7906807480314963
20
-4.1409814960629916
11
4.7906401574803148
21
-4.1408835039370082
0
LINE
8
BLACK
6
CONTINUOUS
10
4.7906401574803148
20
-4.1408835039370082
11
4.79058342519685
21
-4.1403074409448815
0
LINE
8
BLACK
6
CONTINUOUS
10
4.79058342519685
20
-4.1403074409448815
11
4.79058342519685
21
-4.1365579133858263
0
LINE
8
BLACK
6
CONTINUOUS
10
4.79058342519685
20
-4.1365579133858263
11
4.7906401574803148
21
-4.1359818503937005
0
LINE
8
BLACK
6
CONTINUOUS
10
4.7906401574803148
20
-4.1359818503937005
11
4.7906807480314963
21
-4.1358838188976375
0
LINE
8
BLACK
6
CONTINUOUS
10
4.7906807480314963
20
-4.1358838188976375
11
4.7906882677165354
21
-4.1357780314960628
0
LINE
8
BLACK
6
CONTINUOUS
10
4.7906882677165354
20
-4.1357780314960628
11
4.7908951574803149
21
-4.1352374015748028
0
LINE
8
BLACK
6
CONTINUOUS
10
4.7908951574803149
20
-4.1352374015748028
11
4.7927699212598425
21
-4.1314878740157477
0
LINE
8
BLACK
6
CONTINUOUS
10
4.7927699212598425
20
-4.1314878740157477
11
4.7929259842519683
21
-4.131239842519685
0
LINE
8
BLACK
6
CONTINUOUS
10
4.7929259842519683
20
-4.131239842519685
11
4.792955826771653
21
-4.131167913385827
0
LINE
8
BLACK
6
CONTINUOUS
10
4.792955826771653
20
-4.131167913385827
11
4.793022283464567
21
-4.1310869291338586
0
LINE
8
BLACK
6
CONTINUOUS
10
4.793022283464567
20
-4.1310869291338586
11
4.7930782677165356
21
-4.1309979921259838
0
LINE
8
BLACK
6
CONTINUOUS
10
4.7930782677165356
20
-4.1309979921259838
11
4.7931372440944884
21
-4.1309468110236223
0
LINE
8
BLACK
6
CONTINUOUS
10
4.7931372440944884
20
-4.1309468110236223
11
4.7933230314960626
21
-4.1307204724409452
0
LINE
8
BLACK
6
CONTINUOUS
10
4.7933230314960626
20
-4.1307204724409452
11
4.7951977952755902
21
-4.1288457086614176
0
LINE
8
BLACK
6
CONTINUOUS
10
4.7951977952755902
20
-4.1288457086614176
11
4.7954241338582673
21
-4.1286599212598425
0
LINE
8
BLACK
6
CONTINUOUS
10
4.7954241338582673
20
-4.1286599212598425
11
4.7954753149606297
21
-4.1286009448818897
0
LINE
8
BLACK
6
CONTINUOUS
10
4.7954753149606297
20
-4.1286009448818897
11
4.7955642519685036
21
-4.1285449606299212
0
LINE
8
BLACK
6
CONTINUOUS
10
4.7955642519685036
20
-4.1285449606299212
11
4.795645236220472
21
-4.128478503937008
0
LINE
8
BLACK
6
CONTINUOUS
10
4.795645236220472
20
-4.128478503937008
11
4.7957171653543309
21
-4.1284486614173224
0
LINE
8
BLACK
6
CONTINUOUS
10
4.7957171653543309
20
-4.1284486614173224
11
4.7959651968503936
21
-4.1282925984251966
0
LINE
8
BLACK
6
CONTINUOUS
10
4.7959651968503936
20
-4.1282925984251966
11
4.7997147244094487
21
-4.126417834645669
0
LINE
8
BLACK
6
CONTINUOUS
10
4.7997147244094487
20
-4.126417834645669
11
4.7997568110236219
21
-4.1264016929133858
0
LINE
8
BLACK
6
CONTINUOUS
10
4.7997568110236219
20
-4.1264016929133858
11
4.7997739763779528
21
-4.126389015748031
0
LINE
8
BLACK
6
CONTINUOUS
10
4.7997739763779528
20
-4.126389015748031
11
4.8000155511811027
21
-4.1263026771653539
0
LINE
8
BLACK
6
CONTINUOUS
10
4.8000155511811027
20
-4.1263026771653539
11
4.80025531496063
21
-4.1262109448818896
0
LINE
8
BLACK
6
CONTINUOUS
10
4.80025531496063
20
-4.1262109448818896
11
4.8002765748031493
21
-4.1262094094488191
0
LINE
8
BLACK
6
CONTINUOUS
10
4.8002765748031493
20
-4.1262094094488191
11
4.8003190944881888
21
-4.1261942519685038
0
LINE
8
BLACK
6
CONTINUOUS
10
4.8003190944881888
20
-4.1261942519685038
11
4.8078181496062991
21
-4.1243194881889762
0
LINE
8
BLACK
6
CONTINUOUS
10
4.8078181496062991
20
-4.1243194881889762
11
4.8079179921259838
21
-4.1243046850393696
0
LINE
8
BLACK
6
CONTINUOUS
10
4.8079179921259838
20
-4.1243046850393696
11
4.8079582283464566
21
-4.1242880708661414
0
LINE
8
BLACK
6
CONTINUOUS
10
4.8079582283464566
20
-4.1242880708661414
11
4.8081752362204719
21
-4.1242666929133858
0
LINE
8
BLACK
6
CONTINUOUS
10
4.8081752362204719
20
-4.1242666929133858
11
4.8083907480314956
21
-4.1242348425196846
0
LINE
8
BLACK
6
CONTINUOUS
10
4.8083907480314956
20
-4.1242348425196846
11
4.8084337401574802
21
-4.1242412204724408
0
LINE
8
BLACK
6
CONTINUOUS
10
4.8084337401574802
20
-4.1242412204724408
11
4.8085342913385825
21
-4.1242313385826774
0
LINE
8
BLACK
6
CONTINUOUS
10
4.8085342913385825
20
-4.1242313385826774
11
4.8179081102362202
21
-4.1242313385826774
0
LINE
8
BLACK
6
CONTINUOUS
10
4.8179081102362202
20
-4.1242313385826774
11
4.8180086220472438
21
-4.1242412204724408
0
LINE
8
BLACK
6
CONTINUOUS
10
4.8020657874015749
20
-4.1318448425196852
11
4.7990348031496062
21
-4.1333603543307085
0
LINE
8
BLACK
6
CONTINUOUS
10
4.7990348031496062
20
-4.1333603543307085
11
4.7978376771653544
21
-4.1345574803149603
0
LINE
8
BLACK
6
CONTINUOUS
10
4.7978376771653544
20
-4.1345574803149603
11
4.796488937007874
21
-4.1372549606299209
0
LINE
8
BLACK
6
CONTINUOUS
10
4.796488937007874
20
-4.1372549606299209
11
4.796488937007874
21
-4.1396103937007869
0
LINE
8
BLACK
6
CONTINUOUS
10
4.796488937007874
20
-4.1396103937007869
11
4.7978376771653544
21
-4.1423078740157475
0
LINE
8
BLACK
6
CONTINUOUS
10
4.7978376771653544
20
-4.1423078740157475
11
4.7990348031496062
21
-4.1435050000000002
0
LINE
8
BLACK
6
CONTINUOUS
10
4.7990348031496062
20
-4.1435050000000002
11
4.8020657874015749
21
-4.1450204724409447
0
LINE
8
BLACK
6
CONTINUOUS
10
4.8020657874015749
20
-4.1450204724409447
11
4.808897834645669
21
-4.1467285039370081
0
LINE
8
BLACK
6
CONTINUOUS
10
4.808897834645669
20
-4.1467285039370081
11
4.8175445669291337
21
-4.1467285039370081
0
LINE
8
BLACK
6
CONTINUOUS
10
4.8175445669291337
20
-4.1467285039370081
11
4.8243766141732278
21
-4.1450204724409447
0
LINE
8
BLACK
6
CONTINUOUS
10
4.8243766141732278
20
-4.1450204724409447
11
4.8274075984251965
21
-4.1435049606299215
0
LINE
8
BLACK
6
CONTINUOUS
10
4.8274075984251965
20
-4.1435049606299215
11
4.8286047637795271
21
-4.1423078346456688
0
LINE
8
BLACK
6
CONTINUOUS
10
4.8286047637795271
20
-4.1423078346456688
11
4.8299535039370074
21
-4.1396103937007869
0
LINE
8
BLACK
6
CONTINUOUS
10
4.8299535039370074
20
-4.1396103937007869
11
4.8299535039370074
21
-4.1372549606299209
0
LINE
8
BLACK
6
CONTINUOUS
10
4.8299535039370074
20
-4.1372549606299209
11
4.8286047637795271
21
-4.1345574803149603
0
LINE
8
BLACK
6
CONTINUOUS
10
4.8286047637795271
20
-4.1345574803149603
11
4.8274075984251965
21
-4.1333603543307085
0
LINE
8
BLACK
6
CONTINUOUS
10
4.8274075984251965
20
-4.1333603543307085
11
4.8243766141732278
21
-4.1318448425196852
0
LINE
8
BLACK
6
CONTINUOUS
10
4.8243766141732278
20
-4.1318448425196852
11
4.8175445669291337
21
-4.1301368503937006
0
LINE
8
BLACK
6
CONTINUOUS
10
4.8175445669291337
20
-4.1301368503937006
11
4.808897834645669
21
-4.1301368503937006
0
LINE
8
BLACK
6
CONTINUOUS
10
4.808897834645669
20
-4.1301368503937006
11
4.8020657874015749
21
-4.1318448425196852
0
LINE
8
BLACK
6
CONTINUOUS
10
6.4111894881889766
20
-4.1367546062992124
11
6.4124679133858269
21
-4.1380330314960627
0
LINE
8
BLACK
6
CONTINUOUS
10
6.4124679133858269
20
-4.1380330314960627
11
6.4124679133858269
21
-4.1398409842519683
0
LINE
8
BLACK
6
CONTINUOUS
10
6.4124679133858269
20
-4.1398409842519683
11
6.4111894881889766
21
-4.1411194094488186
0
LINE
8
BLACK
6
CONTINUOUS
10
6.4111894881889766
20
-4.1411194094488186
11
6.4102855118110238
21
-4.1412992125984252
0
LINE
8
BLACK
6
CONTINUOUS
10
6.4102855118110238
20
-4.1412992125984252
11
6.389714488188976
21
-4.1412992125984252
0
LINE
8
BLACK
6
CONTINUOUS
10
6.389714488188976
20
-4.1412992125984252
11
6.3888105118110232
21
-4.1411194094488186
0
LINE
8
BLACK
6
CONTINUOUS
10
6.3888105118110232
20
-4.1411194094488186
11
6.3875320866141729
21
-4.1398409842519683
0
LINE
8
BLACK
6
CONTINUOUS
10
6.3875320866141729
20
-4.1398409842519683
11
6.3875320866141729
21
-4.1380330314960627
0
LINE
8
BLACK
6
CONTINUOUS
10
6.3875320866141729
20
-4.1380330314960627
11
6.3888105118110232
21
-4.1367546062992124
0
LINE
8
BLACK
6
CONTINUOUS
10
6.3888105118110232
20
-4.1367546062992124
11
6.389714488188976
21
-4.1365748031496059
0
LINE
8
BLACK
6
CONTINUOUS
10
6.389714488188976
20
-4.1365748031496059
11
6.4102855118110238
21
-4.1365748031496059
0
LINE
8
BLACK
6
CONTINUOUS
10
6.4102855118110238
20
-4.1365748031496059
11
6.4111894881889766
21
-4.1367546062992124
0
LINE
8
BLACK
6
CONTINUOUS
10
5.0846405118110232
20
-4.0956401574803145
11
5.0847385039370074
21
-4.0956807480314961
0
LINE
8
BLACK
6
CONTINUOUS
10
5.0847385039370074
20
-4.0956807480314961
11
5.0848443307086617
21
-4.0956882677165352
0
LINE
8
BLACK
6
CONTINUOUS
10
5.0848443307086617
20
-4.0956882677165352
11
5.0853849606299208
21
-4.0958951574803146
0
LINE
8
BLACK
6
CONTINUOUS
10
5.0853849606299208
20
-4.0958951574803146
11
5.089134488188976
21
-4.0977699212598422
0
LINE
8
BLACK
6
CONTINUOUS
10
5.089134488188976
20
-4.0977699212598422
11
5.0893824803149608
21
-4.097925984251968
0
LINE
8
BLACK
6
CONTINUOUS
10
5.0893824803149608
20
-4.097925984251968
11
5.0894544488188975
21
-4.0979558267716536
0
LINE
8
BLACK
6
CONTINUOUS
10
5.0894544488188975
20
-4.0979558267716536
11
5.0895353937007872
21
-4.0980222834645668
0
LINE
8
BLACK
6
CONTINUOUS
10
5.0895353937007872
20
-4.0980222834645668
11
5.0896243700787398
21
-4.0980782677165353
0
LINE
8
BLACK
6
CONTINUOUS
10
5.0896243700787398
20
-4.0980782677165353
11
5.0896755118110235
21
-4.0981372440944881
0
LINE
8
BLACK
6
CONTINUOUS
10
5.0896755118110235
20
-4.0981372440944881
11
5.0899018897637793
21
-4.0983230314960633
0
LINE
8
BLACK
6
CONTINUOUS
10
5.0899018897637793
20
-4.0983230314960633
11
5.0917766535433069
21
-4.1001977952755908
0
LINE
8
BLACK
6
CONTINUOUS
10
5.0917766535433069
20
-4.1001977952755908
11
5.0919624015748033
21
-4.1004241338582679
0
LINE
8
BLACK
6
CONTINUOUS
10
5.0919624015748033
20
-4.1004241338582679
11
5.0920214173228349
21
-4.1004753149606294
0
LINE
8
BLACK
6
CONTINUOUS
10
5.0920214173228349
20
-4.1004753149606294
11
5.0920773622047246
21
-4.1005642519685042
0
LINE
8
BLACK
6
CONTINUOUS
10
5.0920773622047246
20
-4.1005642519685042
11
5.0921438582677165
21
-4.1006452362204726
0
LINE
8
BLACK
6
CONTINUOUS
10
5.0921438582677165
20
-4.1006452362204726
11
5.0921736614173225
21
-4.1007171653543306
0
LINE
8
BLACK
6
CONTINUOUS
10
5.0921736614173225
20
-4.1007171653543306
11
5.0923297637795271
21
-4.1009651968503933
0
LINE
8
BLACK
6
CONTINUOUS
10
5.0923297637795271
20
-4.1009651968503933
11
5.0942045275590546
21
-4.1047147244094484
0
LINE
8
BLACK
6
CONTINUOUS
10
5.0942045275590546
20
-4.1047147244094484
11
5.0944114173228341
21
-4.1052553149606297
0
LINE
8
BLACK
6
CONTINUOUS
10
5.0944114173228341
20
-4.1052553149606297
11
5.0944189370078741
21
-4.1053611811023618
0
LINE
8
BLACK
6
CONTINUOUS
10
5.0944189370078741
20
-4.1053611811023618
11
5.0944595275590547
21
-4.1054591732283461
0
LINE
8
BLACK
6
CONTINUOUS
10
5.0944595275590547
20
-4.1054591732283461
11
5.0945162598425195
21
-4.106035236220472
0
LINE
8
BLACK
6
CONTINUOUS
10
5.0945162598425195
20
-4.106035236220472
11
5.0945162598425195
21
-4.1154090551181097
0
LINE
8
BLACK
6
CONTINUOUS
10
5.0945162598425195
20
-4.1154090551181097
11
5.0944595275590547
21
-4.1159851181102365
0
LINE
8
BLACK
6
CONTINUOUS
10
5.0944595275590547
20
-4.1159851181102365
11
5.0944189370078741
21
-4.116083070866142
0
LINE
8
BLACK
6
CONTINUOUS
10
5.0944189370078741
20
-4.116083070866142
11
5.0944114173228341
21
-4.1161889763779529
0
LINE
8
BLACK
6
CONTINUOUS
10
5.0944114173228341
20
-4.1161889763779529
11
5.0942045275590546
21
-4.1167295669291342
0
LINE
8
BLACK
6
CONTINUOUS
10
5.0942045275590546
20
-4.1167295669291342
11
5.0923297637795271
21
-4.1204790944881893
0
LINE
8
BLACK
6
CONTINUOUS
10
5.0923297637795271
20
-4.1204790944881893
11
5.0921736614173225
21
-4.1207270866141732
0
LINE
8
BLACK
6
CONTINUOUS
10
5.0921736614173225
20
-4.1207270866141732
11
5.0921438582677165
21
-4.12079905511811
0
LINE
8
BLACK
6
CONTINUOUS
10
5.0921438582677165
20
-4.12079905511811
11
5.0920773622047246
21
-4.1208799999999997
0
LINE
8
BLACK
6
CONTINUOUS
10
5.0920773622047246
20
-4.1208799999999997
11
5.0920214173228349
21
-4.1209689763779522
0
LINE
8
BLACK
6
CONTINUOUS
10
5.0920214173228349
20
-4.1209689763779522
11
5.0919624015748033
21
-4.1210201181102359
0
LINE
8
BLACK
6
CONTINUOUS
10
5.0919624015748033
20
-4.1210201181102359
11
5.0917766535433069
21
-4.1212464960629918
0
LINE
8
BLACK
6
CONTINUOUS
10
5.0917766535433069
20
-4.1212464960629918
11
5.0899018897637793
21
-4.1231212598425193
0
LINE
8
BLACK
6
CONTINUOUS
10
5.0899018897637793
20
-4.1231212598425193
11
5.0896755118110235
21
-4.1233070078740157
0
LINE
8
BLACK
6
CONTINUOUS
10
5.0896755118110235
20
-4.1233070078740157
11
5.0896243700787398
21
-4.1233660236220473
0
LINE
8
BLACK
6
CONTINUOUS
10
5.0896243700787398
20
-4.1233660236220473
11
5.0895353937007872
21
-4.1234219685039371
0
LINE
8
BLACK
6
CONTINUOUS
10
5.0895353937007872
20
-4.1234219685039371
11
5.0894544488188975
21
-4.123488464566929
0
LINE
8
BLACK
6
CONTINUOUS
10
5.0894544488188975
20
-4.123488464566929
11
5.0893824803149608
21
-4.123518267716535
0
LINE
8
BLACK
6
CONTINUOUS
10
5.0893824803149608
20
-4.123518267716535
11
5.089134488188976
21
-4.1236743700787404
0
LINE
8
BLACK
6
CONTINUOUS
10
5.089134488188976
20
-4.1236743700787404
11
5.0853849606299208
21
-4.1255491338582679
0
LINE
8
BLACK
6
CONTINUOUS
10
5.0853849606299208
20
-4.1255491338582679
11
5.0848443307086617
21
-4.1257560236220474
0
LINE
8
BLACK
6
CONTINUOUS
10
5.0848443307086617
20
-4.1257560236220474
11
5.0847385039370074
21
-4.1257635039370077
0
LINE
8
BLACK
6
CONTINUOUS
10
5.0847385039370074
20
-4.1257635039370077
11
5.0846405118110232
21
-4.1258041338582681
0
LINE
8
BLACK
6
CONTINUOUS
10
5.0846405118110232
20
-4.1258041338582681
11
5.0840644488188973
21
-4.125860866141732
0
LINE
8
BLACK
6
CONTINUOUS
10
5.0840644488188973
20
-4.125860866141732
11
5.0765653937007871
21
-4.125860866141732
0
LINE
8
BLACK
6
CONTINUOUS
10
5.0765653937007871
20
-4.125860866141732
11
5.0759893307086612
21
-4.1258041338582681
0
LINE
8
BLACK
6
CONTINUOUS
10
5.0759893307086612
20
-4.1258041338582681
11
5.0758913385826769
21
-4.1257635433070865
0
LINE
8
BLACK
6
CONTINUOUS
10
5.0758913385826769
20
-4.1257635433070865
11
5.0757854724409448
21
-4.1257560236220474
0
LINE
8
BLACK
6
CONTINUOUS
10
5.0757854724409448
20
-4.1257560236220474
11
5.0752448818897635
21
-4.1255491338582679
0
LINE
8
BLACK
6
CONTINUOUS
10
5.0752448818897635
20
-4.1255491338582679
11
5.0729523622047239
21
-4.1244028740157477
0
LINE
8
BLACK
6
CONTINUOUS
10
5.0729523622047239
20
-4.1244028740157477
11
5.0736816535433071
21
-4.1273200393700789
0
LINE
8
BLACK
6
CONTINUOUS
10
5.0736816535433071
20
-4.1273200393700789
11
5.0769852755905509
21
-4.1322755118110237
0
LINE
8
BLACK
6
CONTINUOUS
10
5.0769852755905509
20
-4.1322755118110237
11
5.0783144881889761
21
-4.1336047637795277
0
LINE
8
BLACK
6
CONTINUOUS
10
5.0783144881889761
20
-4.1336047637795277
11
5.0810119685039368
21
-4.134953503937008
0
LINE
8
BLACK
6
CONTINUOUS
10
5.0810119685039368
20
-4.134953503937008
11
5.0878139763779524
21
-4.134953503937008
0
LINE
8
BLACK
6
CONTINUOUS
10
5.0878139763779524
20
-4.134953503937008
11
5.0883900393700783
21
-4.1350102362204719
0
LINE
8
BLACK
6
CONTINUOUS
10
5.0883900393700783
20
-4.1350102362204719
11
5.0894544488188975
21
-4.1354511417322835
0
LINE
8
BLACK
6
CONTINUOUS
10
5.0894544488188975
20
-4.1354511417322835
11
5.090269094488189
21
-4.1362657874015749
0
LINE
8
BLACK
6
CONTINUOUS
10
5.090269094488189
20
-4.1362657874015749
11
5.0907099999999996
21
-4.1373301968503933
0
LINE
8
BLACK
6
CONTINUOUS
10
5.0907099999999996
20
-4.1373301968503933
11
5.0907099999999996
21
-4.1384823228346459
0
LINE
8
BLACK
6
CONTINUOUS
10
5.0907099999999996
20
-4.1384823228346459
11
5.090269094488189
21
-4.1395467322834643
0
LINE
8
BLACK
6
CONTINUOUS
10
5.090269094488189
20
-4.1395467322834643
11
5.0894544488188975
21
-4.1403613779527557
0
LINE
8
BLACK
6
CONTINUOUS
10
5.0894544488188975
20
-4.1403613779527557
11
5.0883900393700783
21
-4.1408022834645672
0
LINE
8
BLACK
6
CONTINUOUS
10
5.0883900393700783
20
-4.1408022834645672
11
5.0878139763779524
21
-4.1408590157480312
0
LINE
8
BLACK
6
CONTINUOUS
10
5.0878139763779524
20
-4.1408590157480312
11
5.0803149212598422
21
-4.1408590157480312
0
LINE
8
BLACK
6
CONTINUOUS
10
5.0803149212598422
20
-4.1408590157480312
11
5.0797388582677163
21
-4.1408022834645672
0
LINE
8
BLACK
6
CONTINUOUS
10
5.0797388582677163
20
-4.1408022834645672
11
5.079640866141732
21
-4.1407616929133857
0
LINE
8
BLACK
6
CONTINUOUS
10
5.079640866141732
20
-4.1407616929133857
11
5.0795349999999999
21
-4.1407541732283466
0
LINE
8
BLACK
6
CONTINUOUS
10
5.0795349999999999
20
-4.1407541732283466
11
5.0789944094488186
21
-4.1405472834645671
0
LINE
8
BLACK
6
CONTINUOUS
10
5.0789944094488186
20
-4.1405472834645671
11
5.0752448818897635
21
-4.1386725196850396
0
LINE
8
BLACK
6
CONTINUOUS
10
5.0752448818897635
20
-4.1386725196850396
11
5.0749968503937009
21
-4.1385164173228342
0
LINE
8
BLACK
6
CONTINUOUS
10
5.0749968503937009
20
-4.1385164173228342
11
5.0749249212598428
21
-4.1384866141732282
0
LINE
8
BLACK
6
CONTINUOUS
10
5.0749249212598428
20
-4.1384866141732282
11
5.0748439370078735
21
-4.138420157480315
0
LINE
8
BLACK
6
CONTINUOUS
10
5.0748439370078735
20
-4.138420157480315
11
5.0747549999999997
21
-4.1383641732283465
0
LINE
8
BLACK
6
CONTINUOUS
10
5.0747549999999997
20
-4.1383641732283465
11
5.0747037795275594
21
-4.1383051181102362
0
LINE
8
BLACK
6
CONTINUOUS
10
5.0747037795275594
20
-4.1383051181102362
11
5.0744774409448814
21
-4.1381193700787398
0
LINE
8
BLACK
6
CONTINUOUS
10
5.0744774409448814
20
-4.1381193700787398
11
5.0726026771653538
21
-4.1362445669291334
0
LINE
8
BLACK
6
CONTINUOUS
10
5.0726026771653538
20
-4.1362445669291334
11
5.0726013779527559
21
-4.1362429921259842
0
LINE
8
BLACK
6
CONTINUOUS
10
5.0726013779527559
20
-4.1362429921259842
11
5.0726005511811021
21
-4.1362424409448817
0
LINE
8
BLACK
6
CONTINUOUS
10
5.0726005511811021
20
-4.1362424409448817
11
5.0724156299212595
21
-4.1360166535433072
0
LINE
8
BLACK
6
CONTINUOUS
10
5.0724156299212595
20
-4.1360166535433072
11
5.0722354724409451
21
-4.1357971259842516
0
LINE
8
BLACK
6
CONTINUOUS
10
5.0722354724409451
20
-4.1357971259842516
11
5.0722350787401576
21
-4.1357961811023625
0
LINE
8
BLACK
6
CONTINUOUS
10
5.0722350787401576
20
-4.1357961811023625
11
5.0722337795275587
21
-4.1357946062992124
0
LINE
8
BLACK
6
CONTINUOUS
10
5.0722337795275587
20
-4.1357946062992124
11
5.0684842519685036
21
-4.1301703149606297
0
LINE
8
BLACK
6
CONTINUOUS
10
5.0684842519685036
20
-4.1301703149606297
11
5.0683146850393701
21
-4.1298522440944883
0
LINE
8
BLACK
6
CONTINUOUS
10
5.0683146850393701
20
-4.1298522440944883
11
5.0682712598425192
21
-4.129793661417323
0
LINE
8
BLACK
6
CONTINUOUS
10
5.0682712598425192
20
-4.129793661417323
11
5.0682464960629918
21
-4.1297243700787405
0
LINE
8
BLACK
6
CONTINUOUS
10
5.0682464960629918
20
-4.1297243700787405
11
5.0682119291338585
21
-4.1296595275590553
0
LINE
8
BLACK
6
CONTINUOUS
10
5.0682119291338585
20
-4.1296595275590553
11
5.068197755905512
21
-4.1295879921259839
0
LINE
8
BLACK
6
CONTINUOUS
10
5.068197755905512
20
-4.1295879921259839
11
5.068076496062992
21
-4.1292485433070869
0
LINE
8
BLACK
6
CONTINUOUS
10
5.068076496062992
20
-4.1292485433070869
11
5.0662017322834645
21
-4.1217494881889767
0
LINE
8
BLACK
6
CONTINUOUS
10
5.0662017322834645
20
-4.1217494881889767
11
5.0661869291338579
21
-4.1216496062992123
0
LINE
8
BLACK
6
CONTINUOUS
10
5.0661869291338579
20
-4.1216496062992123
11
5.0661703149606296
21
-4.1216094094488192
0
LINE
8
BLACK
6
CONTINUOUS
10
5.0661703149606296
20
-4.1216094094488192
11
5.0661489370078741
21
-4.1213923622047242
0
LINE
8
BLACK
6
CONTINUOUS
10
5.0661489370078741
20
-4.1213923622047242
11
5.0661170866141729
21
-4.1211768897637793
0
LINE
8
BLACK
6
CONTINUOUS
10
5.0661170866141729
20
-4.1211768897637793
11
5.0661234645669291
21
-4.1211338582677168
0
LINE
8
BLACK
6
CONTINUOUS
10
5.0661234645669291
20
-4.1211338582677168
11
5.0661135826771648
21
-4.1210333464566924
0
LINE
8
BLACK
6
CONTINUOUS
10
5.0661135826771648
20
-4.1210333464566924
11
5.0661135826771648
21
-4.106035236220472
0
LINE
8
BLACK
6
CONTINUOUS
10
5.0661135826771648
20
-4.106035236220472
11
5.0661703149606296
21
-4.1054591732283461
0
LINE
8
BLACK
6
CONTINUOUS
10
5.0661703149606296
20
-4.1054591732283461
11
5.0662109055118112
21
-4.1053611417322831
0
LINE
8
BLACK
6
CONTINUOUS
10
5.0662109055118112
20
-4.1053611417322831
11
5.0662184251968503
21
-4.1052553543307084
0
LINE
8
BLACK
6
CONTINUOUS
10
5.0662184251968503
20
-4.1052553543307084
11
5.0664253149606298
21
-4.1047147244094484
0
LINE
8
BLACK
6
CONTINUOUS
10
5.0664253149606298
20
-4.1047147244094484
11
5.0683000787401573
21
-4.1009651968503933
0
LINE
8
BLACK
6
CONTINUOUS
10
5.0683000787401573
20
-4.1009651968503933
11
5.0684561417322831
21
-4.1007171653543306
0
LINE
8
BLACK
6
CONTINUOUS
10
5.0684561417322831
20
-4.1007171653543306
11
5.0684859842519687
21
-4.1006452362204726
0
LINE
8
BLACK
6
CONTINUOUS
10
5.0684859842519687
20
-4.1006452362204726
11
5.0685524409448819
21
-4.1005642519685042
0
LINE
8
BLACK
6
CONTINUOUS
10
5.0685524409448819
20
-4.1005642519685042
11
5.0686084251968504
21
-4.1004753149606294
0
LINE
8
BLACK
6
CONTINUOUS
10
5.0686084251968504
20
-4.1004753149606294
11
5.0686674015748032
21
-4.1004241338582679
0
LINE
8
BLACK
6
CONTINUOUS
10
5.0686674015748032
20
-4.1004241338582679
11
5.0688531889763775
21
-4.1001977952755908
0
LINE
8
BLACK
6
CONTINUOUS
10
5.0688531889763775
20
-4.1001977952755908
11
5.070727952755905
21
-4.0983230314960633
0
LINE
8
BLACK
6
CONTINUOUS
10
5.070727952755905
20
-4.0983230314960633
11
5.070954291338583
21
-4.0981372440944881
0
LINE
8
BLACK
6
CONTINUOUS
10
5.070954291338583
20
-4.0981372440944881
11
5.0710054724409446
21
-4.0980782677165353
0
LINE
8
BLACK
6
CONTINUOUS
10
5.0710054724409446
20
-4.0980782677165353
11
5.0710944094488184
21
-4.0980222834645668
0
LINE
8
BLACK
6
CONTINUOUS
10
5.0710944094488184
20
-4.0980222834645668
11
5.0711753937007868
21
-4.0979558267716536
0
LINE
8
BLACK
6
CONTINUOUS
10
5.0711753937007868
20
-4.0979558267716536
11
5.0712473228346457
21
-4.097925984251968
0
LINE
8
BLACK
6
CONTINUOUS
10
5.0712473228346457
20
-4.097925984251968
11
5.0714953543307084
21
-4.0977699212598422
0
LINE
8
BLACK
6
CONTINUOUS
10
5.0714953543307084
20
-4.0977699212598422
11
5.0752448818897635
21
-4.0958951574803146
0
LINE
8
BLACK
6
CONTINUOUS
10
5.0752448818897635
20
-4.0958951574803146
11
5.0757854724409448
21
-4.0956882677165352
0
LINE
8
BLACK
6
CONTINUOUS
10
5.0757854724409448
20
-4.0956882677165352
11
5.0758913385826769
21
-4.0956807086614173
0
LINE
8
BLACK
6
CONTINUOUS
10
5.0758913385826769
20
-4.0956807086614173
11
5.0759893307086612
21
-4.0956401574803145
0
LINE
8
BLACK
6
CONTINUOUS
10
5.0759893307086612
20
-4.0956401574803145
11
5.0765653937007871
21
-4.0955834251968506
0
LINE
8
BLACK
6
CONTINUOUS
10
5.0765653937007871
20
-4.0955834251968506
11
5.0840644488188973
21
-4.0955834251968506
0
LINE
8
BLACK
6
CONTINUOUS
10
5.0840644488188973
20
-4.0955834251968506
11
5.0846405118110232
21
-4.0956401574803145
0
LINE
8
BLACK
6
CONTINUOUS
10
5.074564960629921
20
-4.1028376771653541
11
5.0733678346456692
21
-4.1040348031496059
0
LINE
8
BLACK
6
CONTINUOUS
10
5.0733678346456692
20
-4.1040348031496059
11
5.0720190944881889
21
-4.1067322834645665
0
LINE
8
BLACK
6
CONTINUOUS
10
5.0720190944881889
20
-4.1067322834645665
11
5.0720190944881889
21
-4.114712007874016
0
LINE
8
BLACK
6
CONTINUOUS
10
5.0720190944881889
20
-4.114712007874016
11
5.0733678346456692
21
-4.1174094881889767
0
LINE
8
BLACK
6
CONTINUOUS
10
5.0733678346456692
20
-4.1174094881889767
11
5.074564960629921
21
-4.1186066141732285
0
LINE
8
BLACK
6
CONTINUOUS
10
5.074564960629921
20
-4.1186066141732285
11
5.0772624409448817
21
-4.1199553543307088
0
LINE
8
BLACK
6
CONTINUOUS
10
5.0772624409448817
20
-4.1199553543307088
11
5.0833674015748027
21
-4.1199553543307088
0
LINE
8
BLACK
6
CONTINUOUS
10
5.0833674015748027
20
-4.1199553543307088
11
5.0860648818897634
21
-4.1186066141732285
0
LINE
8
BLACK
6
CONTINUOUS
10
5.0860648818897634
20
-4.1186066141732285
11
5.0872620078740161
21
-4.1174094881889767
0
LINE
8
BLACK
6
CONTINUOUS
10
5.0872620078740161
20
-4.1174094881889767
11
5.0886107480314964
21
-4.114712007874016
0
LINE
8
BLACK
6
CONTINUOUS
10
5.0886107480314964
20
-4.114712007874016
11
5.0886107480314964
21
-4.1067322834645665
0
LINE
8
BLACK
6
CONTINUOUS
10
5.0886107480314964
20
-4.1067322834645665
11
5.0872620078740161
21
-4.1040348031496059
0
LINE
8
BLACK
6
CONTINUOUS
10
5.0872620078740161
20
-4.1040348031496059
11
5.0860648818897634
21
-4.1028376771653541
0
LINE
8
BLACK
6
CONTINUOUS
10
5.0860648818897634
20
-4.1028376771653541
11
5.0833674015748027
21
-4.1014889370078738
0
LINE
8
BLACK
6
CONTINUOUS
10
5.0833674015748027
20
-4.1014889370078738
11
5.0772624409448817
21
-4.1014889370078738
0
LINE
8
BLACK
6
CONTINUOUS
10
5.0772624409448817
20
-4.1014889370078738
11
5.074564960629921
21
-4.1028376771653541
0
LINE
8
BLACK
6
CONTINUOUS
10
5.1296348818897632
20
-4.0956401574803145
11
5.1306992913385825
21
-4.096081062992126
0
LINE
8
BLACK
6
CONTINUOUS
10
5.1306992913385825
20
-4.096081062992126
11
5.1315139370078739
21
-4.0968957086614175
0
LINE
8
BLACK
6
CONTINUOUS
10
5.1315139370078739
20
-4.0968957086614175
11
5.1319548425196846
21
-4.0979601181102359
0
LINE
8
BLACK
6
CONTINUOUS
10
5.1319548425196846
20
-4.0979601181102359
11
5.1320115748031494
21
-4.0985361811023617
0
LINE
8
BLACK
6
CONTINUOUS
10
5.1320115748031494
20
-4.0985361811023617
11
5.1320115748031494
21
-4.13790625984252
0
LINE
8
BLACK
6
CONTINUOUS
10
5.1320115748031494
20
-4.13790625984252
11
5.1319548425196846
21
-4.1384823228346459
0
LINE
8
BLACK
6
CONTINUOUS
10
5.1319548425196846
20
-4.1384823228346459
11
5.1315139370078739
21
-4.1395467322834643
0
LINE
8
BLACK
6
CONTINUOUS
10
5.1315139370078739
20
-4.1395467322834643
11
5.1306992913385825
21
-4.1403613779527557
0
LINE
8
BLACK
6
CONTINUOUS
10
5.1306992913385825
20
-4.1403613779527557
11
5.1296348818897632
21
-4.1408022834645672
0
LINE
8
BLACK
6
CONTINUOUS
10
5.1296348818897632
20
-4.1408022834645672
11
5.1284827559055115
21
-4.1408022834645672
0
LINE
8
BLACK
6
CONTINUOUS
10
5.1284827559055115
20
-4.1408022834645672
11
5.1274183464566931
21
-4.1403613779527557
0
LINE
8
BLACK
6
CONTINUOUS
10
5.1274183464566931
20
-4.1403613779527557
11
5.1266037007874017
21
-4.1395467322834643
0
LINE
8
BLACK
6
CONTINUOUS
10
5.1266037007874017
20
-4.1395467322834643
11
5.1261627952755902
21
-4.1384823228346459
0
LINE
8
BLACK
6
CONTINUOUS
10
5.1261627952755902
20
-4.1384823228346459
11
5.1261060629921262
21
-4.13790625984252
0
LINE
8
BLACK
6
CONTINUOUS
10
5.1261060629921262
20
-4.13790625984252
11
5.1261060629921262
21
-4.1221113385826769
0
LINE
8
BLACK
6
CONTINUOUS
10
5.1261060629921262
20
-4.1221113385826769
11
5.1212223622047244
21
-4.1221113385826769
0
LINE
8
BLACK
6
CONTINUOUS
10
5.1212223622047244
20
-4.1221113385826769
11
5.1089806299212599
21
-4.1395995669291334
0
LINE
8
BLACK
6
CONTINUOUS
10
5.1089806299212599
20
-4.1395995669291334
11
5.1086038188976373
21
-4.1400389370078736
0
LINE
8
BLACK
6
CONTINUOUS
10
5.1086038188976373
20
-4.1400389370078736
11
5.1076322047244096
21
-4.1406581102362203
0
LINE
8
BLACK
6
CONTINUOUS
10
5.1076322047244096
20
-4.1406581102362203
11
5.1064976771653541
21
-4.1408583070866145
0
LINE
8
BLACK
6
CONTINUOUS
10
5.1064976771653541
20
-4.1408583070866145
11
5.105372834645669
21
-4.140609133858268
0
LINE
8
BLACK
6
CONTINUOUS
10
5.105372834645669
20
-4.140609133858268
11
5.1044289763779522
21
-4.1399484251968506
0
LINE
8
BLACK
6
CONTINUOUS
10
5.1044289763779522
20
-4.1399484251968506
11
5.1038098031496064
21
-4.138976811023622
0
LINE
8
BLACK
6
CONTINUOUS
10
5.1038098031496064
20
-4.138976811023622
11
5.1036096062992122
21
-4.1378422834645665
0
LINE
8
BLACK
6
CONTINUOUS
10
5.1036096062992122
20
-4.1378422834645665
11
5.1038587795275587
21
-4.1367174409448815
0
LINE
8
BLACK
6
CONTINUOUS
10
5.1038587795275587
20
-4.1367174409448815
11
5.1041426771653544
21
-4.1362129527559057
0
LINE
8
BLACK
6
CONTINUOUS
10
5.1041426771653544
20
-4.1362129527559057
11
5.1140168110236219
21
-4.1221070078740158
0
LINE
8
BLACK
6
CONTINUOUS
10
5.1140168110236219
20
-4.1221070078740158
11
5.1134846456692911
21
-4.1220546062992129
0
LINE
8
BLACK
6
CONTINUOUS
10
5.1134846456692911
20
-4.1220546062992129
11
5.1133866535433068
21
-4.1220140157480314
0
LINE
8
BLACK
6
CONTINUOUS
10
5.1133866535433068
20
-4.1220140157480314
11
5.1132807874015747
21
-4.1220064960629923
0
LINE
8
BLACK
6
CONTINUOUS
10
5.1132807874015747
20
-4.1220064960629923
11
5.1127401968503934
21
-4.1217996062992128
0
LINE
8
BLACK
6
CONTINUOUS
10
5.1127401968503934
20
-4.1217996062992128
11
5.1089906692913383
21
-4.1199248425196853
0
LINE
8
BLACK
6
CONTINUOUS
10
5.1089906692913383
20
-4.1199248425196853
11
5.1087426377952756
21
-4.1197687401574798
0
LINE
8
BLACK
6
CONTINUOUS
10
5.1087426377952756
20
-4.1197687401574798
11
5.1086707086614176
21
-4.1197389370078739
0
LINE
8
BLACK
6
CONTINUOUS
10
5.1086707086614176
20
-4.1197389370078739
11
5.1085897244094491
21
-4.1196724409448819
0
LINE
8
BLACK
6
CONTINUOUS
10
5.1085897244094491
20
-4.1196724409448819
11
5.1085007874015744
21
-4.1196164960629922
0
LINE
8
BLACK
6
CONTINUOUS
10
5.1085007874015744
20
-4.1196164960629922
11
5.1084496062992129
21
-4.1195574803149606
0
LINE
8
BLACK
6
CONTINUOUS
10
5.1084496062992129
20
-4.1195574803149606
11
5.1082232677165349
21
-4.1193717322834642
0
LINE
8
BLACK
6
CONTINUOUS
10
5.1082232677165349
20
-4.1193717322834642
11
5.1063485039370073
21
-4.1174969685039366
0
LINE
8
BLACK
6
CONTINUOUS
10
5.1063485039370073
20
-4.1174969685039366
11
5.1061627165354331
21
-4.1172705905511808
0
LINE
8
BLACK
6
CONTINUOUS
10
5.1061627165354331
20
-4.1172705905511808
11
5.1061037401574803
21
-4.1172194488188971
0
LINE
8
BLACK
6
CONTINUOUS
10
5.1061037401574803
20
-4.1172194488188971
11
5.1060477559055117
21
-4.1171304724409445
0
LINE
8
BLACK
6
CONTINUOUS
10
5.1060477559055117
20
-4.1171304724409445
11
5.1059812992125986
21
-4.1170495275590548
0
LINE
8
BLACK
6
CONTINUOUS
10
5.1059812992125986
20
-4.1170495275590548
11
5.1059514566929129
21
-4.1169775590551181
0
LINE
8
BLACK
6
CONTINUOUS
10
5.1059514566929129
20
-4.1169775590551181
11
5.1057953937007872
21
-4.1167295669291342
0
LINE
8
BLACK
6
CONTINUOUS
10
5.1057953937007872
20
-4.1167295669291342
11
5.1039206299212596
21
-4.1129800393700791
0
LINE
8
BLACK
6
CONTINUOUS
10
5.1039206299212596
20
-4.1129800393700791
11
5.1037137401574801
21
-4.112439409448819
0
LINE
8
BLACK
6
CONTINUOUS
10
5.1037137401574801
20
-4.112439409448819
11
5.103706220472441
21
-4.1123335826771656
0
LINE
8
BLACK
6
CONTINUOUS
10
5.103706220472441
20
-4.1123335826771656
11
5.1036656299212595
21
-4.1122355905511814
0
LINE
8
BLACK
6
CONTINUOUS
10
5.1036656299212595
20
-4.1122355905511814
11
5.1036088976377956
21
-4.1116595275590546
0
LINE
8
BLACK
6
CONTINUOUS
10
5.1036088976377956
20
-4.1116595275590546
11
5.1036088976377956
21
-4.106035236220472
0
LINE
8
BLACK
6
CONTINUOUS
10
5.1036088976377956
20
-4.106035236220472
11
5.1036656299212595
21
-4.1054591732283461
0
LINE
8
BLACK
6
CONTINUOUS
10
5.1036656299212595
20
-4.1054591732283461
11
5.103706220472441
21
-4.1053611417322831
0
LINE
8
BLACK
6
CONTINUOUS
10
5.103706220472441
20
-4.1053611417322831
11
5.1037137401574801
21
-4.1052553543307084
0
LINE
8
BLACK
6
CONTINUOUS
10
5.1037137401574801
20
-4.1052553543307084
11
5.1039206299212596
21
-4.1047147244094484
0
LINE
8
BLACK
6
CONTINUOUS
10
5.1039206299212596
20
-4.1047147244094484
11
5.1057953937007872
21
-4.1009651968503933
0
LINE
8
BLACK
6
CONTINUOUS
10
5.1057953937007872
20
-4.1009651968503933
11
5.1059514566929129
21
-4.1007171653543306
0
LINE
8
BLACK
6
CONTINUOUS
10
5.1059514566929129
20
-4.1007171653543306
11
5.1059812992125986
21
-4.1006452362204726
0
LINE
8
BLACK
6
CONTINUOUS
10
5.1059812992125986
20
-4.1006452362204726
11
5.1060477559055117
21
-4.1005642519685042
0
LINE
8
BLACK
6
CONTINUOUS
10
5.1060477559055117
20
-4.1005642519685042
11
5.1061037401574803
21
-4.1004753149606294
0
LINE
8
BLACK
6
CONTINUOUS
10
5.1061037401574803
20
-4.1004753149606294
11
5.1061627165354331
21
-4.1004241338582679
0
LINE
8
BLACK
6
CONTINUOUS
10
5.1061627165354331
20
-4.1004241338582679
11
5.1063485039370073
21
-4.1001977952755908
0
LINE
8
BLACK
6
CONTINUOUS
10
5.1063485039370073
20
-4.1001977952755908
11
5.1082232677165349
21
-4.0983230314960633
0
LINE
8
BLACK
6
CONTINUOUS
10
5.1082232677165349
20
-4.0983230314960633
11
5.1084496062992129
21
-4.0981372440944881
0
LINE
8
BLACK
6
CONTINUOUS
10
5.1084496062992129
20
-4.0981372440944881
11
5.1085007874015744
21
-4.0980782677165353
0
LINE
8
BLACK
6
CONTINUOUS
10
5.1085007874015744
20
-4.0980782677165353
11
5.1085897244094491
21
-4.0980222834645668
0
LINE
8
BLACK
6
CONTINUOUS
10
5.1085897244094491
20
-4.0980222834645668
11
5.1086707086614176
21
-4.0979558267716536
0
LINE
8
BLACK
6
CONTINUOUS
10
5.1086707086614176
20
-4.0979558267716536
11
5.1087426377952756
21
-4.097925984251968
0
LINE
8
BLACK
6
CONTINUOUS
10
5.1087426377952756
20
-4.097925984251968
11
5.1089906692913383
21
-4.0977699212598422
0
LINE
8
BLACK
6
CONTINUOUS
10
5.1089906692913383
20
-4.0977699212598422
11
5.1127401968503934
21
-4.0958951574803146
0
LINE
8
BLACK
6
CONTINUOUS
10
5.1127401968503934
20
-4.0958951574803146
11
5.1132807874015747
21
-4.0956882677165352
0
LINE
8
BLACK
6
CONTINUOUS
10
5.1132807874015747
20
-4.0956882677165352
11
5.1133866535433068
21
-4.0956807086614173
0
LINE
8
BLACK
6
CONTINUOUS
10
5.1133866535433068
20
-4.0956807086614173
11
5.1134846456692911
21
-4.0956401574803145
0
LINE
8
BLACK
6
CONTINUOUS
10
5.1134846456692911
20
-4.0956401574803145
11
5.1140607086614169
21
-4.0955834251968506
0
LINE
8
BLACK
6
CONTINUOUS
10
5.1140607086614169
20
-4.0955834251968506
11
5.1290588188976374
21
-4.0955834251968506
0
LINE
8
BLACK
6
CONTINUOUS
10
5.1290588188976374
20
-4.0955834251968506
11
5.1296348818897632
21
-4.0956401574803145
0
LINE
8
BLACK
6
CONTINUOUS
10
5.1120602755905509
20
-4.1028376771653541
11
5.1108631496062991
21
-4.1040348031496059
0
LINE
8
BLACK
6
CONTINUOUS
10
5.1108631496062991
20
-4.1040348031496059
11
5.1095144094488187
21
-4.1067322834645665
0
LINE
8
BLACK
6
CONTINUOUS
10
5.1095144094488187
20
-4.1067322834645665
11
5.1095144094488187
21
-4.1109624803149609
0
LINE
8
BLACK
6
CONTINUOUS
10
5.1095144094488187
20
-4.1109624803149609
11
5.1108631496062991
21
-4.1136599606299216
0
LINE
8
BLACK
6
CONTINUOUS
10
5.1108631496062991
20
-4.1136599606299216
11
5.1120602755905509
21
-4.1148570866141734
0
LINE
8
BLACK
6
CONTINUOUS
10
5.1120602755905509
20
-4.1148570866141734
11
5.1147577559055115
21
-4.1162058267716537
0
LINE
8
BLACK
6
CONTINUOUS
10
5.1147577559055115
20
-4.1162058267716537
11
5.1261060629921262
21
-4.1162058267716537
0
LINE
8
BLACK
6
CONTINUOUS
10
5.1261060629921262
20
-4.1162058267716537
11
5.1261060629921262
21
-4.1014889370078738
0
LINE
8
BLACK
6
CONTINUOUS
10
5.1261060629921262
20
-4.1014889370078738
11
5.1147577559055115
21
-4.1014889370078738
0
LINE
8
BLACK
6
CONTINUOUS
10
5.1147577559055115
20
-4.1014889370078738
11
5.1120602755905509
21
-4.1028376771653541
0
LINE
8
BLACK
6
CONTINUOUS
10
6.5598435039370075
20
-4.1267546062992126
11
6.5611219291338578
21
-4.1280330314960629
0
LINE
8
BLACK
6
CONTINUOUS
10
6.5611219291338578
20
-4.1280330314960629
11
6.5611219291338578
21
-4.1298409842519685
0
LINE
8
BLACK
6
CONTINUOUS
10
6.5611219291338578
20
-4.1298409842519685
11
6.5598435039370075
21
-4.1311194094488188
0
LINE
8
BLACK
6
CONTINUOUS
10
6.5598435039370075
20
-4.1311194094488188
11
6.5589395275590547
21
-4.1312992125984254
0
LINE
8
BLACK
6
CONTINUOUS
10
6.5589395275590547
20
-4.1312992125984254
11
6.5410604724409449
21
-4.1312992125984254
0
LINE
8
BLACK
6
CONTINUOUS
10
6.5410604724409449
20
-4.1312992125984254
11
6.5401564960629921
21
-4.1311194094488188
0
LINE
8
BLACK
6
CONTINUOUS
10
6.5401564960629921
20
-4.1311194094488188
11
6.5388780708661418
21
-4.1298409842519685
0
LINE
8
BLACK
6
CONTINUOUS
10
6.5388780708661418
20
-4.1298409842519685
11
6.5388780708661418
21
-4.1280330314960629
0
LINE
8
BLACK
6
CONTINUOUS
10
6.5388780708661418
20
-4.1280330314960629
11
6.5401564960629921
21
-4.1267546062992126
0
LINE
8
BLACK
6
CONTINUOUS
10
6.5401564960629921
20
-4.1267546062992126
11
6.5410604724409449
21
-4.1265748031496061
0
LINE
8
BLACK
6
CONTINUOUS
10
6.5410604724409449
20
-4.1265748031496061
11
6.5589395275590547
21
-4.1265748031496061
0
LINE
8
BLACK
6
CONTINUOUS
10
6.5589395275590547
20
-4.1265748031496061
11
6.5598435039370075
21
-4.1267546062992126
0
LINE
8
BLACK
6
CONTINUOUS
10
5.0091053149606299
20
-4.122217204724409
11
5.0103837401574802
21
-4.1234956299212602
0
LINE
8
BLACK
6
CONTINUOUS
10
5.0103837401574802
20
-4.1234956299212602
11
5.0103837401574802
21
-4.1253035826771649
0
LINE
8
BLACK
6
CONTINUOUS
10
5.0103837401574802
20
-4.1253035826771649
11
5.0091053149606299
21
-4.1265820078740161
0
LINE
8
BLACK
6
CONTINUOUS
10
5.0091053149606299
20
-4.1265820078740161
11
5.0082013385826771
21
-4.1267618110236217
0
LINE
8
BLACK
6
CONTINUOUS
10
5.0082013385826771
20
-4.1267618110236217
11
4.9903222834645664
21
-4.1267618110236217
0
LINE
8
BLACK
6
CONTINUOUS
10
4.9903222834645664
20
-4.1267618110236217
11
4.9894183070866145
21
-4.1265820078740161
0
LINE
8
BLACK
6
CONTINUOUS
10
4.9894183070866145
20
-4.1265820078740161
11
4.9881398818897633
21
-4.1253035826771649
0
LINE
8
BLACK
6
CONTINUOUS
10
4.9881398818897633
20
-4.1253035826771649
11
4.9881398818897633
21
-4.1234956299212602
0
LINE
8
BLACK
6
CONTINUOUS
10
4.9881398818897633
20
-4.1234956299212602
11
4.9894183070866145
21
-4.122217204724409
0
LINE
8
BLACK
6
CONTINUOUS
10
4.9894183070866145
20
-4.122217204724409
11
4.9903222834645664
21
-4.1220374015748034
0
LINE
8
BLACK
6
CONTINUOUS
10
4.9903222834645664
20
-4.1220374015748034
11
5.0082013385826771
21
-4.1220374015748034
0
LINE
8
BLACK
6
CONTINUOUS
10
5.0082013385826771
20
-4.1220374015748034
11
5.0091053149606299
21
-4.122217204724409
0
LINE
8
BLACK
6
CONTINUOUS
10
5.8705646456692913
20
-4.0968408661417319
11
5.8715951574803151
21
-4.0973561417322832
0
LINE
8
BLACK
6
CONTINUOUS
10
5.8715951574803151
20
-4.0973561417322832
11
5.87235
21
-4.0982264960629919
0
LINE
8
BLACK
6
CONTINUOUS
10
5.87235
20
-4.0982264960629919
11
5.8727143307086616
21
-4.0993194881889758
0
LINE
8
BLACK
6
CONTINUOUS
10
5.8727143307086616
20
-4.0993194881889758
11
5.8726326771653543
21
-4.1004687007874017
0
LINE
8
BLACK
6
CONTINUOUS
10
5.8726326771653543
20
-4.1004687007874017
11
5.8724257874015748
21
-4.1010092913385829
0
LINE
8
BLACK
6
CONTINUOUS
10
5.8724257874015748
20
-4.1010092913385829
11
5.8705510236220473
21
-4.1047588188976381
0
LINE
8
BLACK
6
CONTINUOUS
10
5.8705510236220473
20
-4.1047588188976381
11
5.8703950000000003
21
-4.1050066141732282
0
LINE
8
BLACK
6
CONTINUOUS
10
5.8703950000000003
20
-4.1050066141732282
11
5.8703651574803146
21
-4.1050787795275587
0
LINE
8
BLACK
6
CONTINUOUS
10
5.8703651574803146
20
-4.1050787795275587
11
5.8702985433070864
21
-4.1051599212598422
0
LINE
8
BLACK
6
CONTINUOUS
10
5.8702985433070864
20
-4.1051599212598422
11
5.8702426771653542
21
-4.1052487007874019
0
LINE
8
BLACK
6
CONTINUOUS
10
5.8702426771653542
20
-4.1052487007874019
11
5.8701837401574801
21
-4.105299803149606
0
LINE
8
BLACK
6
CONTINUOUS
10
5.8701837401574801
20
-4.105299803149606
11
5.8699979133858262
21
-4.1055262204724405
0
LINE
8
BLACK
6
CONTINUOUS
10
5.8699979133858262
20
-4.1055262204724405
11
5.8675395275590549
21
-4.1079846062992127
0
LINE
8
BLACK
6
CONTINUOUS
10
5.8675395275590549
20
-4.1079846062992127
11
5.8949535039370078
21
-4.1079846062992127
0
LINE
8
BLACK
6
CONTINUOUS
10
5.8949535039370078
20
-4.1079846062992127
11
5.8949535039370078
21
-4.0996887795275594
0
LINE
8
BLACK
6
CONTINUOUS
10
5.8949535039370078
20
-4.0996887795275594
11
5.8950102362204726
21
-4.0991127165354326
0
LINE
8
BLACK
6
CONTINUOUS
10
5.8950102362204726
20
-4.0991127165354326
11
5.8954511417322832
21
-4.0980483070866143
0
LINE
8
BLACK
6
CONTINUOUS
10
5.8954511417322832
20
-4.0980483070866143
11
5.8962657874015747
21
-4.0972336614173228
0
LINE
8
BLACK
6
CONTINUOUS
10
5.8962657874015747
20
-4.0972336614173228
11
5.8973301968503939
21
-4.0967927559055113
0
LINE
8
BLACK
6
CONTINUOUS
10
5.8973301968503939
20
-4.0967927559055113
11
5.8984823228346457
21
-4.0967927559055113
0
LINE
8
BLACK
6
CONTINUOUS
10
5.8984823228346457
20
-4.0967927559055113
11
5.899546732283464
21
-4.0972336614173228
0
LINE
8
BLACK
6
CONTINUOUS
10
5.899546732283464
20
-4.0972336614173228
11
5.9003613779527555
21
-4.0980483070866143
0
LINE
8
BLACK
6
CONTINUOUS
10
5.9003613779527555
20
-4.0980483070866143
11
5.900802283464567
21
-4.0991127165354326
0
LINE
8
BLACK
6
CONTINUOUS
10
5.900802283464567
20
-4.0991127165354326
11
5.900859015748031
21
-4.0996887795275594
0
LINE
8
BLACK
6
CONTINUOUS
10
5.900859015748031
20
-4.0996887795275594
11
5.900859015748031
21
-4.1221859448818901
0
LINE
8
BLACK
6
CONTINUOUS
10
5.900859015748031
20
-4.1221859448818901
11
5.900802283464567
21
-4.1227620078740159
0
LINE
8
BLACK
6
CONTINUOUS
10
5.900802283464567
20
-4.1227620078740159
11
5.9003613779527555
21
-4.1238264173228343
0
LINE
8
BLACK
6
CONTINUOUS
10
5.9003613779527555
20
-4.1238264173228343
11
5.899546732283464
21
-4.1246410629921257
0
LINE
8
BLACK
6
CONTINUOUS
10
5.899546732283464
20
-4.1246410629921257
11
5.8984823228346457
21
-4.1250819685039373
0
LINE
8
BLACK
6
CONTINUOUS
10
5.8984823228346457
20
-4.1250819685039373
11
5.8973301968503939
21
-4.1250819685039373
0
LINE
8
BLACK
6
CONTINUOUS
10
5.8973301968503939
20
-4.1250819685039373
11
5.8962657874015747
21
-4.1246410629921257
0
LINE
8
BLACK
6
CONTINUOUS
10
5.8962657874015747
20
-4.1246410629921257
11
5.8954511417322832
21
-4.1238264173228343
0
LINE
8
BLACK
6
CONTINUOUS
10
5.8954511417322832
20
-4.1238264173228343
11
5.8950102362204726
21
-4.1227620078740159
0
LINE
8
BLACK
6
CONTINUOUS
10
5.8950102362204726
20
-4.1227620078740159
11
5.8949535039370078
21
-4.1221859448818901
0
LINE
8
BLACK
6
CONTINUOUS
10
5.8949535039370078
20
-4.1221859448818901
11
5.8949535039370078
21
-4.1138901181102359
0
LINE
8
BLACK
6
CONTINUOUS
10
5.8949535039370078
20
-4.1138901181102359
11
5.8585361811023624
21
-4.1138901181102359
0
LINE
8
BLACK
6
CONTINUOUS
10
5.8585361811023624
20
-4.1138901181102359
11
5.8585340944881885
21
-4.1138898818897633
0
LINE
8
BLACK
6
CONTINUOUS
10
5.8585340944881885
20
-4.1138898818897633
11
5.8585330708661418
21
-4.1138901181102359
0
LINE
8
BLACK
6
CONTINUOUS
10
5.8585330708661418
20
-4.1138901181102359
11
5.8585300393700788
21
-4.1138894881889767
0
LINE
8
BLACK
6
CONTINUOUS
10
5.8585300393700788
20
-4.1138894881889767
11
5.8579601181102356
21
-4.1138333858267719
0
LINE
8
BLACK
6
CONTINUOUS
10
5.8579601181102356
20
-4.1138333858267719
11
5.8576899999999998
21
-4.1137214960629924
0
LINE
8
BLACK
6
CONTINUOUS
10
5.8576899999999998
20
-4.1137214960629924
11
5.8574033858267711
21
-4.1136641732283463
0
LINE
8
BLACK
6
CONTINUOUS
10
5.8574033858267711
20
-4.1136641732283463
11
5.8571629921259838
21
-4.1135031889763782
0
LINE
8
BLACK
6
CONTINUOUS
10
5.8571629921259838
20
-4.1135031889763782
11
5.8568957086614173
21
-4.1133924803149604
0
LINE
8
BLACK
6
CONTINUOUS
10
5.8568957086614173
20
-4.1133924803149604
11
5.8566889763779528
21
-4.1131857480314959
0
LINE
8
BLACK
6
CONTINUOUS
10
5.8566889763779528
20
-4.1131857480314959
11
5.856446102362205
21
-4.1130231102362202
0
LINE
8
BLACK
6
CONTINUOUS
10
5.856446102362205
20
-4.1130231102362202
11
5.856285590551181
21
-4.1127823622047242
0
LINE
8
BLACK
6
CONTINUOUS
10
5.856285590551181
20
-4.1127823622047242
11
5.8560810629921258
21
-4.112577834645669
0
LINE
8
BLACK
6
CONTINUOUS
10
5.8560810629921258
20
-4.112577834645669
11
5.8559691732283463
21
-4.1123077165354331
0
LINE
8
BLACK
6
CONTINUOUS
10
5.8559691732283463
20
-4.1123077165354331
11
5.8558070078740156
21
-4.1120644881889765
0
LINE
8
BLACK
6
CONTINUOUS
10
5.8558070078740156
20
-4.1120644881889765
11
5.8557508661417321
21
-4.1117806692913383
0
LINE
8
BLACK
6
CONTINUOUS
10
5.8557508661417321
20
-4.1117806692913383
11
5.8556401574803152
21
-4.1115134251968506
0
LINE
8
BLACK
6
CONTINUOUS
10
5.8556401574803152
20
-4.1115134251968506
11
5.8556401574803152
21
-4.111221023622047
0
LINE
8
BLACK
6
CONTINUOUS
10
5.8556401574803152
20
-4.111221023622047
11
5.8555834251968504
21
-4.1109342519685041
0
LINE
8
BLACK
6
CONTINUOUS
10
5.8555834251968504
20
-4.1109342519685041
11
5.8556401574803152
21
-4.110650590551181
0
LINE
8
BLACK
6
CONTINUOUS
10
5.8556401574803152
20
-4.110650590551181
11
5.8556401574803152
21
-4.110361299212598
0
LINE
8
BLACK
6
CONTINUOUS
10
5.8556401574803152
20
-4.110361299212598
11
5.855752007874016
21
-4.1100911811023622
0
LINE
8
BLACK
6
CONTINUOUS
10
5.855752007874016
20
-4.1100911811023622
11
5.8558093700787399
21
-4.1098045669291334
0
LINE
8
BLACK
6
CONTINUOUS
10
5.8558093700787399
20
-4.1098045669291334
11
5.8559703149606301
21
-4.1095641732283461
0
LINE
8
BLACK
6
CONTINUOUS
10
5.8559703149606301
20
-4.1095641732283461
11
5.8560810629921258
21
-4.1092968897637796
0
LINE
8
BLACK
6
CONTINUOUS
10
5.8560810629921258
20
-4.1092968897637796
11
5.8562877559055115
21
-4.1090901574803151
0
LINE
8
BLACK
6
CONTINUOUS
10
5.8562877559055115
20
-4.1090901574803151
11
5.856450433070866
21
-4.1088472834645664
0
LINE
8
BLACK
6
CONTINUOUS
10
5.856450433070866
20
-4.1088472834645664
11
5.856893661417323
21
-4.1084842519685036
0
LINE
8
BLACK
6
CONTINUOUS
10
5.856893661417323
20
-4.1084842519685036
11
5.8568957086614173
21
-4.1084822440944881
0
LINE
8
BLACK
6
CONTINUOUS
10
5.8568957086614173
20
-4.1084822440944881
11
5.8568965748031498
21
-4.1084818503937006
0
LINE
8
BLACK
6
CONTINUOUS
10
5.8568965748031498
20
-4.1084818503937006
11
5.8568982677165353
21
-4.1084805118110239
0
LINE
8
BLACK
6
CONTINUOUS
10
5.8568982677165353
20
-4.1084805118110239
11
5.8622792913385826
21
-4.1048931496062995
0
LINE
8
BLACK
6
CONTINUOUS
10
5.8622792913385826
20
-4.1048931496062995
11
5.8654832677165354
21
-4.1016892125984254
0
LINE
8
BLACK
6
CONTINUOUS
10
5.8654832677165354
20
-4.1016892125984254
11
5.8671437401574797
21
-4.098368267716535
0
LINE
8
BLACK
6
CONTINUOUS
10
5.8671437401574797
20
-4.098368267716535
11
5.8674520866141728
21
-4.097878385826772
0
LINE
8
BLACK
6
CONTINUOUS
10
5.8674520866141728
20
-4.097878385826772
11
5.8683224803149603
21
-4.0971235433070863
0
LINE
8
BLACK
6
CONTINUOUS
10
5.8683224803149603
20
-4.0971235433070863
11
5.8694154330708663
21
-4.0967592125984247
0
LINE
8
BLACK
6
CONTINUOUS
10
5.8694154330708663
20
-4.0967592125984247
11
5.8705646456692913
21
-4.0968408661417319
0
LINE
8
BLACK
6
CONTINUOUS
10
5.9705646456692909
20
-4.0968408661417319
11
5.9715951574803148
21
-4.0973561417322832
0
LINE
8
BLACK
6
CONTINUOUS
10
5.9715951574803148
20
-4.0973561417322832
11
5.9723499999999996
21
-4.0982264960629919
0
LINE
8
BLACK
6
CONTINUOUS
10
5.9723499999999996
20
-4.0982264960629919
11
5.9727143307086612
21
-4.0993194881889758
0
LINE
8
BLACK
6
CONTINUOUS
10
5.9727143307086612
20
-4.0993194881889758
11
5.972632677165354
21
-4.1004687007874017
0
LINE
8
BLACK
6
CONTINUOUS
10
5.972632677165354
20
-4.1004687007874017
11
5.9724257874015745
21
-4.1010092913385829
0
LINE
8
BLACK
6
CONTINUOUS
10
5.9724257874015745
20
-4.1010092913385829
11
5.9705510236220469
21
-4.1047588188976381
0
LINE
8
BLACK
6
CONTINUOUS
10
5.9705510236220469
20
-4.1047588188976381
11
5.9703949999999999
21
-4.1050066141732282
0
LINE
8
BLACK
6
CONTINUOUS
10
5.9703949999999999
20
-4.1050066141732282
11
5.9703651574803152
21
-4.1050787795275587
0
LINE
8
BLACK
6
CONTINUOUS
10
5.9703651574803152
20
-4.1050787795275587
11
5.9702985433070861
21
-4.1051599212598422
0
LINE
8
BLACK
6
CONTINUOUS
10
5.9702985433070861
20
-4.1051599212598422
11
5.9702426771653538
21
-4.1052487007874019
0
LINE
8
BLACK
6
CONTINUOUS
10
5.9702426771653538
20
-4.1052487007874019
11
5.9701837401574798
21
-4.105299803149606
0
LINE
8
BLACK
6
CONTINUOUS
10
5.9701837401574798
20
-4.105299803149606
11
5.9699979133858267
21
-4.1055262204724405
0
LINE
8
BLACK
6
CONTINUOUS
10
5.9699979133858267
20
-4.1055262204724405
11
5.9675395275590546
21
-4.1079846062992127
0
LINE
8
BLACK
6
CONTINUOUS
10
5.9675395275590546
20
-4.1079846062992127
11
5.9949535039370074
21
-4.1079846062992127
0
LINE
8
BLACK
6
CONTINUOUS
10
5.9949535039370074
20
-4.1079846062992127
11
5.9949535039370074
21
-4.0996887795275594
0
LINE
8
BLACK
6
CONTINUOUS
10
5.9949535039370074
20
-4.0996887795275594
11
5.9950102362204722
21
-4.0991127165354326
0
LINE
8
BLACK
6
CONTINUOUS
10
5.9950102362204722
20
-4.0991127165354326
11
5.9954511417322829
21
-4.0980483070866143
0
LINE
8
BLACK
6
CONTINUOUS
10
5.9954511417322829
20
-4.0980483070866143
11
5.9962657874015743
21
-4.0972336614173228
0
LINE
8
BLACK
6
CONTINUOUS
10
5.9962657874015743
20
-4.0972336614173228
11
5.9973301968503936
21
-4.0967927559055113
0
LINE
8
BLACK
6
CONTINUOUS
10
5.9973301968503936
20
-4.0967927559055113
11
5.9984823228346453
21
-4.0967927559055113
0
LINE
8
BLACK
6
CONTINUOUS
10
5.9984823228346453
20
-4.0967927559055113
11
5.9995467322834646
21
-4.0972336614173228
0
LINE
8
BLACK
6
CONTINUOUS
10
5.9995467322834646
20
-4.0972336614173228
11
6.000361377952756
21
-4.0980483070866143
0
LINE
8
BLACK
6
CONTINUOUS
10
6.000361377952756
20
-4.0980483070866143
11
6.0008022834645667
21
-4.0991127165354326
0
LINE
8
BLACK
6
CONTINUOUS
10
6.0008022834645667
20
-4.0991127165354326
11
6.0008590157480315
21
-4.0996887795275594
0
LINE
8
BLACK
6
CONTINUOUS
10
6.0008590157480315
20
-4.0996887795275594
11
6.0008590157480315
21
-4.1221859448818901
0
LINE
8
BLACK
6
CONTINUOUS
10
6.0008590157480315
20
-4.1221859448818901
11
6.0008022834645667
21
-4.1227620078740159
0
LINE
8
BLACK
6
CONTINUOUS
10
6.0008022834645667
20
-4.1227620078740159
11
6.000361377952756
21
-4.1238264173228343
0
LINE
8
BLACK
6
CONTINUOUS
10
6.000361377952756
20
-4.1238264173228343
11
5.9995467322834646
21
-4.1246410629921257
0
LINE
8
BLACK
6
CONTINUOUS
10
5.9995467322834646
20
-4.1246410629921257
11
5.9984823228346453
21
-4.1250819685039373
0
LINE
8
BLACK
6
CONTINUOUS
10
5.9984823228346453
20
-4.1250819685039373
11
5.9973301968503936
21
-4.1250819685039373
0
LINE
8
BLACK
6
CONTINUOUS
10
5.9973301968503936
20
-4.1250819685039373
11
5.9962657874015743
21
-4.1246410629921257
0
LINE
8
BLACK
6
CONTINUOUS
10
5.9962657874015743
20
-4.1246410629921257
11
5.9954511417322829
21
-4.1238264173228343
0
LINE
8
BLACK
6
CONTINUOUS
10
5.9954511417322829
20
-4.1238264173228343
11
5.9950102362204722
21
-4.1227620078740159
0
LINE
8
BLACK
6
CONTINUOUS
10
5.9950102362204722
20
-4.1227620078740159
11
5.9949535039370074
21
-4.1221859448818901
0
LINE
8
BLACK
6
CONTINUOUS
10
5.9949535039370074
20
-4.1221859448818901
11
5.9949535039370074
21
-4.1138901181102359
0
LINE
8
BLACK
6
CONTINUOUS
10
5.9949535039370074
20
-4.1138901181102359
11
5.9585361811023621
21
-4.1138901181102359
0
LINE
8
BLACK
6
CONTINUOUS
10
5.9585361811023621
20
-4.1138901181102359
11
5.958534094488189
21
-4.1138898818897633
0
LINE
8
BLACK
6
CONTINUOUS
10
5.958534094488189
20
-4.1138898818897633
11
5.9585330708661415
21
-4.1138901181102359
0
LINE
8
BLACK
6
CONTINUOUS
10
5.9585330708661415
20
-4.1138901181102359
11
5.9585300393700784
21
-4.1138894881889767
0
LINE
8
BLACK
6
CONTINUOUS
10
5.9585300393700784
20
-4.1138894881889767
11
5.9579601181102362
21
-4.1138333858267719
0
LINE
8
BLACK
6
CONTINUOUS
10
5.9579601181102362
20
-4.1138333858267719
11
5.9576899999999995
21
-4.1137214960629924
0
LINE
8
BLACK
6
CONTINUOUS
10
5.9576899999999995
20
-4.1137214960629924
11
5.9574033858267716
21
-4.1136641732283463
0
LINE
8
BLACK
6
CONTINUOUS
10
5.9574033858267716
20
-4.1136641732283463
11
5.9571629921259843
21
-4.1135031889763782
0
LINE
8
BLACK
6
CONTINUOUS
10
5.9571629921259843
20
-4.1135031889763782
11
5.9568957086614169
21
-4.1133924803149604
0
LINE
8
BLACK
6
CONTINUOUS
10
5.9568957086614169
20
-4.1133924803149604
11
5.9566889763779525
21
-4.1131857480314959
0
LINE
8
BLACK
6
CONTINUOUS
10
5.9566889763779525
20
-4.1131857480314959
11
5.9564461023622046
21
-4.1130231102362202
0
LINE
8
BLACK
6
CONTINUOUS
10
5.9564461023622046
20
-4.1130231102362202
11
5.9562855905511807
21
-4.1127823622047242
0
LINE
8
BLACK
6
CONTINUOUS
10
5.9562855905511807
20
-4.1127823622047242
11
5.9560810629921255
21
-4.112577834645669
0
LINE
8
BLACK
6
CONTINUOUS
10
5.9560810629921255
20
-4.112577834645669
11
5.955969173228346
21
-4.1123077165354331
0
LINE
8
BLACK
6
CONTINUOUS
10
5.955969173228346
20
-4.1123077165354331
11
5.9558070078740153
21
-4.1120644881889765
0
LINE
8
BLACK
6
CONTINUOUS
10
5.9558070078740153
20
-4.1120644881889765
11
5.9557508661417318
21
-4.1117806692913383
0
LINE
8
BLACK
6
CONTINUOUS
10
5.9557508661417318
20
-4.1117806692913383
11
5.9556401574803148
21
-4.1115134251968506
0
LINE
8
BLACK
6
CONTINUOUS
10
5.9556401574803148
20
-4.1115134251968506
11
5.9556401574803148
21
-4.111221023622047
0
LINE
8
BLACK
6
CONTINUOUS
10
5.9556401574803148
20
-4.111221023622047
11
5.95558342519685
21
-4.1109342519685041
0
LINE
8
BLACK
6
CONTINUOUS
10
5.95558342519685
20
-4.1109342519685041
11
5.9556401574803148
21
-4.110650590551181
0
LINE
8
BLACK
6
CONTINUOUS
10
5.9556401574803148
20
-4.110650590551181
11
5.9556401574803148
21
-4.110361299212598
0
LINE
8
BLACK
6
CONTINUOUS
10
5.9556401574803148
20
-4.110361299212598
11
5.9557520078740156
21
-4.1100911811023622
0
LINE
8
BLACK
6
CONTINUOUS
10
5.9557520078740156
20
-4.1100911811023622
11
5.9558093700787405
21
-4.1098045669291334
0
LINE
8
BLACK
6
CONTINUOUS
10
5.9558093700787405
20
-4.1098045669291334
11
5.9559703149606298
21
-4.1095641732283461
0
LINE
8
BLACK
6
CONTINUOUS
10
5.9559703149606298
20
-4.1095641732283461
11
5.9560810629921255
21
-4.1092968897637796
0
LINE
8
BLACK
6
CONTINUOUS
10
5.9560810629921255
20
-4.1092968897637796
11
5.9562877559055121
21
-4.1090901574803151
0
LINE
8
BLACK
6
CONTINUOUS
10
5.9562877559055121
20
-4.1090901574803151
11
5.9564504330708656
21
-4.1088472834645664
0
LINE
8
BLACK
6
CONTINUOUS
10
5.9564504330708656
20
-4.1088472834645664
11
5.9568936614173227
21
-4.1084842519685036
0
LINE
8
BLACK
6
CONTINUOUS
10
5.9568936614173227
20
-4.1084842519685036
11
5.9568957086614169
21
-4.1084822440944881
0
LINE
8
BLACK
6
CONTINUOUS
10
5.9568957086614169
20
-4.1084822440944881
11
5.9568965748031495
21
-4.1084818503937006
0
LINE
8
BLACK
6
CONTINUOUS
10
5.9568965748031495
20
-4.1084818503937006
11
5.956898267716535
21
-4.1084805118110239
0
LINE
8
BLACK
6
CONTINUOUS
10
5.956898267716535
20
-4.1084805118110239
11
5.9622792913385823
21
-4.1048931496062995
0
LINE
8
BLACK
6
CONTINUOUS
10
5.9622792913385823
20
-4.1048931496062995
11
5.965483267716535
21
-4.1016892125984254
0
LINE
8
BLACK
6
CONTINUOUS
10
5.965483267716535
20
-4.1016892125984254
11
5.9671437401574803
21
-4.098368267716535
0
LINE
8
BLACK
6
CONTINUOUS
10
5.9671437401574803
20
-4.098368267716535
11
5.9674520866141734
21
-4.097878385826772
0
LINE
8
BLACK
6
CONTINUOUS
10
5.9674520866141734
20
-4.097878385826772
11
5.9683224803149608
21
-4.0971235433070863
0
LINE
8
BLACK
6
CONTINUOUS
10
5.9683224803149608
20
-4.0971235433070863
11
5.969415433070866
21
-4.0967592125984247
0
LINE
8
BLACK
6
CONTINUOUS
10
5.969415433070866
20
-4.0967592125984247
11
5.9705646456692909
21
-4.0968408661417319
0
LINE
8
BLACK
6
CONTINUOUS
10
4.6559851181102365
20
-4.095540433070866
11
4.6560831102362208
21
-4.0955810236220476
0
LINE
8
BLACK
6
CONTINUOUS
10
4.6560831102362208
20
-4.0955810236220476
11
4.6561889370078742
21
-4.0955885433070867
0
LINE
8
BLACK
6
CONTINUOUS
10
4.6561889370078742
20
-4.0955885433070867
11
4.6567295669291333
21
-4.0957954330708661
0
LINE
8
BLACK
6
CONTINUOUS
10
4.6567295669291333
20
-4.0957954330708661
11
4.6604790944881893
21
-4.0976701968503937
0
LINE
8
BLACK
6
CONTINUOUS
10
4.6604790944881893
20
-4.0976701968503937
11
4.6607270866141732
21
-4.0978262598425195
0
LINE
8
BLACK
6
CONTINUOUS
10
4.6607270866141732
20
-4.0978262598425195
11
4.66079905511811
21
-4.0978561023622042
0
LINE
8
BLACK
6
CONTINUOUS
10
4.66079905511811
20
-4.0978561023622042
11
4.6608799999999997
21
-4.0979225590551183
0
LINE
8
BLACK
6
CONTINUOUS
10
4.6608799999999997
20
-4.0979225590551183
11
4.6609689763779523
21
-4.0979785433070868
0
LINE
8
BLACK
6
CONTINUOUS
10
4.6609689763779523
20
-4.0979785433070868
11
4.661020118110236
21
-4.0980375196850396
0
LINE
8
BLACK
6
CONTINUOUS
10
4.661020118110236
20
-4.0980375196850396
11
4.6612464960629918
21
-4.0982233070866139
0
LINE
8
BLACK
6
CONTINUOUS
10
4.6612464960629918
20
-4.0982233070866139
11
4.6631212598425194
21
-4.1000980708661414
0
LINE
8
BLACK
6
CONTINUOUS
10
4.6631212598425194
20
-4.1000980708661414
11
4.6633070078740158
21
-4.1003244094488185
0
LINE
8
BLACK
6
CONTINUOUS
10
4.6633070078740158
20
-4.1003244094488185
11
4.6633660236220473
21
-4.1003755905511809
0
LINE
8
BLACK
6
CONTINUOUS
10
4.6633660236220473
20
-4.1003755905511809
11
4.6634219685039371
21
-4.1004645275590548
0
LINE
8
BLACK
6
CONTINUOUS
10
4.6634219685039371
20
-4.1004645275590548
11
4.663488464566929
21
-4.1005455118110232
0
LINE
8
BLACK
6
CONTINUOUS
10
4.663488464566929
20
-4.1005455118110232
11
4.663518267716535
21
-4.1006174409448821
0
LINE
8
BLACK
6
CONTINUOUS
10
4.663518267716535
20
-4.1006174409448821
11
4.6636743700787404
21
-4.1008654724409448
0
LINE
8
BLACK
6
CONTINUOUS
10
4.6636743700787404
20
-4.1008654724409448
11
4.665549133858268
21
-4.1046149999999999
0
LINE
8
BLACK
6
CONTINUOUS
10
4.665549133858268
20
-4.1046149999999999
11
4.6657560236220474
21
-4.1051555905511812
0
LINE
8
BLACK
6
CONTINUOUS
10
4.6657560236220474
20
-4.1051555905511812
11
4.6657635433070865
21
-4.1052614566929133
0
LINE
8
BLACK
6
CONTINUOUS
10
4.6657635433070865
20
-4.1052614566929133
11
4.6658041338582672
21
-4.1053594488188976
0
LINE
8
BLACK
6
CONTINUOUS
10
4.6658041338582672
20
-4.1053594488188976
11
4.665860866141732
21
-4.1059355118110235
0
LINE
8
BLACK
6
CONTINUOUS
10
4.665860866141732
20
-4.1059355118110235
11
4.665860866141732
21
-4.1134345669291337
0
LINE
8
BLACK
6
CONTINUOUS
10
4.665860866141732
20
-4.1134345669291337
11
4.6658041338582672
21
-4.1140106299212595
0
LINE
8
BLACK
6
CONTINUOUS
10
4.6658041338582672
20
-4.1140106299212595
11
4.6657635433070865
21
-4.1141085826771651
0
LINE
8
BLACK
6
CONTINUOUS
10
4.6657635433070865
20
-4.1141085826771651
11
4.6657560236220474
21
-4.1142144881889759
0
LINE
8
BLACK
6
CONTINUOUS
10
4.6657560236220474
20
-4.1142144881889759
11
4.665549133858268
21
-4.1147550787401572
0
LINE
8
BLACK
6
CONTINUOUS
10
4.665549133858268
20
-4.1147550787401572
11
4.6644028740157477
21
-4.1170475984251969
0
LINE
8
BLACK
6
CONTINUOUS
10
4.6644028740157477
20
-4.1170475984251969
11
4.6673200393700789
21
-4.1163182677165358
0
LINE
8
BLACK
6
CONTINUOUS
10
4.6673200393700789
20
-4.1163182677165358
11
4.6722755118110237
21
-4.1130146456692911
0
LINE
8
BLACK
6
CONTINUOUS
10
4.6722755118110237
20
-4.1130146456692911
11
4.6736047637795277
21
-4.1116854330708659
0
LINE
8
BLACK
6
CONTINUOUS
10
4.6736047637795277
20
-4.1116854330708659
11
4.674953503937008
21
-4.108987992125984
0
LINE
8
BLACK
6
CONTINUOUS
10
4.674953503937008
20
-4.108987992125984
11
4.674953503937008
21
-4.1021859842519683
0
LINE
8
BLACK
6
CONTINUOUS
10
4.674953503937008
20
-4.1021859842519683
11
4.675010236220472
21
-4.1016099212598425
0
LINE
8
BLACK
6
CONTINUOUS
10
4.675010236220472
20
-4.1016099212598425
11
4.6754511417322835
21
-4.1005455118110232
0
LINE
8
BLACK
6
CONTINUOUS
10
4.6754511417322835
20
-4.1005455118110232
11
4.6762657874015749
21
-4.0997308661417318
0
LINE
8
BLACK
6
CONTINUOUS
10
4.6762657874015749
20
-4.0997308661417318
11
4.6773301968503933
21
-4.0992899606299211
0
LINE
8
BLACK
6
CONTINUOUS
10
4.6773301968503933
20
-4.0992899606299211
11
4.6784823228346459
21
-4.0992899606299211
0
LINE
8
BLACK
6
CONTINUOUS
10
4.6784823228346459
20
-4.0992899606299211
11
4.6795467322834643
21
-4.0997308661417318
0
LINE
8
BLACK
6
CONTINUOUS
10
4.6795467322834643
20
-4.0997308661417318
11
4.6803613779527558
21
-4.1005455118110232
0
LINE
8
BLACK
6
CONTINUOUS
10
4.6803613779527558
20
-4.1005455118110232
11
4.6808022834645664
21
-4.1016099212598425
0
LINE
8
BLACK
6
CONTINUOUS
10
4.6808022834645664
20
-4.1016099212598425
11
4.6808590157480312
21
-4.1021859842519683
0
LINE
8
BLACK
6
CONTINUOUS
10
4.6808590157480312
20
-4.1021859842519683
11
4.6808590157480312
21
-4.1096850393700786
0
LINE
8
BLACK
6
CONTINUOUS
10
4.6808590157480312
20
-4.1096850393700786
11
4.6808022834645664
21
-4.1102611023622044
0
LINE
8
BLACK
6
CONTINUOUS
10
4.6808022834645664
20
-4.1102611023622044
11
4.6807616929133857
21
-4.1103590551181099
0
LINE
8
BLACK
6
CONTINUOUS
10
4.6807616929133857
20
-4.1103590551181099
11
4.6807541732283466
21
-4.1104649606299208
0
LINE
8
BLACK
6
CONTINUOUS
10
4.6807541732283466
20
-4.1104649606299208
11
4.6805472834645672
21
-4.1110055511811021
0
LINE
8
BLACK
6
CONTINUOUS
10
4.6805472834645672
20
-4.1110055511811021
11
4.6786725196850396
21
-4.1147550787401572
0
LINE
8
BLACK
6
CONTINUOUS
10
4.6786725196850396
20
-4.1147550787401572
11
4.6785164173228342
21
-4.115003070866142
0
LINE
8
BLACK
6
CONTINUOUS
10
4.6785164173228342
20
-4.115003070866142
11
4.6784866141732282
21
-4.1150750393700788
0
LINE
8
BLACK
6
CONTINUOUS
10
4.6784866141732282
20
-4.1150750393700788
11
4.678420157480315
21
-4.1151559842519685
0
LINE
8
BLACK
6
CONTINUOUS
10
4.678420157480315
20
-4.1151559842519685
11
4.6783641732283465
21
-4.1152449606299211
0
LINE
8
BLACK
6
CONTINUOUS
10
4.6783641732283465
20
-4.1152449606299211
11
4.6783051181102362
21
-4.1152961417322835
0
LINE
8
BLACK
6
CONTINUOUS
10
4.6783051181102362
20
-4.1152961417322835
11
4.6781193700787398
21
-4.1155225196850393
0
LINE
8
BLACK
6
CONTINUOUS
10
4.6781193700787398
20
-4.1155225196850393
11
4.6762445669291335
21
-4.1173972834645669
0
LINE
8
BLACK
6
CONTINUOUS
10
4.6762445669291335
20
-4.1173972834645669
11
4.6762429921259843
21
-4.1173985433070861
0
LINE
8
BLACK
6
CONTINUOUS
10
4.6762429921259843
20
-4.1173985433070861
11
4.6762424409448817
21
-4.1173994094488187
0
LINE
8
BLACK
6
CONTINUOUS
10
4.6762424409448817
20
-4.1173994094488187
11
4.6760166535433072
21
-4.1175842913385825
0
LINE
8
BLACK
6
CONTINUOUS
10
4.6760166535433072
20
-4.1175842913385825
11
4.6757971259842517
21
-4.1177644881889766
0
LINE
8
BLACK
6
CONTINUOUS
10
4.6757971259842517
20
-4.1177644881889766
11
4.6757961811023625
21
-4.1177648425196853
0
LINE
8
BLACK
6
CONTINUOUS
10
4.6757961811023625
20
-4.1177648425196853
11
4.6757946062992124
21
-4.117766181102362
0
LINE
8
BLACK
6
CONTINUOUS
10
4.6757946062992124
20
-4.117766181102362
11
4.6701703149606297
21
-4.1215157086614171
0
LINE
8
BLACK
6
CONTINUOUS
10
4.6701703149606297
20
-4.1215157086614171
11
4.6698522440944883
21
-4.1216852362204728
0
LINE
8
BLACK
6
CONTINUOUS
10
4.6698522440944883
20
-4.1216852362204728
11
4.669793661417323
21
-4.1217287007874015
0
LINE
8
BLACK
6
CONTINUOUS
10
4.669793661417323
20
-4.1217287007874015
11
4.6697243700787396
21
-4.1217534251968502
0
LINE
8
BLACK
6
CONTINUOUS
10
4.6697243700787396
20
-4.1217534251968502
11
4.6696595275590553
21
-4.1217880314960631
0
LINE
8
BLACK
6
CONTINUOUS
10
4.6696595275590553
20
-4.1217880314960631
11
4.669587992125984
21
-4.1218021653543309
0
LINE
8
BLACK
6
CONTINUOUS
10
4.669587992125984
20
-4.1218021653543309
11
4.6692485433070869
21
-4.1219234645669287
0
LINE
8
BLACK
6
CONTINUOUS
10
4.6692485433070869
20
-4.1219234645669287
11
4.6617494881889758
21
-4.1237982283464563
0
LINE
8
BLACK
6
CONTINUOUS
10
4.6617494881889758
20
-4.1237982283464563
11
4.6616496062992123
21
-4.1238129921259841
0
LINE
8
BLACK
6
CONTINUOUS
10
4.6616496062992123
20
-4.1238129921259841
11
4.6616094094488192
21
-4.1238296456692911
0
LINE
8
BLACK
6
CONTINUOUS
10
4.6616094094488192
20
-4.1238296456692911
11
4.6613923622047242
21
-4.1238509842519688
0
LINE
8
BLACK
6
CONTINUOUS
10
4.6613923622047242
20
-4.1238509842519688
11
4.6611768897637793
21
-4.1238828740157478
0
LINE
8
BLACK
6
CONTINUOUS
10
4.6611768897637793
20
-4.1238828740157478
11
4.6611338582677169
21
-4.1238764566929129
0
LINE
8
BLACK
6
CONTINUOUS
10
4.6611338582677169
20
-4.1238764566929129
11
4.6610333464566924
21
-4.1238863779527559
0
LINE
8
BLACK
6
CONTINUOUS
10
4.6610333464566924
20
-4.1238863779527559
11
4.646035236220472
21
-4.1238863779527559
0
LINE
8
BLACK
6
CONTINUOUS
10
4.646035236220472
20
-4.1238863779527559
11
4.6454591732283461
21
-4.1238296456692911
0
LINE
8
BLACK
6
CONTINUOUS
10
4.6454591732283461
20
-4.1238296456692911
11
4.6453611811023618
21
-4.1237890551181104
0
LINE
8
BLACK
6
CONTINUOUS
10
4.6453611811023618
20
-4.1237890551181104
11
4.6452553149606297
21
-4.1237815354330705
0
LINE
8
BLACK
6
CONTINUOUS
10
4.6452553149606297
20
-4.1237815354330705
11
4.6447147244094484
21
-4.123574645669291
0
LINE
8
BLACK
6
CONTINUOUS
10
4.6447147244094484
20
-4.123574645669291
11
4.6409651968503933
21
-4.1216998818897634
0
LINE
8
BLACK
6
CONTINUOUS
10
4.6409651968503933
20
-4.1216998818897634
11
4.6407171653543307
21
-4.1215437795275589
0
LINE
8
BLACK
6
CONTINUOUS
10
4.6407171653543307
20
-4.1215437795275589
11
4.6406452362204726
21
-4.1215139763779529
0
LINE
8
BLACK
6
CONTINUOUS
10
4.6406452362204726
20
-4.1215139763779529
11
4.6405642519685042
21
-4.1214474803149601
0
LINE
8
BLACK
6
CONTINUOUS
10
4.6405642519685042
20
-4.1214474803149601
11
4.6404753149606295
21
-4.1213915354330704
0
LINE
8
BLACK
6
CONTINUOUS
10
4.6404753149606295
20
-4.1213915354330704
11
4.6404241338582679
21
-4.1213325196850397
0
LINE
8
BLACK
6
CONTINUOUS
10
4.6404241338582679
20
-4.1213325196850397
11
4.6401977952755908
21
-4.1211467716535433
0
LINE
8
BLACK
6
CONTINUOUS
10
4.6401977952755908
20
-4.1211467716535433
11
4.6383230314960633
21
-4.1192720078740157
0
LINE
8
BLACK
6
CONTINUOUS
10
4.6383230314960633
20
-4.1192720078740157
11
4.6381372440944881
21
-4.1190456299212599
0
LINE
8
BLACK
6
CONTINUOUS
10
4.6381372440944881
20
-4.1190456299212599
11
4.6380782677165353
21
-4.1189944881889762
0
LINE
8
BLACK
6
CONTINUOUS
10
4.6380782677165353
20
-4.1189944881889762
11
4.6380222834645668
21
-4.1189055118110236
0
LINE
8
BLACK
6
CONTINUOUS
10
4.6380222834645668
20
-4.1189055118110236
11
4.6379558267716536
21
-4.1188245669291339
0
LINE
8
BLACK
6
CONTINUOUS
10
4.6379558267716536
20
-4.1188245669291339
11
4.637925984251968
21
-4.1187525984251971
0
LINE
8
BLACK
6
CONTINUOUS
10
4.637925984251968
20
-4.1187525984251971
11
4.6377699212598422
21
-4.1185046062992123
0
LINE
8
BLACK
6
CONTINUOUS
10
4.6377699212598422
20
-4.1185046062992123
11
4.6358951574803147
21
-4.1147550787401572
0
LINE
8
BLACK
6
CONTINUOUS
10
4.6358951574803147
20
-4.1147550787401572
11
4.6356882677165352
21
-4.1142144488188972
0
LINE
8
BLACK
6
CONTINUOUS
10
4.6356882677165352
20
-4.1142144488188972
11
4.6356807480314961
21
-4.1141086220472438
0
LINE
8
BLACK
6
CONTINUOUS
10
4.6356807480314961
20
-4.1141086220472438
11
4.6356401574803145
21
-4.1140106299212595
0
LINE
8
BLACK
6
CONTINUOUS
10
4.6356401574803145
20
-4.1140106299212595
11
4.6355834251968506
21
-4.1134345669291337
0
LINE
8
BLACK
6
CONTINUOUS
10
4.6355834251968506
20
-4.1134345669291337
11
4.6355834251968506
21
-4.1059355118110235
0
LINE
8
BLACK
6
CONTINUOUS
10
4.6355834251968506
20
-4.1059355118110235
11
4.6356401574803145
21
-4.1053594488188976
0
LINE
8
BLACK
6
CONTINUOUS
10
4.6356401574803145
20
-4.1053594488188976
11
4.6356807480314961
21
-4.1052614173228346
0
LINE
8
BLACK
6
CONTINUOUS
10
4.6356807480314961
20
-4.1052614173228346
11
4.6356882677165352
21
-4.1051556299212599
0
LINE
8
BLACK
6
CONTINUOUS
10
4.6356882677165352
20
-4.1051556299212599
11
4.6358951574803147
21
-4.1046149999999999
0
LINE
8
BLACK
6
CONTINUOUS
10
4.6358951574803147
20
-4.1046149999999999
11
4.6377699212598422
21
-4.1008654724409448
0
LINE
8
BLACK
6
CONTINUOUS
10
4.6377699212598422
20
-4.1008654724409448
11
4.637925984251968
21
-4.1006174409448821
0
LINE
8
BLACK
6
CONTINUOUS
10
4.637925984251968
20
-4.1006174409448821
11
4.6379558267716536
21
-4.1005455118110232
0
LINE
8
BLACK
6
CONTINUOUS
10
4.6379558267716536
20
-4.1005455118110232
11
4.6380222834645668
21
-4.1004645275590548
0
LINE
8
BLACK
6
CONTINUOUS
10
4.6380222834645668
20
-4.1004645275590548
11
4.6380782677165353
21
-4.1003755905511809
0
LINE
8
BLACK
6
CONTINUOUS
10
4.6380782677165353
20
-4.1003755905511809
11
4.6381372440944881
21
-4.1003244094488185
0
LINE
8
BLACK
6
CONTINUOUS
10
4.6381372440944881
20
-4.1003244094488185
11
4.6383230314960633
21
-4.1000980708661414
0
LINE
8
BLACK
6
CONTINUOUS
10
4.6383230314960633
20
-4.1000980708661414
11
4.6401977952755908
21
-4.0982233070866139
0
LINE
8
BLACK
6
CONTINUOUS
10
4.6401977952755908
20
-4.0982233070866139
11
4.6404241338582679
21
-4.0980375196850396
0
LINE
8
BLACK
6
CONTINUOUS
10
4.6404241338582679
20
-4.0980375196850396
11
4.6404753149606295
21
-4.0979785433070868
0
LINE
8
BLACK
6
CONTINUOUS
10
4.6404753149606295
20
-4.0979785433070868
11
4.6405642519685042
21
-4.0979225590551183
0
LINE
8
BLACK
6
CONTINUOUS
10
4.6405642519685042
20
-4.0979225590551183
11
4.6406452362204726
21
-4.0978561023622042
0
LINE
8
BLACK
6
CONTINUOUS
10
4.6406452362204726
20
-4.0978561023622042
11
4.6407171653543307
21
-4.0978262598425195
0
LINE
8
BLACK
6
CONTINUOUS
10
4.6407171653543307
20
-4.0978262598425195
11
4.6409651968503933
21
-4.0976701968503937
0
LINE
8
BLACK
6
CONTINUOUS
10
4.6409651968503933
20
-4.0976701968503937
11
4.6447147244094484
21
-4.0957954330708661
0
LINE
8
BLACK
6
CONTINUOUS
10
4.6447147244094484
20
-4.0957954330708661
11
4.6452553149606297
21
-4.0955885433070867
0
LINE
8
BLACK
6
CONTINUOUS
10
4.6452553149606297
20
-4.0955885433070867
11
4.6453611811023618
21
-4.0955809842519688
0
LINE
8
BLACK
6
CONTINUOUS
10
4.6453611811023618
20
-4.0955809842519688
11
4.6454591732283461
21
-4.095540433070866
0
LINE
8
BLACK
6
CONTINUOUS
10
4.6454591732283461
20
-4.095540433070866
11
4.646035236220472
21
-4.0954837007874012
0
LINE
8
BLACK
6
CONTINUOUS
10
4.646035236220472
20
-4.0954837007874012
11
4.6554090551181098
21
-4.0954837007874012
0
LINE
8
BLACK
6
CONTINUOUS
10
4.6554090551181098
20
-4.0954837007874012
11
4.6559851181102365
21
-4.095540433070866
0
LINE
8
BLACK
6
CONTINUOUS
10
4.6440348031496059
20
-4.1027379527559056
11
4.6428376771653541
21
-4.1039350787401574
0
LINE
8
BLACK
6
CONTINUOUS
10
4.6428376771653541
20
-4.1039350787401574
11
4.6414889370078738
21
-4.106632559055118
0
LINE
8
BLACK
6
CONTINUOUS
10
4.6414889370078738
20
-4.106632559055118
11
4.6414889370078738
21
-4.1127375196850391
0
LINE
8
BLACK
6
CONTINUOUS
10
4.6414889370078738
20
-4.1127375196850391
11
4.6428376771653541
21
-4.1154349999999997
0
LINE
8
BLACK
6
CONTINUOUS
10
4.6428376771653541
20
-4.1154349999999997
11
4.6440348031496059
21
-4.1166321259842515
0
LINE
8
BLACK
6
CONTINUOUS
10
4.6440348031496059
20
-4.1166321259842515
11
4.6467322834645666
21
-4.1179808661417319
0
LINE
8
BLACK
6
CONTINUOUS
10
4.6467322834645666
20
-4.1179808661417319
11
4.6547120078740161
21
-4.1179808661417319
0
LINE
8
BLACK
6
CONTINUOUS
10
4.6547120078740161
20
-4.1179808661417319
11
4.6574094881889767
21
-4.1166321259842515
0
LINE
8
BLACK
6
CONTINUOUS
10
4.6574094881889767
20
-4.1166321259842515
11
4.6586066141732285
21
-4.1154349999999997
0
LINE
8
BLACK
6
CONTINUOUS
10
4.6586066141732285
20
-4.1154349999999997
11
4.6599553543307088
21
-4.1127375196850391
0
LINE
8
BLACK
6
CONTINUOUS
10
4.6599553543307088
20
-4.1127375196850391
11
4.6599553543307088
21
-4.106632559055118
0
LINE
8
BLACK
6
CONTINUOUS
10
4.6599553543307088
20
-4.106632559055118
11
4.6586066141732285
21
-4.1039350787401574
0
LINE
8
BLACK
6
CONTINUOUS
10
4.6586066141732285
20
-4.1039350787401574
11
4.6574094881889767
21
-4.1027379527559056
0
LINE
8
BLACK
6
CONTINUOUS
10
4.6574094881889767
20
-4.1027379527559056
11
4.6547120078740161
21
-4.1013892125984253
0
LINE
8
BLACK
6
CONTINUOUS
10
4.6547120078740161
20
-4.1013892125984253
11
4.6467322834645666
21
-4.1013892125984253
0
LINE
8
BLACK
6
CONTINUOUS
10
4.6467322834645666
20
-4.1013892125984253
11
4.6440348031496059
21
-4.1027379527559056
0
LINE
8
BLACK
6
CONTINUOUS
10
4.7709832283464566
20
-4.095540433070866
11
4.7710812204724409
21
-4.0955810236220476
0
LINE
8
BLACK
6
CONTINUOUS
10
4.7710812204724409
20
-4.0955810236220476
11
4.7711870472440943
21
-4.0955885433070867
0
LINE
8
BLACK
6
CONTINUOUS
10
4.7711870472440943
20
-4.0955885433070867
11
4.7717276771653543
21
-4.0957954330708661
0
LINE
8
BLACK
6
CONTINUOUS
10
4.7717276771653543
20
-4.0957954330708661
11
4.7754772047244094
21
-4.0976701968503937
0
LINE
8
BLACK
6
CONTINUOUS
10
4.7754772047244094
20
-4.0976701968503937
11
4.7757250787401571
21
-4.0978262204724407
0
LINE
8
BLACK
6
CONTINUOUS
10
4.7757250787401571
20
-4.0978262204724407
11
4.7757971259842522
21
-4.0978560629921255
0
LINE
8
BLACK
6
CONTINUOUS
10
4.7757971259842522
20
-4.0978560629921255
11
4.7758781496062994
21
-4.0979225590551183
0
LINE
8
BLACK
6
CONTINUOUS
10
4.7758781496062994
20
-4.0979225590551183
11
4.7759670866141732
21
-4.0979785433070868
0
LINE
8
BLACK
6
CONTINUOUS
10
4.7759670866141732
20
-4.0979785433070868
11
4.776018228346457
21
-4.0980375196850396
0
LINE
8
BLACK
6
CONTINUOUS
10
4.776018228346457
20
-4.0980375196850396
11
4.776244566929134
21
-4.0982232677165351
0
LINE
8
BLACK
6
CONTINUOUS
10
4.776244566929134
20
-4.0982232677165351
11
4.7781193700787403
21
-4.1000980314960627
0
LINE
8
BLACK
6
CONTINUOUS
10
4.7781193700787403
20
-4.1000980314960627
11
4.7783051181102358
21
-4.1003243700787397
0
LINE
8
BLACK
6
CONTINUOUS
10
4.7783051181102358
20
-4.1003243700787397
11
4.7783641732283462
21
-4.1003755905511809
0
LINE
8
BLACK
6
CONTINUOUS
10
4.7783641732283462
20
-4.1003755905511809
11
4.7784201574803147
21
-4.1004645275590548
0
LINE
8
BLACK
6
CONTINUOUS
10
4.7784201574803147
20
-4.1004645275590548
11
4.7784866141732278
21
-4.1005455118110232
0
LINE
8
BLACK
6
CONTINUOUS
10
4.7784866141732278
20
-4.1005455118110232
11
4.7785164173228347
21
-4.1006174409448821
0
LINE
8
BLACK
6
CONTINUOUS
10
4.7785164173228347
20
-4.1006174409448821
11
4.7786725196850393
21
-4.1008654724409448
0
LINE
8
BLACK
6
CONTINUOUS
10
4.7786725196850393
20
-4.1008654724409448
11
4.7805472834645668
21
-4.1046149999999999
0
LINE
8
BLACK
6
CONTINUOUS
10
4.7805472834645668
20
-4.1046149999999999
11
4.7807541732283463
21
-4.1051555905511812
0
LINE
8
BLACK
6
CONTINUOUS
10
4.7807541732283463
20
-4.1051555905511812
11
4.7807616929133854
21
-4.1052614566929133
0
LINE
8
BLACK
6
CONTINUOUS
10
4.7807616929133854
20
-4.1052614566929133
11
4.7808022834645669
21
-4.1053594488188976
0
LINE
8
BLACK
6
CONTINUOUS
10
4.7808022834645669
20
-4.1053594488188976
11
4.7808590157480317
21
-4.1059355118110235
0
LINE
8
BLACK
6
CONTINUOUS
10
4.7808590157480317
20
-4.1059355118110235
11
4.7808590157480317
21
-4.1134345669291337
0
LINE
8
BLACK
6
CONTINUOUS
10
4.7808590157480317
20
-4.1134345669291337
11
4.7808022834645669
21
-4.1140106299212595
0
LINE
8
BLACK
6
CONTINUOUS
10
4.7808022834645669
20
-4.1140106299212595
11
4.7807616929133854
21
-4.1141085826771651
0
LINE
8
BLACK
6
CONTINUOUS
10
4.7807616929133854
20
-4.1141085826771651
11
4.7807541732283463
21
-4.1142144881889759
0
LINE
8
BLACK
6
CONTINUOUS
10
4.7807541732283463
20
-4.1142144881889759
11
4.7805472834645668
21
-4.1147550787401572
0
LINE
8
BLACK
6
CONTINUOUS
10
4.7805472834645668
20
-4.1147550787401572
11
4.7786725196850393
21
-4.1185046062992123
0
LINE
8
BLACK
6
CONTINUOUS
10
4.7786725196850393
20
-4.1185046062992123
11
4.7785164173228347
21
-4.1187525984251971
0
LINE
8
BLACK
6
CONTINUOUS
10
4.7785164173228347
20
-4.1187525984251971
11
4.7784866141732278
21
-4.1188245669291339
0
LINE
8
BLACK
6
CONTINUOUS
10
4.7784866141732278
20
-4.1188245669291339
11
4.7784201574803147
21
-4.1189055118110236
0
LINE
8
BLACK
6
CONTINUOUS
10
4.7784201574803147
20
-4.1189055118110236
11
4.7783641732283462
21
-4.1189944881889762
0
LINE
8
BLACK
6
CONTINUOUS
10
4.7783641732283462
20
-4.1189944881889762
11
4.7783051181102358
21
-4.1190456692913386
0
LINE
8
BLACK
6
CONTINUOUS
10
4.7783051181102358
20
-4.1190456692913386
11
4.7781193700787403
21
-4.1192720472440945
0
LINE
8
BLACK
6
CONTINUOUS
10
4.7781193700787403
20
-4.1192720472440945
11
4.776244566929134
21
-4.121146811023622
0
LINE
8
BLACK
6
CONTINUOUS
10
4.776244566929134
20
-4.121146811023622
11
4.776018228346457
21
-4.1213325196850397
0
LINE
8
BLACK
6
CONTINUOUS
10
4.776018228346457
20
-4.1213325196850397
11
4.7759670866141732
21
-4.1213915354330704
0
LINE
8
BLACK
6
CONTINUOUS
10
4.7759670866141732
20
-4.1213915354330704
11
4.7758781496062994
21
-4.1214474803149601
0
LINE
8
BLACK
6
CONTINUOUS
10
4.7758781496062994
20
-4.1214474803149601
11
4.7757971259842522
21
-4.1215140157480317
0
LINE
8
BLACK
6
CONTINUOUS
10
4.7757971259842522
20
-4.1215140157480317
11
4.7757250787401571
21
-4.1215438188976377
0
LINE
8
BLACK
6
CONTINUOUS
10
4.7757250787401571
20
-4.1215438188976377
11
4.7754772047244094
21
-4.1216998818897634
0
LINE
8
BLACK
6
CONTINUOUS
10
4.7754772047244094
20
-4.1216998818897634
11
4.7717276771653543
21
-4.123574645669291
0
LINE
8
BLACK
6
CONTINUOUS
10
4.7717276771653543
20
-4.123574645669291
11
4.7711870472440943
21
-4.1237815354330705
0
LINE
8
BLACK
6
CONTINUOUS
10
4.7711870472440943
20
-4.1237815354330705
11
4.7710812204724409
21
-4.1237890157480317
0
LINE
8
BLACK
6
CONTINUOUS
10
4.7710812204724409
20
-4.1237890157480317
11
4.7709832283464566
21
-4.1238296456692911
0
LINE
8
BLACK
6
CONTINUOUS
10
4.7709832283464566
20
-4.1238296456692911
11
4.7704071653543307
21
-4.1238863779527559
0
LINE
8
BLACK
6
CONTINUOUS
10
4.7704071653543307
20
-4.1238863779527559
11
4.761033346456693
21
-4.1238863779527559
0
LINE
8
BLACK
6
CONTINUOUS
10
4.761033346456693
20
-4.1238863779527559
11
4.7604572834645671
21
-4.1238296456692911
0
LINE
8
BLACK
6
CONTINUOUS
10
4.7604572834645671
20
-4.1238296456692911
11
4.7603592913385828
21
-4.1237890551181104
0
LINE
8
BLACK
6
CONTINUOUS
10
4.7603592913385828
20
-4.1237890551181104
11
4.7602534251968507
21
-4.1237815354330705
0
LINE
8
BLACK
6
CONTINUOUS
10
4.7602534251968507
20
-4.1237815354330705
11
4.7597128346456694
21
-4.123574645669291
0
LINE
8
BLACK
6
CONTINUOUS
10
4.7597128346456694
20
-4.123574645669291
11
4.7559633070866143
21
-4.1216998818897634
0
LINE
8
BLACK
6
CONTINUOUS
10
4.7559633070866143
20
-4.1216998818897634
11
4.7557152755905507
21
-4.1215437795275589
0
LINE
8
BLACK
6
CONTINUOUS
10
4.7557152755905507
20
-4.1215437795275589
11
4.7556433464566927
21
-4.1215139763779529
0
LINE
8
BLACK
6
CONTINUOUS
10
4.7556433464566927
20
-4.1215139763779529
11
4.7555623622047243
21
-4.1214474803149601
0
LINE
8
BLACK
6
CONTINUOUS
10
4.7555623622047243
20
-4.1214474803149601
11
4.7554734251968505
21
-4.1213915354330704
0
LINE
8
BLACK
6
CONTINUOUS
10
4.7554734251968505
20
-4.1213915354330704
11
4.755422244094488
21
-4.1213325196850397
0
LINE
8
BLACK
6
CONTINUOUS
10
4.755422244094488
20
-4.1213325196850397
11
4.7551959055118109
21
-4.1211467716535433
0
LINE
8
BLACK
6
CONTINUOUS
10
4.7551959055118109
20
-4.1211467716535433
11
4.7533211417322834
21
-4.1192720078740157
0
LINE
8
BLACK
6
CONTINUOUS
10
4.7533211417322834
20
-4.1192720078740157
11
4.7531353543307082
21
-4.1190456299212599
0
LINE
8
BLACK
6
CONTINUOUS
10
4.7531353543307082
20
-4.1190456299212599
11
4.7530763779527554
21
-4.1189944881889762
0
LINE
8
BLACK
6
CONTINUOUS
10
4.7530763779527554
20
-4.1189944881889762
11
4.7530203937007869
21
-4.1189055118110236
0
LINE
8
BLACK
6
CONTINUOUS
10
4.7530203937007869
20
-4.1189055118110236
11
4.7529539370078737
21
-4.1188245669291339
0
LINE
8
BLACK
6
CONTINUOUS
10
4.7529539370078737
20
-4.1188245669291339
11
4.752924094488189
21
-4.1187525984251971
0
LINE
8
BLACK
6
CONTINUOUS
10
4.752924094488189
20
-4.1187525984251971
11
4.7527680314960632
21
-4.1185046062992123
0
LINE
8
BLACK
6
CONTINUOUS
10
4.7527680314960632
20
-4.1185046062992123
11
4.7508932677165356
21
-4.1147550787401572
0
LINE
8
BLACK
6
CONTINUOUS
10
4.7508932677165356
20
-4.1147550787401572
11
4.7506863779527562
21
-4.1142144488188972
0
LINE
8
BLACK
6
CONTINUOUS
10
4.7506863779527562
20
-4.1142144488188972
11
4.7506788582677162
21
-4.1141086220472438
0
LINE
8
BLACK
6
CONTINUOUS
10
4.7506788582677162
20
-4.1141086220472438
11
4.7506382677165355
21
-4.1140106299212595
0
LINE
8
BLACK
6
CONTINUOUS
10
4.7506382677165355
20
-4.1140106299212595
11
4.7505815354330707
21
-4.1134345669291337
0
LINE
8
BLACK
6
CONTINUOUS
10
4.7505815354330707
20
-4.1134345669291337
11
4.7505815354330707
21
-4.1059355118110235
0
LINE
8
BLACK
6
CONTINUOUS
10
4.7505815354330707
20
-4.1059355118110235
11
4.7506382677165355
21
-4.1053594488188976
0
LINE
8
BLACK
6
CONTINUOUS
10
4.7506382677165355
20
-4.1053594488188976
11
4.7506788582677162
21
-4.1052614173228346
0
LINE
8
BLACK
6
CONTINUOUS
10
4.7506788582677162
20
-4.1052614173228346
11
4.7506863779527562
21
-4.1051556299212599
0
LINE
8
BLACK
6
CONTINUOUS
10
4.7506863779527562
20
-4.1051556299212599
11
4.7508932677165356
21
-4.1046149999999999
0
LINE
8
BLACK
6
CONTINUOUS
10
4.7508932677165356
20
-4.1046149999999999
11
4.752039527559055
21
-4.1023224803149603
0
LINE
8
BLACK
6
CONTINUOUS
10
4.752039527559055
20
-4.1023224803149603
11
4.7491223622047247
21
-4.1030517716535435
0
LINE
8
BLACK
6
CONTINUOUS
10
4.7491223622047247
20
-4.1030517716535435
11
4.7441668110236224
21
-4.1063554724409448
0
LINE
8
BLACK
6
CONTINUOUS
10
4.7441668110236224
20
-4.1063554724409448
11
4.7428376771653546
21
-4.1076846062992125
0
LINE
8
BLACK
6
CONTINUOUS
10
4.7428376771653546
20
-4.1076846062992125
11
4.7414889370078743
21
-4.1103820866141731
0
LINE
8
BLACK
6
CONTINUOUS
10
4.7414889370078743
20
-4.1103820866141731
11
4.7414889370078743
21
-4.1171840944881888
0
LINE
8
BLACK
6
CONTINUOUS
10
4.7414889370078743
20
-4.1171840944881888
11
4.7414322047244095
21
-4.1177601574803147
0
LINE
8
BLACK
6
CONTINUOUS
10
4.7414322047244095
20
-4.1177601574803147
11
4.740991299212598
21
-4.1188245669291339
0
LINE
8
BLACK
6
CONTINUOUS
10
4.740991299212598
20
-4.1188245669291339
11
4.7401766535433074
21
-4.1196392125984254
0
LINE
8
BLACK
6
CONTINUOUS
10
4.7401766535433074
20
-4.1196392125984254
11
4.7391122440944882
21
-4.120080118110236
0
LINE
8
BLACK
6
CONTINUOUS
10
4.7391122440944882
20
-4.120080118110236
11
4.7379601181102364
21
-4.120080118110236
0
LINE
8
BLACK
6
CONTINUOUS
10
4.7379601181102364
20
-4.120080118110236
11
4.7368957086614172
21
-4.1196392125984254
0
LINE
8
BLACK
6
CONTINUOUS
10
4.7368957086614172
20
-4.1196392125984254
11
4.7360810629921257
21
-4.1188245669291339
0
LINE
8
BLACK
6
CONTINUOUS
10
4.7360810629921257
20
-4.1188245669291339
11
4.7356401574803151
21
-4.1177601574803147
0
LINE
8
BLACK
6
CONTINUOUS
10
4.7356401574803151
20
-4.1177601574803147
11
4.7355834251968503
21
-4.1171840944881888
0
LINE
8
BLACK
6
CONTINUOUS
10
4.7355834251968503
20
-4.1171840944881888
11
4.7355834251968503
21
-4.1096850393700786
0
LINE
8
BLACK
6
CONTINUOUS
10
4.7355834251968503
20
-4.1096850393700786
11
4.7356401574803151
21
-4.1091089763779527
0
LINE
8
BLACK
6
CONTINUOUS
10
4.7356401574803151
20
-4.1091089763779527
11
4.7356807480314957
21
-4.1090109448818897
0
LINE
8
BLACK
6
CONTINUOUS
10
4.7356807480314957
20
-4.1090109448818897
11
4.7356882677165357
21
-4.108905157480315
0
LINE
8
BLACK
6
CONTINUOUS
10
4.7356882677165357
20
-4.108905157480315
11
4.7358951574803152
21
-4.108364527559055
0
LINE
8
BLACK
6
CONTINUOUS
10
4.7358951574803152
20
-4.108364527559055
11
4.7377699212598428
21
-4.1046149999999999
0
LINE
8
BLACK
6
CONTINUOUS
10
4.7377699212598428
20
-4.1046149999999999
11
4.7379259842519685
21
-4.1043669685039372
0
LINE
8
BLACK
6
CONTINUOUS
10
4.7379259842519685
20
-4.1043669685039372
11
4.7379558267716533
21
-4.1042950393700783
0
LINE
8
BLACK
6
CONTINUOUS
10
4.7379558267716533
20
-4.1042950393700783
11
4.7380222834645664
21
-4.1042140551181099
0
LINE
8
BLACK
6
CONTINUOUS
10
4.7380222834645664
20
-4.1042140551181099
11
4.738078267716535
21
-4.1041251181102361
0
LINE
8
BLACK
6
CONTINUOUS
10
4.738078267716535
20
-4.1041251181102361
11
4.7381372440944878
21
-4.1040739370078736
0
LINE
8
BLACK
6
CONTINUOUS
10
4.7381372440944878
20
-4.1040739370078736
11
4.7383230314960629
21
-4.1038475984251965
0
LINE
8
BLACK
6
CONTINUOUS
10
4.7383230314960629
20
-4.1038475984251965
11
4.7401977952755905
21
-4.101972834645669
0
LINE
8
BLACK
6
CONTINUOUS
10
4.7401977952755905
20
-4.101972834645669
11
4.7401993700787397
21
-4.1019714960629923
0
LINE
8
BLACK
6
CONTINUOUS
10
4.7401993700787397
20
-4.1019714960629923
11
4.740199960629921
21
-4.1019706692913385
0
LINE
8
BLACK
6
CONTINUOUS
10
4.740199960629921
20
-4.1019706692913385
11
4.7404299212598424
21
-4.1017823228346453
0
LINE
8
BLACK
6
CONTINUOUS
10
4.7404299212598424
20
-4.1017823228346453
11
4.7406452362204723
21
-4.1016056299212593
0
LINE
8
BLACK
6
CONTINUOUS
10
4.7406452362204723
20
-4.1016056299212593
11
4.7406461023622049
21
-4.1016052362204727
0
LINE
8
BLACK
6
CONTINUOUS
10
4.7406461023622049
20
-4.1016052362204727
11
4.7406477952755903
21
-4.1016038976377951
0
LINE
8
BLACK
6
CONTINUOUS
10
4.7406477952755903
20
-4.1016038976377951
11
4.7462721259842517
21
-4.09785437007874
0
LINE
8
BLACK
6
CONTINUOUS
10
4.7462721259842517
20
-4.09785437007874
11
4.7465900000000003
21
-4.097684881889764
0
LINE
8
BLACK
6
CONTINUOUS
10
4.7465900000000003
20
-4.097684881889764
11
4.7466487401574806
21
-4.0976413779527556
0
LINE
8
BLACK
6
CONTINUOUS
10
4.7466487401574806
20
-4.0976413779527556
11
4.7467181102362206
21
-4.0976165748031494
0
LINE
8
BLACK
6
CONTINUOUS
10
4.7467181102362206
20
-4.0976165748031494
11
4.746782913385827
21
-4.097582047244094
0
LINE
8
BLACK
6
CONTINUOUS
10
4.746782913385827
20
-4.097582047244094
11
4.7468543307086613
21
-4.0975679133858263
0
LINE
8
BLACK
6
CONTINUOUS
10
4.7468543307086613
20
-4.0975679133858263
11
4.7471938582677167
21
-4.0974466141732284
0
LINE
8
BLACK
6
CONTINUOUS
10
4.7471938582677167
20
-4.0974466141732284
11
4.7546929133858269
21
-4.0955718503937009
0
LINE
8
BLACK
6
CONTINUOUS
10
4.7546929133858269
20
-4.0955718503937009
11
4.7547927559055116
21
-4.0955570472440943
0
LINE
8
BLACK
6
CONTINUOUS
10
4.7547927559055116
20
-4.0955570472440943
11
4.7548329921259844
21
-4.095540433070866
0
LINE
8
BLACK
6
CONTINUOUS
10
4.7548329921259844
20
-4.095540433070866
11
4.7550499999999998
21
-4.0955190551181104
0
LINE
8
BLACK
6
CONTINUOUS
10
4.7550499999999998
20
-4.0955190551181104
11
4.7552655118110234
21
-4.0954872047244093
0
LINE
8
BLACK
6
CONTINUOUS
10
4.7552655118110234
20
-4.0954872047244093
11
4.755308503937008
21
-4.0954935826771655
0
LINE
8
BLACK
6
CONTINUOUS
10
4.755308503937008
20
-4.0954935826771655
11
4.7554090551181103
21
-4.0954837007874012
0
LINE
8
BLACK
6
CONTINUOUS
10
4.7554090551181103
20
-4.0954837007874012
11
4.7704071653543307
21
-4.0954837007874012
0
LINE
8
BLACK
6
CONTINUOUS
10
4.7704071653543307
20
-4.0954837007874012
11
4.7709832283464566
21
-4.095540433070866
0
LINE
8
BLACK
6
CONTINUOUS
10
4.7590329133858269
20
-4.1027379527559056
11
4.7578357874015751
21
-4.1039350787401574
0
LINE
8
BLACK
6
CONTINUOUS
10
4.7578357874015751
20
-4.1039350787401574
11
4.7564870472440948
21
-4.106632559055118
0
LINE
8
BLACK
6
CONTINUOUS
10
4.7564870472440948
20
-4.106632559055118
11
4.7564870472440948
21
-4.1127375196850391
0
LINE
8
BLACK
6
CONTINUOUS
10
4.7564870472440948
20
-4.1127375196850391
11
4.7578357874015751
21
-4.1154349999999997
0
LINE
8
BLACK
6
CONTINUOUS
10
4.7578357874015751
20
-4.1154349999999997
11
4.7590329133858269
21
-4.1166321259842515
0
LINE
8
BLACK
6
CONTINUOUS
10
4.7590329133858269
20
-4.1166321259842515
11
4.7617303937007875
21
-4.1179808661417319
0
LINE
8
BLACK
6
CONTINUOUS
10
4.7617303937007875
20
-4.1179808661417319
11
4.7697101181102362
21
-4.1179808661417319
0
LINE
8
BLACK
6
CONTINUOUS
10
4.7697101181102362
20
-4.1179808661417319
11
4.7724075984251968
21
-4.1166320866141728
0
LINE
8
BLACK
6
CONTINUOUS
10
4.7724075984251968
20
-4.1166320866141728
11
4.7736047637795274
21
-4.115434960629921
0
LINE
8
BLACK
6
CONTINUOUS
10
4.7736047637795274
20
-4.115434960629921
11
4.7749535039370077
21
-4.1127375196850391
0
LINE
8
BLACK
6
CONTINUOUS
10
4.7749535039370077
20
-4.1127375196850391
11
4.7749535039370077
21
-4.106632559055118
0
LINE
8
BLACK
6
CONTINUOUS
10
4.7749535039370077
20
-4.106632559055118
11
4.7736047637795274
21
-4.1039350787401574
0
LINE
8
BLACK
6
CONTINUOUS
10
4.7736047637795274
20
-4.1039350787401574
11
4.7724075984251968
21
-4.1027379527559056
0
LINE
8
BLACK
6
CONTINUOUS
10
4.7724075984251968
20
-4.1027379527559056
11
4.7697101181102362
21
-4.1013892125984253
0
LINE
8
BLACK
6
CONTINUOUS
10
4.7697101181102362
20
-4.1013892125984253
11
4.7617303937007875
21
-4.1013892125984253
0
LINE
8
BLACK
6
CONTINUOUS
10
4.7617303937007875
20
-4.1013892125984253
11
4.7590329133858269
21
-4.1027379527559056
0
LINE
8
BLACK
6
CONTINUOUS
10
5.2605646456692909
20
-4.0955885433070867
11
5.2615951574803148
21
-4.096103818897638
0
LINE
8
BLACK
6
CONTINUOUS
10
5.2615951574803148
20
-4.096103818897638
11
5.2623499999999996
21
-4.0969741732283467
0
LINE
8
BLACK
6
CONTINUOUS
10
5.2623499999999996
20
-4.0969741732283467
11
5.2627143307086612
21
-4.0980671653543306
0
LINE
8
BLACK
6
CONTINUOUS
10
5.2627143307086612
20
-4.0980671653543306
11
5.262632677165354
21
-4.0992163779527555
0
LINE
8
BLACK
6
CONTINUOUS
10
5.262632677165354
20
-4.0992163779527555
11
5.2624257874015745
21
-4.0997569685039368
0
LINE
8
BLACK
6
CONTINUOUS
10
5.2624257874015745
20
-4.0997569685039368
11
5.260551023622047
21
-4.1035064960629919
0
LINE
8
BLACK
6
CONTINUOUS
10
5.260551023622047
20
-4.1035064960629919
11
5.2603949999999999
21
-4.1037542913385829
0
LINE
8
BLACK
6
CONTINUOUS
10
5.2603949999999999
20
-4.1037542913385829
11
5.2603651574803152
21
-4.1038264566929135
0
LINE
8
BLACK
6
CONTINUOUS
10
5.2603651574803152
20
-4.1038264566929135
11
5.2602985433070861
21
-4.1039075984251969
0
LINE
8
BLACK
6
CONTINUOUS
10
5.2602985433070861
20
-4.1039075984251969
11
5.2602426771653539
21
-4.1039963779527557
0
LINE
8
BLACK
6
CONTINUOUS
10
5.2602426771653539
20
-4.1039963779527557
11
5.2601837401574798
21
-4.1040474803149607
0
LINE
8
BLACK
6
CONTINUOUS
10
5.2601837401574798
20
-4.1040474803149607
11
5.2599979133858268
21
-4.1042738976377953
0
LINE
8
BLACK
6
CONTINUOUS
10
5.2599979133858268
20
-4.1042738976377953
11
5.2575395275590546
21
-4.1067322834645665
0
LINE
8
BLACK
6
CONTINUOUS
10
5.2575395275590546
20
-4.1067322834645665
11
5.2849535039370075
21
-4.1067322834645665
0
LINE
8
BLACK
6
CONTINUOUS
10
5.2849535039370075
20
-4.1067322834645665
11
5.2849535039370075
21
-4.0984364566929132
0
LINE
8
BLACK
6
CONTINUOUS
10
5.2849535039370075
20
-4.0984364566929132
11
5.2850102362204723
21
-4.0978603937007874
0
LINE
8
BLACK
6
CONTINUOUS
10
5.2850102362204723
20
-4.0978603937007874
11
5.2854511417322829
21
-4.0967959842519681
0
LINE
8
BLACK
6
CONTINUOUS
10
5.2854511417322829
20
-4.0967959842519681
11
5.2862657874015744
21
-4.0959813385826767
0
LINE
8
BLACK
6
CONTINUOUS
10
5.2862657874015744
20
-4.0959813385826767
11
5.2873301968503936
21
-4.095540433070866
0
LINE
8
BLACK
6
CONTINUOUS
10
5.2873301968503936
20
-4.095540433070866
11
5.2884823228346454
21
-4.095540433070866
0
LINE
8
BLACK
6
CONTINUOUS
10
5.2884823228346454
20
-4.095540433070866
11
5.2895467322834646
21
-4.0959813385826767
0
LINE
8
BLACK
6
CONTINUOUS
10
5.2895467322834646
20
-4.0959813385826767
11
5.2903613779527561
21
-4.0967959842519681
0
LINE
8
BLACK
6
CONTINUOUS
10
5.2903613779527561
20
-4.0967959842519681
11
5.2908022834645667
21
-4.0978603937007874
0
LINE
8
BLACK
6
CONTINUOUS
10
5.2908022834645667
20
-4.0978603937007874
11
5.2908590157480315
21
-4.0984364566929132
0
LINE
8
BLACK
6
CONTINUOUS
10
5.2908590157480315
20
-4.0984364566929132
11
5.2908590157480315
21
-4.1209336220472439
0
LINE
8
BLACK
6
CONTINUOUS
10
5.2908590157480315
20
-4.1209336220472439
11
5.2908022834645667
21
-4.1215096850393698
0
LINE
8
BLACK
6
CONTINUOUS
10
5.2908022834645667
20
-4.1215096850393698
11
5.2903613779527561
21
-4.122574094488189
0
LINE
8
BLACK
6
CONTINUOUS
10
5.2903613779527561
20
-4.122574094488189
11
5.2895467322834646
21
-4.1233887401574805
0
LINE
8
BLACK
6
CONTINUOUS
10
5.2895467322834646
20
-4.1233887401574805
11
5.2884823228346454
21
-4.1238296456692911
0
LINE
8
BLACK
6
CONTINUOUS
10
5.2884823228346454
20
-4.1238296456692911
11
5.2873301968503936
21
-4.1238296456692911
0
LINE
8
BLACK
6
CONTINUOUS
10
5.2873301968503936
20
-4.1238296456692911
11
5.2862657874015744
21
-4.1233887401574805
0
LINE
8
BLACK
6
CONTINUOUS
10
5.2862657874015744
20
-4.1233887401574805
11
5.2854511417322829
21
-4.122574094488189
0
LINE
8
BLACK
6
CONTINUOUS
10
5.2854511417322829
20
-4.122574094488189
11
5.2850102362204723
21
-4.1215096850393698
0
LINE
8
BLACK
6
CONTINUOUS
10
5.2850102362204723
20
-4.1215096850393698
11
5.2849535039370075
21
-4.1209336220472439
0
LINE
8
BLACK
6
CONTINUOUS
10
5.2849535039370075
20
-4.1209336220472439
11
5.2849535039370075
21
-4.1126377952755906
0
LINE
8
BLACK
6
CONTINUOUS
10
5.2849535039370075
20
-4.1126377952755906
11
5.2485361811023621
21
-4.1126377952755906
0
LINE
8
BLACK
6
CONTINUOUS
10
5.2485361811023621
20
-4.1126377952755906
11
5.2485340944881891
21
-4.1126375590551181
0
LINE
8
BLACK
6
CONTINUOUS
10
5.2485340944881891
20
-4.1126375590551181
11
5.2485330708661415
21
-4.1126377952755906
0
LINE
8
BLACK
6
CONTINUOUS
10
5.2485330708661415
20
-4.1126377952755906
11
5.2485300393700784
21
-4.1126371653543305
0
LINE
8
BLACK
6
CONTINUOUS
10
5.2485300393700784
20
-4.1126371653543305
11
5.2479601181102362
21
-4.1125810629921258
0
LINE
8
BLACK
6
CONTINUOUS
10
5.2479601181102362
20
-4.1125810629921258
11
5.2476899999999995
21
-4.1124691732283463
0
LINE
8
BLACK
6
CONTINUOUS
10
5.2476899999999995
20
-4.1124691732283463
11
5.2474033858267717
21
-4.1124118503937011
0
LINE
8
BLACK
6
CONTINUOUS
10
5.2474033858267717
20
-4.1124118503937011
11
5.2471629921259844
21
-4.1122508661417321
0
LINE
8
BLACK
6
CONTINUOUS
10
5.2471629921259844
20
-4.1122508661417321
11
5.246895708661417
21
-4.1121401574803151
0
LINE
8
BLACK
6
CONTINUOUS
10
5.246895708661417
20
-4.1121401574803151
11
5.2466889763779525
21
-4.1119334251968507
0
LINE
8
BLACK
6
CONTINUOUS
10
5.2466889763779525
20
-4.1119334251968507
11
5.2464461023622047
21
-4.111770787401575
0
LINE
8
BLACK
6
CONTINUOUS
10
5.2464461023622047
20
-4.111770787401575
11
5.2462855905511807
21
-4.1115300393700789
0
LINE
8
BLACK
6
CONTINUOUS
10
5.2462855905511807
20
-4.1115300393700789
11
5.2460810629921255
21
-4.1113255118110237
0
LINE
8
BLACK
6
CONTINUOUS
10
5.2460810629921255
20
-4.1113255118110237
11
5.245969173228346
21
-4.111055393700787
0
LINE
8
BLACK
6
CONTINUOUS
10
5.245969173228346
20
-4.111055393700787
11
5.2458070078740153
21
-4.1108121653543304
0
LINE
8
BLACK
6
CONTINUOUS
10
5.2458070078740153
20
-4.1108121653543304
11
5.2457508661417318
21
-4.1105283464566931
0
LINE
8
BLACK
6
CONTINUOUS
10
5.2457508661417318
20
-4.1105283464566931
11
5.2456401574803149
21
-4.1102611023622044
0
LINE
8
BLACK
6
CONTINUOUS
10
5.2456401574803149
20
-4.1102611023622044
11
5.2456401574803149
21
-4.1099687007874017
0
LINE
8
BLACK
6
CONTINUOUS
10
5.2456401574803149
20
-4.1099687007874017
11
5.2455834251968501
21
-4.109681929133858
0
LINE
8
BLACK
6
CONTINUOUS
10
5.2455834251968501
20
-4.109681929133858
11
5.2456401574803149
21
-4.1093982677165357
0
LINE
8
BLACK
6
CONTINUOUS
10
5.2456401574803149
20
-4.1093982677165357
11
5.2456401574803149
21
-4.1091089763779527
0
LINE
8
BLACK
6
CONTINUOUS
10
5.2456401574803149
20
-4.1091089763779527
11
5.2457520078740156
21
-4.108838858267716
0
LINE
8
BLACK
6
CONTINUOUS
10
5.2457520078740156
20
-4.108838858267716
11
5.2458093700787396
21
-4.1085522440944882
0
LINE
8
BLACK
6
CONTINUOUS
10
5.2458093700787396
20
-4.1085522440944882
11
5.2459703149606298
21
-4.1083118503937008
0
LINE
8
BLACK
6
CONTINUOUS
10
5.2459703149606298
20
-4.1083118503937008
11
5.2460810629921255
21
-4.1080445669291334
0
LINE
8
BLACK
6
CONTINUOUS
10
5.2460810629921255
20
-4.1080445669291334
11
5.2462877559055121
21
-4.107837834645669
0
LINE
8
BLACK
6
CONTINUOUS
10
5.2462877559055121
20
-4.107837834645669
11
5.2464504330708657
21
-4.1075949606299211
0
LINE
8
BLACK
6
CONTINUOUS
10
5.2464504330708657
20
-4.1075949606299211
11
5.2468936614173227
21
-4.1072319291338584
0
LINE
8
BLACK
6
CONTINUOUS
10
5.2468936614173227
20
-4.1072319291338584
11
5.246895708661417
21
-4.107229921259842
0
LINE
8
BLACK
6
CONTINUOUS
10
5.246895708661417
20
-4.107229921259842
11
5.2468965748031495
21
-4.1072295275590553
0
LINE
8
BLACK
6
CONTINUOUS
10
5.2468965748031495
20
-4.1072295275590553
11
5.246898267716535
21
-4.1072281889763778
0
LINE
8
BLACK
6
CONTINUOUS
10
5.246898267716535
20
-4.1072281889763778
11
5.2522792913385823
21
-4.1036408267716533
0
LINE
8
BLACK
6
CONTINUOUS
10
5.2522792913385823
20
-4.1036408267716533
11
5.2554832677165351
21
-4.1004368897637793
0
LINE
8
BLACK
6
CONTINUOUS
10
5.2554832677165351
20
-4.1004368897637793
11
5.2571437401574803
21
-4.0971159448818897
0
LINE
8
BLACK
6
CONTINUOUS
10
5.2571437401574803
20
-4.0971159448818897
11
5.2574520866141734
21
-4.0966260629921258
0
LINE
8
BLACK
6
CONTINUOUS
10
5.2574520866141734
20
-4.0966260629921258
11
5.2583224803149609
21
-4.095871220472441
0
LINE
8
BLACK
6
CONTINUOUS
10
5.2583224803149609
20
-4.095871220472441
11
5.259415433070866
21
-4.0955068897637794
0
LINE
8
BLACK
6
CONTINUOUS
10
5.259415433070866
20
-4.0955068897637794
11
5.2605646456692909
21
-4.0955885433070867
0
LINE
8
BLACK
6
CONTINUOUS
10
4.8055646456692909
20
-4.0868408661417321
11
4.8065951574803147
21
-4.0873561417322835
0
LINE
8
BLACK
6
CONTINUOUS
10
4.8065951574803147
20
-4.0873561417322835
11
4.8073499999999996
21
-4.0882264960629922
0
LINE
8
BLACK
6
CONTINUOUS
10
4.8073499999999996
20
-4.0882264960629922
11
4.8077143307086612
21
-4.0893194881889761
0
LINE
8
BLACK
6
CONTINUOUS
10
4.8077143307086612
20
-4.0893194881889761
11
4.8076326771653539
21
-4.0904687007874019
0
LINE
8
BLACK
6
CONTINUOUS
10
4.8076326771653539
20
-4.0904687007874019
11
4.8074257874015744
21
-4.0910092913385823
0
LINE
8
BLACK
6
CONTINUOUS
10
4.8074257874015744
20
-4.0910092913385823
11
4.8055510236220469
21
-4.0947588188976374
0
LINE
8
BLACK
6
CONTINUOUS
10
4.8055510236220469
20
-4.0947588188976374
11
4.8053949999999999
21
-4.0950066141732284
0
LINE
8
BLACK
6
CONTINUOUS
10
4.8053949999999999
20
-4.0950066141732284
11
4.8053651574803151
21
-4.0950787795275589
0
LINE
8
BLACK
6
CONTINUOUS
10
4.8053651574803151
20
-4.0950787795275589
11
4.8052985433070869
21
-4.0951599212598424
0
LINE
8
BLACK
6
CONTINUOUS
10
4.8052985433070869
20
-4.0951599212598424
11
4.8052426771653538
21
-4.0952487007874012
0
LINE
8
BLACK
6
CONTINUOUS
10
4.8052426771653538
20
-4.0952487007874012
11
4.8051837401574806
21
-4.0952998031496062
0
LINE
8
BLACK
6
CONTINUOUS
10
4.8051837401574806
20
-4.0952998031496062
11
4.8049979133858267
21
-4.0955262204724407
0
LINE
8
BLACK
6
CONTINUOUS
10
4.8049979133858267
20
-4.0955262204724407
11
4.8025395275590554
21
-4.0979846062992129
0
LINE
8
BLACK
6
CONTINUOUS
10
4.8025395275590554
20
-4.0979846062992129
11
4.8299535039370074
21
-4.0979846062992129
0
LINE
8
BLACK
6
CONTINUOUS
10
4.8299535039370074
20
-4.0979846062992129
11
4.8299535039370074
21
-4.0896887795275587
0
LINE
8
BLACK
6
CONTINUOUS
10
4.8299535039370074
20
-4.0896887795275587
11
4.8300102362204722
21
-4.0891127165354328
0
LINE
8
BLACK
6
CONTINUOUS
10
4.8300102362204722
20
-4.0891127165354328
11
4.8304511417322837
21
-4.0880483070866145
0
LINE
8
BLACK
6
CONTINUOUS
10
4.8304511417322837
20
-4.0880483070866145
11
4.8312657874015743
21
-4.087233661417323
0
LINE
8
BLACK
6
CONTINUOUS
10
4.8312657874015743
20
-4.087233661417323
11
4.8323301968503936
21
-4.0867927559055115
0
LINE
8
BLACK
6
CONTINUOUS
10
4.8323301968503936
20
-4.0867927559055115
11
4.8334823228346453
21
-4.0867927559055115
0
LINE
8
BLACK
6
CONTINUOUS
10
4.8334823228346453
20
-4.0867927559055115
11
4.8345467322834645
21
-4.087233661417323
0
LINE
8
BLACK
6
CONTINUOUS
10
4.8345467322834645
20
-4.087233661417323
11
4.835361377952756
21
-4.0880483070866145
0
LINE
8
BLACK
6
CONTINUOUS
10
4.835361377952756
20
-4.0880483070866145
11
4.8358022834645666
21
-4.0891127165354328
0
LINE
8
BLACK
6
CONTINUOUS
10
4.8358022834645666
20
-4.0891127165354328
11
4.8358590157480315
21
-4.0896887795275587
0
LINE
8
BLACK
6
CONTINUOUS
10
4.8358590157480315
20
-4.0896887795275587
11
4.8358590157480315
21
-4.1121859448818894
0
LINE
8
BLACK
6
CONTINUOUS
10
4.8358590157480315
20
-4.1121859448818894
11
4.8358022834645666
21
-4.1127620078740152
0
LINE
8
BLACK
6
CONTINUOUS
10
4.8358022834645666
20
-4.1127620078740152
11
4.835361377952756
21
-4.1138264173228345
0
LINE
8
BLACK
6
CONTINUOUS
10
4.835361377952756
20
-4.1138264173228345
11
4.8345467322834645
21
-4.114641062992126
0
LINE
8
BLACK
6
CONTINUOUS
10
4.8345467322834645
20
-4.114641062992126
11
4.8334823228346453
21
-4.1150819685039366
0
LINE
8
BLACK
6
CONTINUOUS
10
4.8334823228346453
20
-4.1150819685039366
11
4.8323301968503936
21
-4.1150819685039366
0
LINE
8
BLACK
6
CONTINUOUS
10
4.8323301968503936
20
-4.1150819685039366
11
4.8312657874015743
21
-4.114641062992126
0
LINE
8
BLACK
6
CONTINUOUS
10
4.8312657874015743
20
-4.114641062992126
11
4.8304511417322837
21
-4.1138264173228345
0
LINE
8
BLACK
6
CONTINUOUS
10
4.8304511417322837
20
-4.1138264173228345
11
4.8300102362204722
21
-4.1127620078740152
0
LINE
8
BLACK
6
CONTINUOUS
10
4.8300102362204722
20
-4.1127620078740152
11
4.8299535039370074
21
-4.1121859448818894
0
LINE
8
BLACK
6
CONTINUOUS
10
4.8299535039370074
20
-4.1121859448818894
11
4.8299535039370074
21
-4.1038901181102361
0
LINE
8
BLACK
6
CONTINUOUS
10
4.8299535039370074
20
-4.1038901181102361
11
4.793536181102362
21
-4.1038901181102361
0
LINE
8
BLACK
6
CONTINUOUS
10
4.793536181102362
20
-4.1038901181102361
11
4.793534094488189
21
-4.1038898818897636
0
LINE
8
BLACK
6
CONTINUOUS
10
4.793534094488189
20
-4.1038898818897636
11
4.7935330708661414
21
-4.1038901181102361
0
LINE
8
BLACK
6
CONTINUOUS
10
4.7935330708661414
20
-4.1038901181102361
11
4.7935300393700784
21
-4.103889488188976
0
LINE
8
BLACK
6
CONTINUOUS
10
4.7935300393700784
20
-4.103889488188976
11
4.7929601181102361
21
-4.1038333858267713
0
LINE
8
BLACK
6
CONTINUOUS
10
4.7929601181102361
20
-4.1038333858267713
11
4.7926899999999995
21
-4.1037214960629917
0
LINE
8
BLACK
6
CONTINUOUS
10
4.7926899999999995
20
-4.1037214960629917
11
4.7924033858267716
21
-4.1036641732283465
0
LINE
8
BLACK
6
CONTINUOUS
10
4.7924033858267716
20
-4.1036641732283465
11
4.7921629921259843
21
-4.1035031889763776
0
LINE
8
BLACK
6
CONTINUOUS
10
4.7921629921259843
20
-4.1035031889763776
11
4.7918957086614169
21
-4.1033924803149606
0
LINE
8
BLACK
6
CONTINUOUS
10
4.7918957086614169
20
-4.1033924803149606
11
4.7916889763779524
21
-4.1031857480314962
0
LINE
8
BLACK
6
CONTINUOUS
10
4.7916889763779524
20
-4.1031857480314962
11
4.7914461023622046
21
-4.1030231102362205
0
LINE
8
BLACK
6
CONTINUOUS
10
4.7914461023622046
20
-4.1030231102362205
11
4.7912855905511806
21
-4.1027823622047244
0
LINE
8
BLACK
6
CONTINUOUS
10
4.7912855905511806
20
-4.1027823622047244
11
4.7910810629921254
21
-4.1025778346456692
0
LINE
8
BLACK
6
CONTINUOUS
10
4.7910810629921254
20
-4.1025778346456692
11
4.7909691732283459
21
-4.1023077165354334
0
LINE
8
BLACK
6
CONTINUOUS
10
4.7909691732283459
20
-4.1023077165354334
11
4.7908070078740153
21
-4.1020644881889758
0
LINE
8
BLACK
6
CONTINUOUS
10
4.7908070078740153
20
-4.1020644881889758
11
4.7907508661417317
21
-4.1017806692913386
0
LINE
8
BLACK
6
CONTINUOUS
10
4.7907508661417317
20
-4.1017806692913386
11
4.7906401574803148
21
-4.1015134251968499
0
LINE
8
BLACK
6
CONTINUOUS
10
4.7906401574803148
20
-4.1015134251968499
11
4.7906401574803148
21
-4.1012210236220472
0
LINE
8
BLACK
6
CONTINUOUS
10
4.7906401574803148
20
-4.1012210236220472
11
4.79058342519685
21
-4.1009342519685035
0
LINE
8
BLACK
6
CONTINUOUS
10
4.79058342519685
20
-4.1009342519685035
11
4.7906401574803148
21
-4.1006505905511812
0
LINE
8
BLACK
6
CONTINUOUS
10
4.7906401574803148
20
-4.1006505905511812
11
4.7906401574803148
21
-4.1003612992125982
0
LINE
8
BLACK
6
CONTINUOUS
10
4.7906401574803148
20
-4.1003612992125982
11
4.7907520078740156
21
-4.1000911811023624
0
LINE
8
BLACK
6
CONTINUOUS
10
4.7907520078740156
20
-4.1000911811023624
11
4.7908093700787404
21
-4.0998045669291336
0
LINE
8
BLACK
6
CONTINUOUS
10
4.7908093700787404
20
-4.0998045669291336
11
4.7909703149606298
21
-4.0995641732283463
0
LINE
8
BLACK
6
CONTINUOUS
10
4.7909703149606298
20
-4.0995641732283463
11
4.7910810629921254
21
-4.0992968897637798
0
LINE
8
BLACK
6
CONTINUOUS
10
4.7910810629921254
20
-4.0992968897637798
11
4.791287755905512
21
-4.0990901574803145
0
LINE
8
BLACK
6
CONTINUOUS
10
4.791287755905512
20
-4.0990901574803145
11
4.7914504330708656
21
-4.0988472834645666
0
LINE
8
BLACK
6
CONTINUOUS
10
4.7914504330708656
20
-4.0988472834645666
11
4.7918936614173226
21
-4.0984842519685039
0
LINE
8
BLACK
6
CONTINUOUS
10
4.7918936614173226
20
-4.0984842519685039
11
4.7918957086614169
21
-4.0984822440944884
0
LINE
8
BLACK
6
CONTINUOUS
10
4.7918957086614169
20
-4.0984822440944884
11
4.7918965748031495
21
-4.0984818503937008
0
LINE
8
BLACK
6
CONTINUOUS
10
4.7918965748031495
20
-4.0984818503937008
11
4.7918982677165349
21
-4.0984805118110232
0
LINE
8
BLACK
6
CONTINUOUS
10
4.7918982677165349
20
-4.0984805118110232
11
4.7972792913385822
21
-4.0948931496062988
0
LINE
8
BLACK
6
CONTINUOUS
10
4.7972792913385822
20
-4.0948931496062988
11
4.800483267716535
21
-4.0916892125984248
0
LINE
8
BLACK
6
CONTINUOUS
10
4.800483267716535
20
-4.0916892125984248
11
4.8021437401574802
21
-4.0883682677165352
0
LINE
8
BLACK
6
CONTINUOUS
10
4.8021437401574802
20
-4.0883682677165352
11
4.8024520866141733
21
-4.0878783858267713
0
LINE
8
BLACK
6
CONTINUOUS
10
4.8024520866141733
20
-4.0878783858267713
11
4.8033224803149608
21
-4.0871235433070865
0
LINE
8
BLACK
6
CONTINUOUS
10
4.8033224803149608
20
-4.0871235433070865
11
4.8044154330708659
21
-4.0867592125984249
0
LINE
8
BLACK
6
CONTINUOUS
10
4.8044154330708659
20
-4.0867592125984249
11
4.8055646456692909
21
-4.0868408661417321
0
LINE
8
BLACK
6
CONTINUOUS
10
5.009901771653543
20
-4.0556043700787399
11
5.0099737795275585
21
-4.0555972047244095
0
LINE
8
BLACK
6
CONTINUOUS
10
5.0099737795275585
20
-4.0555972047244095
11
5.0100440944881885
21
-4.0556183858267714
0
LINE
8
BLACK
6
CONTINUOUS
10
5.0100440944881885
20
-4.0556183858267714
11
5.0102648031496058
21
-4.0556401574803145
0
LINE
8
BLACK
6
CONTINUOUS
10
5.0102648031496058
20
-4.0556401574803145
11
5.010663464566929
21
-4.0558052755905507
0
LINE
8
BLACK
6
CONTINUOUS
10
5.010663464566929
20
-4.0558052755905507
11
5.0110767716535429
21
-4.05593
0
LINE
8
BLACK
6
CONTINUOUS
10
5.0110767716535429
20
-4.05593
11
5.0111918503937005
21
-4.0560241338582674
0
LINE
8
BLACK
6
CONTINUOUS
10
5.0111918503937005
20
-4.0560241338582674
11
5.011329212598425
21
-4.056081062992126
0
LINE
8
BLACK
6
CONTINUOUS
10
5.011329212598425
20
-4.056081062992126
11
5.0116344488188975
21
-4.0563862992125985
0
LINE
8
BLACK
6
CONTINUOUS
10
5.0116344488188975
20
-4.0563862992125985
11
5.0119684251968506
21
-4.0566595669291337
0
LINE
8
BLACK
6
CONTINUOUS
10
5.0119684251968506
20
-4.0566595669291337
11
5.0120386614173231
21
-4.0567905118110232
0
LINE
8
BLACK
6
CONTINUOUS
10
5.0120386614173231
20
-4.0567905118110232
11
5.0121438582677165
21
-4.0568957086614175
0
LINE
8
BLACK
6
CONTINUOUS
10
5.0121438582677165
20
-4.0568957086614175
11
5.0123090157480314
21
-4.0572944881889761
0
LINE
8
BLACK
6
CONTINUOUS
10
5.0123090157480314
20
-4.0572944881889761
11
5.0125130708661416
21
-4.0576748031496059
0
LINE
8
BLACK
6
CONTINUOUS
10
5.0125130708661416
20
-4.0576748031496059
11
5.0125566535433066
21
-4.0578922834645672
0
LINE
8
BLACK
6
CONTINUOUS
10
5.0125566535433066
20
-4.0578922834645672
11
5.0125847637795271
21
-4.0579601181102358
0
LINE
8
BLACK
6
CONTINUOUS
10
5.0125847637795271
20
-4.0579601181102358
11
5.0125847637795271
21
-4.0580324015748035
0
LINE
8
BLACK
6
CONTINUOUS
10
5.0125847637795271
20
-4.0580324015748035
11
5.0126268503937004
21
-4.0582423622047239
0
LINE
8
BLACK
6
CONTINUOUS
10
5.0126268503937004
20
-4.0582423622047239
11
5.0145016141732279
21
-4.0769900000000003
0
LINE
8
BLACK
6
CONTINUOUS
10
5.0145016141732279
20
-4.0769900000000003
11
5.0145024803149605
21
-4.0775688582677168
0
LINE
8
BLACK
6
CONTINUOUS
10
5.0145024803149605
20
-4.0775688582677168
11
5.0144595275590547
21
-4.0777111811023623
0
LINE
8
BLACK
6
CONTINUOUS
10
5.0144595275590547
20
-4.0777111811023623
11
5.0144595275590547
21
-4.0778598425196853
0
LINE
8
BLACK
6
CONTINUOUS
10
5.0144595275590547
20
-4.0778598425196853
11
5.0142944094488184
21
-4.0782584251968501
0
LINE
8
BLACK
6
CONTINUOUS
10
5.0142944094488184
20
-4.0782584251968501
11
5.01416968503937
21
-4.0786718503937003
0
LINE
8
BLACK
6
CONTINUOUS
10
5.01416968503937
20
-4.0786718503937003
11
5.0140754724409451
21
-4.0787869685039366
0
LINE
8
BLACK
6
CONTINUOUS
10
5.0140754724409451
20
-4.0787869685039366
11
5.014018622047244
21
-4.0789242519685036
0
LINE
8
BLACK
6
CONTINUOUS
10
5.014018622047244
20
-4.0789242519685036
11
5.0137135433070865
21
-4.0792292913385824
0
LINE
8
BLACK
6
CONTINUOUS
10
5.0137135433070865
20
-4.0792292913385824
11
5.0134401181102364
21
-4.079563503937008
0
LINE
8
BLACK
6
CONTINUOUS
10
5.0134401181102364
20
-4.079563503937008
11
5.0133090551181105
21
-4.0796337795275592
0
LINE
8
BLACK
6
CONTINUOUS
10
5.0133090551181105
20
-4.0796337795275592
11
5.0132039370078738
21
-4.0797389370078738
0
LINE
8
BLACK
6
CONTINUOUS
10
5.0132039370078738
20
-4.0797389370078738
11
5.0128053149606302
21
-4.0799040157480313
0
LINE
8
BLACK
6
CONTINUOUS
10
5.0128053149606302
20
-4.0799040157480313
11
5.0124248818897641
21
-4.080108149606299
0
LINE
8
BLACK
6
CONTINUOUS
10
5.0124248818897641
20
-4.080108149606299
11
5.0122768503937003
21
-4.0801229133858268
0
LINE
8
BLACK
6
CONTINUOUS
10
5.0122768503937003
20
-4.0801229133858268
11
5.0121395275590546
21
-4.0801798425196854
0
LINE
8
BLACK
6
CONTINUOUS
10
5.0121395275590546
20
-4.0801798425196854
11
5.0117079921259844
21
-4.0801798425196854
0
LINE
8
BLACK
6
CONTINUOUS
10
5.0117079921259844
20
-4.0801798425196854
11
5.0112784645669288
21
-4.0802227952755903
0
LINE
8
BLACK
6
CONTINUOUS
10
5.0112784645669288
20
-4.0802227952755903
11
5.0111361023622045
21
-4.0801798425196854
0
LINE
8
BLACK
6
CONTINUOUS
10
5.0111361023622045
20
-4.0801798425196854
11
5.0109874409448816
21
-4.0801798425196854
0
LINE
8
BLACK
6
CONTINUOUS
10
5.0109874409448816
20
-4.0801798425196854
11
5.0105887401574805
21
-4.0800146850393704
0
LINE
8
BLACK
6
CONTINUOUS
10
5.0105887401574805
20
-4.0800146850393704
11
5.0101754724409444
21
-4.0798899999999998
0
LINE
8
BLACK
6
CONTINUOUS
10
5.0101754724409444
20
-4.0798899999999998
11
5.010060354330709
21
-4.0797958267716536
0
LINE
8
BLACK
6
CONTINUOUS
10
5.010060354330709
20
-4.0797958267716536
11
5.0099230314960632
21
-4.0797389370078738
0
LINE
8
BLACK
6
CONTINUOUS
10
5.0099230314960632
20
-4.0797389370078738
11
5.0094755905511814
21
-4.0793717322834642
0
LINE
8
BLACK
6
CONTINUOUS
10
5.0094755905511814
20
-4.0793717322834642
11
5.0079396456692908
21
-4.0778357874015745
0
LINE
8
BLACK
6
CONTINUOUS
10
5.0079396456692908
20
-4.0778357874015745
11
5.0052421653543302
21
-4.0764870472440942
0
LINE
8
BLACK
6
CONTINUOUS
10
5.0052421653543302
20
-4.0764870472440942
11
4.9972624409448816
21
-4.0764870472440942
0
LINE
8
BLACK
6
CONTINUOUS
10
4.9972624409448816
20
-4.0764870472440942
11
4.9945649606299209
21
-4.0778357874015745
0
LINE
8
BLACK
6
CONTINUOUS
10
4.9945649606299209
20
-4.0778357874015745
11
4.9933678346456691
21
-4.0790329133858263
0
LINE
8
BLACK
6
CONTINUOUS
10
4.9933678346456691
20
-4.0790329133858263
11
4.9920190944881888
21
-4.0817303937007869
0
LINE
8
BLACK
6
CONTINUOUS
10
4.9920190944881888
20
-4.0817303937007869
11
4.9920190944881888
21
-4.0897101181102364
0
LINE
8
BLACK
6
CONTINUOUS
10
4.9920190944881888
20
-4.0897101181102364
11
4.9933678346456691
21
-4.0924075984251971
0
LINE
8
BLACK
6
CONTINUOUS
10
4.9933678346456691
20
-4.0924075984251971
11
4.9945649606299209
21
-4.0936047637795276
0
LINE
8
BLACK
6
CONTINUOUS
10
4.9945649606299209
20
-4.0936047637795276
11
4.9972624409448816
21
-4.094953503937008
0
LINE
8
BLACK
6
CONTINUOUS
10
4.9972624409448816
20
-4.094953503937008
11
5.0052421653543302
21
-4.094953503937008
0
LINE
8
BLACK
6
CONTINUOUS
10
5.0052421653543302
20
-4.094953503937008
11
5.0079396062992121
21
-4.0936047637795276
0
LINE
8
BLACK
6
CONTINUOUS
10
5.0079396062992121
20
-4.0936047637795276
11
5.0094755511811027
21
-4.092068818897638
0
LINE
8
BLACK
6
CONTINUOUS
10
5.0094755511811027
20
-4.092068818897638
11
5.0099230314960632
21
-4.0917015748031496
0
LINE
8
BLACK
6
CONTINUOUS
10
5.0099230314960632
20
-4.0917015748031496
11
5.0109874409448816
21
-4.0912606692913389
0
LINE
8
BLACK
6
CONTINUOUS
10
5.0109874409448816
20
-4.0912606692913389
11
5.0121395275590546
21
-4.0912606692913389
0
LINE
8
BLACK
6
CONTINUOUS
10
5.0121395275590546
20
-4.0912606692913389
11
5.0132039370078738
21
-4.0917015354330708
0
LINE
8
BLACK
6
CONTINUOUS
10
5.0132039370078738
20
-4.0917015354330708
11
5.014018622047244
21
-4.092516220472441
0
LINE
8
BLACK
6
CONTINUOUS
10
5.014018622047244
20
-4.092516220472441
11
5.0144595275590547
21
-4.0935806299212594
0
LINE
8
BLACK
6
CONTINUOUS
10
5.0144595275590547
20
-4.0935806299212594
11
5.0144595275590547
21
-4.0947327165354332
0
LINE
8
BLACK
6
CONTINUOUS
10
5.0144595275590547
20
-4.0947327165354332
11
5.0140186614173228
21
-4.0957971259842516
0
LINE
8
BLACK
6
CONTINUOUS
10
5.0140186614173228
20
-4.0957971259842516
11
5.0136514173228344
21
-4.0962446062992122
0
LINE
8
BLACK
6
CONTINUOUS
10
5.0136514173228344
20
-4.0962446062992122
11
5.0117766929133856
21
-4.0981193700787397
0
LINE
8
BLACK
6
CONTINUOUS
10
5.0117766929133856
20
-4.0981193700787397
11
5.0115503149606297
21
-4.0983051181102361
0
LINE
8
BLACK
6
CONTINUOUS
10
5.0115503149606297
20
-4.0983051181102361
11
5.0114991338582673
21
-4.0983641732283465
0
LINE
8
BLACK
6
CONTINUOUS
10
5.0114991338582673
20
-4.0983641732283465
11
5.0114101574803147
21
-4.098420157480315
0
LINE
8
BLACK
6
CONTINUOUS
10
5.0114101574803147
20
-4.098420157480315
11
5.011329212598425
21
-4.0984866141732281
0
LINE
8
BLACK
6
CONTINUOUS
10
5.011329212598425
20
-4.0984866141732281
11
5.0112572440944883
21
-4.0985164173228341
0
LINE
8
BLACK
6
CONTINUOUS
10
5.0112572440944883
20
-4.0985164173228341
11
5.0110092519685034
21
-4.0986725196850395
0
LINE
8
BLACK
6
CONTINUOUS
10
5.0110092519685034
20
-4.0986725196850395
11
5.0072597244094483
21
-4.1005472834645671
0
LINE
8
BLACK
6
CONTINUOUS
10
5.0072597244094483
20
-4.1005472834645671
11
5.0067190944881892
21
-4.1007541732283466
0
LINE
8
BLACK
6
CONTINUOUS
10
5.0067190944881892
20
-4.1007541732283466
11
5.0066132677165349
21
-4.1007616535433069
0
LINE
8
BLACK
6
CONTINUOUS
10
5.0066132677165349
20
-4.1007616535433069
11
5.0065152755905507
21
-4.1008022834645672
0
LINE
8
BLACK
6
CONTINUOUS
10
5.0065152755905507
20
-4.1008022834645672
11
5.0059392125984248
21
-4.1008590157480311
0
LINE
8
BLACK
6
CONTINUOUS
10
5.0059392125984248
20
-4.1008590157480311
11
4.996565393700787
21
-4.1008590157480311
0
LINE
8
BLACK
6
CONTINUOUS
10
4.996565393700787
20
-4.1008590157480311
11
4.9959893307086611
21
-4.1008022834645672
0
LINE
8
BLACK
6
CONTINUOUS
10
4.9959893307086611
20
-4.1008022834645672
11
4.9958913385826769
21
-4.1007616929133857
0
LINE
8
BLACK
6
CONTINUOUS
10
4.9958913385826769
20
-4.1007616929133857
11
4.9957854724409447
21
-4.1007541732283466
0
LINE
8
BLACK
6
CONTINUOUS
10
4.9957854724409447
20
-4.1007541732283466
11
4.9952448818897635
21
-4.1005472834645671
0
LINE
8
BLACK
6
CONTINUOUS
10
4.9952448818897635
20
-4.1005472834645671
11
4.9914953543307083
21
-4.0986725196850395
0
LINE
8
BLACK
6
CONTINUOUS
10
4.9914953543307083
20
-4.0986725196850395
11
4.9912473228346457
21
-4.0985164173228341
0
LINE
8
BLACK
6
CONTINUOUS
10
4.9912473228346457
20
-4.0985164173228341
11
4.9911753937007877
21
-4.0984866141732281
0
LINE
8
BLACK
6
CONTINUOUS
10
4.9911753937007877
20
-4.0984866141732281
11
4.9910944094488192
21
-4.098420157480315
0
LINE
8
BLACK
6
CONTINUOUS
10
4.9910944094488192
20
-4.098420157480315
11
4.9910054724409445
21
-4.0983641732283465
0
LINE
8
BLACK
6
CONTINUOUS
10
4.9910054724409445
20
-4.0983641732283465
11
4.9909542519685042
21
-4.0983051181102361
0
LINE
8
BLACK
6
CONTINUOUS
10
4.9909542519685042
20
-4.0983051181102361
11
4.9907279133858262
21
-4.0981193700787397
0
LINE
8
BLACK
6
CONTINUOUS
10
4.9907279133858262
20
-4.0981193700787397
11
4.9888531496062987
21
-4.0962445669291334
0
LINE
8
BLACK
6
CONTINUOUS
10
4.9888531496062987
20
-4.0962445669291334
11
4.9886674015748032
21
-4.0960182283464563
0
LINE
8
BLACK
6
CONTINUOUS
10
4.9886674015748032
20
-4.0960182283464563
11
4.9886084251968503
21
-4.0959670866141735
0
LINE
8
BLACK
6
CONTINUOUS
10
4.9886084251968503
20
-4.0959670866141735
11
4.9885524409448818
21
-4.0958781496062988
0
LINE
8
BLACK
6
CONTINUOUS
10
4.9885524409448818
20
-4.0958781496062988
11
4.9884859448818899
21
-4.0957971259842516
0
LINE
8
BLACK
6
CONTINUOUS
10
4.9884859448818899
20
-4.0957971259842516
11
4.9884561023622043
21
-4.0957250787401573
0
LINE
8
BLACK
6
CONTINUOUS
10
4.9884561023622043
20
-4.0957250787401573
11
4.9883000787401572
21
-4.0954772047244097
0
LINE
8
BLACK
6
CONTINUOUS
10
4.9883000787401572
20
-4.0954772047244097
11
4.9864253149606297
21
-4.0917276771653546
0
LINE
8
BLACK
6
CONTINUOUS
10
4.9864253149606297
20
-4.0917276771653546
11
4.9862184251968502
21
-4.0911870472440945
0
LINE
8
BLACK
6
CONTINUOUS
10
4.9862184251968502
20
-4.0911870472440945
11
4.9862109055118111
21
-4.0910812204724412
0
LINE
8
BLACK
6
CONTINUOUS
10
4.9862109055118111
20
-4.0910812204724412
11
4.9861703149606296
21
-4.0909832283464569
0
LINE
8
BLACK
6
CONTINUOUS
10
4.9861703149606296
20
-4.0909832283464569
11
4.9861135826771656
21
-4.090407165354331
0
LINE
8
BLACK
6
CONTINUOUS
10
4.9861135826771656
20
-4.090407165354331
11
4.9861135826771656
21
-4.0810333464566932
0
LINE
8
BLACK
6
CONTINUOUS
10
4.9861135826771656
20
-4.0810333464566932
11
4.9861703149606296
21
-4.0804572834645665
0
LINE
8
BLACK
6
CONTINUOUS
10
4.9861703149606296
20
-4.0804572834645665
11
4.9862109055118111
21
-4.0803592519685035
0
LINE
8
BLACK
6
CONTINUOUS
10
4.9862109055118111
20
-4.0803592519685035
11
4.9862184251968502
21
-4.0802534645669288
0
LINE
8
BLACK
6
CONTINUOUS
10
4.9862184251968502
20
-4.0802534645669288
11
4.9864253149606297
21
-4.0797128346456688
0
LINE
8
BLACK
6
CONTINUOUS
10
4.9864253149606297
20
-4.0797128346456688
11
4.9883000787401572
21
-4.0759633070866137
0
LINE
8
BLACK
6
CONTINUOUS
10
4.9883000787401572
20
-4.0759633070866137
11
4.988456141732283
21
-4.075715275590551
0
LINE
8
BLACK
6
CONTINUOUS
10
4.988456141732283
20
-4.075715275590551
11
4.9884859842519687
21
-4.075643346456693
0
LINE
8
BLACK
6
CONTINUOUS
10
4.9884859842519687
20
-4.075643346456693
11
4.9885524409448818
21
-4.0755623622047246
0
LINE
8
BLACK
6
CONTINUOUS
10
4.9885524409448818
20
-4.0755623622047246
11
4.9886084251968503
21
-4.0754734251968507
0
LINE
8
BLACK
6
CONTINUOUS
10
4.9886084251968503
20
-4.0754734251968507
11
4.9886674015748032
21
-4.0754222440944883
0
LINE
8
BLACK
6
CONTINUOUS
10
4.9886674015748032
20
-4.0754222440944883
11
4.9888531889763774
21
-4.0751959055118112
0
LINE
8
BLACK
6
CONTINUOUS
10
4.9888531889763774
20
-4.0751959055118112
11
4.990727952755905
21
-4.0733211417322837
0
LINE
8
BLACK
6
CONTINUOUS
10
4.990727952755905
20
-4.0733211417322837
11
4.9909542913385829
21
-4.0731353543307085
0
LINE
8
BLACK
6
CONTINUOUS
10
4.9909542913385829
20
-4.0731353543307085
11
4.9910054724409445
21
-4.0730763779527557
0
LINE
8
BLACK
6
CONTINUOUS
10
4.9910054724409445
20
-4.0730763779527557
11
4.9910944094488192
21
-4.0730203937007872
0
LINE
8
BLACK
6
CONTINUOUS
10
4.9910944094488192
20
-4.0730203937007872
11
4.9911753937007877
21
-4.072953937007874
0
LINE
8
BLACK
6
CONTINUOUS
10
4.9911753937007877
20
-4.072953937007874
11
4.9912473228346457
21
-4.0729240944881893
0
LINE
8
BLACK
6
CONTINUOUS
10
4.9912473228346457
20
-4.0729240944881893
11
4.9914953543307083
21
-4.0727680314960626
0
LINE
8
BLACK
6
CONTINUOUS
10
4.9914953543307083
20
-4.0727680314960626
11
4.9952448818897635
21
-4.070893267716535
0
LINE
8
BLACK
6
CONTINUOUS
10
4.9952448818897635
20
-4.070893267716535
11
4.9957854724409447
21
-4.0706863779527556
0
LINE
8
BLACK
6
CONTINUOUS
10
4.9957854724409447
20
-4.0706863779527556
11
4.9958913385826769
21
-4.0706788188976377
0
LINE
8
BLACK
6
CONTINUOUS
10
4.9958913385826769
20
-4.0706788188976377
11
4.9959893307086611
21
-4.0706382677165349
0
LINE
8
BLACK
6
CONTINUOUS
10
4.9959893307086611
20
-4.0706382677165349
11
4.996565393700787
21
-4.070581535433071
0
LINE
8
BLACK
6
CONTINUOUS
10
4.996565393700787
20
-4.070581535433071
11
5.0059392125984248
21
-4.070581535433071
0
LINE
8
BLACK
6
CONTINUOUS
10
5.0059392125984248
20
-4.070581535433071
11
5.0065152755905507
21
-4.0706382677165349
0
LINE
8
BLACK
6
CONTINUOUS
10
5.0065152755905507
20
-4.0706382677165349
11
5.0066132677165349
21
-4.0706788582677165
0
LINE
8
BLACK
6
CONTINUOUS
10
5.0066132677165349
20
-4.0706788582677165
11
5.0067190944881892
21
-4.0706863779527556
0
LINE
8
BLACK
6
CONTINUOUS
10
5.0067190944881892
20
-4.0706863779527556
11
5.0072597244094483
21
-4.070893267716535
0
LINE
8
BLACK
6
CONTINUOUS
10
5.0072597244094483
20
-4.070893267716535
11
5.0079936220472439
21
-4.0712601968503934
0
LINE
8
BLACK
6
CONTINUOUS
10
5.0079936220472439
20
-4.0712601968503934
11
5.0070165354330705
21
-4.0614889370078737
0
LINE
8
BLACK
6
CONTINUOUS
10
5.0070165354330705
20
-4.0614889370078737
11
4.9909411023622043
21
-4.0614889370078737
0
LINE
8
BLACK
6
CONTINUOUS
10
4.9909411023622043
20
-4.0614889370078737
11
4.9903650393700785
21
-4.0614322047244098
0
LINE
8
BLACK
6
CONTINUOUS
10
4.9903650393700785
20
-4.0614322047244098
11
4.9893006299212601
21
-4.0609912992125983
0
LINE
8
BLACK
6
CONTINUOUS
10
4.9893006299212601
20
-4.0609912992125983
11
4.9884859842519687
21
-4.0601766535433068
0
LINE
8
BLACK
6
CONTINUOUS
10
4.9884859842519687
20
-4.0601766535433068
11
4.9880450787401571
21
-4.0591122440944885
0
LINE
8
BLACK
6
CONTINUOUS
10
4.9880450787401571
20
-4.0591122440944885
11
4.9880450787401571
21
-4.0579601181102358
0
LINE
8
BLACK
6
CONTINUOUS
10
4.9880450787401571
20
-4.0579601181102358
11
4.9884859842519687
21
-4.0568957086614175
0
LINE
8
BLACK
6
CONTINUOUS
10
4.9884859842519687
20
-4.0568957086614175
11
4.9893006299212601
21
-4.056081062992126
0
LINE
8
BLACK
6
CONTINUOUS
10
4.9893006299212601
20
-4.056081062992126
11
4.9903650393700785
21
-4.0556401574803145
0
LINE
8
BLACK
6
CONTINUOUS
10
4.9903650393700785
20
-4.0556401574803145
11
4.9909411023622043
21
-4.0555834251968506
0
LINE
8
BLACK
6
CONTINUOUS
10
4.9909411023622043
20
-4.0555834251968506
11
5.0096887401574799
21
-4.0555834251968506
0
LINE
8
BLACK
6
CONTINUOUS
10
5.0096887401574799
20
-4.0555834251968506
11
5.009901771653543
21
-4.0556043700787399
0
LINE
8
BLACK
6
CONTINUOUS
10
5.038101771653543
20
-4.0556121259842515
11
5.0381795275590546
21
-4.0556066141732279
0
LINE
8
BLACK
6
CONTINUOUS
10
5.0381795275590546
20
-4.0556066141732279
11
5.0382817716535433
21
-4.0556298425196848
0
LINE
8
BLACK
6
CONTINUOUS
10
5.0382817716535433
20
-4.0556298425196848
11
5.0383862992125987
21
-4.0556401574803145
0
LINE
8
BLACK
6
CONTINUOUS
10
5.0383862992125987
20
-4.0556401574803145
11
5.0384583858267717
21
-4.0556700000000001
0
LINE
8
BLACK
6
CONTINUOUS
10
5.0384583858267717
20
-4.0556700000000001
11
5.0387439763779529
21
-4.0557349606299216
0
LINE
8
BLACK
6
CONTINUOUS
10
5.0387439763779529
20
-4.0557349606299216
11
5.0443682677165356
21
-4.0576097244094491
0
LINE
8
BLACK
6
CONTINUOUS
10
5.0443682677165356
20
-4.0576097244094491
11
5.0448968110236221
21
-4.057845708661417
0
LINE
8
BLACK
6
CONTINUOUS
10
5.0448968110236221
20
-4.057845708661417
11
5.044976929133858
21
-4.0579151968503933
0
LINE
8
BLACK
6
CONTINUOUS
10
5.044976929133858
20
-4.0579151968503933
11
5.0450749999999998
21
-4.0579558267716536
0
LINE
8
BLACK
6
CONTINUOUS
10
5.0450749999999998
20
-4.0579558267716536
11
5.0455224409448816
21
-4.0583230314960632
0
LINE
8
BLACK
6
CONTINUOUS
10
5.0455224409448816
20
-4.0583230314960632
11
5.0492719685039367
21
-4.0620725590551183
0
LINE
8
BLACK
6
CONTINUOUS
10
5.0492719685039367
20
-4.0620725590551183
11
5.0494577952755906
21
-4.0622989370078741
0
LINE
8
BLACK
6
CONTINUOUS
10
5.0494577952755906
20
-4.0622989370078741
11
5.0495167322834646
21
-4.062350078740157
0
LINE
8
BLACK
6
CONTINUOUS
10
5.0495167322834646
20
-4.062350078740157
11
5.0495725984251969
21
-4.0624388188976379
0
LINE
8
BLACK
6
CONTINUOUS
10
5.0495725984251969
20
-4.0624388188976379
11
5.0496392125984251
21
-4.0625200000000001
0
LINE
8
BLACK
6
CONTINUOUS
10
5.0496392125984251
20
-4.0625200000000001
11
5.0496690551181098
21
-4.0625921259842519
0
LINE
8
BLACK
6
CONTINUOUS
10
5.0496690551181098
20
-4.0625921259842519
11
5.0498250787401577
21
-4.0628399606299208
0
LINE
8
BLACK
6
CONTINUOUS
10
5.0498250787401577
20
-4.0628399606299208
11
5.0516998425196853
21
-4.0665894881889759
0
LINE
8
BLACK
6
CONTINUOUS
10
5.0516998425196853
20
-4.0665894881889759
11
5.0517159448818898
21
-4.0666315748031492
0
LINE
8
BLACK
6
CONTINUOUS
10
5.0517159448818898
20
-4.0666315748031492
11
5.0517286614173225
21
-4.06664874015748
0
LINE
8
BLACK
6
CONTINUOUS
10
5.0517286614173225
20
-4.06664874015748
11
5.0518149606299207
21
-4.0668903149606299
0
LINE
8
BLACK
6
CONTINUOUS
10
5.0518149606299207
20
-4.0668903149606299
11
5.0519067322834648
21
-4.0671300787401572
0
LINE
8
BLACK
6
CONTINUOUS
10
5.0519067322834648
20
-4.0671300787401572
11
5.0519082283464565
21
-4.0671513385826774
0
LINE
8
BLACK
6
CONTINUOUS
10
5.0519082283464565
20
-4.0671513385826774
11
5.0519234251968506
21
-4.0671938582677161
0
LINE
8
BLACK
6
CONTINUOUS
10
5.0519234251968506
20
-4.0671938582677161
11
5.0537981889763781
21
-4.0746929133858263
0
LINE
8
BLACK
6
CONTINUOUS
10
5.0537981889763781
20
-4.0746929133858263
11
5.053812952755905
21
-4.0747927559055119
0
LINE
8
BLACK
6
CONTINUOUS
10
5.053812952755905
20
-4.0747927559055119
11
5.0538296062992121
21
-4.0748329921259838
0
LINE
8
BLACK
6
CONTINUOUS
10
5.0538296062992121
20
-4.0748329921259838
11
5.0538509448818898
21
-4.0750500000000001
0
LINE
8
BLACK
6
CONTINUOUS
10
5.0538509448818898
20
-4.0750500000000001
11
5.0538828346456688
21
-4.0752655118110237
0
LINE
8
BLACK
6
CONTINUOUS
10
5.0538828346456688
20
-4.0752655118110237
11
5.0538764173228348
21
-4.0753085039370074
0
LINE
8
BLACK
6
CONTINUOUS
10
5.0538764173228348
20
-4.0753085039370074
11
5.0538863385826769
21
-4.0754090551181106
0
LINE
8
BLACK
6
CONTINUOUS
10
5.0538863385826769
20
-4.0754090551181106
11
5.0538863385826769
21
-4.0810333464566932
0
LINE
8
BLACK
6
CONTINUOUS
10
5.0538863385826769
20
-4.0810333464566932
11
5.0538764173228348
21
-4.0811338582677168
0
LINE
8
BLACK
6
CONTINUOUS
10
5.0538764173228348
20
-4.0811338582677168
11
5.0538828346456688
21
-4.0811768897637792
0
LINE
8
BLACK
6
CONTINUOUS
10
5.0538828346456688
20
-4.0811768897637792
11
5.0538509448818898
21
-4.0813923622047241
0
LINE
8
BLACK
6
CONTINUOUS
10
5.0538509448818898
20
-4.0813923622047241
11
5.0538296062992121
21
-4.0816094094488191
0
LINE
8
BLACK
6
CONTINUOUS
10
5.0538296062992121
20
-4.0816094094488191
11
5.053812952755905
21
-4.0816496062992123
0
LINE
8
BLACK
6
CONTINUOUS
10
5.053812952755905
20
-4.0816496062992123
11
5.0537981889763781
21
-4.0817494881889766
0
LINE
8
BLACK
6
CONTINUOUS
10
5.0537981889763781
20
-4.0817494881889766
11
5.0519234251968506
21
-4.0892485433070869
0
LINE
8
BLACK
6
CONTINUOUS
10
5.0519234251968506
20
-4.0892485433070869
11
5.0519082283464565
21
-4.0892910236220468
0
LINE
8
BLACK
6
CONTINUOUS
10
5.0519082283464565
20
-4.0892910236220468
11
5.0519067322834648
21
-4.0893123228346457
0
LINE
8
BLACK
6
CONTINUOUS
10
5.0519067322834648
20
-4.0893123228346457
11
5.0518149606299207
21
-4.0895520472440943
0
LINE
8
BLACK
6
CONTINUOUS
10
5.0518149606299207
20
-4.0895520472440943
11
5.0517286614173225
21
-4.0897936614173229
0
LINE
8
BLACK
6
CONTINUOUS
10
5.0517286614173225
20
-4.0897936614173229
11
5.0517159448818898
21
-4.089810787401575
0
LINE
8
BLACK
6
CONTINUOUS
10
5.0517159448818898
20
-4.089810787401575
11
5.0516998425196853
21
-4.089852913385827
0
LINE
8
BLACK
6
CONTINUOUS
10
5.0516998425196853
20
-4.089852913385827
11
5.0498250787401577
21
-4.0936024409448821
0
LINE
8
BLACK
6
CONTINUOUS
10
5.0498250787401577
20
-4.0936024409448821
11
5.0496690157480311
21
-4.0938503149606298
0
LINE
8
BLACK
6
CONTINUOUS
10
5.0496690157480311
20
-4.0938503149606298
11
5.0496392125984251
21
-4.0939223622047241
0
LINE
8
BLACK
6
CONTINUOUS
10
5.0496392125984251
20
-4.0939223622047241
11
5.0495726771653544
21
-4.0940033858267713
0
LINE
8
BLACK
6
CONTINUOUS
10
5.0495726771653544
20
-4.0940033858267713
11
5.0495167322834646
21
-4.094092322834646
0
LINE
8
BLACK
6
CONTINUOUS
10
5.0495167322834646
20
-4.094092322834646
11
5.0494577165354331
21
-4.0941434645669288
0
LINE
8
BLACK
6
CONTINUOUS
10
5.0494577165354331
20
-4.0941434645669288
11
5.0492720078740154
21
-4.0943698031496059
0
LINE
8
BLACK
6
CONTINUOUS
10
5.0492720078740154
20
-4.0943698031496059
11
5.0455224409448816
21
-4.0981194094488185
0
LINE
8
BLACK
6
CONTINUOUS
10
5.0455224409448816
20
-4.0981194094488185
11
5.0450749999999998
21
-4.0984866141732281
0
LINE
8
BLACK
6
CONTINUOUS
10
5.0450749999999998
20
-4.0984866141732281
11
5.044976929133858
21
-4.0985272047244097
0
LINE
8
BLACK
6
CONTINUOUS
10
5.044976929133858
20
-4.0985272047244097
11
5.0448968110236221
21
-4.0985967322834647
0
LINE
8
BLACK
6
CONTINUOUS
10
5.0448968110236221
20
-4.0985967322834647
11
5.0443682677165356
21
-4.0988327165354326
0
LINE
8
BLACK
6
CONTINUOUS
10
5.0443682677165356
20
-4.0988327165354326
11
5.0387439763779529
21
-4.1007074803149601
0
LINE
8
BLACK
6
CONTINUOUS
10
5.0387439763779529
20
-4.1007074803149601
11
5.0384583858267717
21
-4.1007724015748028
0
LINE
8
BLACK
6
CONTINUOUS
10
5.0384583858267717
20
-4.1007724015748028
11
5.0383862992125987
21
-4.1008022834645672
0
LINE
8
BLACK
6
CONTINUOUS
10
5.0383862992125987
20
-4.1008022834645672
11
5.0382817716535433
21
-4.1008125590551181
0
LINE
8
BLACK
6
CONTINUOUS
10
5.0382817716535433
20
-4.1008125590551181
11
5.0381795275590546
21
-4.1008358267716538
0
LINE
8
BLACK
6
CONTINUOUS
10
5.0381795275590546
20
-4.1008358267716538
11
5.038101771653543
21
-4.1008302755905515
0
LINE
8
BLACK
6
CONTINUOUS
10
5.038101771653543
20
-4.1008302755905515
11
5.037810236220472
21
-4.1008590157480311
0
LINE
8
BLACK
6
CONTINUOUS
10
5.037810236220472
20
-4.1008590157480311
11
5.0340607086614169
21
-4.1008590157480311
0
LINE
8
BLACK
6
CONTINUOUS
10
5.0340607086614169
20
-4.1008590157480311
11
5.0337690944881892
21
-4.1008302755905515
0
LINE
8
BLACK
6
CONTINUOUS
10
5.0337690944881892
20
-4.1008302755905515
11
5.0336913779527555
21
-4.1008358267716538
0
LINE
8
BLACK
6
CONTINUOUS
10
5.0336913779527555
20
-4.1008358267716538
11
5.0335890944881889
21
-4.1008125590551181
0
LINE
8
BLACK
6
CONTINUOUS
10
5.0335890944881889
20
-4.1008125590551181
11
5.033484645669291
21
-4.1008022834645672
0
LINE
8
BLACK
6
CONTINUOUS
10
5.033484645669291
20
-4.1008022834645672
11
5.033412559055118
21
-4.1007724015748028
0
LINE
8
BLACK
6
CONTINUOUS
10
5.033412559055118
20
-4.1007724015748028
11
5.0331269291338581
21
-4.1007074803149601
0
LINE
8
BLACK
6
CONTINUOUS
10
5.0331269291338581
20
-4.1007074803149601
11
5.0275026771653542
21
-4.0988327165354326
0
LINE
8
BLACK
6
CONTINUOUS
10
5.0275026771653542
20
-4.0988327165354326
11
5.0269740944881889
21
-4.0985967322834647
0
LINE
8
BLACK
6
CONTINUOUS
10
5.0269740944881889
20
-4.0985967322834647
11
5.0268938976377955
21
-4.0985271653543309
0
LINE
8
BLACK
6
CONTINUOUS
10
5.0268938976377955
20
-4.0985271653543309
11
5.02679594488189
21
-4.0984866141732281
0
LINE
8
BLACK
6
CONTINUOUS
10
5.02679594488189
20
-4.0984866141732281
11
5.0263484645669294
21
-4.0981193700787397
0
LINE
8
BLACK
6
CONTINUOUS
10
5.0263484645669294
20
-4.0981193700787397
11
5.0244737007874019
21
-4.0962445669291334
0
LINE
8
BLACK
6
CONTINUOUS
10
5.0244737007874019
20
-4.0962445669291334
11
5.0241064960629922
21
-4.0957971259842516
0
LINE
8
BLACK
6
CONTINUOUS
10
5.0241064960629922
20
-4.0957971259842516
11
5.0236656299212594
21
-4.0947327165354332
0
LINE
8
BLACK
6
CONTINUOUS
10
5.0236656299212594
20
-4.0947327165354332
11
5.0236656299212594
21
-4.0935806299212594
0
LINE
8
BLACK
6
CONTINUOUS
10
5.0236656299212594
20
-4.0935806299212594
11
5.024106535433071
21
-4.092516220472441
0
LINE
8
BLACK
6
CONTINUOUS
10
5.024106535433071
20
-4.092516220472441
11
5.0249212204724412
21
-4.0917015354330708
0
LINE
8
BLACK
6
CONTINUOUS
10
5.0249212204724412
20
-4.0917015354330708
11
5.0259856299212595
21
-4.0912606692913389
0
LINE
8
BLACK
6
CONTINUOUS
10
5.0259856299212595
20
-4.0912606692913389
11
5.0271377165354334
21
-4.0912606692913389
0
LINE
8
BLACK
6
CONTINUOUS
10
5.0271377165354334
20
-4.0912606692913389
11
5.0282021259842518
21
-4.0917015748031496
0
LINE
8
BLACK
6
CONTINUOUS
10
5.0282021259842518
20
-4.0917015748031496
11
5.0286496062992123
21
-4.092068818897638
0
LINE
8
BLACK
6
CONTINUOUS
10
5.0286496062992123
20
-4.092068818897638
11
5.030031456692913
21
-4.0934507086614174
0
LINE
8
BLACK
6
CONTINUOUS
10
5.030031456692913
20
-4.0934507086614174
11
5.0345398425196848
21
-4.094953503937008
0
LINE
8
BLACK
6
CONTINUOUS
10
5.0345398425196848
20
-4.094953503937008
11
5.0373311023622049
21
-4.094953503937008
0
LINE
8
BLACK
6
CONTINUOUS
10
5.0373311023622049
20
-4.094953503937008
11
5.0418394881889759
21
-4.0934506692913386
0
LINE
8
BLACK
6
CONTINUOUS
10
5.0418394881889759
20
-4.0934506692913386
11
5.0447572834645671
21
-4.0905328346456695
0
LINE
8
BLACK
6
CONTINUOUS
10
5.0447572834645671
20
-4.0905328346456695
11
5.0462727952755904
21
-4.0875018503937008
0
LINE
8
BLACK
6
CONTINUOUS
10
5.0462727952755904
20
-4.0875018503937008
11
5.0479808267716537
21
-4.0806698031496058
0
LINE
8
BLACK
6
CONTINUOUS
10
5.0479808267716537
20
-4.0806698031496058
11
5.0479808267716537
21
-4.0757725984251971
0
LINE
8
BLACK
6
CONTINUOUS
10
5.0479808267716537
20
-4.0757725984251971
11
5.0462727952755904
21
-4.0689405511811021
0
LINE
8
BLACK
6
CONTINUOUS
10
5.0462727952755904
20
-4.0689405511811021
11
5.0447573228346458
21
-4.0659095669291334
0
LINE
8
BLACK
6
CONTINUOUS
10
5.0447573228346458
20
-4.0659095669291334
11
5.0418394881889759
21
-4.0629917322834643
0
LINE
8
BLACK
6
CONTINUOUS
10
5.0418394881889759
20
-4.0629917322834643
11
5.0373311023622049
21
-4.0614889370078737
0
LINE
8
BLACK
6
CONTINUOUS
10
5.0373311023622049
20
-4.0614889370078737
11
5.0345398425196848
21
-4.0614889370078737
0
LINE
8
BLACK
6
CONTINUOUS
10
5.0345398425196848
20
-4.0614889370078737
11
5.030031456692913
21
-4.0629917322834643
0
LINE
8
BLACK
6
CONTINUOUS
10
5.030031456692913
20
-4.0629917322834643
11
5.0286495669291336
21
-4.0643736220472437
0
LINE
8
BLACK
6
CONTINUOUS
10
5.0286495669291336
20
-4.0643736220472437
11
5.0282021259842518
21
-4.0647408267716534
0
LINE
8
BLACK
6
CONTINUOUS
10
5.0282021259842518
20
-4.0647408267716534
11
5.0271376771653546
21
-4.0651817322834649
0
LINE
8
BLACK
6
CONTINUOUS
10
5.0271376771653546
20
-4.0651817322834649
11
5.0259856299212595
21
-4.0651817322834649
0
LINE
8
BLACK
6
CONTINUOUS
10
5.0259856299212595
20
-4.0651817322834649
11
5.0249211811023624
21
-4.0647408267716534
0
LINE
8
BLACK
6
CONTINUOUS
10
5.0249211811023624
20
-4.0647408267716534
11
5.024106535433071
21
-4.0639261811023619
0
LINE
8
BLACK
6
CONTINUOUS
10
5.024106535433071
20
-4.0639261811023619
11
5.0236656299212594
21
-4.0628617322834648
0
LINE
8
BLACK
6
CONTINUOUS
10
5.0236656299212594
20
-4.0628617322834648
11
5.0236656299212594
21
-4.0617096850393697
0
LINE
8
BLACK
6
CONTINUOUS
10
5.0236656299212594
20
-4.0617096850393697
11
5.024106535433071
21
-4.0606452362204726
0
LINE
8
BLACK
6
CONTINUOUS
10
5.024106535433071
20
-4.0606452362204726
11
5.0244737401574806
21
-4.0601977952755908
0
LINE
8
BLACK
6
CONTINUOUS
10
5.0244737401574806
20
-4.0601977952755908
11
5.0263485039370082
21
-4.0583230314960632
0
LINE
8
BLACK
6
CONTINUOUS
10
5.0263485039370082
20
-4.0583230314960632
11
5.02679594488189
21
-4.0579558267716536
0
LINE
8
BLACK
6
CONTINUOUS
10
5.02679594488189
20
-4.0579558267716536
11
5.0268938976377955
21
-4.057915236220472
0
LINE
8
BLACK
6
CONTINUOUS
10
5.0268938976377955
20
-4.057915236220472
11
5.0269740944881889
21
-4.057845708661417
0
LINE
8
BLACK
6
CONTINUOUS
10
5.0269740944881889
20
-4.057845708661417
11
5.0275026771653542
21
-4.0576097244094491
0
LINE
8
BLACK
6
CONTINUOUS
10
5.0275026771653542
20
-4.0576097244094491
11
5.0331269291338581
21
-4.0557349606299216
0
LINE
8
BLACK
6
CONTINUOUS
10
5.0331269291338581
20
-4.0557349606299216
11
5.033412559055118
21
-4.0556700000000001
0
LINE
8
BLACK
6
CONTINUOUS
10
5.033412559055118
20
-4.0556700000000001
11
5.033484645669291
21
-4.0556401574803145
0
LINE
8
BLACK
6
CONTINUOUS
10
5.033484645669291
20
-4.0556401574803145
11
5.0335890944881889
21
-4.0556298425196848
0
LINE
8
BLACK
6
CONTINUOUS
10
5.0335890944881889
20
-4.0556298425196848
11
5.0336913779527555
21
-4.0556066141732279
0
LINE
8
BLACK
6
CONTINUOUS
10
5.0336913779527555
20
-4.0556066141732279
11
5.0337690944881892
21
-4.0556121259842515
0
LINE
8
BLACK
6
CONTINUOUS
10
5.0337690944881892
20
-4.0556121259842515
11
5.0340607086614169
21
-4.0555834251968506
0
LINE
8
BLACK
6
CONTINUOUS
10
5.0340607086614169
20
-4.0555834251968506
11
5.037810236220472
21
-4.0555834251968506
0
LINE
8
BLACK
6
CONTINUOUS
10
5.037810236220472
20
-4.0555834251968506
11
5.038101771653543
21
-4.0556121259842515
0
LINE
8
BLACK
6
CONTINUOUS
10
5.1665152755905508
20
-4.0556401574803145
11
5.1666132677165351
21
-4.055680748031496
0
LINE
8
BLACK
6
CONTINUOUS
10
5.1666132677165351
20
-4.055680748031496
11
5.1667190944881884
21
-4.0556882677165351
0
LINE
8
BLACK
6
CONTINUOUS
10
5.1667190944881884
20
-4.0556882677165351
11
5.1672597244094485
21
-4.0558951574803146
0
LINE
8
BLACK
6
CONTINUOUS
10
5.1672597244094485
20
-4.0558951574803146
11
5.1710092519685036
21
-4.0577699212598421
0
LINE
8
BLACK
6
CONTINUOUS
10
5.1710092519685036
20
-4.0577699212598421
11
5.1712572440944884
21
-4.0579259842519688
0
LINE
8
BLACK
6
CONTINUOUS
10
5.1712572440944884
20
-4.0579259842519688
11
5.1713292125984252
21
-4.0579558267716536
0
LINE
8
BLACK
6
CONTINUOUS
10
5.1713292125984252
20
-4.0579558267716536
11
5.1714101574803149
21
-4.0580222834645667
0
LINE
8
BLACK
6
CONTINUOUS
10
5.1714101574803149
20
-4.0580222834645667
11
5.1714991338582674
21
-4.0580782677165352
0
LINE
8
BLACK
6
CONTINUOUS
10
5.1714991338582674
20
-4.0580782677165352
11
5.1715502755905511
21
-4.0581372440944881
0
LINE
8
BLACK
6
CONTINUOUS
10
5.1715502755905511
20
-4.0581372440944881
11
5.171776653543307
21
-4.0583230314960632
0
LINE
8
BLACK
6
CONTINUOUS
10
5.171776653543307
20
-4.0583230314960632
11
5.1736514173228345
21
-4.0601977952755908
0
LINE
8
BLACK
6
CONTINUOUS
10
5.1736514173228345
20
-4.0601977952755908
11
5.1740186220472442
21
-4.0606452362204726
0
LINE
8
BLACK
6
CONTINUOUS
10
5.1740186220472442
20
-4.0606452362204726
11
5.1744595275590548
21
-4.0617096456692909
0
LINE
8
BLACK
6
CONTINUOUS
10
5.1744595275590548
20
-4.0617096456692909
11
5.1744595275590548
21
-4.0628617322834648
0
LINE
8
BLACK
6
CONTINUOUS
10
5.1744595275590548
20
-4.0628617322834648
11
5.1740186220472442
21
-4.0639261417322832
0
LINE
8
BLACK
6
CONTINUOUS
10
5.1740186220472442
20
-4.0639261417322832
11
5.173203937007874
21
-4.0647408267716534
0
LINE
8
BLACK
6
CONTINUOUS
10
5.173203937007874
20
-4.0647408267716534
11
5.1721395275590547
21
-4.0651817322834649
0
LINE
8
BLACK
6
CONTINUOUS
10
5.1721395275590547
20
-4.0651817322834649
11
5.1709874409448817
21
-4.0651817322834649
0
LINE
8
BLACK
6
CONTINUOUS
10
5.1709874409448817
20
-4.0651817322834649
11
5.1699230314960625
21
-4.0647408267716534
0
LINE
8
BLACK
6
CONTINUOUS
10
5.1699230314960625
20
-4.0647408267716534
11
5.1694755905511807
21
-4.0643736220472437
0
LINE
8
BLACK
6
CONTINUOUS
10
5.1694755905511807
20
-4.0643736220472437
11
5.167939645669291
21
-4.062837677165354
0
LINE
8
BLACK
6
CONTINUOUS
10
5.167939645669291
20
-4.062837677165354
11
5.1652421653543303
21
-4.0614889370078737
0
LINE
8
BLACK
6
CONTINUOUS
10
5.1652421653543303
20
-4.0614889370078737
11
5.1572624409448817
21
-4.0614889370078737
0
LINE
8
BLACK
6
CONTINUOUS
10
5.1572624409448817
20
-4.0614889370078737
11
5.1545649606299211
21
-4.062837677165354
0
LINE
8
BLACK
6
CONTINUOUS
10
5.1545649606299211
20
-4.062837677165354
11
5.1533678346456693
21
-4.0640348031496059
0
LINE
8
BLACK
6
CONTINUOUS
10
5.1533678346456693
20
-4.0640348031496059
11
5.152019094488189
21
-4.0667322834645665
0
LINE
8
BLACK
6
CONTINUOUS
10
5.152019094488189
20
-4.0667322834645665
11
5.152019094488189
21
-4.0693055905511812
0
LINE
8
BLACK
6
CONTINUOUS
10
5.152019094488189
20
-4.0693055905511812
11
5.1535218897637796
21
-4.0738140157480318
0
LINE
8
BLACK
6
CONTINUOUS
10
5.1535218897637796
20
-4.0738140157480318
11
5.1755261811023621
21
-4.0958183464566931
0
LINE
8
BLACK
6
CONTINUOUS
10
5.1755261811023621
20
-4.0958183464566931
11
5.1758934251968505
21
-4.0962657874015749
0
LINE
8
BLACK
6
CONTINUOUS
10
5.1758934251968505
20
-4.0962657874015749
11
5.1763342913385824
21
-4.097330236220472
0
LINE
8
BLACK
6
CONTINUOUS
10
5.1763342913385824
20
-4.097330236220472
11
5.1763342913385824
21
-4.0984823228346459
0
LINE
8
BLACK
6
CONTINUOUS
10
5.1763342913385824
20
-4.0984823228346459
11
5.1758933858267717
21
-4.0995467322834642
0
LINE
8
BLACK
6
CONTINUOUS
10
5.1758933858267717
20
-4.0995467322834642
11
5.1750787401574803
21
-4.1003614173228344
0
LINE
8
BLACK
6
CONTINUOUS
10
5.1750787401574803
20
-4.1003614173228344
11
5.17448062992126
21
-4.100609133858268
0
LINE
8
BLACK
6
CONTINUOUS
10
5.17448062992126
20
-4.100609133858268
11
5.174014330708661
21
-4.1008022834645672
0
LINE
8
BLACK
6
CONTINUOUS
10
5.174014330708661
20
-4.1008022834645672
11
5.1734382677165351
21
-4.1008590157480311
0
LINE
8
BLACK
6
CONTINUOUS
10
5.1734382677165351
20
-4.1008590157480311
11
5.1490663385826769
21
-4.1008590157480311
0
LINE
8
BLACK
6
CONTINUOUS
10
5.1490663385826769
20
-4.1008590157480311
11
5.1484902755905511
21
-4.1008022834645672
0
LINE
8
BLACK
6
CONTINUOUS
10
5.1484902755905511
20
-4.1008022834645672
11
5.1474258661417318
21
-4.1003613779527557
0
LINE
8
BLACK
6
CONTINUOUS
10
5.1474258661417318
20
-4.1003613779527557
11
5.1466112204724412
21
-4.0995467322834642
0
LINE
8
BLACK
6
CONTINUOUS
10
5.1466112204724412
20
-4.0995467322834642
11
5.1461703149606297
21
-4.0984823228346459
0
LINE
8
BLACK
6
CONTINUOUS
10
5.1461703149606297
20
-4.0984823228346459
11
5.1461703149606297
21
-4.0973301968503932
0
LINE
8
BLACK
6
CONTINUOUS
10
5.1461703149606297
20
-4.0973301968503932
11
5.1466112204724412
21
-4.0962657874015749
0
LINE
8
BLACK
6
CONTINUOUS
10
5.1466112204724412
20
-4.0962657874015749
11
5.1474258661417318
21
-4.0954511417322834
0
LINE
8
BLACK
6
CONTINUOUS
10
5.1474258661417318
20
-4.0954511417322834
11
5.1484902755905511
21
-4.0950102362204728
0
LINE
8
BLACK
6
CONTINUOUS
10
5.1484902755905511
20
-4.0950102362204728
11
5.1490663385826769
21
-4.094953503937008
0
LINE
8
BLACK
6
CONTINUOUS
10
5.1490663385826769
20
-4.094953503937008
11
5.1663096850393702
21
-4.094953503937008
0
LINE
8
BLACK
6
CONTINUOUS
10
5.1663096850393702
20
-4.094953503937008
11
5.1488531889763776
21
-4.0774969685039366
0
LINE
8
BLACK
6
CONTINUOUS
10
5.1488531889763776
20
-4.0774969685039366
11
5.1484859842519688
21
-4.0770495275590548
0
LINE
8
BLACK
6
CONTINUOUS
10
5.1484859842519688
20
-4.0770495275590548
11
5.1484453543307085
21
-4.076951456692913
0
LINE
8
BLACK
6
CONTINUOUS
10
5.1484453543307085
20
-4.076951456692913
11
5.1483758661417323
21
-4.0768713385826771
0
LINE
8
BLACK
6
CONTINUOUS
10
5.1483758661417323
20
-4.0768713385826771
11
5.1481398818897635
21
-4.0763427952755906
0
LINE
8
BLACK
6
CONTINUOUS
10
5.1481398818897635
20
-4.0763427952755906
11
5.1462651181102359
21
-4.070718503937008
0
LINE
8
BLACK
6
CONTINUOUS
10
5.1462651181102359
20
-4.070718503937008
11
5.1462001574803145
21
-4.0704329133858268
0
LINE
8
BLACK
6
CONTINUOUS
10
5.1462001574803145
20
-4.0704329133858268
11
5.1461703149606297
21
-4.0703608267716538
0
LINE
8
BLACK
6
CONTINUOUS
10
5.1461703149606297
20
-4.0703608267716538
11
5.1461600000000001
21
-4.0702562992125983
0
LINE
8
BLACK
6
CONTINUOUS
10
5.1461600000000001
20
-4.0702562992125983
11
5.1461367716535431
21
-4.0701540551181106
0
LINE
8
BLACK
6
CONTINUOUS
10
5.1461367716535431
20
-4.0701540551181106
11
5.1461422834645667
21
-4.0700762992125981
0
LINE
8
BLACK
6
CONTINUOUS
10
5.1461422834645667
20
-4.0700762992125981
11
5.1461135826771649
21
-4.069784763779527
0
LINE
8
BLACK
6
CONTINUOUS
10
5.1461135826771649
20
-4.069784763779527
11
5.1461135826771649
21
-4.0660352362204719
0
LINE
8
BLACK
6
CONTINUOUS
10
5.1461135826771649
20
-4.0660352362204719
11
5.1461703149606297
21
-4.065459173228346
0
LINE
8
BLACK
6
CONTINUOUS
10
5.1461703149606297
20
-4.065459173228346
11
5.1462109055118113
21
-4.065361141732283
0
LINE
8
BLACK
6
CONTINUOUS
10
5.1462109055118113
20
-4.065361141732283
11
5.1462184251968504
21
-4.0652553543307084
0
LINE
8
BLACK
6
CONTINUOUS
10
5.1462184251968504
20
-4.0652553543307084
11
5.1464253149606298
21
-4.0647147244094484
0
LINE
8
BLACK
6
CONTINUOUS
10
5.1464253149606298
20
-4.0647147244094484
11
5.1483000787401574
21
-4.0609651968503933
0
LINE
8
BLACK
6
CONTINUOUS
10
5.1483000787401574
20
-4.0609651968503933
11
5.1484561417322832
21
-4.0607171653543306
0
LINE
8
BLACK
6
CONTINUOUS
10
5.1484561417322832
20
-4.0607171653543306
11
5.1484859842519688
21
-4.0606452362204726
0
LINE
8
BLACK
6
CONTINUOUS
10
5.1484859842519688
20
-4.0606452362204726
11
5.148552440944882
21
-4.0605642519685041
0
LINE
8
BLACK
6
CONTINUOUS
10
5.148552440944882
20
-4.0605642519685041
11
5.1486084251968505
21
-4.0604753149606294
0
LINE
8
BLACK
6
CONTINUOUS
10
5.1486084251968505
20
-4.0604753149606294
11
5.1486674015748033
21
-4.0604241338582678
0
LINE
8
BLACK
6
CONTINUOUS
10
5.1486674015748033
20
-4.0604241338582678
11
5.1488531889763776
21
-4.0601977952755908
0
LINE
8
BLACK
6
CONTINUOUS
10
5.1488531889763776
20
-4.0601977952755908
11
5.1507279527559051
21
-4.0583230314960632
0
LINE
8
BLACK
6
CONTINUOUS
10
5.1507279527559051
20
-4.0583230314960632
11
5.1509542913385822
21
-4.0581372440944881
0
LINE
8
BLACK
6
CONTINUOUS
10
5.1509542913385822
20
-4.0581372440944881
11
5.1510054724409446
21
-4.0580782677165352
0
LINE
8
BLACK
6
CONTINUOUS
10
5.1510054724409446
20
-4.0580782677165352
11
5.1510944094488185
21
-4.0580222834645667
0
LINE
8
BLACK
6
CONTINUOUS
10
5.1510944094488185
20
-4.0580222834645667
11
5.1511753937007869
21
-4.0579558267716536
0
LINE
8
BLACK
6
CONTINUOUS
10
5.1511753937007869
20
-4.0579558267716536
11
5.1512473228346458
21
-4.0579259842519688
0
LINE
8
BLACK
6
CONTINUOUS
10
5.1512473228346458
20
-4.0579259842519688
11
5.1514953543307085
21
-4.0577699212598421
0
LINE
8
BLACK
6
CONTINUOUS
10
5.1514953543307085
20
-4.0577699212598421
11
5.1552448818897636
21
-4.0558951574803146
0
LINE
8
BLACK
6
CONTINUOUS
10
5.1552448818897636
20
-4.0558951574803146
11
5.1557854724409449
21
-4.0556882677165351
0
LINE
8
BLACK
6
CONTINUOUS
10
5.1557854724409449
20
-4.0556882677165351
11
5.155891338582677
21
-4.0556807086614173
0
LINE
8
BLACK
6
CONTINUOUS
10
5.155891338582677
20
-4.0556807086614173
11
5.1559893307086613
21
-4.0556401574803145
0
LINE
8
BLACK
6
CONTINUOUS
10
5.1559893307086613
20
-4.0556401574803145
11
5.1565653937007871
21
-4.0555834251968506
0
LINE
8
BLACK
6
CONTINUOUS
10
5.1565653937007871
20
-4.0555834251968506
11
5.1659392125984249
21
-4.0555834251968506
0
LINE
8
BLACK
6
CONTINUOUS
10
5.1659392125984249
20
-4.0555834251968506
11
5.1665152755905508
21
-4.0556401574803145
0
LINE
8
BLACK
6
CONTINUOUS
10
5.505266692913386
20
-4.0556401574803145
11
5.5063311023622044
21
-4.056081062992126
0
LINE
8
BLACK
6
CONTINUOUS
10
5.5063311023622044
20
-4.056081062992126
11
5.5071457480314958
21
-4.0568957086614175
0
LINE
8
BLACK
6
CONTINUOUS
10
5.5071457480314958
20
-4.0568957086614175
11
5.5075866535433073
21
-4.0579601181102358
0
LINE
8
BLACK
6
CONTINUOUS
10
5.5075866535433073
20
-4.0579601181102358
11
5.5075866535433073
21
-4.0591122440944885
0
LINE
8
BLACK
6
CONTINUOUS
10
5.5075866535433073
20
-4.0591122440944885
11
5.5071457480314958
21
-4.0601766535433068
0
LINE
8
BLACK
6
CONTINUOUS
10
5.5071457480314958
20
-4.0601766535433068
11
5.5063311023622044
21
-4.0609912992125983
0
LINE
8
BLACK
6
CONTINUOUS
10
5.5063311023622044
20
-4.0609912992125983
11
5.505266692913386
21
-4.0614322047244098
0
LINE
8
BLACK
6
CONTINUOUS
10
5.505266692913386
20
-4.0614322047244098
11
5.5046906299212601
21
-4.0614889370078737
0
LINE
8
BLACK
6
CONTINUOUS
10
5.5046906299212601
20
-4.0614889370078737
11
5.4868258661417322
21
-4.0614889370078737
0
LINE
8
BLACK
6
CONTINUOUS
10
5.4868258661417322
20
-4.0614889370078737
11
5.4956642125984247
21
-4.0715898818897633
0
LINE
8
BLACK
6
CONTINUOUS
10
5.4956642125984247
20
-4.0715898818897633
11
5.4958422047244095
21
-4.0718388582677161
0
LINE
8
BLACK
6
CONTINUOUS
10
5.4958422047244095
20
-4.0718388582677161
11
5.4958971653543305
21
-4.0718938188976379
0
LINE
8
BLACK
6
CONTINUOUS
10
5.4958971653543305
20
-4.0718938188976379
11
5.4959187401574798
21
-4.0719459055118108
0
LINE
8
BLACK
6
CONTINUOUS
10
5.4959187401574798
20
-4.0719459055118108
11
5.4960008661417321
21
-4.0720607874015746
0
LINE
8
BLACK
6
CONTINUOUS
10
5.4960008661417321
20
-4.0720607874015746
11
5.4961544488188974
21
-4.0725150000000001
0
LINE
8
BLACK
6
CONTINUOUS
10
5.4961544488188974
20
-4.0725150000000001
11
5.496338070866142
21
-4.0729582283464563
0
LINE
8
BLACK
6
CONTINUOUS
10
5.496338070866142
20
-4.0729582283464563
11
5.496338070866142
21
-4.0730578346456694
0
LINE
8
BLACK
6
CONTINUOUS
10
5.496338070866142
20
-4.0730578346456694
11
5.496369960629921
21
-4.0731521653543306
0
LINE
8
BLACK
6
CONTINUOUS
10
5.496369960629921
20
-4.0731521653543306
11
5.496338070866142
21
-4.0736306299212597
0
LINE
8
BLACK
6
CONTINUOUS
10
5.496338070866142
20
-4.0736306299212597
11
5.496338070866142
21
-4.0741103543307089
0
LINE
8
BLACK
6
CONTINUOUS
10
5.496338070866142
20
-4.0741103543307089
11
5.496299960629921
21
-4.0742023228346458
0
LINE
8
BLACK
6
CONTINUOUS
10
5.496299960629921
20
-4.0742023228346458
11
5.4962933464566932
21
-4.0743016929133855
0
LINE
8
BLACK
6
CONTINUOUS
10
5.4962933464566932
20
-4.0743016929133855
11
5.4960806299212601
21
-4.0747318110236224
0
LINE
8
BLACK
6
CONTINUOUS
10
5.4960806299212601
20
-4.0747318110236224
11
5.4958971653543305
21
-4.0751747637795273
0
LINE
8
BLACK
6
CONTINUOUS
10
5.4958971653543305
20
-4.0751747637795273
11
5.4958268110236217
21
-4.0752450787401573
0
LINE
8
BLACK
6
CONTINUOUS
10
5.4958268110236217
20
-4.0752450787401573
11
5.4957826377952754
21
-4.0753344488188974
0
LINE
8
BLACK
6
CONTINUOUS
10
5.4957826377952754
20
-4.0753344488188974
11
5.4954214960629919
21
-4.0756503937007871
0
LINE
8
BLACK
6
CONTINUOUS
10
5.4954214960629919
20
-4.0756503937007871
11
5.495082519685039
21
-4.0759894094488187
0
LINE
8
BLACK
6
CONTINUOUS
10
5.495082519685039
20
-4.0759894094488187
11
5.4949905118110234
21
-4.0760275196850388
0
LINE
8
BLACK
6
CONTINUOUS
10
5.4949905118110234
20
-4.0760275196850388
11
5.4949155511811023
21
-4.0760931102362203
0
LINE
8
BLACK
6
CONTINUOUS
10
5.4949155511811023
20
-4.0760931102362203
11
5.4944612992125981
21
-4.0762466929133856
0
LINE
8
BLACK
6
CONTINUOUS
10
5.4944612992125981
20
-4.0762466929133856
11
5.4940181102362207
21
-4.0764303149606302
0
LINE
8
BLACK
6
CONTINUOUS
10
5.4940181102362207
20
-4.0764303149606302
11
5.4938775196850393
21
-4.076444133858268
0
LINE
8
BLACK
6
CONTINUOUS
10
5.4938775196850393
20
-4.076444133858268
11
5.4938241732283464
21
-4.0764622047244092
0
LINE
8
BLACK
6
CONTINUOUS
10
5.4938241732283464
20
-4.0764622047244092
11
5.493746692913386
21
-4.0764570078740157
0
LINE
8
BLACK
6
CONTINUOUS
10
5.493746692913386
20
-4.0764570078740157
11
5.4934420472440948
21
-4.0764870472440942
0
LINE
8
BLACK
6
CONTINUOUS
10
5.4934420472440948
20
-4.0764870472440942
11
5.4885148031496058
21
-4.0764870472440942
0
LINE
8
BLACK
6
CONTINUOUS
10
5.4885148031496058
20
-4.0764870472440942
11
5.4858173228346452
21
-4.0778357874015745
0
LINE
8
BLACK
6
CONTINUOUS
10
5.4858173228346452
20
-4.0778357874015745
11
5.4846201968503934
21
-4.0790329133858263
0
LINE
8
BLACK
6
CONTINUOUS
10
5.4846201968503934
20
-4.0790329133858263
11
5.483271456692913
21
-4.0817303937007869
0
LINE
8
BLACK
6
CONTINUOUS
10
5.483271456692913
20
-4.0817303937007869
11
5.483271456692913
21
-4.0897101181102364
0
LINE
8
BLACK
6
CONTINUOUS
10
5.483271456692913
20
-4.0897101181102364
11
5.4846201968503934
21
-4.0924075984251971
0
LINE
8
BLACK
6
CONTINUOUS
10
5.4846201968503934
20
-4.0924075984251971
11
5.4858173228346452
21
-4.0936047637795276
0
LINE
8
BLACK
6
CONTINUOUS
10
5.4858173228346452
20
-4.0936047637795276
11
5.4885148031496058
21
-4.094953503937008
0
LINE
8
BLACK
6
CONTINUOUS
10
5.4885148031496058
20
-4.094953503937008
11
5.4983692913385829
21
-4.094953503937008
0
LINE
8
BLACK
6
CONTINUOUS
10
5.4983692913385829
20
-4.094953503937008
11
5.5010667322834648
21
-4.0936047637795276
0
LINE
8
BLACK
6
CONTINUOUS
10
5.5010667322834648
20
-4.0936047637795276
11
5.5026026771653545
21
-4.092068818897638
0
LINE
8
BLACK
6
CONTINUOUS
10
5.5026026771653545
20
-4.092068818897638
11
5.503050157480315
21
-4.0917015748031496
0
LINE
8
BLACK
6
CONTINUOUS
10
5.503050157480315
20
-4.0917015748031496
11
5.5041145669291334
21
-4.0912606692913389
0
LINE
8
BLACK
6
CONTINUOUS
10
5.5041145669291334
20
-4.0912606692913389
11
5.5052666535433072
21
-4.0912606692913389
0
LINE
8
BLACK
6
CONTINUOUS
10
5.5052666535433072
20
-4.0912606692913389
11
5.5063310629921256
21
-4.0917015354330708
0
LINE
8
BLACK
6
CONTINUOUS
10
5.5063310629921256
20
-4.0917015354330708
11
5.5071457480314958
21
-4.092516220472441
0
LINE
8
BLACK
6
CONTINUOUS
10
5.5071457480314958
20
-4.092516220472441
11
5.5075866535433073
21
-4.0935806299212594
0
LINE
8
BLACK
6
CONTINUOUS
10
5.5075866535433073
20
-4.0935806299212594
11
5.5075866535433073
21
-4.0947327165354332
0
LINE
8
BLACK
6
CONTINUOUS
10
5.5075866535433073
20
-4.0947327165354332
11
5.5071457874015746
21
-4.0957971259842516
0
LINE
8
BLACK
6
CONTINUOUS
10
5.5071457874015746
20
-4.0957971259842516
11
5.5067785433070862
21
-4.0962446062992122
0
LINE
8
BLACK
6
CONTINUOUS
10
5.5067785433070862
20
-4.0962446062992122
11
5.5049038188976374
21
-4.0981193700787397
0
LINE
8
BLACK
6
CONTINUOUS
10
5.5049038188976374
20
-4.0981193700787397
11
5.5046774409448815
21
-4.0983051181102361
0
LINE
8
BLACK
6
CONTINUOUS
10
5.5046774409448815
20
-4.0983051181102361
11
5.50462625984252
21
-4.0983641732283465
0
LINE
8
BLACK
6
CONTINUOUS
10
5.50462625984252
20
-4.0983641732283465
11
5.5045372834645665
21
-4.098420157480315
0
LINE
8
BLACK
6
CONTINUOUS
10
5.5045372834645665
20
-4.098420157480315
11
5.5044563385826768
21
-4.0984866141732281
0
LINE
8
BLACK
6
CONTINUOUS
10
5.5044563385826768
20
-4.0984866141732281
11
5.50438437007874
21
-4.0985164173228341
0
LINE
8
BLACK
6
CONTINUOUS
10
5.50438437007874
20
-4.0985164173228341
11
5.5041363779527561
21
-4.0986725196850395
0
LINE
8
BLACK
6
CONTINUOUS
10
5.5041363779527561
20
-4.0986725196850395
11
5.500386850393701
21
-4.1005472834645671
0
LINE
8
BLACK
6
CONTINUOUS
10
5.500386850393701
20
-4.1005472834645671
11
5.499846220472441
21
-4.1007541732283466
0
LINE
8
BLACK
6
CONTINUOUS
10
5.499846220472441
20
-4.1007541732283466
11
5.4997403937007876
21
-4.1007616535433069
0
LINE
8
BLACK
6
CONTINUOUS
10
5.4997403937007876
20
-4.1007616535433069
11
5.4996424015748033
21
-4.1008022834645672
0
LINE
8
BLACK
6
CONTINUOUS
10
5.4996424015748033
20
-4.1008022834645672
11
5.4990663385826775
21
-4.1008590157480311
0
LINE
8
BLACK
6
CONTINUOUS
10
5.4990663385826775
20
-4.1008590157480311
11
5.4878177559055121
21
-4.1008590157480311
0
LINE
8
BLACK
6
CONTINUOUS
10
5.4878177559055121
20
-4.1008590157480311
11
5.4872416929133854
21
-4.1008022834645672
0
LINE
8
BLACK
6
CONTINUOUS
10
5.4872416929133854
20
-4.1008022834645672
11
5.4871437007874011
21
-4.1007616929133857
0
LINE
8
BLACK
6
CONTINUOUS
10
5.4871437007874011
20
-4.1007616929133857
11
5.487037834645669
21
-4.1007541732283466
0
LINE
8
BLACK
6
CONTINUOUS
10
5.487037834645669
20
-4.1007541732283466
11
5.4864972440944877
21
-4.1005472834645671
0
LINE
8
BLACK
6
CONTINUOUS
10
5.4864972440944877
20
-4.1005472834645671
11
5.4827477165354326
21
-4.0986725196850395
0
LINE
8
BLACK
6
CONTINUOUS
10
5.4827477165354326
20
-4.0986725196850395
11
5.4824996850393699
21
-4.0985164173228341
0
LINE
8
BLACK
6
CONTINUOUS
10
5.4824996850393699
20
-4.0985164173228341
11
5.4824277559055119
21
-4.0984866141732281
0
LINE
8
BLACK
6
CONTINUOUS
10
5.4824277559055119
20
-4.0984866141732281
11
5.4823467716535434
21
-4.098420157480315
0
LINE
8
BLACK
6
CONTINUOUS
10
5.4823467716535434
20
-4.098420157480315
11
5.4822578346456687
21
-4.0983641732283465
0
LINE
8
BLACK
6
CONTINUOUS
10
5.4822578346456687
20
-4.0983641732283465
11
5.4822066141732284
21
-4.0983051181102361
0
LINE
8
BLACK
6
CONTINUOUS
10
5.4822066141732284
20
-4.0983051181102361
11
5.4819802755905513
21
-4.0981193700787397
0
LINE
8
BLACK
6
CONTINUOUS
10
5.4819802755905513
20
-4.0981193700787397
11
5.4801055118110238
21
-4.0962445669291334
0
LINE
8
BLACK
6
CONTINUOUS
10
5.4801055118110238
20
-4.0962445669291334
11
5.4799197637795274
21
-4.0960182283464563
0
LINE
8
BLACK
6
CONTINUOUS
10
5.4799197637795274
20
-4.0960182283464563
11
5.4798607874015746
21
-4.0959670866141735
0
LINE
8
BLACK
6
CONTINUOUS
10
5.4798607874015746
20
-4.0959670866141735
11
5.4798048031496061
21
-4.0958781496062988
0
LINE
8
BLACK
6
CONTINUOUS
10
5.4798048031496061
20
-4.0958781496062988
11
5.4797383070866141
21
-4.0957971259842516
0
LINE
8
BLACK
6
CONTINUOUS
10
5.4797383070866141
20
-4.0957971259842516
11
5.4797084645669294
21
-4.0957250787401573
0
LINE
8
BLACK
6
CONTINUOUS
10
5.4797084645669294
20
-4.0957250787401573
11
5.4795524409448815
21
-4.0954772047244097
0
LINE
8
BLACK
6
CONTINUOUS
10
5.4795524409448815
20
-4.0954772047244097
11
5.4776776771653539
21
-4.0917276771653546
0
LINE
8
BLACK
6
CONTINUOUS
10
5.4776776771653539
20
-4.0917276771653546
11
5.4774707874015744
21
-4.0911870472440945
0
LINE
8
BLACK
6
CONTINUOUS
10
5.4774707874015744
20
-4.0911870472440945
11
5.4774632677165354
21
-4.0910812204724412
0
LINE
8
BLACK
6
CONTINUOUS
10
5.4774632677165354
20
-4.0910812204724412
11
5.4774226771653538
21
-4.0909832283464569
0
LINE
8
BLACK
6
CONTINUOUS
10
5.4774226771653538
20
-4.0909832283464569
11
5.4773659448818899
21
-4.090407165354331
0
LINE
8
BLACK
6
CONTINUOUS
10
5.4773659448818899
20
-4.090407165354331
11
5.4773659448818899
21
-4.0810333464566932
0
LINE
8
BLACK
6
CONTINUOUS
10
5.4773659448818899
20
-4.0810333464566932
11
5.4774226771653538
21
-4.0804572834645665
0
LINE
8
BLACK
6
CONTINUOUS
10
5.4774226771653538
20
-4.0804572834645665
11
5.4774632677165354
21
-4.0803592519685035
0
LINE
8
BLACK
6
CONTINUOUS
10
5.4774632677165354
20
-4.0803592519685035
11
5.4774707874015744
21
-4.0802534645669288
0
LINE
8
BLACK
6
CONTINUOUS
10
5.4774707874015744
20
-4.0802534645669288
11
5.4776776771653539
21
-4.0797128346456688
0
LINE
8
BLACK
6
CONTINUOUS
10
5.4776776771653539
20
-4.0797128346456688
11
5.4795524409448815
21
-4.0759633070866137
0
LINE
8
BLACK
6
CONTINUOUS
10
5.4795524409448815
20
-4.0759633070866137
11
5.4797085039370081
21
-4.075715275590551
0
LINE
8
BLACK
6
CONTINUOUS
10
5.4797085039370081
20
-4.075715275590551
11
5.4797383464566929
21
-4.075643346456693
0
LINE
8
BLACK
6
CONTINUOUS
10
5.4797383464566929
20
-4.075643346456693
11
5.4798048031496061
21
-4.0755623622047246
0
LINE
8
BLACK
6
CONTINUOUS
10
5.4798048031496061
20
-4.0755623622047246
11
5.4798607874015746
21
-4.0754734251968507
0
LINE
8
BLACK
6
CONTINUOUS
10
5.4798607874015746
20
-4.0754734251968507
11
5.4799197637795274
21
-4.0754222440944883
0
LINE
8
BLACK
6
CONTINUOUS
10
5.4799197637795274
20
-4.0754222440944883
11
5.4801055511811025
21
-4.0751959055118112
0
LINE
8
BLACK
6
CONTINUOUS
10
5.4801055511811025
20
-4.0751959055118112
11
5.4819803149606301
21
-4.0733211417322837
0
LINE
8
BLACK
6
CONTINUOUS
10
5.4819803149606301
20
-4.0733211417322837
11
5.4822066535433072
21
-4.0731353543307085
0
LINE
8
BLACK
6
CONTINUOUS
10
5.4822066535433072
20
-4.0731353543307085
11
5.4822578346456687
21
-4.0730763779527557
0
LINE
8
BLACK
6
CONTINUOUS
10
5.4822578346456687
20
-4.0730763779527557
11
5.4823467716535434
21
-4.0730203937007872
0
LINE
8
BLACK
6
CONTINUOUS
10
5.4823467716535434
20
-4.0730203937007872
11
5.4824277559055119
21
-4.072953937007874
0
LINE
8
BLACK
6
CONTINUOUS
10
5.4824277559055119
20
-4.072953937007874
11
5.4824996850393699
21
-4.0729240944881893
0
LINE
8
BLACK
6
CONTINUOUS
10
5.4824996850393699
20
-4.0729240944881893
11
5.4827477165354326
21
-4.0727680314960626
0
LINE
8
BLACK
6
CONTINUOUS
10
5.4827477165354326
20
-4.0727680314960626
11
5.4864972440944877
21
-4.070893267716535
0
LINE
8
BLACK
6
CONTINUOUS
10
5.4864972440944877
20
-4.070893267716535
11
5.4870294094488186
21
-4.0706895669291336
0
LINE
8
BLACK
6
CONTINUOUS
10
5.4870294094488186
20
-4.0706895669291336
11
5.4780965354330711
21
-4.0604805905511814
0
LINE
8
BLACK
6
CONTINUOUS
10
5.4780965354330711
20
-4.0604805905511814
11
5.4779185039370075
21
-4.0602315748031499
0
LINE
8
BLACK
6
CONTINUOUS
10
5.4779185039370075
20
-4.0602315748031499
11
5.4778635826771653
21
-4.0601766535433068
0
LINE
8
BLACK
6
CONTINUOUS
10
5.4778635826771653
20
-4.0601766535433068
11
5.4778419685039372
21
-4.0601245275590552
0
LINE
8
BLACK
6
CONTINUOUS
10
5.4778419685039372
20
-4.0601245275590552
11
5.4777598818897637
21
-4.0600096850393701
0
LINE
8
BLACK
6
CONTINUOUS
10
5.4777598818897637
20
-4.0600096850393701
11
5.4776062598425197
21
-4.0595554330708659
0
LINE
8
BLACK
6
CONTINUOUS
10
5.4776062598425197
20
-4.0595554330708659
11
5.4774226771653538
21
-4.0591122440944885
0
LINE
8
BLACK
6
CONTINUOUS
10
5.4774226771653538
20
-4.0591122440944885
11
5.4774226771653538
21
-4.0590125984251966
0
LINE
8
BLACK
6
CONTINUOUS
10
5.4774226771653538
20
-4.0590125984251966
11
5.4773907874015748
21
-4.0589183070866142
0
LINE
8
BLACK
6
CONTINUOUS
10
5.4773907874015748
20
-4.0589183070866142
11
5.4774226771653538
21
-4.0584398031496063
0
LINE
8
BLACK
6
CONTINUOUS
10
5.4774226771653538
20
-4.0584398031496063
11
5.4774226771653538
21
-4.0579601181102358
0
LINE
8
BLACK
6
CONTINUOUS
10
5.4774226771653538
20
-4.0579601181102358
11
5.4774607480314961
21
-4.0578681102362202
0
LINE
8
BLACK
6
CONTINUOUS
10
5.4774607480314961
20
-4.0578681102362202
11
5.4774674015748026
21
-4.0577687795275592
0
LINE
8
BLACK
6
CONTINUOUS
10
5.4774674015748026
20
-4.0577687795275592
11
5.4776800787401569
21
-4.0573386220472436
0
LINE
8
BLACK
6
CONTINUOUS
10
5.4776800787401569
20
-4.0573386220472436
11
5.4778635826771653
21
-4.0568957086614175
0
LINE
8
BLACK
6
CONTINUOUS
10
5.4778635826771653
20
-4.0568957086614175
11
5.4779338976377954
21
-4.0568253543307087
0
LINE
8
BLACK
6
CONTINUOUS
10
5.4779338976377954
20
-4.0568253543307087
11
5.4779781102362204
21
-4.0567360236220473
0
LINE
8
BLACK
6
CONTINUOUS
10
5.4779781102362204
20
-4.0567360236220473
11
5.4783392125984252
21
-4.0564200393700789
0
LINE
8
BLACK
6
CONTINUOUS
10
5.4783392125984252
20
-4.0564200393700789
11
5.4786782283464568
21
-4.056081062992126
0
LINE
8
BLACK
6
CONTINUOUS
10
5.4786782283464568
20
-4.056081062992126
11
5.4787701968503937
21
-4.0560429133858271
0
LINE
8
BLACK
6
CONTINUOUS
10
5.4787701968503937
20
-4.0560429133858271
11
5.4788451968503935
21
-4.0559773622047244
0
LINE
8
BLACK
6
CONTINUOUS
10
5.4788451968503935
20
-4.0559773622047244
11
5.479299409448819
21
-4.0558237401574804
0
LINE
8
BLACK
6
CONTINUOUS
10
5.479299409448819
20
-4.0558237401574804
11
5.4797426377952752
21
-4.0556401574803145
0
LINE
8
BLACK
6
CONTINUOUS
10
5.4797426377952752
20
-4.0556401574803145
11
5.4798831889763777
21
-4.055626299212598
0
LINE
8
BLACK
6
CONTINUOUS
10
5.4798831889763777
20
-4.055626299212598
11
5.4799365748031494
21
-4.0556082677165355
0
LINE
8
BLACK
6
CONTINUOUS
10
5.4799365748031494
20
-4.0556082677165355
11
5.480014015748031
21
-4.0556134251968503
0
LINE
8
BLACK
6
CONTINUOUS
10
5.480014015748031
20
-4.0556134251968503
11
5.480318700787401
21
-4.0555834251968506
0
LINE
8
BLACK
6
CONTINUOUS
10
5.480318700787401
20
-4.0555834251968506
11
5.5046906299212601
21
-4.0555834251968506
0
LINE
8
BLACK
6
CONTINUOUS
10
5.5046906299212601
20
-4.0555834251968506
11
5.505266692913386
21
-4.0556401574803145
0
LINE
8
BLACK
6
CONTINUOUS
10
5.5293493700787399
20
-4.0556401574803145
11
5.529638661417323
21
-4.0556401574803145
0
LINE
8
BLACK
6
CONTINUOUS
10
5.529638661417323
20
-4.0556401574803145
11
5.52990874015748
21
-4.0557520078740152
0
LINE
8
BLACK
6
CONTINUOUS
10
5.52990874015748
20
-4.0557520078740152
11
5.5301953937007875
21
-4.0558093700787401
0
LINE
8
BLACK
6
CONTINUOUS
10
5.5301953937007875
20
-4.0558093700787401
11
5.5304357480314961
21
-4.0559703149606294
0
LINE
8
BLACK
6
CONTINUOUS
10
5.5304357480314961
20
-4.0559703149606294
11
5.5307030708661413
21
-4.056081062992126
0
LINE
8
BLACK
6
CONTINUOUS
10
5.5307030708661413
20
-4.056081062992126
11
5.530909763779527
21
-4.0562877559055117
0
LINE
8
BLACK
6
CONTINUOUS
10
5.530909763779527
20
-4.0562877559055117
11
5.5311526771653545
21
-4.0564504330708662
0
LINE
8
BLACK
6
CONTINUOUS
10
5.5311526771653545
20
-4.0564504330708662
11
5.5315156692913385
21
-4.0568936614173223
0
LINE
8
BLACK
6
CONTINUOUS
10
5.5315156692913385
20
-4.0568936614173223
11
5.5315177165354328
21
-4.0568957086614175
0
LINE
8
BLACK
6
CONTINUOUS
10
5.5315177165354328
20
-4.0568957086614175
11
5.5315180708661416
21
-4.0568965748031491
0
LINE
8
BLACK
6
CONTINUOUS
10
5.5315180708661416
20
-4.0568965748031491
11
5.5315194488188979
21
-4.0568982677165355
0
LINE
8
BLACK
6
CONTINUOUS
10
5.5315194488188979
20
-4.0568982677165355
11
5.5351067716535436
21
-4.0622792913385828
0
LINE
8
BLACK
6
CONTINUOUS
10
5.5351067716535436
20
-4.0622792913385828
11
5.5383107480314964
21
-4.0654832677165356
0
LINE
8
BLACK
6
CONTINUOUS
10
5.5383107480314964
20
-4.0654832677165356
11
5.541631692913386
21
-4.0671437401574799
0
LINE
8
BLACK
6
CONTINUOUS
10
5.541631692913386
20
-4.0671437401574799
11
5.5421215748031498
21
-4.067452086614173
0
LINE
8
BLACK
6
CONTINUOUS
10
5.5421215748031498
20
-4.067452086614173
11
5.5428764173228346
21
-4.0683224803149605
0
LINE
8
BLACK
6
CONTINUOUS
10
5.5428764173228346
20
-4.0683224803149605
11
5.5432407480314962
21
-4.0694154330708656
0
LINE
8
BLACK
6
CONTINUOUS
10
5.5432407480314962
20
-4.0694154330708656
11
5.543159094488189
21
-4.0705646456692914
0
LINE
8
BLACK
6
CONTINUOUS
10
5.543159094488189
20
-4.0705646456692914
11
5.5426438188976377
21
-4.0715951574803153
0
LINE
8
BLACK
6
CONTINUOUS
10
5.5426438188976377
20
-4.0715951574803153
11
5.541773464566929
21
-4.0723500000000001
0
LINE
8
BLACK
6
CONTINUOUS
10
5.541773464566929
20
-4.0723500000000001
11
5.5406804724409451
21
-4.0727143307086617
0
LINE
8
BLACK
6
CONTINUOUS
10
5.5406804724409451
20
-4.0727143307086617
11
5.5395312598425193
21
-4.0726326771653545
0
LINE
8
BLACK
6
CONTINUOUS
10
5.5395312598425193
20
-4.0726326771653545
11
5.5389906692913389
21
-4.072425787401575
0
LINE
8
BLACK
6
CONTINUOUS
10
5.5389906692913389
20
-4.072425787401575
11
5.5352411417322838
21
-4.0705510236220475
0
LINE
8
BLACK
6
CONTINUOUS
10
5.5352411417322838
20
-4.0705510236220475
11
5.534993307086614
21
-4.0703949999999995
0
LINE
8
BLACK
6
CONTINUOUS
10
5.534993307086614
20
-4.0703949999999995
11
5.5349211811023622
21
-4.0703651574803148
0
LINE
8
BLACK
6
CONTINUOUS
10
5.5349211811023622
20
-4.0703651574803148
11
5.53484
21
-4.0702985433070866
0
LINE
8
BLACK
6
CONTINUOUS
10
5.53484
20
-4.0702985433070866
11
5.5347512598425199
21
-4.0702426771653544
0
LINE
8
BLACK
6
CONTINUOUS
10
5.5347512598425199
20
-4.0702426771653544
11
5.5347001181102362
21
-4.0701837401574803
0
LINE
8
BLACK
6
CONTINUOUS
10
5.5347001181102362
20
-4.0701837401574803
11
5.5344737401574804
21
-4.0699979133858264
0
LINE
8
BLACK
6
CONTINUOUS
10
5.5344737401574804
20
-4.0699979133858264
11
5.5320153543307082
21
-4.0675395275590551
0
LINE
8
BLACK
6
CONTINUOUS
10
5.5320153543307082
20
-4.0675395275590551
11
5.5320153543307082
21
-4.094953503937008
0
LINE
8
BLACK
6
CONTINUOUS
10
5.5320153543307082
20
-4.094953503937008
11
5.5403111811023624
21
-4.094953503937008
0
LINE
8
BLACK
6
CONTINUOUS
10
5.5403111811023624
20
-4.094953503937008
11
5.5408872440944883
21
-4.0950102362204728
0
LINE
8
BLACK
6
CONTINUOUS
10
5.5408872440944883
20
-4.0950102362204728
11
5.5419516535433067
21
-4.0954511417322834
0
LINE
8
BLACK
6
CONTINUOUS
10
5.5419516535433067
20
-4.0954511417322834
11
5.5427662992125981
21
-4.0962657874015749
0
LINE
8
BLACK
6
CONTINUOUS
10
5.5427662992125981
20
-4.0962657874015749
11
5.5432072047244096
21
-4.0973301968503932
0
LINE
8
BLACK
6
CONTINUOUS
10
5.5432072047244096
20
-4.0973301968503932
11
5.5432072047244096
21
-4.0984823228346459
0
LINE
8
BLACK
6
CONTINUOUS
10
5.5432072047244096
20
-4.0984823228346459
11
5.5427662992125981
21
-4.0995467322834642
0
LINE
8
BLACK
6
CONTINUOUS
10
5.5427662992125981
20
-4.0995467322834642
11
5.5419516535433067
21
-4.1003613779527557
0
LINE
8
BLACK
6
CONTINUOUS
10
5.5419516535433067
20
-4.1003613779527557
11
5.5408872440944883
21
-4.1008022834645672
0
LINE
8
BLACK
6
CONTINUOUS
10
5.5408872440944883
20
-4.1008022834645672
11
5.5403111811023624
21
-4.1008590157480311
0
LINE
8
BLACK
6
CONTINUOUS
10
5.5403111811023624
20
-4.1008590157480311
11
5.5178140157480318
21
-4.1008590157480311
0
LINE
8
BLACK
6
CONTINUOUS
10
5.5178140157480318
20
-4.1008590157480311
11
5.517237952755905
21
-4.1008022834645672
0
LINE
8
BLACK
6
CONTINUOUS
10
5.517237952755905
20
-4.1008022834645672
11
5.5161735433070866
21
-4.1003613779527557
0
LINE
8
BLACK
6
CONTINUOUS
10
5.5161735433070866
20
-4.1003613779527557
11
5.5153588976377952
21
-4.0995467322834642
0
LINE
8
BLACK
6
CONTINUOUS
10
5.5153588976377952
20
-4.0995467322834642
11
5.5149179921259845
21
-4.0984823228346459
0
LINE
8
BLACK
6
CONTINUOUS
10
5.5149179921259845
20
-4.0984823228346459
11
5.5149179921259845
21
-4.0973301968503932
0
LINE
8
BLACK
6
CONTINUOUS
10
5.5149179921259845
20
-4.0973301968503932
11
5.5153588976377952
21
-4.0962657874015749
0
LINE
8
BLACK
6
CONTINUOUS
10
5.5153588976377952
20
-4.0962657874015749
11
5.5161735433070866
21
-4.0954511417322834
0
LINE
8
BLACK
6
CONTINUOUS
10
5.5161735433070866
20
-4.0954511417322834
11
5.517237952755905
21
-4.0950102362204728
0
LINE
8
BLACK
6
CONTINUOUS
10
5.517237952755905
20
-4.0950102362204728
11
5.5178140157480318
21
-4.094953503937008
0
LINE
8
BLACK
6
CONTINUOUS
10
5.5178140157480318
20
-4.094953503937008
11
5.5261098425196851
21
-4.094953503937008
0
LINE
8
BLACK
6
CONTINUOUS
10
5.5261098425196851
20
-4.094953503937008
11
5.5261098425196851
21
-4.0585361811023617
0
LINE
8
BLACK
6
CONTINUOUS
10
5.5261098425196851
20
-4.0585361811023617
11
5.5261100393700788
21
-4.0585340944881887
0
LINE
8
BLACK
6
CONTINUOUS
10
5.5261100393700788
20
-4.0585340944881887
11
5.5261098425196851
21
-4.058533070866142
0
LINE
8
BLACK
6
CONTINUOUS
10
5.5261098425196851
20
-4.058533070866142
11
5.5261104330708664
21
-4.0585300393700789
0
LINE
8
BLACK
6
CONTINUOUS
10
5.5261104330708664
20
-4.0585300393700789
11
5.5261665748031499
21
-4.0579601181102358
0
LINE
8
BLACK
6
CONTINUOUS
10
5.5261665748031499
20
-4.0579601181102358
11
5.5262784251968506
21
-4.05769
0
LINE
8
BLACK
6
CONTINUOUS
10
5.5262784251968506
20
-4.05769
11
5.5263357874015746
21
-4.0574033858267713
0
LINE
8
BLACK
6
CONTINUOUS
10
5.5263357874015746
20
-4.0574033858267713
11
5.5264967322834648
21
-4.057162992125984
0
LINE
8
BLACK
6
CONTINUOUS
10
5.5264967322834648
20
-4.057162992125984
11
5.5266074803149605
21
-4.0568957086614175
0
LINE
8
BLACK
6
CONTINUOUS
10
5.5266074803149605
20
-4.0568957086614175
11
5.5268141732283462
21
-4.056688976377953
0
LINE
8
BLACK
6
CONTINUOUS
10
5.5268141732283462
20
-4.056688976377953
11
5.5269768503937007
21
-4.0564461023622043
0
LINE
8
BLACK
6
CONTINUOUS
10
5.5269768503937007
20
-4.0564461023622043
11
5.527217559055118
21
-4.0562855905511812
0
LINE
8
BLACK
6
CONTINUOUS
10
5.527217559055118
20
-4.0562855905511812
11
5.527422125984252
21
-4.056081062992126
0
LINE
8
BLACK
6
CONTINUOUS
10
5.527422125984252
20
-4.056081062992126
11
5.527692204724409
21
-4.0559691732283465
0
LINE
8
BLACK
6
CONTINUOUS
10
5.527692204724409
20
-4.0559691732283465
11
5.5279354724409444
21
-4.0558070078740158
0
LINE
8
BLACK
6
CONTINUOUS
10
5.5279354724409444
20
-4.0558070078740158
11
5.5282192519685038
21
-4.0557508661417323
0
LINE
8
BLACK
6
CONTINUOUS
10
5.5282192519685038
20
-4.0557508661417323
11
5.5284865354330703
21
-4.0556401574803145
0
LINE
8
BLACK
6
CONTINUOUS
10
5.5284865354330703
20
-4.0556401574803145
11
5.5287789370078739
21
-4.0556401574803145
0
LINE
8
BLACK
6
CONTINUOUS
10
5.5287789370078739
20
-4.0556401574803145
11
5.5290657086614168
21
-4.0555834251968506
0
LINE
8
BLACK
6
CONTINUOUS
10
5.5290657086614168
20
-4.0555834251968506
11
5.5293493700787399
21
-4.0556401574803145
0
LINE
8
BLACK
6
CONTINUOUS
10
5.5668494488188971
20
-4.0556121259842515
11
5.5669272047244096
21
-4.0556066141732279
0
LINE
8
BLACK
6
CONTINUOUS
10
5.5669272047244096
20
-4.0556066141732279
11
5.5670294488188974
21
-4.0556298425196848
0
LINE
8
BLACK
6
CONTINUOUS
10
5.5670294488188974
20
-4.0556298425196848
11
5.5671339763779528
21
-4.0556401574803145
0
LINE
8
BLACK
6
CONTINUOUS
10
5.5671339763779528
20
-4.0556401574803145
11
5.5672060629921258
21
-4.0556700000000001
0
LINE
8
BLACK
6
CONTINUOUS
10
5.5672060629921258
20
-4.0556700000000001
11
5.567491653543307
21
-4.0557349606299216
0
LINE
8
BLACK
6
CONTINUOUS
10
5.567491653543307
20
-4.0557349606299216
11
5.5731159448818897
21
-4.0576097244094491
0
LINE
8
BLACK
6
CONTINUOUS
10
5.5731159448818897
20
-4.0576097244094491
11
5.5736444881889762
21
-4.057845708661417
0
LINE
8
BLACK
6
CONTINUOUS
10
5.5736444881889762
20
-4.057845708661417
11
5.5737246062992121
21
-4.0579151968503933
0
LINE
8
BLACK
6
CONTINUOUS
10
5.5737246062992121
20
-4.0579151968503933
11
5.5738226771653538
21
-4.0579558267716536
0
LINE
8
BLACK
6
CONTINUOUS
10
5.5738226771653538
20
-4.0579558267716536
11
5.5742701181102357
21
-4.0583230314960632
0
LINE
8
BLACK
6
CONTINUOUS
10
5.5742701181102357
20
-4.0583230314960632
11
5.5780196456692916
21
-4.0620725590551183
0
LINE
8
BLACK
6
CONTINUOUS
10
5.5780196456692916
20
-4.0620725590551183
11
5.5782054724409447
21
-4.0622989370078741
0
LINE
8
BLACK
6
CONTINUOUS
10
5.5782054724409447
20
-4.0622989370078741
11
5.5782644094488187
21
-4.062350078740157
0
LINE
8
BLACK
6
CONTINUOUS
10
5.5782644094488187
20
-4.062350078740157
11
5.578320275590551
21
-4.0624388188976379
0
LINE
8
BLACK
6
CONTINUOUS
10
5.578320275590551
20
-4.0624388188976379
11
5.5783868897637792
21
-4.0625200000000001
0
LINE
8
BLACK
6
CONTINUOUS
10
5.5783868897637792
20
-4.0625200000000001
11
5.5784167322834648
21
-4.0625921259842519
0
LINE
8
BLACK
6
CONTINUOUS
10
5.5784167322834648
20
-4.0625921259842519
11
5.5785727559055118
21
-4.0628399606299208
0
LINE
8
BLACK
6
CONTINUOUS
10
5.5785727559055118
20
-4.0628399606299208
11
5.5804475196850394
21
-4.0665894881889759
0
LINE
8
BLACK
6
CONTINUOUS
10
5.5804475196850394
20
-4.0665894881889759
11
5.5804636220472439
21
-4.0666315748031492
0
LINE
8
BLACK
6
CONTINUOUS
10
5.5804636220472439
20
-4.0666315748031492
11
5.5804763385826774
21
-4.06664874015748
0
LINE
8
BLACK
6
CONTINUOUS
10
5.5804763385826774
20
-4.06664874015748
11
5.5805624015748032
21
-4.0668896456692911
0
LINE
8
BLACK
6
CONTINUOUS
10
5.5805624015748032
20
-4.0668896456692911
11
5.5806544094488189
21
-4.0671300787401572
0
LINE
8
BLACK
6
CONTINUOUS
10
5.5806544094488189
20
-4.0671300787401572
11
5.5806559055118106
21
-4.0671513385826774
0
LINE
8
BLACK
6
CONTINUOUS
10
5.5806559055118106
20
-4.0671513385826774
11
5.5806711023622046
21
-4.0671938582677161
0
LINE
8
BLACK
6
CONTINUOUS
10
5.5806711023622046
20
-4.0671938582677161
11
5.5825458661417322
21
-4.0746929133858263
0
LINE
8
BLACK
6
CONTINUOUS
10
5.5825458661417322
20
-4.0746929133858263
11
5.58256062992126
21
-4.0747927559055119
0
LINE
8
BLACK
6
CONTINUOUS
10
5.58256062992126
20
-4.0747927559055119
11
5.5825772834645671
21
-4.0748329921259838
0
LINE
8
BLACK
6
CONTINUOUS
10
5.5825772834645671
20
-4.0748329921259838
11
5.5825986220472439
21
-4.0750500000000001
0
LINE
8
BLACK
6
CONTINUOUS
10
5.5825986220472439
20
-4.0750500000000001
11
5.5826305118110238
21
-4.0752655118110237
0
LINE
8
BLACK
6
CONTINUOUS
10
5.5826305118110238
20
-4.0752655118110237
11
5.5826240944881889
21
-4.0753085039370074
0
LINE
8
BLACK
6
CONTINUOUS
10
5.5826240944881889
20
-4.0753085039370074
11
5.582634015748031
21
-4.0754090551181106
0
LINE
8
BLACK
6
CONTINUOUS
10
5.582634015748031
20
-4.0754090551181106
11
5.582634015748031
21
-4.0810333464566932
0
LINE
8
BLACK
6
CONTINUOUS
10
5.582634015748031
20
-4.0810333464566932
11
5.5826240944881889
21
-4.0811338582677168
0
LINE
8
BLACK
6
CONTINUOUS
10
5.5826240944881889
20
-4.0811338582677168
11
5.5826305118110238
21
-4.0811768897637792
0
LINE
8
BLACK
6
CONTINUOUS
10
5.5826305118110238
20
-4.0811768897637792
11
5.5825986220472439
21
-4.0813923622047241
0
LINE
8
BLACK
6
CONTINUOUS
10
5.5825986220472439
20
-4.0813923622047241
11
5.5825772834645671
21
-4.0816094094488191
0
LINE
8
BLACK
6
CONTINUOUS
10
5.5825772834645671
20
-4.0816094094488191
11
5.58256062992126
21
-4.0816496062992123
0
LINE
8
BLACK
6
CONTINUOUS
10
5.58256062992126
20
-4.0816496062992123
11
5.5825458661417322
21
-4.0817494881889766
0
LINE
8
BLACK
6
CONTINUOUS
10
5.5825458661417322
20
-4.0817494881889766
11
5.5806711023622046
21
-4.0892485433070869
0
LINE
8
BLACK
6
CONTINUOUS
10
5.5806711023622046
20
-4.0892485433070869
11
5.5806559055118106
21
-4.0892910236220468
0
LINE
8
BLACK
6
CONTINUOUS
10
5.5806559055118106
20
-4.0892910236220468
11
5.5806544094488189
21
-4.0893123228346457
0
LINE
8
BLACK
6
CONTINUOUS
10
5.5806544094488189
20
-4.0893123228346457
11
5.5805626377952757
21
-4.0895520472440943
0
LINE
8
BLACK
6
CONTINUOUS
10
5.5805626377952757
20
-4.0895520472440943
11
5.5804763385826774
21
-4.0897936614173229
0
LINE
8
BLACK
6
CONTINUOUS
10
5.5804763385826774
20
-4.0897936614173229
11
5.5804636220472439
21
-4.089810787401575
0
LINE
8
BLACK
6
CONTINUOUS
10
5.5804636220472439
20
-4.089810787401575
11
5.5804475196850394
21
-4.089852913385827
0
LINE
8
BLACK
6
CONTINUOUS
10
5.5804475196850394
20
-4.089852913385827
11
5.5785727559055118
21
-4.0936024409448821
0
LINE
8
BLACK
6
CONTINUOUS
10
5.5785727559055118
20
-4.0936024409448821
11
5.578416692913386
21
-4.0938503149606298
0
LINE
8
BLACK
6
CONTINUOUS
10
5.578416692913386
20
-4.0938503149606298
11
5.5783868897637792
21
-4.0939223622047241
0
LINE
8
BLACK
6
CONTINUOUS
10
5.5783868897637792
20
-4.0939223622047241
11
5.5783203543307085
21
-4.0940033858267713
0
LINE
8
BLACK
6
CONTINUOUS
10
5.5783203543307085
20
-4.0940033858267713
11
5.5782644094488187
21
-4.094092322834646
0
LINE
8
BLACK
6
CONTINUOUS
10
5.5782644094488187
20
-4.094092322834646
11
5.5782053937007872
21
-4.0941434645669288
0
LINE
8
BLACK
6
CONTINUOUS
10
5.5782053937007872
20
-4.0941434645669288
11
5.5780196850393695
21
-4.0943698031496059
0
LINE
8
BLACK
6
CONTINUOUS
10
5.5780196850393695
20
-4.0943698031496059
11
5.5742701181102357
21
-4.0981194094488185
0
LINE
8
BLACK
6
CONTINUOUS
10
5.5742701181102357
20
-4.0981194094488185
11
5.5738226771653538
21
-4.0984866141732281
0
LINE
8
BLACK
6
CONTINUOUS
10
5.5738226771653538
20
-4.0984866141732281
11
5.5737246062992121
21
-4.0985272047244097
0
LINE
8
BLACK
6
CONTINUOUS
10
5.5737246062992121
20
-4.0985272047244097
11
5.5736444881889762
21
-4.0985967322834647
0
LINE
8
BLACK
6
CONTINUOUS
10
5.5736444881889762
20
-4.0985967322834647
11
5.5731159448818897
21
-4.0988327165354326
0
LINE
8
BLACK
6
CONTINUOUS
10
5.5731159448818897
20
-4.0988327165354326
11
5.567491653543307
21
-4.1007074803149601
0
LINE
8
BLACK
6
CONTINUOUS
10
5.567491653543307
20
-4.1007074803149601
11
5.5672060629921258
21
-4.1007724015748028
0
LINE
8
BLACK
6
CONTINUOUS
10
5.5672060629921258
20
-4.1007724015748028
11
5.5671339763779528
21
-4.1008022834645672
0
LINE
8
BLACK
6
CONTINUOUS
10
5.5671339763779528
20
-4.1008022834645672
11
5.5670294488188974
21
-4.1008125590551181
0
LINE
8
BLACK
6
CONTINUOUS
10
5.5670294488188974
20
-4.1008125590551181
11
5.5669272047244096
21
-4.1008358267716538
0
LINE
8
BLACK
6
CONTINUOUS
10
5.5669272047244096
20
-4.1008358267716538
11
5.5668494488188971
21
-4.1008302755905515
0
LINE
8
BLACK
6
CONTINUOUS
10
5.5668494488188971
20
-4.1008302755905515
11
5.566557913385827
21
-4.1008590157480311
0
LINE
8
BLACK
6
CONTINUOUS
10
5.566557913385827
20
-4.1008590157480311
11
5.5628083858267718
21
-4.1008590157480311
0
LINE
8
BLACK
6
CONTINUOUS
10
5.5628083858267718
20
-4.1008590157480311
11
5.5625167716535433
21
-4.1008302755905515
0
LINE
8
BLACK
6
CONTINUOUS
10
5.5625167716535433
20
-4.1008302755905515
11
5.5624390551181104
21
-4.1008358267716538
0
LINE
8
BLACK
6
CONTINUOUS
10
5.5624390551181104
20
-4.1008358267716538
11
5.562336771653543
21
-4.1008125590551181
0
LINE
8
BLACK
6
CONTINUOUS
10
5.562336771653543
20
-4.1008125590551181
11
5.562232322834646
21
-4.1008022834645672
0
LINE
8
BLACK
6
CONTINUOUS
10
5.562232322834646
20
-4.1008022834645672
11
5.5621602362204721
21
-4.1007724015748028
0
LINE
8
BLACK
6
CONTINUOUS
10
5.5621602362204721
20
-4.1007724015748028
11
5.5618746062992122
21
-4.1007074803149601
0
LINE
8
BLACK
6
CONTINUOUS
10
5.5618746062992122
20
-4.1007074803149601
11
5.5562503543307082
21
-4.0988327165354326
0
LINE
8
BLACK
6
CONTINUOUS
10
5.5562503543307082
20
-4.0988327165354326
11
5.555721771653543
21
-4.0985967322834647
0
LINE
8
BLACK
6
CONTINUOUS
10
5.555721771653543
20
-4.0985967322834647
11
5.5556415748031496
21
-4.0985271653543309
0
LINE
8
BLACK
6
CONTINUOUS
10
5.5556415748031496
20
-4.0985271653543309
11
5.5555436220472441
21
-4.0984866141732281
0
LINE
8
BLACK
6
CONTINUOUS
10
5.5555436220472441
20
-4.0984866141732281
11
5.5550961417322835
21
-4.0981193700787397
0
LINE
8
BLACK
6
CONTINUOUS
10
5.5550961417322835
20
-4.0981193700787397
11
5.5532213779527559
21
-4.0962445669291334
0
LINE
8
BLACK
6
CONTINUOUS
10
5.5532213779527559
20
-4.0962445669291334
11
5.5528541732283463
21
-4.0957971259842516
0
LINE
8
BLACK
6
CONTINUOUS
10
5.5528541732283463
20
-4.0957971259842516
11
5.5524133070866144
21
-4.0947327165354332
0
LINE
8
BLACK
6
CONTINUOUS
10
5.5524133070866144
20
-4.0947327165354332
11
5.5524133070866144
21
-4.0935806299212594
0
LINE
8
BLACK
6
CONTINUOUS
10
5.5524133070866144
20
-4.0935806299212594
11
5.552854212598425
21
-4.092516220472441
0
LINE
8
BLACK
6
CONTINUOUS
10
5.552854212598425
20
-4.092516220472441
11
5.5536688976377953
21
-4.0917015354330708
0
LINE
8
BLACK
6
CONTINUOUS
10
5.5536688976377953
20
-4.0917015354330708
11
5.5547333070866136
21
-4.0912606692913389
0
LINE
8
BLACK
6
CONTINUOUS
10
5.5547333070866136
20
-4.0912606692913389
11
5.5558853937007875
21
-4.0912606692913389
0
LINE
8
BLACK
6
CONTINUOUS
10
5.5558853937007875
20
-4.0912606692913389
11
5.5569498031496058
21
-4.0917015748031496
0
LINE
8
BLACK
6
CONTINUOUS
10
5.5569498031496058
20
-4.0917015748031496
11
5.5573972834645664
21
-4.092068818897638
0
LINE
8
BLACK
6
CONTINUOUS
10
5.5573972834645664
20
-4.092068818897638
11
5.5587791338582679
21
-4.0934507086614174
0
LINE
8
BLACK
6
CONTINUOUS
10
5.5587791338582679
20
-4.0934507086614174
11
5.5632875196850389
21
-4.094953503937008
0
LINE
8
BLACK
6
CONTINUOUS
10
5.5632875196850389
20
-4.094953503937008
11
5.566078779527559
21
-4.094953503937008
0
LINE
8
BLACK
6
CONTINUOUS
10
5.566078779527559
20
-4.094953503937008
11
5.5705871653543308
21
-4.0934506692913386
0
LINE
8
BLACK
6
CONTINUOUS
10
5.5705871653543308
20
-4.0934506692913386
11
5.5735049606299212
21
-4.0905328346456695
0
LINE
8
BLACK
6
CONTINUOUS
10
5.5735049606299212
20
-4.0905328346456695
11
5.5750204724409445
21
-4.0875018503937008
0
LINE
8
BLACK
6
CONTINUOUS
10
5.5750204724409445
20
-4.0875018503937008
11
5.5767285039370078
21
-4.0806698031496058
0
LINE
8
BLACK
6
CONTINUOUS
10
5.5767285039370078
20
-4.0806698031496058
11
5.5767285039370078
21
-4.0757725984251971
0
LINE
8
BLACK
6
CONTINUOUS
10
5.5767285039370078
20
-4.0757725984251971
11
5.5750204724409445
21
-4.0689405511811021
0
LINE
8
BLACK
6
CONTINUOUS
10
5.5750204724409445
20
-4.0689405511811021
11
5.5735049999999999
21
-4.0659095669291334
0
LINE
8
BLACK
6
CONTINUOUS
10
5.5735049999999999
20
-4.0659095669291334
11
5.5705871653543308
21
-4.0629917322834643
0
LINE
8
BLACK
6
CONTINUOUS
10
5.5705871653543308
20
-4.0629917322834643
11
5.566078779527559
21
-4.0614889370078737
0
LINE
8
BLACK
6
CONTINUOUS
10
5.566078779527559
20
-4.0614889370078737
11
5.5632875196850389
21
-4.0614889370078737
0
LINE
8
BLACK
6
CONTINUOUS
10
5.5632875196850389
20
-4.0614889370078737
11
5.5587791338582679
21
-4.0629917322834643
0
LINE
8
BLACK
6
CONTINUOUS
10
5.5587791338582679
20
-4.0629917322834643
11
5.5573972440944877
21
-4.0643736220472437
0
LINE
8
BLACK
6
CONTINUOUS
10
5.5573972440944877
20
-4.0643736220472437
11
5.5569498031496058
21
-4.0647408267716534
0
LINE
8
BLACK
6
CONTINUOUS
10
5.5569498031496058
20
-4.0647408267716534
11
5.5558853543307087
21
-4.0651817322834649
0
LINE
8
BLACK
6
CONTINUOUS
10
5.5558853543307087
20
-4.0651817322834649
11
5.5547333070866136
21
-4.0651817322834649
0
LINE
8
BLACK
6
CONTINUOUS
10
5.5547333070866136
20
-4.0651817322834649
11
5.5536688582677165
21
-4.0647408267716534
0
LINE
8
BLACK
6
CONTINUOUS
10
5.5536688582677165
20
-4.0647408267716534
11
5.552854212598425
21
-4.0639261811023619
0
LINE
8
BLACK
6
CONTINUOUS
10
5.552854212598425
20
-4.0639261811023619
11
5.5524133070866144
21
-4.0628617322834648
0
LINE
8
BLACK
6
CONTINUOUS
10
5.5524133070866144
20
-4.0628617322834648
11
5.5524133070866144
21
-4.0617096850393697
0
LINE
8
BLACK
6
CONTINUOUS
10
5.5524133070866144
20
-4.0617096850393697
11
5.552854212598425
21
-4.0606452362204726
0
LINE
8
BLACK
6
CONTINUOUS
10
5.552854212598425
20
-4.0606452362204726
11
5.5532214173228347
21
-4.0601977952755908
0
LINE
8
BLACK
6
CONTINUOUS
10
5.5532214173228347
20
-4.0601977952755908
11
5.5550961811023623
21
-4.0583230314960632
0
LINE
8
BLACK
6
CONTINUOUS
10
5.5550961811023623
20
-4.0583230314960632
11
5.5555436220472441
21
-4.0579558267716536
0
LINE
8
BLACK
6
CONTINUOUS
10
5.5555436220472441
20
-4.0579558267716536
11
5.5556415748031496
21
-4.057915236220472
0
LINE
8
BLACK
6
CONTINUOUS
10
5.5556415748031496
20
-4.057915236220472
11
5.555721771653543
21
-4.057845708661417
0
LINE
8
BLACK
6
CONTINUOUS
10
5.555721771653543
20
-4.057845708661417
11
5.5562503543307082
21
-4.0576097244094491
0
LINE
8
BLACK
6
CONTINUOUS
10
5.5562503543307082
20
-4.0576097244094491
11
5.5618746062992122
21
-4.0557349606299216
0
LINE
8
BLACK
6
CONTINUOUS
10
5.5618746062992122
20
-4.0557349606299216
11
5.5621602362204721
21
-4.0556700000000001
0
LINE
8
BLACK
6
CONTINUOUS
10
5.5621602362204721
20
-4.0556700000000001
11
5.562232322834646
21
-4.0556401574803145
0
LINE
8
BLACK
6
CONTINUOUS
10
5.562232322834646
20
-4.0556401574803145
11
5.562336771653543
21
-4.0556298425196848
0
LINE
8
BLACK
6
CONTINUOUS
10
5.562336771653543
20
-4.0556298425196848
11
5.5624390551181104
21
-4.0556066141732279
0
LINE
8
BLACK
6
CONTINUOUS
10
5.5624390551181104
20
-4.0556066141732279
11
5.5625167716535433
21
-4.0556121259842515
0
LINE
8
BLACK
6
CONTINUOUS
10
5.5625167716535433
20
-4.0556121259842515
11
5.5628083858267718
21
-4.0555834251968506
0
LINE
8
BLACK
6
CONTINUOUS
10
5.5628083858267718
20
-4.0555834251968506
11
5.566557913385827
21
-4.0555834251968506
0
LINE
8
BLACK
6
CONTINUOUS
10
5.566557913385827
20
-4.0555834251968506
11
5.5668494488188971
21
-4.0556121259842515
0
LINE
8
BLACK
6
CONTINUOUS
10
5.6177676377952759
20
-4.0556401574803145
11
5.6178656299212602
21
-4.055680748031496
0
LINE
8
BLACK
6
CONTINUOUS
10
5.6178656299212602
20
-4.055680748031496
11
5.6179714566929135
21
-4.0556882677165351
0
LINE
8
BLACK
6
CONTINUOUS
10
5.6179714566929135
20
-4.0556882677165351
11
5.6185120866141727
21
-4.0558951574803146
0
LINE
8
BLACK
6
CONTINUOUS
10
5.6185120866141727
20
-4.0558951574803146
11
5.6222616141732278
21
-4.0577699212598421
0
LINE
8
BLACK
6
CONTINUOUS
10
5.6222616141732278
20
-4.0577699212598421
11
5.6225096062992126
21
-4.0579259842519688
0
LINE
8
BLACK
6
CONTINUOUS
10
5.6225096062992126
20
-4.0579259842519688
11
5.6225815748031494
21
-4.0579558267716536
0
LINE
8
BLACK
6
CONTINUOUS
10
5.6225815748031494
20
-4.0579558267716536
11
5.6226625196850391
21
-4.0580222834645667
0
LINE
8
BLACK
6
CONTINUOUS
10
5.6226625196850391
20
-4.0580222834645667
11
5.6227514960629916
21
-4.0580782677165352
0
LINE
8
BLACK
6
CONTINUOUS
10
5.6227514960629916
20
-4.0580782677165352
11
5.6228026377952753
21
-4.0581372440944881
0
LINE
8
BLACK
6
CONTINUOUS
10
5.6228026377952753
20
-4.0581372440944881
11
5.6230290157480312
21
-4.0583230314960632
0
LINE
8
BLACK
6
CONTINUOUS
10
5.6230290157480312
20
-4.0583230314960632
11
5.6249037795275587
21
-4.0601977952755908
0
LINE
8
BLACK
6
CONTINUOUS
10
5.6249037795275587
20
-4.0601977952755908
11
5.6252709842519684
21
-4.0606452362204726
0
LINE
8
BLACK
6
CONTINUOUS
10
5.6252709842519684
20
-4.0606452362204726
11
5.625711889763779
21
-4.0617096456692909
0
LINE
8
BLACK
6
CONTINUOUS
10
5.625711889763779
20
-4.0617096456692909
11
5.625711889763779
21
-4.0628617322834648
0
LINE
8
BLACK
6
CONTINUOUS
10
5.625711889763779
20
-4.0628617322834648
11
5.6252709842519684
21
-4.0639261417322832
0
LINE
8
BLACK
6
CONTINUOUS
10
5.6252709842519684
20
-4.0639261417322832
11
5.6244562992125982
21
-4.0647408267716534
0
LINE
8
BLACK
6
CONTINUOUS
10
5.6244562992125982
20
-4.0647408267716534
11
5.6233918897637798
21
-4.0651817322834649
0
LINE
8
BLACK
6
CONTINUOUS
10
5.6233918897637798
20
-4.0651817322834649
11
5.6222398031496059
21
-4.0651817322834649
0
LINE
8
BLACK
6
CONTINUOUS
10
5.6222398031496059
20
-4.0651817322834649
11
5.6211753937007876
21
-4.0647408267716534
0
LINE
8
BLACK
6
CONTINUOUS
10
5.6211753937007876
20
-4.0647408267716534
11
5.6207279527559058
21
-4.0643736220472437
0
LINE
8
BLACK
6
CONTINUOUS
10
5.6207279527559058
20
-4.0643736220472437
11
5.6191920078740152
21
-4.062837677165354
0
LINE
8
BLACK
6
CONTINUOUS
10
5.6191920078740152
20
-4.062837677165354
11
5.6164945275590554
21
-4.0614889370078737
0
LINE
8
BLACK
6
CONTINUOUS
10
5.6164945275590554
20
-4.0614889370078737
11
5.6085148031496059
21
-4.0614889370078737
0
LINE
8
BLACK
6
CONTINUOUS
10
5.6085148031496059
20
-4.0614889370078737
11
5.6058173228346453
21
-4.062837677165354
0
LINE
8
BLACK
6
CONTINUOUS
10
5.6058173228346453
20
-4.062837677165354
11
5.6046201968503935
21
-4.0640348031496059
0
LINE
8
BLACK
6
CONTINUOUS
10
5.6046201968503935
20
-4.0640348031496059
11
5.6032714566929132
21
-4.0667322834645665
0
LINE
8
BLACK
6
CONTINUOUS
10
5.6032714566929132
20
-4.0667322834645665
11
5.6032714566929132
21
-4.0693055905511812
0
LINE
8
BLACK
6
CONTINUOUS
10
5.6032714566929132
20
-4.0693055905511812
11
5.6047742519685038
21
-4.0738140157480318
0
LINE
8
BLACK
6
CONTINUOUS
10
5.6047742519685038
20
-4.0738140157480318
11
5.6267785433070863
21
-4.0958183464566931
0
LINE
8
BLACK
6
CONTINUOUS
10
5.6267785433070863
20
-4.0958183464566931
11
5.6271457874015747
21
-4.0962657874015749
0
LINE
8
BLACK
6
CONTINUOUS
10
5.6271457874015747
20
-4.0962657874015749
11
5.6275866535433066
21
-4.097330236220472
0
LINE
8
BLACK
6
CONTINUOUS
10
5.6275866535433066
20
-4.097330236220472
11
5.6275866535433066
21
-4.0984823228346459
0
LINE
8
BLACK
6
CONTINUOUS
10
5.6275866535433066
20
-4.0984823228346459
11
5.6271457480314959
21
-4.0995467322834642
0
LINE
8
BLACK
6
CONTINUOUS
10
5.6271457480314959
20
-4.0995467322834642
11
5.6263311023622045
21
-4.1003614173228344
0
LINE
8
BLACK
6
CONTINUOUS
10
5.6263311023622045
20
-4.1003614173228344
11
5.6255784251968501
21
-4.1006731496062994
0
LINE
8
BLACK
6
CONTINUOUS
10
5.6255784251968501
20
-4.1006731496062994
11
5.6252666929133861
21
-4.1008022834645672
0
LINE
8
BLACK
6
CONTINUOUS
10
5.6252666929133861
20
-4.1008022834645672
11
5.6246906299212593
21
-4.1008590157480311
0
LINE
8
BLACK
6
CONTINUOUS
10
5.6246906299212593
20
-4.1008590157480311
11
5.6003187007874011
21
-4.1008590157480311
0
LINE
8
BLACK
6
CONTINUOUS
10
5.6003187007874011
20
-4.1008590157480311
11
5.5997426377952753
21
-4.1008022834645672
0
LINE
8
BLACK
6
CONTINUOUS
10
5.5997426377952753
20
-4.1008022834645672
11
5.5986782283464569
21
-4.1003613779527557
0
LINE
8
BLACK
6
CONTINUOUS
10
5.5986782283464569
20
-4.1003613779527557
11
5.5978635826771654
21
-4.0995467322834642
0
LINE
8
BLACK
6
CONTINUOUS
10
5.5978635826771654
20
-4.0995467322834642
11
5.5974226771653539
21
-4.0984823228346459
0
LINE
8
BLACK
6
CONTINUOUS
10
5.5974226771653539
20
-4.0984823228346459
11
5.5974226771653539
21
-4.0973301968503932
0
LINE
8
BLACK
6
CONTINUOUS
10
5.5974226771653539
20
-4.0973301968503932
11
5.5978635826771654
21
-4.0962657874015749
0
LINE
8
BLACK
6
CONTINUOUS
10
5.5978635826771654
20
-4.0962657874015749
11
5.5986782283464569
21
-4.0954511417322834
0
LINE
8
BLACK
6
CONTINUOUS
10
5.5986782283464569
20
-4.0954511417322834
11
5.5997426377952753
21
-4.0950102362204728
0
LINE
8
BLACK
6
CONTINUOUS
10
5.5997426377952753
20
-4.0950102362204728
11
5.6003187007874011
21
-4.094953503937008
0
LINE
8
BLACK
6
CONTINUOUS
10
5.6003187007874011
20
-4.094953503937008
11
5.6175620472440944
21
-4.094953503937008
0
LINE
8
BLACK
6
CONTINUOUS
10
5.6175620472440944
20
-4.094953503937008
11
5.6001055511811026
21
-4.0774969685039366
0
LINE
8
BLACK
6
CONTINUOUS
10
5.6001055511811026
20
-4.0774969685039366
11
5.599738346456693
21
-4.0770495275590548
0
LINE
8
BLACK
6
CONTINUOUS
10
5.599738346456693
20
-4.0770495275590548
11
5.5996977165354327
21
-4.076951456692913
0
LINE
8
BLACK
6
CONTINUOUS
10
5.5996977165354327
20
-4.076951456692913
11
5.5996282283464565
21
-4.0768713385826771
0
LINE
8
BLACK
6
CONTINUOUS
10
5.5996282283464565
20
-4.0768713385826771
11
5.5993922440944877
21
-4.0763427952755906
0
LINE
8
BLACK
6
CONTINUOUS
10
5.5993922440944877
20
-4.0763427952755906
11
5.5975174803149601
21
-4.070718503937008
0
LINE
8
BLACK
6
CONTINUOUS
10
5.5975174803149601
20
-4.070718503937008
11
5.5974525196850395
21
-4.0704329133858268
0
LINE
8
BLACK
6
CONTINUOUS
10
5.5974525196850395
20
-4.0704329133858268
11
5.5974226771653539
21
-4.0703608267716538
0
LINE
8
BLACK
6
CONTINUOUS
10
5.5974226771653539
20
-4.0703608267716538
11
5.5974123622047243
21
-4.0702562992125983
0
LINE
8
BLACK
6
CONTINUOUS
10
5.5974123622047243
20
-4.0702562992125983
11
5.5973891338582673
21
-4.0701540551181106
0
LINE
8
BLACK
6
CONTINUOUS
10
5.5973891338582673
20
-4.0701540551181106
11
5.5973946456692909
21
-4.0700762992125981
0
LINE
8
BLACK
6
CONTINUOUS
10
5.5973946456692909
20
-4.0700762992125981
11
5.59736594488189
21
-4.069784763779527
0
LINE
8
BLACK
6
CONTINUOUS
10
5.59736594488189
20
-4.069784763779527
11
5.59736594488189
21
-4.0660352362204719
0
LINE
8
BLACK
6
CONTINUOUS
10
5.59736594488189
20
-4.0660352362204719
11
5.5974226771653539
21
-4.065459173228346
0
LINE
8
BLACK
6
CONTINUOUS
10
5.5974226771653539
20
-4.065459173228346
11
5.5974632677165355
21
-4.065361141732283
0
LINE
8
BLACK
6
CONTINUOUS
10
5.5974632677165355
20
-4.065361141732283
11
5.5974707874015746
21
-4.0652553543307084
0
LINE
8
BLACK
6
CONTINUOUS
10
5.5974707874015746
20
-4.0652553543307084
11
5.597677677165354
21
-4.0647147244094484
0
LINE
8
BLACK
6
CONTINUOUS
10
5.597677677165354
20
-4.0647147244094484
11
5.5995524409448816
21
-4.0609651968503933
0
LINE
8
BLACK
6
CONTINUOUS
10
5.5995524409448816
20
-4.0609651968503933
11
5.5997085039370074
21
-4.0607171653543306
0
LINE
8
BLACK
6
CONTINUOUS
10
5.5997085039370074
20
-4.0607171653543306
11
5.599738346456693
21
-4.0606452362204726
0
LINE
8
BLACK
6
CONTINUOUS
10
5.599738346456693
20
-4.0606452362204726
11
5.5998048031496062
21
-4.0605642519685041
0
LINE
8
BLACK
6
CONTINUOUS
10
5.5998048031496062
20
-4.0605642519685041
11
5.5998607874015747
21
-4.0604753149606294
0
LINE
8
BLACK
6
CONTINUOUS
10
5.5998607874015747
20
-4.0604753149606294
11
5.5999197637795275
21
-4.0604241338582678
0
LINE
8
BLACK
6
CONTINUOUS
10
5.5999197637795275
20
-4.0604241338582678
11
5.6001055511811026
21
-4.0601977952755908
0
LINE
8
BLACK
6
CONTINUOUS
10
5.6001055511811026
20
-4.0601977952755908
11
5.6019803149606302
21
-4.0583230314960632
0
LINE
8
BLACK
6
CONTINUOUS
10
5.6019803149606302
20
-4.0583230314960632
11
5.6022066535433073
21
-4.0581372440944881
0
LINE
8
BLACK
6
CONTINUOUS
10
5.6022066535433073
20
-4.0581372440944881
11
5.6022578346456688
21
-4.0580782677165352
0
LINE
8
BLACK
6
CONTINUOUS
10
5.6022578346456688
20
-4.0580782677165352
11
5.6023467716535436
21
-4.0580222834645667
0
LINE
8
BLACK
6
CONTINUOUS
10
5.6023467716535436
20
-4.0580222834645667
11
5.602427755905512
21
-4.0579558267716536
0
LINE
8
BLACK
6
CONTINUOUS
10
5.602427755905512
20
-4.0579558267716536
11
5.60249968503937
21
-4.0579259842519688
0
LINE
8
BLACK
6
CONTINUOUS
10
5.60249968503937
20
-4.0579259842519688
11
5.6027477165354327
21
-4.0577699212598421
0
LINE
8
BLACK
6
CONTINUOUS
10
5.6027477165354327
20
-4.0577699212598421
11
5.6064972440944878
21
-4.0558951574803146
0
LINE
8
BLACK
6
CONTINUOUS
10
5.6064972440944878
20
-4.0558951574803146
11
5.6070378346456691
21
-4.0556882677165351
0
LINE
8
BLACK
6
CONTINUOUS
10
5.6070378346456691
20
-4.0556882677165351
11
5.6071437007874012
21
-4.0556807086614173
0
LINE
8
BLACK
6
CONTINUOUS
10
5.6071437007874012
20
-4.0556807086614173
11
5.6072416929133855
21
-4.0556401574803145
0
LINE
8
BLACK
6
CONTINUOUS
10
5.6072416929133855
20
-4.0556401574803145
11
5.6078177559055113
21
-4.0555834251968506
0
LINE
8
BLACK
6
CONTINUOUS
10
5.6078177559055113
20
-4.0555834251968506
11
5.6171915748031491
21
-4.0555834251968506
0
LINE
8
BLACK
6
CONTINUOUS
10
5.6171915748031491
20
-4.0555834251968506
11
5.6177676377952759
21
-4.0556401574803145
0
LINE
8
BLACK
6
CONTINUOUS
10
5.6493493700787401
20
-4.0556401574803145
11
5.6496386614173231
21
-4.0556401574803145
0
LINE
8
BLACK
6
CONTINUOUS
10
5.6496386614173231
20
-4.0556401574803145
11
5.6499087401574801
21
-4.0557520078740152
0
LINE
8
BLACK
6
CONTINUOUS
10
5.6499087401574801
20
-4.0557520078740152
11
5.6501953937007876
21
-4.0558093700787401
0
LINE
8
BLACK
6
CONTINUOUS
10
5.6501953937007876
20
-4.0558093700787401
11
5.6504357480314962
21
-4.0559703149606294
0
LINE
8
BLACK
6
CONTINUOUS
10
5.6504357480314962
20
-4.0559703149606294
11
5.6507030708661414
21
-4.056081062992126
0
LINE
8
BLACK
6
CONTINUOUS
10
5.6507030708661414
20
-4.056081062992126
11
5.6509097637795271
21
-4.0562877559055117
0
LINE
8
BLACK
6
CONTINUOUS
10
5.6509097637795271
20
-4.0562877559055117
11
5.6511526771653546
21
-4.0564504330708662
0
LINE
8
BLACK
6
CONTINUOUS
10
5.6511526771653546
20
-4.0564504330708662
11
5.6515156692913386
21
-4.0568936614173223
0
LINE
8
BLACK
6
CONTINUOUS
10
5.6515156692913386
20
-4.0568936614173223
11
5.6515177165354329
21
-4.0568957086614175
0
LINE
8
BLACK
6
CONTINUOUS
10
5.6515177165354329
20
-4.0568957086614175
11
5.6515180708661417
21
-4.0568965748031491
0
LINE
8
BLACK
6
CONTINUOUS
10
5.6515180708661417
20
-4.0568965748031491
11
5.6515194488188971
21
-4.0568982677165355
0
LINE
8
BLACK
6
CONTINUOUS
10
5.6515194488188971
20
-4.0568982677165355
11
5.6551067716535428
21
-4.0622792913385828
0
LINE
8
BLACK
6
CONTINUOUS
10
5.6551067716535428
20
-4.0622792913385828
11
5.6583107480314956
21
-4.0654832677165356
0
LINE
8
BLACK
6
CONTINUOUS
10
5.6583107480314956
20
-4.0654832677165356
11
5.6616316929133861
21
-4.0671437401574799
0
LINE
8
BLACK
6
CONTINUOUS
10
5.6616316929133861
20
-4.0671437401574799
11
5.662121574803149
21
-4.067452086614173
0
LINE
8
BLACK
6
CONTINUOUS
10
5.662121574803149
20
-4.067452086614173
11
5.6628764173228348
21
-4.0683224803149605
0
LINE
8
BLACK
6
CONTINUOUS
10
5.6628764173228348
20
-4.0683224803149605
11
5.6632407480314964
21
-4.0694154330708656
0
LINE
8
BLACK
6
CONTINUOUS
10
5.6632407480314964
20
-4.0694154330708656
11
5.6631590944881891
21
-4.0705646456692914
0
LINE
8
BLACK
6
CONTINUOUS
10
5.6631590944881891
20
-4.0705646456692914
11
5.6626438188976378
21
-4.0715951574803153
0
LINE
8
BLACK
6
CONTINUOUS
10
5.6626438188976378
20
-4.0715951574803153
11
5.6617734645669291
21
-4.0723500000000001
0
LINE
8
BLACK
6
CONTINUOUS
10
5.6617734645669291
20
-4.0723500000000001
11
5.6606804724409452
21
-4.0727143307086617
0
LINE
8
BLACK
6
CONTINUOUS
10
5.6606804724409452
20
-4.0727143307086617
11
5.6595312598425194
21
-4.0726326771653545
0
LINE
8
BLACK
6
CONTINUOUS
10
5.6595312598425194
20
-4.0726326771653545
11
5.6589906692913381
21
-4.072425787401575
0
LINE
8
BLACK
6
CONTINUOUS
10
5.6589906692913381
20
-4.072425787401575
11
5.655241141732283
21
-4.0705510236220475
0
LINE
8
BLACK
6
CONTINUOUS
10
5.655241141732283
20
-4.0705510236220475
11
5.6549933070866141
21
-4.0703949999999995
0
LINE
8
BLACK
6
CONTINUOUS
10
5.6549933070866141
20
-4.0703949999999995
11
5.6549211811023623
21
-4.0703651574803148
0
LINE
8
BLACK
6
CONTINUOUS
10
5.6549211811023623
20
-4.0703651574803148
11
5.6548400000000001
21
-4.0702985433070866
0
LINE
8
BLACK
6
CONTINUOUS
10
5.6548400000000001
20
-4.0702985433070866
11
5.6547512598425191
21
-4.0702426771653544
0
LINE
8
BLACK
6
CONTINUOUS
10
5.6547512598425191
20
-4.0702426771653544
11
5.6547001181102363
21
-4.0701837401574803
0
LINE
8
BLACK
6
CONTINUOUS
10
5.6547001181102363
20
-4.0701837401574803
11
5.6544737401574805
21
-4.0699979133858264
0
LINE
8
BLACK
6
CONTINUOUS
10
5.6544737401574805
20
-4.0699979133858264
11
5.6520153543307083
21
-4.0675395275590551
0
LINE
8
BLACK
6
CONTINUOUS
10
5.6520153543307083
20
-4.0675395275590551
11
5.6520153543307083
21
-4.094953503937008
0
LINE
8
BLACK
6
CONTINUOUS
10
5.6520153543307083
20
-4.094953503937008
11
5.6603111811023616
21
-4.094953503937008
0
LINE
8
BLACK
6
CONTINUOUS
10
5.6603111811023616
20
-4.094953503937008
11
5.6608872440944884
21
-4.0950102362204728
0
LINE
8
BLACK
6
CONTINUOUS
10
5.6608872440944884
20
-4.0950102362204728
11
5.6619516535433068
21
-4.0954511417322834
0
LINE
8
BLACK
6
CONTINUOUS
10
5.6619516535433068
20
-4.0954511417322834
11
5.6627662992125982
21
-4.0962657874015749
0
LINE
8
BLACK
6
CONTINUOUS
10
5.6627662992125982
20
-4.0962657874015749
11
5.6632072047244097
21
-4.0973301968503932
0
LINE
8
BLACK
6
CONTINUOUS
10
5.6632072047244097
20
-4.0973301968503932
11
5.6632072047244097
21
-4.0984823228346459
0
LINE
8
BLACK
6
CONTINUOUS
10
5.6632072047244097
20
-4.0984823228346459
11
5.6627662992125982
21
-4.0995467322834642
0
LINE
8
BLACK
6
CONTINUOUS
10
5.6627662992125982
20
-4.0995467322834642
11
5.6619516535433068
21
-4.1003613779527557
0
LINE
8
BLACK
6
CONTINUOUS
10
5.6619516535433068
20
-4.1003613779527557
11
5.6608872440944884
21
-4.1008022834645672
0
LINE
8
BLACK
6
CONTINUOUS
10
5.6608872440944884
20
-4.1008022834645672
11
5.6603111811023616
21
-4.1008590157480311
0
LINE
8
BLACK
6
CONTINUOUS
10
5.6603111811023616
20
-4.1008590157480311
11
5.637814015748031
21
-4.1008590157480311
0
LINE
8
BLACK
6
CONTINUOUS
10
5.637814015748031
20
-4.1008590157480311
11
5.6372379527559051
21
-4.1008022834645672
0
LINE
8
BLACK
6
CONTINUOUS
10
5.6372379527559051
20
-4.1008022834645672
11
5.6361735433070868
21
-4.1003613779527557
0
LINE
8
BLACK
6
CONTINUOUS
10
5.6361735433070868
20
-4.1003613779527557
11
5.6353588976377953
21
-4.0995467322834642
0
LINE
8
BLACK
6
CONTINUOUS
10
5.6353588976377953
20
-4.0995467322834642
11
5.6349179921259838
21
-4.0984823228346459
0
LINE
8
BLACK
6
CONTINUOUS
10
5.6349179921259838
20
-4.0984823228346459
11
5.6349179921259838
21
-4.0973301968503932
0
LINE
8
BLACK
6
CONTINUOUS
10
5.6349179921259838
20
-4.0973301968503932
11
5.6353588976377953
21
-4.0962657874015749
0
LINE
8
BLACK
6
CONTINUOUS
10
5.6353588976377953
20
-4.0962657874015749
11
5.6361735433070868
21
-4.0954511417322834
0
LINE
8
BLACK
6
CONTINUOUS
10
5.6361735433070868
20
-4.0954511417322834
11
5.6372379527559051
21
-4.0950102362204728
0
LINE
8
BLACK
6
CONTINUOUS
10
5.6372379527559051
20
-4.0950102362204728
11
5.637814015748031
21
-4.094953503937008
0
LINE
8
BLACK
6
CONTINUOUS
10
5.637814015748031
20
-4.094953503937008
11
5.6461098425196852
21
-4.094953503937008
0
LINE
8
BLACK
6
CONTINUOUS
10
5.6461098425196852
20
-4.094953503937008
11
5.6461098425196852
21
-4.0585361811023617
0
LINE
8
BLACK
6
CONTINUOUS
10
5.6461098425196852
20
-4.0585361811023617
11
5.6461100393700789
21
-4.0585340944881887
0
LINE
8
BLACK
6
CONTINUOUS
10
5.6461100393700789
20
-4.0585340944881887
11
5.6461098425196852
21
-4.058533070866142
0
LINE
8
BLACK
6
CONTINUOUS
10
5.6461098425196852
20
-4.058533070866142
11
5.6461104330708656
21
-4.0585300393700789
0
LINE
8
BLACK
6
CONTINUOUS
10
5.6461104330708656
20
-4.0585300393700789
11
5.6461665748031491
21
-4.0579601181102358
0
LINE
8
BLACK
6
CONTINUOUS
10
5.6461665748031491
20
-4.0579601181102358
11
5.6462784251968499
21
-4.05769
0
LINE
8
BLACK
6
CONTINUOUS
10
5.6462784251968499
20
-4.05769
11
5.6463357874015747
21
-4.0574033858267713
0
LINE
8
BLACK
6
CONTINUOUS
10
5.6463357874015747
20
-4.0574033858267713
11
5.646496732283464
21
-4.057162992125984
0
LINE
8
BLACK
6
CONTINUOUS
10
5.646496732283464
20
-4.057162992125984
11
5.6466074803149606
21
-4.0568957086614175
0
LINE
8
BLACK
6
CONTINUOUS
10
5.6466074803149606
20
-4.0568957086614175
11
5.6468141732283463
21
-4.056688976377953
0
LINE
8
BLACK
6
CONTINUOUS
10
5.6468141732283463
20
-4.056688976377953
11
5.6469768503937008
21
-4.0564461023622043
0
LINE
8
BLACK
6
CONTINUOUS
10
5.6469768503937008
20
-4.0564461023622043
11
5.6472175590551181
21
-4.0562855905511812
0
LINE
8
BLACK
6
CONTINUOUS
10
5.6472175590551181
20
-4.0562855905511812
11
5.6474221259842521
21
-4.056081062992126
0
LINE
8
BLACK
6
CONTINUOUS
10
5.6474221259842521
20
-4.056081062992126
11
5.6476922047244091
21
-4.0559691732283465
0
LINE
8
BLACK
6
CONTINUOUS
10
5.6476922047244091
20
-4.0559691732283465
11
5.6479354724409445
21
-4.0558070078740158
0
LINE
8
BLACK
6
CONTINUOUS
10
5.6479354724409445
20
-4.0558070078740158
11
5.6482192519685039
21
-4.0557508661417323
0
LINE
8
BLACK
6
CONTINUOUS
10
5.6482192519685039
20
-4.0557508661417323
11
5.6484865354330704
21
-4.0556401574803145
0
LINE
8
BLACK
6
CONTINUOUS
10
5.6484865354330704
20
-4.0556401574803145
11
5.648778937007874
21
-4.0556401574803145
0
LINE
8
BLACK
6
CONTINUOUS
10
5.648778937007874
20
-4.0556401574803145
11
5.6490657086614169
21
-4.0555834251968506
0
LINE
8
BLACK
6
CONTINUOUS
10
5.6490657086614169
20
-4.0555834251968506
11
5.6493493700787401
21
-4.0556401574803145
0
LINE
8
BLACK
6
CONTINUOUS
10
5.6868494488188972
20
-4.0556121259842515
11
5.6869272047244097
21
-4.0556066141732279
0
LINE
8
BLACK
6
CONTINUOUS
10
5.6869272047244097
20
-4.0556066141732279
11
5.6870294488188975
21
-4.0556298425196848
0
LINE
8
BLACK
6
CONTINUOUS
10
5.6870294488188975
20
-4.0556298425196848
11
5.6871339763779529
21
-4.0556401574803145
0
LINE
8
BLACK
6
CONTINUOUS
10
5.6871339763779529
20
-4.0556401574803145
11
5.6872060629921259
21
-4.0556700000000001
0
LINE
8
BLACK
6
CONTINUOUS
10
5.6872060629921259
20
-4.0556700000000001
11
5.6874916535433071
21
-4.0557349606299216
0
LINE
8
BLACK
6
CONTINUOUS
10
5.6874916535433071
20
-4.0557349606299216
11
5.6931159448818898
21
-4.0576097244094491
0
LINE
8
BLACK
6
CONTINUOUS
10
5.6931159448818898
20
-4.0576097244094491
11
5.6936444881889763
21
-4.057845708661417
0
LINE
8
BLACK
6
CONTINUOUS
10
5.6936444881889763
20
-4.057845708661417
11
5.6937246062992122
21
-4.0579151968503933
0
LINE
8
BLACK
6
CONTINUOUS
10
5.6937246062992122
20
-4.0579151968503933
11
5.693822677165354
21
-4.0579558267716536
0
LINE
8
BLACK
6
CONTINUOUS
10
5.693822677165354
20
-4.0579558267716536
11
5.6942701181102358
21
-4.0583230314960632
0
LINE
8
BLACK
6
CONTINUOUS
10
5.6942701181102358
20
-4.0583230314960632
11
5.6980196456692909
21
-4.0620725590551183
0
LINE
8
BLACK
6
CONTINUOUS
10
5.6980196456692909
20
-4.0620725590551183
11
5.6982054724409448
21
-4.0622989370078741
0
LINE
8
BLACK
6
CONTINUOUS
10
5.6982054724409448
20
-4.0622989370078741
11
5.6982644094488188
21
-4.062350078740157
0
LINE
8
BLACK
6
CONTINUOUS
10
5.6982644094488188
20
-4.062350078740157
11
5.6983202755905511
21
-4.0624388188976379
0
LINE
8
BLACK
6
CONTINUOUS
10
5.6983202755905511
20
-4.0624388188976379
11
5.6983868897637793
21
-4.0625200000000001
0
LINE
8
BLACK
6
CONTINUOUS
10
5.6983868897637793
20
-4.0625200000000001
11
5.698416732283464
21
-4.0625921259842519
0
LINE
8
BLACK
6
CONTINUOUS
10
5.698416732283464
20
-4.0625921259842519
11
5.6985727559055119
21
-4.0628399606299208
0
LINE
8
BLACK
6
CONTINUOUS
10
5.6985727559055119
20
-4.0628399606299208
11
5.7004475196850395
21
-4.0665894881889759
0
LINE
8
BLACK
6
CONTINUOUS
10
5.7004475196850395
20
-4.0665894881889759
11
5.700463622047244
21
-4.0666315748031492
0
LINE
8
BLACK
6
CONTINUOUS
10
5.700463622047244
20
-4.0666315748031492
11
5.7004763385826767
21
-4.06664874015748
0
LINE
8
BLACK
6
CONTINUOUS
10
5.7004763385826767
20
-4.06664874015748
11
5.7005624015748033
21
-4.0668896456692911
0
LINE
8
BLACK
6
CONTINUOUS
10
5.7005624015748033
20
-4.0668896456692911
11
5.700654409448819
21
-4.0671300787401572
0
LINE
8
BLACK
6
CONTINUOUS
10
5.700654409448819
20
-4.0671300787401572
11
5.7006559055118107
21
-4.0671513385826774
0
LINE
8
BLACK
6
CONTINUOUS
10
5.7006559055118107
20
-4.0671513385826774
11
5.7006711023622048
21
-4.0671938582677161
0
LINE
8
BLACK
6
CONTINUOUS
10
5.7006711023622048
20
-4.0671938582677161
11
5.7025458661417323
21
-4.0746929133858263
0
LINE
8
BLACK
6
CONTINUOUS
10
5.7025458661417323
20
-4.0746929133858263
11
5.7025606299212601
21
-4.0747927559055119
0
LINE
8
BLACK
6
CONTINUOUS
10
5.7025606299212601
20
-4.0747927559055119
11
5.7025772834645672
21
-4.0748329921259838
0
LINE
8
BLACK
6
CONTINUOUS
10
5.7025772834645672
20
-4.0748329921259838
11
5.702598622047244
21
-4.0750500000000001
0
LINE
8
BLACK
6
CONTINUOUS
10
5.702598622047244
20
-4.0750500000000001
11
5.7026305118110239
21
-4.0752655118110237
0
LINE
8
BLACK
6
CONTINUOUS
10
5.7026305118110239
20
-4.0752655118110237
11
5.702624094488189
21
-4.0753085039370074
0
LINE
8
BLACK
6
CONTINUOUS
10
5.702624094488189
20
-4.0753085039370074
11
5.7026340157480311
21
-4.0754090551181106
0
LINE
8
BLACK
6
CONTINUOUS
10
5.7026340157480311
20
-4.0754090551181106
11
5.7026340157480311
21
-4.0810333464566932
0
LINE
8
BLACK
6
CONTINUOUS
10
5.7026340157480311
20
-4.0810333464566932
11
5.702624094488189
21
-4.0811338582677168
0
LINE
8
BLACK
6
CONTINUOUS
10
5.702624094488189
20
-4.0811338582677168
11
5.7026305118110239
21
-4.0811768897637792
0
LINE
8
BLACK
6
CONTINUOUS
10
5.7026305118110239
20
-4.0811768897637792
11
5.702598622047244
21
-4.0813923622047241
0
LINE
8
BLACK
6
CONTINUOUS
10
5.702598622047244
20
-4.0813923622047241
11
5.7025772834645672
21
-4.0816094094488191
0
LINE
8
BLACK
6
CONTINUOUS
10
5.7025772834645672
20
-4.0816094094488191
11
5.7025606299212601
21
-4.0816496062992123
0
LINE
8
BLACK
6
CONTINUOUS
10
5.7025606299212601
20
-4.0816496062992123
11
5.7025458661417323
21
-4.0817494881889766
0
LINE
8
BLACK
6
CONTINUOUS
10
5.7025458661417323
20
-4.0817494881889766
11
5.7006711023622048
21
-4.0892485433070869
0
LINE
8
BLACK
6
CONTINUOUS
10
5.7006711023622048
20
-4.0892485433070869
11
5.7006559055118107
21
-4.0892910236220468
0
LINE
8
BLACK
6
CONTINUOUS
10
5.7006559055118107
20
-4.0892910236220468
11
5.700654409448819
21
-4.0893123228346457
0
LINE
8
BLACK
6
CONTINUOUS
10
5.700654409448819
20
-4.0893123228346457
11
5.7005626377952758
21
-4.0895520472440943
0
LINE
8
BLACK
6
CONTINUOUS
10
5.7005626377952758
20
-4.0895520472440943
11
5.7004763385826767
21
-4.0897936614173229
0
LINE
8
BLACK
6
CONTINUOUS
10
5.7004763385826767
20
-4.0897936614173229
11
5.700463622047244
21
-4.089810787401575
0
LINE
8
BLACK
6
CONTINUOUS
10
5.700463622047244
20
-4.089810787401575
11
5.7004475196850395
21
-4.089852913385827
0
LINE
8
BLACK
6
CONTINUOUS
10
5.7004475196850395
20
-4.089852913385827
11
5.6985727559055119
21
-4.0936024409448821
0
LINE
8
BLACK
6
CONTINUOUS
10
5.6985727559055119
20
-4.0936024409448821
11
5.6984166929133853
21
-4.0938503149606298
0
LINE
8
BLACK
6
CONTINUOUS
10
5.6984166929133853
20
-4.0938503149606298
11
5.6983868897637793
21
-4.0939223622047241
0
LINE
8
BLACK
6
CONTINUOUS
10
5.6983868897637793
20
-4.0939223622047241
11
5.6983203543307086
21
-4.0940033858267713
0
LINE
8
BLACK
6
CONTINUOUS
10
5.6983203543307086
20
-4.0940033858267713
11
5.6982644094488188
21
-4.094092322834646
0
LINE
8
BLACK
6
CONTINUOUS
10
5.6982644094488188
20
-4.094092322834646
11
5.6982053937007873
21
-4.0941434645669288
0
LINE
8
BLACK
6
CONTINUOUS
10
5.6982053937007873
20
-4.0941434645669288
11
5.6980196850393696
21
-4.0943698031496059
0
LINE
8
BLACK
6
CONTINUOUS
10
5.6980196850393696
20
-4.0943698031496059
11
5.6942701181102358
21
-4.0981194094488185
0
LINE
8
BLACK
6
CONTINUOUS
10
5.6942701181102358
20
-4.0981194094488185
11
5.693822677165354
21
-4.0984866141732281
0
LINE
8
BLACK
6
CONTINUOUS
10
5.693822677165354
20
-4.0984866141732281
11
5.6937246062992122
21
-4.0985272047244097
0
LINE
8
BLACK
6
CONTINUOUS
10
5.6937246062992122
20
-4.0985272047244097
11
5.6936444881889763
21
-4.0985967322834647
0
LINE
8
BLACK
6
CONTINUOUS
10
5.6936444881889763
20
-4.0985967322834647
11
5.6931159448818898
21
-4.0988327165354326
0
LINE
8
BLACK
6
CONTINUOUS
10
5.6931159448818898
20
-4.0988327165354326
11
5.6874916535433071
21
-4.1007074803149601
0
LINE
8
BLACK
6
CONTINUOUS
10
5.6874916535433071
20
-4.1007074803149601
11
5.6872060629921259
21
-4.1007724015748028
0
LINE
8
BLACK
6
CONTINUOUS
10
5.6872060629921259
20
-4.1007724015748028
11
5.6871339763779529
21
-4.1008022834645672
0
LINE
8
BLACK
6
CONTINUOUS
10
5.6871339763779529
20
-4.1008022834645672
11
5.6870294488188975
21
-4.1008125590551181
0
LINE
8
BLACK
6
CONTINUOUS
10
5.6870294488188975
20
-4.1008125590551181
11
5.6869272047244097
21
-4.1008358267716538
0
LINE
8
BLACK
6
CONTINUOUS
10
5.6869272047244097
20
-4.1008358267716538
11
5.6868494488188972
21
-4.1008302755905515
0
LINE
8
BLACK
6
CONTINUOUS
10
5.6868494488188972
20
-4.1008302755905515
11
5.6865579133858271
21
-4.1008590157480311
0
LINE
8
BLACK
6
CONTINUOUS
10
5.6865579133858271
20
-4.1008590157480311
11
5.6828083858267719
21
-4.1008590157480311
0
LINE
8
BLACK
6
CONTINUOUS
10
5.6828083858267719
20
-4.1008590157480311
11
5.6825167716535434
21
-4.1008302755905515
0
LINE
8
BLACK
6
CONTINUOUS
10
5.6825167716535434
20
-4.1008302755905515
11
5.6824390551181105
21
-4.1008358267716538
0
LINE
8
BLACK
6
CONTINUOUS
10
5.6824390551181105
20
-4.1008358267716538
11
5.6823367716535431
21
-4.1008125590551181
0
LINE
8
BLACK
6
CONTINUOUS
10
5.6823367716535431
20
-4.1008125590551181
11
5.6822323228346452
21
-4.1008022834645672
0
LINE
8
BLACK
6
CONTINUOUS
10
5.6822323228346452
20
-4.1008022834645672
11
5.6821602362204722
21
-4.1007724015748028
0
LINE
8
BLACK
6
CONTINUOUS
10
5.6821602362204722
20
-4.1007724015748028
11
5.6818746062992123
21
-4.1007074803149601
0
LINE
8
BLACK
6
CONTINUOUS
10
5.6818746062992123
20
-4.1007074803149601
11
5.6762503543307083
21
-4.0988327165354326
0
LINE
8
BLACK
6
CONTINUOUS
10
5.6762503543307083
20
-4.0988327165354326
11
5.6757217716535431
21
-4.0985967322834647
0
LINE
8
BLACK
6
CONTINUOUS
10
5.6757217716535431
20
-4.0985967322834647
11
5.6756415748031497
21
-4.0985271653543309
0
LINE
8
BLACK
6
CONTINUOUS
10
5.6756415748031497
20
-4.0985271653543309
11
5.6755436220472442
21
-4.0984866141732281
0
LINE
8
BLACK
6
CONTINUOUS
10
5.6755436220472442
20
-4.0984866141732281
11
5.6750961417322836
21
-4.0981193700787397
0
LINE
8
BLACK
6
CONTINUOUS
10
5.6750961417322836
20
-4.0981193700787397
11
5.6732213779527561
21
-4.0962445669291334
0
LINE
8
BLACK
6
CONTINUOUS
10
5.6732213779527561
20
-4.0962445669291334
11
5.6728541732283464
21
-4.0957971259842516
0
LINE
8
BLACK
6
CONTINUOUS
10
5.6728541732283464
20
-4.0957971259842516
11
5.6724133070866136
21
-4.0947327165354332
0
LINE
8
BLACK
6
CONTINUOUS
10
5.6724133070866136
20
-4.0947327165354332
11
5.6724133070866136
21
-4.0935806299212594
0
LINE
8
BLACK
6
CONTINUOUS
10
5.6724133070866136
20
-4.0935806299212594
11
5.6728542125984251
21
-4.092516220472441
0
LINE
8
BLACK
6
CONTINUOUS
10
5.6728542125984251
20
-4.092516220472441
11
5.6736688976377954
21
-4.0917015354330708
0
LINE
8
BLACK
6
CONTINUOUS
10
5.6736688976377954
20
-4.0917015354330708
11
5.6747333070866137
21
-4.0912606692913389
0
LINE
8
BLACK
6
CONTINUOUS
10
5.6747333070866137
20
-4.0912606692913389
11
5.6758853937007876
21
-4.0912606692913389
0
LINE
8
BLACK
6
CONTINUOUS
10
5.6758853937007876
20
-4.0912606692913389
11
5.676949803149606
21
-4.0917015748031496
0
LINE
8
BLACK
6
CONTINUOUS
10
5.676949803149606
20
-4.0917015748031496
11
5.6773972834645665
21
-4.092068818897638
0
LINE
8
BLACK
6
CONTINUOUS
10
5.6773972834645665
20
-4.092068818897638
11
5.6787791338582672
21
-4.0934507086614174
0
LINE
8
BLACK
6
CONTINUOUS
10
5.6787791338582672
20
-4.0934507086614174
11
5.683287519685039
21
-4.094953503937008
0
LINE
8
BLACK
6
CONTINUOUS
10
5.683287519685039
20
-4.094953503937008
11
5.6860787795275591
21
-4.094953503937008
0
LINE
8
BLACK
6
CONTINUOUS
10
5.6860787795275591
20
-4.094953503937008
11
5.690587165354331
21
-4.0934506692913386
0
LINE
8
BLACK
6
CONTINUOUS
10
5.690587165354331
20
-4.0934506692913386
11
5.6935049606299213
21
-4.0905328346456695
0
LINE
8
BLACK
6
CONTINUOUS
10
5.6935049606299213
20
-4.0905328346456695
11
5.6950204724409446
21
-4.0875018503937008
0
LINE
8
BLACK
6
CONTINUOUS
10
5.6950204724409446
20
-4.0875018503937008
11
5.6967285039370079
21
-4.0806698031496058
0
LINE
8
BLACK
6
CONTINUOUS
10
5.6967285039370079
20
-4.0806698031496058
11
5.6967285039370079
21
-4.0757725984251971
0
LINE
8
BLACK
6
CONTINUOUS
10
5.6967285039370079
20
-4.0757725984251971
11
5.6950204724409446
21
-4.0689405511811021
0
LINE
8
BLACK
6
CONTINUOUS
10
5.6950204724409446
20
-4.0689405511811021
11
5.693505
21
-4.0659095669291334
0
LINE
8
BLACK
6
CONTINUOUS
10
5.693505
20
-4.0659095669291334
11
5.690587165354331
21
-4.0629917322834643
0
LINE
8
BLACK
6
CONTINUOUS
10
5.690587165354331
20
-4.0629917322834643
11
5.6860787795275591
21
-4.0614889370078737
0
LINE
8
BLACK
6
CONTINUOUS
10
5.6860787795275591
20
-4.0614889370078737
11
5.683287519685039
21
-4.0614889370078737
0
LINE
8
BLACK
6
CONTINUOUS
10
5.683287519685039
20
-4.0614889370078737
11
5.6787791338582672
21
-4.0629917322834643
0
LINE
8
BLACK
6
CONTINUOUS
10
5.6787791338582672
20
-4.0629917322834643
11
5.6773972440944878
21
-4.0643736220472437
0
LINE
8
BLACK
6
CONTINUOUS
10
5.6773972440944878
20
-4.0643736220472437
11
5.676949803149606
21
-4.0647408267716534
0
LINE
8
BLACK
6
CONTINUOUS
10
5.676949803149606
20
-4.0647408267716534
11
5.6758853543307088
21
-4.0651817322834649
0
LINE
8
BLACK
6
CONTINUOUS
10
5.6758853543307088
20
-4.0651817322834649
11
5.6747333070866137
21
-4.0651817322834649
0
LINE
8
BLACK
6
CONTINUOUS
10
5.6747333070866137
20
-4.0651817322834649
11
5.6736688582677166
21
-4.0647408267716534
0
LINE
8
BLACK
6
CONTINUOUS
10
5.6736688582677166
20
-4.0647408267716534
11
5.6728542125984251
21
-4.0639261811023619
0
LINE
8
BLACK
6
CONTINUOUS
10
5.6728542125984251
20
-4.0639261811023619
11
5.6724133070866136
21
-4.0628617322834648
0
LINE
8
BLACK
6
CONTINUOUS
10
5.6724133070866136
20
-4.0628617322834648
11
5.6724133070866136
21
-4.0617096850393697
0
LINE
8
BLACK
6
CONTINUOUS
10
5.6724133070866136
20
-4.0617096850393697
11
5.6728542125984251
21
-4.0606452362204726
0
LINE
8
BLACK
6
CONTINUOUS
10
5.6728542125984251
20
-4.0606452362204726
11
5.6732214173228348
21
-4.0601977952755908
0
LINE
8
BLACK
6
CONTINUOUS
10
5.6732214173228348
20
-4.0601977952755908
11
5.6750961811023624
21
-4.0583230314960632
0
LINE
8
BLACK
6
CONTINUOUS
10
5.6750961811023624
20
-4.0583230314960632
11
5.6755436220472442
21
-4.0579558267716536
0
LINE
8
BLACK
6
CONTINUOUS
10
5.6755436220472442
20
-4.0579558267716536
11
5.6756415748031497
21
-4.057915236220472
0
LINE
8
BLACK
6
CONTINUOUS
10
5.6756415748031497
20
-4.057915236220472
11
5.6757217716535431
21
-4.057845708661417
0
LINE
8
BLACK
6
CONTINUOUS
10
5.6757217716535431
20
-4.057845708661417
11
5.6762503543307083
21
-4.0576097244094491
0
LINE
8
BLACK
6
CONTINUOUS
10
5.6762503543307083
20
-4.0576097244094491
11
5.6818746062992123
21
-4.0557349606299216
0
LINE
8
BLACK
6
CONTINUOUS
10
5.6818746062992123
20
-4.0557349606299216
11
5.6821602362204722
21
-4.0556700000000001
0
LINE
8
BLACK
6
CONTINUOUS
10
5.6821602362204722
20
-4.0556700000000001
11
5.6822323228346452
21
-4.0556401574803145
0
LINE
8
BLACK
6
CONTINUOUS
10
5.6822323228346452
20
-4.0556401574803145
11
5.6823367716535431
21
-4.0556298425196848
0
LINE
8
BLACK
6
CONTINUOUS
10
5.6823367716535431
20
-4.0556298425196848
11
5.6824390551181105
21
-4.0556066141732279
0
LINE
8
BLACK
6
CONTINUOUS
10
5.6824390551181105
20
-4.0556066141732279
11
5.6825167716535434
21
-4.0556121259842515
0
LINE
8
BLACK
6
CONTINUOUS
10
5.6825167716535434
20
-4.0556121259842515
11
5.6828083858267719
21
-4.0555834251968506
0
LINE
8
BLACK
6
CONTINUOUS
10
5.6828083858267719
20
-4.0555834251968506
11
5.6865579133858271
21
-4.0555834251968506
0
LINE
8
BLACK
6
CONTINUOUS
10
5.6865579133858271
20
-4.0555834251968506
11
5.6868494488188972
21
-4.0556121259842515
0
LINE
8
BLACK
6
CONTINUOUS
10
5.755266692913386
20
-4.0556401574803145
11
5.7563311023622044
21
-4.056081062992126
0
LINE
8
BLACK
6
CONTINUOUS
10
5.7563311023622044
20
-4.056081062992126
11
5.7571457480314958
21
-4.0568957086614175
0
LINE
8
BLACK
6
CONTINUOUS
10
5.7571457480314958
20
-4.0568957086614175
11
5.7575866535433073
21
-4.0579601181102358
0
LINE
8
BLACK
6
CONTINUOUS
10
5.7575866535433073
20
-4.0579601181102358
11
5.7575866535433073
21
-4.0591122440944885
0
LINE
8
BLACK
6
CONTINUOUS
10
5.7575866535433073
20
-4.0591122440944885
11
5.7571457480314958
21
-4.0601766535433068
0
LINE
8
BLACK
6
CONTINUOUS
10
5.7571457480314958
20
-4.0601766535433068
11
5.7563311023622044
21
-4.0609912992125983
0
LINE
8
BLACK
6
CONTINUOUS
10
5.7563311023622044
20
-4.0609912992125983
11
5.755266692913386
21
-4.0614322047244098
0
LINE
8
BLACK
6
CONTINUOUS
10
5.755266692913386
20
-4.0614322047244098
11
5.7546906299212601
21
-4.0614889370078737
0
LINE
8
BLACK
6
CONTINUOUS
10
5.7546906299212601
20
-4.0614889370078737
11
5.7368258661417322
21
-4.0614889370078737
0
LINE
8
BLACK
6
CONTINUOUS
10
5.7368258661417322
20
-4.0614889370078737
11
5.7456642125984247
21
-4.0715898818897633
0
LINE
8
BLACK
6
CONTINUOUS
10
5.7456642125984247
20
-4.0715898818897633
11
5.7458422047244095
21
-4.0718388582677161
0
LINE
8
BLACK
6
CONTINUOUS
10
5.7458422047244095
20
-4.0718388582677161
11
5.7458971653543305
21
-4.0718938188976379
0
LINE
8
BLACK
6
CONTINUOUS
10
5.7458971653543305
20
-4.0718938188976379
11
5.7459187401574798
21
-4.0719459055118108
0
LINE
8
BLACK
6
CONTINUOUS
10
5.7459187401574798
20
-4.0719459055118108
11
5.7460008661417321
21
-4.0720607874015746
0
LINE
8
BLACK
6
CONTINUOUS
10
5.7460008661417321
20
-4.0720607874015746
11
5.7461544488188974
21
-4.0725150000000001
0
LINE
8
BLACK
6
CONTINUOUS
10
5.7461544488188974
20
-4.0725150000000001
11
5.746338070866142
21
-4.0729582283464563
0
LINE
8
BLACK
6
CONTINUOUS
10
5.746338070866142
20
-4.0729582283464563
11
5.746338070866142
21
-4.0730578346456694
0
LINE
8
BLACK
6
CONTINUOUS
10
5.746338070866142
20
-4.0730578346456694
11
5.746369960629921
21
-4.0731521653543306
0
LINE
8
BLACK
6
CONTINUOUS
10
5.746369960629921
20
-4.0731521653543306
11
5.746338070866142
21
-4.0736306299212597
0
LINE
8
BLACK
6
CONTINUOUS
10
5.746338070866142
20
-4.0736306299212597
11
5.746338070866142
21
-4.0741103543307089
0
LINE
8
BLACK
6
CONTINUOUS
10
5.746338070866142
20
-4.0741103543307089
11
5.746299960629921
21
-4.0742023228346458
0
LINE
8
BLACK
6
CONTINUOUS
10
5.746299960629921
20
-4.0742023228346458
11
5.7462933464566932
21
-4.0743016929133855
0
LINE
8
BLACK
6
CONTINUOUS
10
5.7462933464566932
20
-4.0743016929133855
11
5.7460806299212601
21
-4.0747318110236224
0
LINE
8
BLACK
6
CONTINUOUS
10
5.7460806299212601
20
-4.0747318110236224
11
5.7458971653543305
21
-4.0751747637795273
0
LINE
8
BLACK
6
CONTINUOUS
10
5.7458971653543305
20
-4.0751747637795273
11
5.7458268110236217
21
-4.0752450787401573
0
LINE
8
BLACK
6
CONTINUOUS
10
5.7458268110236217
20
-4.0752450787401573
11
5.7457826377952754
21
-4.0753344488188974
0
LINE
8
BLACK
6
CONTINUOUS
10
5.7457826377952754
20
-4.0753344488188974
11
5.7454214960629919
21
-4.0756503937007871
0
LINE
8
BLACK
6
CONTINUOUS
10
5.7454214960629919
20
-4.0756503937007871
11
5.745082519685039
21
-4.0759894094488187
0
LINE
8
BLACK
6
CONTINUOUS
10
5.745082519685039
20
-4.0759894094488187
11
5.7449905118110234
21
-4.0760275196850388
0
LINE
8
BLACK
6
CONTINUOUS
10
5.7449905118110234
20
-4.0760275196850388
11
5.7449155511811023
21
-4.0760931102362203
0
LINE
8
BLACK
6
CONTINUOUS
10
5.7449155511811023
20
-4.0760931102362203
11
5.7444612992125981
21
-4.0762466929133856
0
LINE
8
BLACK
6
CONTINUOUS
10
5.7444612992125981
20
-4.0762466929133856
11
5.7440181102362207
21
-4.0764303149606302
0
LINE
8
BLACK
6
CONTINUOUS
10
5.7440181102362207
20
-4.0764303149606302
11
5.7438775196850393
21
-4.076444133858268
0
LINE
8
BLACK
6
CONTINUOUS
10
5.7438775196850393
20
-4.076444133858268
11
5.7438241732283464
21
-4.0764622047244092
0
LINE
8
BLACK
6
CONTINUOUS
10
5.7438241732283464
20
-4.0764622047244092
11
5.743746692913386
21
-4.0764570078740157
0
LINE
8
BLACK
6
CONTINUOUS
10
5.743746692913386
20
-4.0764570078740157
11
5.7434420472440948
21
-4.0764870472440942
0
LINE
8
BLACK
6
CONTINUOUS
10
5.7434420472440948
20
-4.0764870472440942
11
5.7385148031496058
21
-4.0764870472440942
0
LINE
8
BLACK
6
CONTINUOUS
10
5.7385148031496058
20
-4.0764870472440942
11
5.7358173228346452
21
-4.0778357874015745
0
LINE
8
BLACK
6
CONTINUOUS
10
5.7358173228346452
20
-4.0778357874015745
11
5.7346201968503934
21
-4.0790329133858263
0
LINE
8
BLACK
6
CONTINUOUS
10
5.7346201968503934
20
-4.0790329133858263
11
5.733271456692913
21
-4.0817303937007869
0
LINE
8
BLACK
6
CONTINUOUS
10
5.733271456692913
20
-4.0817303937007869
11
5.733271456692913
21
-4.0897101181102364
0
LINE
8
BLACK
6
CONTINUOUS
10
5.733271456692913
20
-4.0897101181102364
11
5.7346201968503934
21
-4.0924075984251971
0
LINE
8
BLACK
6
CONTINUOUS
10
5.7346201968503934
20
-4.0924075984251971
11
5.7358173228346452
21
-4.0936047637795276
0
LINE
8
BLACK
6
CONTINUOUS
10
5.7358173228346452
20
-4.0936047637795276
11
5.7385148031496058
21
-4.094953503937008
0
LINE
8
BLACK
6
CONTINUOUS
10
5.7385148031496058
20
-4.094953503937008
11
5.7483692913385829
21
-4.094953503937008
0
LINE
8
BLACK
6
CONTINUOUS
10
5.7483692913385829
20
-4.094953503937008
11
5.7510667322834648
21
-4.0936047637795276
0
LINE
8
BLACK
6
CONTINUOUS
10
5.7510667322834648
20
-4.0936047637795276
11
5.7526026771653545
21
-4.092068818897638
0
LINE
8
BLACK
6
CONTINUOUS
10
5.7526026771653545
20
-4.092068818897638
11
5.753050157480315
21
-4.0917015748031496
0
LINE
8
BLACK
6
CONTINUOUS
10
5.753050157480315
20
-4.0917015748031496
11
5.7541145669291334
21
-4.0912606692913389
0
LINE
8
BLACK
6
CONTINUOUS
10
5.7541145669291334
20
-4.0912606692913389
11
5.7552666535433072
21
-4.0912606692913389
0
LINE
8
BLACK
6
CONTINUOUS
10
5.7552666535433072
20
-4.0912606692913389
11
5.7563310629921256
21
-4.0917015354330708
0
LINE
8
BLACK
6
CONTINUOUS
10
5.7563310629921256
20
-4.0917015354330708
11
5.7571457480314958
21
-4.092516220472441
0
LINE
8
BLACK
6
CONTINUOUS
10
5.7571457480314958
20
-4.092516220472441
11
5.7575866535433073
21
-4.0935806299212594
0
LINE
8
BLACK
6
CONTINUOUS
10
5.7575866535433073
20
-4.0935806299212594
11
5.7575866535433073
21
-4.0947327165354332
0
LINE
8
BLACK
6
CONTINUOUS
10
5.7575866535433073
20
-4.0947327165354332
11
5.7571457874015746
21
-4.0957971259842516
0
LINE
8
BLACK
6
CONTINUOUS
10
5.7571457874015746
20
-4.0957971259842516
11
5.7567785433070862
21
-4.0962446062992122
0
LINE
8
BLACK
6
CONTINUOUS
10
5.7567785433070862
20
-4.0962446062992122
11
5.7549038188976374
21
-4.0981193700787397
0
LINE
8
BLACK
6
CONTINUOUS
10
5.7549038188976374
20
-4.0981193700787397
11
5.7546774409448815
21
-4.0983051181102361
0
LINE
8
BLACK
6
CONTINUOUS
10
5.7546774409448815
20
-4.0983051181102361
11
5.75462625984252
21
-4.0983641732283465
0
LINE
8
BLACK
6
CONTINUOUS
10
5.75462625984252
20
-4.0983641732283465
11
5.7545372834645665
21
-4.098420157480315
0
LINE
8
BLACK
6
CONTINUOUS
10
5.7545372834645665
20
-4.098420157480315
11
5.7544563385826768
21
-4.0984866141732281
0
LINE
8
BLACK
6
CONTINUOUS
10
5.7544563385826768
20
-4.0984866141732281
11
5.75438437007874
21
-4.0985164173228341
0
LINE
8
BLACK
6
CONTINUOUS
10
5.75438437007874
20
-4.0985164173228341
11
5.7541363779527561
21
-4.0986725196850395
0
LINE
8
BLACK
6
CONTINUOUS
10
5.7541363779527561
20
-4.0986725196850395
11
5.750386850393701
21
-4.1005472834645671
0
LINE
8
BLACK
6
CONTINUOUS
10
5.750386850393701
20
-4.1005472834645671
11
5.749846220472441
21
-4.1007541732283466
0
LINE
8
BLACK
6
CONTINUOUS
10
5.749846220472441
20
-4.1007541732283466
11
5.7497403937007876
21
-4.1007616535433069
0
LINE
8
BLACK
6
CONTINUOUS
10
5.7497403937007876
20
-4.1007616535433069
11
5.7496424015748033
21
-4.1008022834645672
0
LINE
8
BLACK
6
CONTINUOUS
10
5.7496424015748033
20
-4.1008022834645672
11
5.7490663385826775
21
-4.1008590157480311
0
LINE
8
BLACK
6
CONTINUOUS
10
5.7490663385826775
20
-4.1008590157480311
11
5.7378177559055112
21
-4.1008590157480311
0
LINE
8
BLACK
6
CONTINUOUS
10
5.7378177559055112
20
-4.1008590157480311
11
5.7372416929133854
21
-4.1008022834645672
0
LINE
8
BLACK
6
CONTINUOUS
10
5.7372416929133854
20
-4.1008022834645672
11
5.7371437007874011
21
-4.1007616929133857
0
LINE
8
BLACK
6
CONTINUOUS
10
5.7371437007874011
20
-4.1007616929133857
11
5.737037834645669
21
-4.1007541732283466
0
LINE
8
BLACK
6
CONTINUOUS
10
5.737037834645669
20
-4.1007541732283466
11
5.7364972440944877
21
-4.1005472834645671
0
LINE
8
BLACK
6
CONTINUOUS
10
5.7364972440944877
20
-4.1005472834645671
11
5.7327477165354326
21
-4.0986725196850395
0
LINE
8
BLACK
6
CONTINUOUS
10
5.7327477165354326
20
-4.0986725196850395
11
5.7324996850393699
21
-4.0985164173228341
0
LINE
8
BLACK
6
CONTINUOUS
10
5.7324996850393699
20
-4.0985164173228341
11
5.7324277559055119
21
-4.0984866141732281
0
LINE
8
BLACK
6
CONTINUOUS
10
5.7324277559055119
20
-4.0984866141732281
11
5.7323467716535434
21
-4.098420157480315
0
LINE
8
BLACK
6
CONTINUOUS
10
5.7323467716535434
20
-4.098420157480315
11
5.7322578346456687
21
-4.0983641732283465
0
LINE
8
BLACK
6
CONTINUOUS
10
5.7322578346456687
20
-4.0983641732283465
11
5.7322066141732284
21
-4.0983051181102361
0
LINE
8
BLACK
6
CONTINUOUS
10
5.7322066141732284
20
-4.0983051181102361
11
5.7319802755905513
21
-4.0981193700787397
0
LINE
8
BLACK
6
CONTINUOUS
10
5.7319802755905513
20
-4.0981193700787397
11
5.7301055118110238
21
-4.0962445669291334
0
LINE
8
BLACK
6
CONTINUOUS
10
5.7301055118110238
20
-4.0962445669291334
11
5.7299197637795274
21
-4.0960182283464563
0
LINE
8
BLACK
6
CONTINUOUS
10
5.7299197637795274
20
-4.0960182283464563
11
5.7298607874015746
21
-4.0959670866141735
0
LINE
8
BLACK
6
CONTINUOUS
10
5.7298607874015746
20
-4.0959670866141735
11
5.7298048031496061
21
-4.0958781496062988
0
LINE
8
BLACK
6
CONTINUOUS
10
5.7298048031496061
20
-4.0958781496062988
11
5.7297383070866141
21
-4.0957971259842516
0
LINE
8
BLACK
6
CONTINUOUS
10
5.7297383070866141
20
-4.0957971259842516
11
5.7297084645669294
21
-4.0957250787401573
0
LINE
8
BLACK
6
CONTINUOUS
10
5.7297084645669294
20
-4.0957250787401573
11
5.7295524409448815
21
-4.0954772047244097
0
LINE
8
BLACK
6
CONTINUOUS
10
5.7295524409448815
20
-4.0954772047244097
11
5.7276776771653539
21
-4.0917276771653546
0
LINE
8
BLACK
6
CONTINUOUS
10
5.7276776771653539
20
-4.0917276771653546
11
5.7274707874015744
21
-4.0911870472440945
0
LINE
8
BLACK
6
CONTINUOUS
10
5.7274707874015744
20
-4.0911870472440945
11
5.7274632677165354
21
-4.0910812204724412
0
LINE
8
BLACK
6
CONTINUOUS
10
5.7274632677165354
20
-4.0910812204724412
11
5.7274226771653538
21
-4.0909832283464569
0
LINE
8
BLACK
6
CONTINUOUS
10
5.7274226771653538
20
-4.0909832283464569
11
5.7273659448818899
21
-4.090407165354331
0
LINE
8
BLACK
6
CONTINUOUS
10
5.7273659448818899
20
-4.090407165354331
11
5.7273659448818899
21
-4.0810333464566932
0
LINE
8
BLACK
6
CONTINUOUS
10
5.7273659448818899
20
-4.0810333464566932
11
5.7274226771653538
21
-4.0804572834645665
0
LINE
8
BLACK
6
CONTINUOUS
10
5.7274226771653538
20
-4.0804572834645665
11
5.7274632677165354
21
-4.0803592519685035
0
LINE
8
BLACK
6
CONTINUOUS
10
5.7274632677165354
20
-4.0803592519685035
11
5.7274707874015744
21
-4.0802534645669288
0
LINE
8
BLACK
6
CONTINUOUS
10
5.7274707874015744
20
-4.0802534645669288
11
5.7276776771653539
21
-4.0797128346456688
0
LINE
8
BLACK
6
CONTINUOUS
10
5.7276776771653539
20
-4.0797128346456688
11
5.7295524409448815
21
-4.0759633070866137
0
LINE
8
BLACK
6
CONTINUOUS
10
5.7295524409448815
20
-4.0759633070866137
11
5.7297085039370081
21
-4.075715275590551
0
LINE
8
BLACK
6
CONTINUOUS
10
5.7297085039370081
20
-4.075715275590551
11
5.7297383464566929
21
-4.075643346456693
0
LINE
8
BLACK
6
CONTINUOUS
10
5.7297383464566929
20
-4.075643346456693
11
5.7298048031496061
21
-4.0755623622047246
0
LINE
8
BLACK
6
CONTINUOUS
10
5.7298048031496061
20
-4.0755623622047246
11
5.7298607874015746
21
-4.0754734251968507
0
LINE
8
BLACK
6
CONTINUOUS
10
5.7298607874015746
20
-4.0754734251968507
11
5.7299197637795274
21
-4.0754222440944883
0
LINE
8
BLACK
6
CONTINUOUS
10
5.7299197637795274
20
-4.0754222440944883
11
5.7301055511811025
21
-4.0751959055118112
0
LINE
8
BLACK
6
CONTINUOUS
10
5.7301055511811025
20
-4.0751959055118112
11
5.7319803149606301
21
-4.0733211417322837
0
LINE
8
BLACK
6
CONTINUOUS
10
5.7319803149606301
20
-4.0733211417322837
11
5.7322066535433072
21
-4.0731353543307085
0
LINE
8
BLACK
6
CONTINUOUS
10
5.7322066535433072
20
-4.0731353543307085
11
5.7322578346456687
21
-4.0730763779527557
0
LINE
8
BLACK
6
CONTINUOUS
10
5.7322578346456687
20
-4.0730763779527557
11
5.7323467716535434
21
-4.0730203937007872
0
LINE
8
BLACK
6
CONTINUOUS
10
5.7323467716535434
20
-4.0730203937007872
11
5.7324277559055119
21
-4.072953937007874
0
LINE
8
BLACK
6
CONTINUOUS
10
5.7324277559055119
20
-4.072953937007874
11
5.7324996850393699
21
-4.0729240944881893
0
LINE
8
BLACK
6
CONTINUOUS
10
5.7324996850393699
20
-4.0729240944881893
11
5.7327477165354326
21
-4.0727680314960626
0
LINE
8
BLACK
6
CONTINUOUS
10
5.7327477165354326
20
-4.0727680314960626
11
5.7364972440944877
21
-4.070893267716535
0
LINE
8
BLACK
6
CONTINUOUS
10
5.7364972440944877
20
-4.070893267716535
11
5.7370294094488186
21
-4.0706895669291336
0
LINE
8
BLACK
6
CONTINUOUS
10
5.7370294094488186
20
-4.0706895669291336
11
5.7280965354330711
21
-4.0604805905511814
0
LINE
8
BLACK
6
CONTINUOUS
10
5.7280965354330711
20
-4.0604805905511814
11
5.7279185039370075
21
-4.0602315748031499
0
LINE
8
BLACK
6
CONTINUOUS
10
5.7279185039370075
20
-4.0602315748031499
11
5.7278635826771653
21
-4.0601766535433068
0
LINE
8
BLACK
6
CONTINUOUS
10
5.7278635826771653
20
-4.0601766535433068
11
5.7278419685039372
21
-4.0601245275590552
0
LINE
8
BLACK
6
CONTINUOUS
10
5.7278419685039372
20
-4.0601245275590552
11
5.7277598818897637
21
-4.0600096850393701
0
LINE
8
BLACK
6
CONTINUOUS
10
5.7277598818897637
20
-4.0600096850393701
11
5.7276062598425197
21
-4.0595554330708659
0
LINE
8
BLACK
6
CONTINUOUS
10
5.7276062598425197
20
-4.0595554330708659
11
5.7274226771653538
21
-4.0591122440944885
0
LINE
8
BLACK
6
CONTINUOUS
10
5.7274226771653538
20
-4.0591122440944885
11
5.7274226771653538
21
-4.0590125984251966
0
LINE
8
BLACK
6
CONTINUOUS
10
5.7274226771653538
20
-4.0590125984251966
11
5.7273907874015748
21
-4.0589183070866142
0
LINE
8
BLACK
6
CONTINUOUS
10
5.7273907874015748
20
-4.0589183070866142
11
5.7274226771653538
21
-4.0584398031496063
0
LINE
8
BLACK
6
CONTINUOUS
10
5.7274226771653538
20
-4.0584398031496063
11
5.7274226771653538
21
-4.0579601181102358
0
LINE
8
BLACK
6
CONTINUOUS
10
5.7274226771653538
20
-4.0579601181102358
11
5.7274607480314961
21
-4.0578681102362202
0
LINE
8
BLACK
6
CONTINUOUS
10
5.7274607480314961
20
-4.0578681102362202
11
5.7274674015748026
21
-4.0577687795275592
0
LINE
8
BLACK
6
CONTINUOUS
10
5.7274674015748026
20
-4.0577687795275592
11
5.7276800787401569
21
-4.0573386220472436
0
LINE
8
BLACK
6
CONTINUOUS
10
5.7276800787401569
20
-4.0573386220472436
11
5.7278635826771653
21
-4.0568957086614175
0
LINE
8
BLACK
6
CONTINUOUS
10
5.7278635826771653
20
-4.0568957086614175
11
5.7279338976377954
21
-4.0568253543307087
0
LINE
8
BLACK
6
CONTINUOUS
10
5.7279338976377954
20
-4.0568253543307087
11
5.7279781102362204
21
-4.0567360236220473
0
LINE
8
BLACK
6
CONTINUOUS
10
5.7279781102362204
20
-4.0567360236220473
11
5.7283392125984252
21
-4.0564200393700789
0
LINE
8
BLACK
6
CONTINUOUS
10
5.7283392125984252
20
-4.0564200393700789
11
5.7286782283464568
21
-4.056081062992126
0
LINE
8
BLACK
6
CONTINUOUS
10
5.7286782283464568
20
-4.056081062992126
11
5.7287701968503937
21
-4.0560429133858271
0
LINE
8
BLACK
6
CONTINUOUS
10
5.7287701968503937
20
-4.0560429133858271
11
5.7288451968503935
21
-4.0559773622047244
0
LINE
8
BLACK
6
CONTINUOUS
10
5.7288451968503935
20
-4.0559773622047244
11
5.729299409448819
21
-4.0558237401574804
0
LINE
8
BLACK
6
CONTINUOUS
10
5.729299409448819
20
-4.0558237401574804
11
5.7297426377952752
21
-4.0556401574803145
0
LINE
8
BLACK
6
CONTINUOUS
10
5.7297426377952752
20
-4.0556401574803145
11
5.7298831889763777
21
-4.055626299212598
0
LINE
8
BLACK
6
CONTINUOUS
10
5.7298831889763777
20
-4.055626299212598
11
5.7299365748031494
21
-4.0556082677165355
0
LINE
8
BLACK
6
CONTINUOUS
10
5.7299365748031494
20
-4.0556082677165355
11
5.730014015748031
21
-4.0556134251968503
0
LINE
8
BLACK
6
CONTINUOUS
10
5.730014015748031
20
-4.0556134251968503
11
5.730318700787401
21
-4.0555834251968506
0
LINE
8
BLACK
6
CONTINUOUS
10
5.730318700787401
20
-4.0555834251968506
11
5.7546906299212601
21
-4.0555834251968506
0
LINE
8
BLACK
6
CONTINUOUS
10
5.7546906299212601
20
-4.0555834251968506
11
5.755266692913386
21
-4.0556401574803145
0
LINE
8
BLACK
6
CONTINUOUS
10
5.7793493700787399
20
-4.0556401574803145
11
5.779638661417323
21
-4.0556401574803145
0
LINE
8
BLACK
6
CONTINUOUS
10
5.779638661417323
20
-4.0556401574803145
11
5.77990874015748
21
-4.0557520078740152
0
LINE
8
BLACK
6
CONTINUOUS
10
5.77990874015748
20
-4.0557520078740152
11
5.7801953937007875
21
-4.0558093700787401
0
LINE
8
BLACK
6
CONTINUOUS
10
5.7801953937007875
20
-4.0558093700787401
11
5.7804357480314961
21
-4.0559703149606294
0
LINE
8
BLACK
6
CONTINUOUS
10
5.7804357480314961
20
-4.0559703149606294
11
5.7807030708661413
21
-4.056081062992126
0
LINE
8
BLACK
6
CONTINUOUS
10
5.7807030708661413
20
-4.056081062992126
11
5.780909763779527
21
-4.0562877559055117
0
LINE
8
BLACK
6
CONTINUOUS
10
5.780909763779527
20
-4.0562877559055117
11
5.7811526771653545
21
-4.0564504330708662
0
LINE
8
BLACK
6
CONTINUOUS
10
5.7811526771653545
20
-4.0564504330708662
11
5.7815156692913385
21
-4.0568936614173223
0
LINE
8
BLACK
6
CONTINUOUS
10
5.7815156692913385
20
-4.0568936614173223
11
5.7815177165354328
21
-4.0568957086614175
0
LINE
8
BLACK
6
CONTINUOUS
10
5.7815177165354328
20
-4.0568957086614175
11
5.7815180708661416
21
-4.0568965748031491
0
LINE
8
BLACK
6
CONTINUOUS
10
5.7815180708661416
20
-4.0568965748031491
11
5.7815194488188979
21
-4.0568982677165355
0
LINE
8
BLACK
6
CONTINUOUS
10
5.7815194488188979
20
-4.0568982677165355
11
5.7851067716535436
21
-4.0622792913385828
0
LINE
8
BLACK
6
CONTINUOUS
10
5.7851067716535436
20
-4.0622792913385828
11
5.7883107480314964
21
-4.0654832677165356
0
LINE
8
BLACK
6
CONTINUOUS
10
5.7883107480314964
20
-4.0654832677165356
11
5.791631692913386
21
-4.0671437401574799
0
LINE
8
BLACK
6
CONTINUOUS
10
5.791631692913386
20
-4.0671437401574799
11
5.7921215748031498
21
-4.067452086614173
0
LINE
8
BLACK
6
CONTINUOUS
10
5.7921215748031498
20
-4.067452086614173
11
5.7928764173228346
21
-4.0683224803149605
0
LINE
8
BLACK
6
CONTINUOUS
10
5.7928764173228346
20
-4.0683224803149605
11
5.7932407480314962
21
-4.0694154330708656
0
LINE
8
BLACK
6
CONTINUOUS
10
5.7932407480314962
20
-4.0694154330708656
11
5.793159094488189
21
-4.0705646456692914
0
LINE
8
BLACK
6
CONTINUOUS
10
5.793159094488189
20
-4.0705646456692914
11
5.7926438188976377
21
-4.0715951574803153
0
LINE
8
BLACK
6
CONTINUOUS
10
5.7926438188976377
20
-4.0715951574803153
11
5.791773464566929
21
-4.0723500000000001
0
LINE
8
BLACK
6
CONTINUOUS
10
5.791773464566929
20
-4.0723500000000001
11
5.7906804724409451
21
-4.0727143307086617
0
LINE
8
BLACK
6
CONTINUOUS
10
5.7906804724409451
20
-4.0727143307086617
11
5.7895312598425193
21
-4.0726326771653545
0
LINE
8
BLACK
6
CONTINUOUS
10
5.7895312598425193
20
-4.0726326771653545
11
5.7889906692913389
21
-4.072425787401575
0
LINE
8
BLACK
6
CONTINUOUS
10
5.7889906692913389
20
-4.072425787401575
11
5.7852411417322838
21
-4.0705510236220475
0
LINE
8
BLACK
6
CONTINUOUS
10
5.7852411417322838
20
-4.0705510236220475
11
5.784993307086614
21
-4.0703949999999995
0
LINE
8
BLACK
6
CONTINUOUS
10
5.784993307086614
20
-4.0703949999999995
11
5.7849211811023622
21
-4.0703651574803148
0
LINE
8
BLACK
6
CONTINUOUS
10
5.7849211811023622
20
-4.0703651574803148
11
5.78484
21
-4.0702985433070866
0
LINE
8
BLACK
6
CONTINUOUS
10
5.78484
20
-4.0702985433070866
11
5.7847512598425199
21
-4.0702426771653544
0
LINE
8
BLACK
6
CONTINUOUS
10
5.7847512598425199
20
-4.0702426771653544
11
5.7847001181102362
21
-4.0701837401574803
0
LINE
8
BLACK
6
CONTINUOUS
10
5.7847001181102362
20
-4.0701837401574803
11
5.7844737401574804
21
-4.0699979133858264
0
LINE
8
BLACK
6
CONTINUOUS
10
5.7844737401574804
20
-4.0699979133858264
11
5.7820153543307082
21
-4.0675395275590551
0
LINE
8
BLACK
6
CONTINUOUS
10
5.7820153543307082
20
-4.0675395275590551
11
5.7820153543307082
21
-4.094953503937008
0
LINE
8
BLACK
6
CONTINUOUS
10
5.7820153543307082
20
-4.094953503937008
11
5.7903111811023624
21
-4.094953503937008
0
LINE
8
BLACK
6
CONTINUOUS
10
5.7903111811023624
20
-4.094953503937008
11
5.7908872440944883
21
-4.0950102362204728
0
LINE
8
BLACK
6
CONTINUOUS
10
5.7908872440944883
20
-4.0950102362204728
11
5.7919516535433067
21
-4.0954511417322834
0
LINE
8
BLACK
6
CONTINUOUS
10
5.7919516535433067
20
-4.0954511417322834
11
5.7927662992125981
21
-4.0962657874015749
0
LINE
8
BLACK
6
CONTINUOUS
10
5.7927662992125981
20
-4.0962657874015749
11
5.7932072047244096
21
-4.0973301968503932
0
LINE
8
BLACK
6
CONTINUOUS
10
5.7932072047244096
20
-4.0973301968503932
11
5.7932072047244096
21
-4.0984823228346459
0
LINE
8
BLACK
6
CONTINUOUS
10
5.7932072047244096
20
-4.0984823228346459
11
5.7927662992125981
21
-4.0995467322834642
0
LINE
8
BLACK
6
CONTINUOUS
10
5.7927662992125981
20
-4.0995467322834642
11
5.7919516535433067
21
-4.1003613779527557
0
LINE
8
BLACK
6
CONTINUOUS
10
5.7919516535433067
20
-4.1003613779527557
11
5.7908872440944883
21
-4.1008022834645672
0
LINE
8
BLACK
6
CONTINUOUS
10
5.7908872440944883
20
-4.1008022834645672
11
5.7903111811023624
21
-4.1008590157480311
0
LINE
8
BLACK
6
CONTINUOUS
10
5.7903111811023624
20
-4.1008590157480311
11
5.7678140157480318
21
-4.1008590157480311
0
LINE
8
BLACK
6
CONTINUOUS
10
5.7678140157480318
20
-4.1008590157480311
11
5.767237952755905
21
-4.1008022834645672
0
LINE
8
BLACK
6
CONTINUOUS
10
5.767237952755905
20
-4.1008022834645672
11
5.7661735433070866
21
-4.1003613779527557
0
LINE
8
BLACK
6
CONTINUOUS
10
5.7661735433070866
20
-4.1003613779527557
11
5.7653588976377952
21
-4.0995467322834642
0
LINE
8
BLACK
6
CONTINUOUS
10
5.7653588976377952
20
-4.0995467322834642
11
5.7649179921259845
21
-4.0984823228346459
0
LINE
8
BLACK
6
CONTINUOUS
10
5.7649179921259845
20
-4.0984823228346459
11
5.7649179921259845
21
-4.0973301968503932
0
LINE
8
BLACK
6
CONTINUOUS
10
5.7649179921259845
20
-4.0973301968503932
11
5.7653588976377952
21
-4.0962657874015749
0
LINE
8
BLACK
6
CONTINUOUS
10
5.7653588976377952
20
-4.0962657874015749
11
5.7661735433070866
21
-4.0954511417322834
0
LINE
8
BLACK
6
CONTINUOUS
10
5.7661735433070866
20
-4.0954511417322834
11
5.767237952755905
21
-4.0950102362204728
0
LINE
8
BLACK
6
CONTINUOUS
10
5.767237952755905
20
-4.0950102362204728
11
5.7678140157480318
21
-4.094953503937008
0
LINE
8
BLACK
6
CONTINUOUS
10
5.7678140157480318
20
-4.094953503937008
11
5.7761098425196851
21
-4.094953503937008
0
LINE
8
BLACK
6
CONTINUOUS
10
5.7761098425196851
20
-4.094953503937008
11
5.7761098425196851
21
-4.0585361811023617
0
LINE
8
BLACK
6
CONTINUOUS
10
5.7761098425196851
20
-4.0585361811023617
11
5.7761100393700788
21
-4.0585340944881887
0
LINE
8
BLACK
6
CONTINUOUS
10
5.7761100393700788
20
-4.0585340944881887
11
5.7761098425196851
21
-4.058533070866142
0
LINE
8
BLACK
6
CONTINUOUS
10
5.7761098425196851
20
-4.058533070866142
11
5.7761104330708664
21
-4.0585300393700789
0
LINE
8
BLACK
6
CONTINUOUS
10
5.7761104330708664
20
-4.0585300393700789
11
5.7761665748031499
21
-4.0579601181102358
0
LINE
8
BLACK
6
CONTINUOUS
10
5.7761665748031499
20
-4.0579601181102358
11
5.7762784251968506
21
-4.05769
0
LINE
8
BLACK
6
CONTINUOUS
10
5.7762784251968506
20
-4.05769
11
5.7763357874015746
21
-4.0574033858267713
0
LINE
8
BLACK
6
CONTINUOUS
10
5.7763357874015746
20
-4.0574033858267713
11
5.7764967322834648
21
-4.057162992125984
0
LINE
8
BLACK
6
CONTINUOUS
10
5.7764967322834648
20
-4.057162992125984
11
5.7766074803149605
21
-4.0568957086614175
0
LINE
8
BLACK
6
CONTINUOUS
10
5.7766074803149605
20
-4.0568957086614175
11
5.7768141732283462
21
-4.056688976377953
0
LINE
8
BLACK
6
CONTINUOUS
10
5.7768141732283462
20
-4.056688976377953
11
5.7769768503937007
21
-4.0564461023622043
0
LINE
8
BLACK
6
CONTINUOUS
10
5.7769768503937007
20
-4.0564461023622043
11
5.777217559055118
21
-4.0562855905511812
0
LINE
8
BLACK
6
CONTINUOUS
10
5.777217559055118
20
-4.0562855905511812
11
5.777422125984252
21
-4.056081062992126
0
LINE
8
BLACK
6
CONTINUOUS
10
5.777422125984252
20
-4.056081062992126
11
5.777692204724409
21
-4.0559691732283465
0
LINE
8
BLACK
6
CONTINUOUS
10
5.777692204724409
20
-4.0559691732283465
11
5.7779354724409444
21
-4.0558070078740158
0
LINE
8
BLACK
6
CONTINUOUS
10
5.7779354724409444
20
-4.0558070078740158
11
5.7782192519685038
21
-4.0557508661417323
0
LINE
8
BLACK
6
CONTINUOUS
10
5.7782192519685038
20
-4.0557508661417323
11
5.7784865354330703
21
-4.0556401574803145
0
LINE
8
BLACK
6
CONTINUOUS
10
5.7784865354330703
20
-4.0556401574803145
11
5.7787789370078739
21
-4.0556401574803145
0
LINE
8
BLACK
6
CONTINUOUS
10
5.7787789370078739
20
-4.0556401574803145
11
5.7790657086614168
21
-4.0555834251968506
0
LINE
8
BLACK
6
CONTINUOUS
10
5.7790657086614168
20
-4.0555834251968506
11
5.7793493700787399
21
-4.0556401574803145
0
LINE
8
BLACK
6
CONTINUOUS
10
4.9255600787401574
20
-4.0556401574803145
11
4.9266244881889767
21
-4.056081062992126
0
LINE
8
BLACK
6
CONTINUOUS
10
4.9266244881889767
20
-4.056081062992126
11
4.9274391338582673
21
-4.0568957086614175
0
LINE
8
BLACK
6
CONTINUOUS
10
4.9274391338582673
20
-4.0568957086614175
11
4.9278800393700788
21
-4.0579601181102358
0
LINE
8
BLACK
6
CONTINUOUS
10
4.9278800393700788
20
-4.0579601181102358
11
4.9279367716535436
21
-4.0585361811023617
0
LINE
8
BLACK
6
CONTINUOUS
10
4.9279367716535436
20
-4.0585361811023617
11
4.9279367716535436
21
-4.09790625984252
0
LINE
8
BLACK
6
CONTINUOUS
10
4.9279367716535436
20
-4.09790625984252
11
4.9278800393700788
21
-4.0984823228346459
0
LINE
8
BLACK
6
CONTINUOUS
10
4.9278800393700788
20
-4.0984823228346459
11
4.9274391338582673
21
-4.0995467322834642
0
LINE
8
BLACK
6
CONTINUOUS
10
4.9274391338582673
20
-4.0995467322834642
11
4.9266244881889767
21
-4.1003613779527557
0
LINE
8
BLACK
6
CONTINUOUS
10
4.9266244881889767
20
-4.1003613779527557
11
4.9255600787401574
21
-4.1008022834645672
0
LINE
8
BLACK
6
CONTINUOUS
10
4.9255600787401574
20
-4.1008022834645672
11
4.9244079527559057
21
-4.1008022834645672
0
LINE
8
BLACK
6
CONTINUOUS
10
4.9244079527559057
20
-4.1008022834645672
11
4.9233435433070865
21
-4.1003613779527557
0
LINE
8
BLACK
6
CONTINUOUS
10
4.9233435433070865
20
-4.1003613779527557
11
4.922528897637795
21
-4.0995467322834642
0
LINE
8
BLACK
6
CONTINUOUS
10
4.922528897637795
20
-4.0995467322834642
11
4.9220879921259844
21
-4.0984823228346459
0
LINE
8
BLACK
6
CONTINUOUS
10
4.9220879921259844
20
-4.0984823228346459
11
4.9220312598425195
21
-4.09790625984252
0
LINE
8
BLACK
6
CONTINUOUS
10
4.9220312598425195
20
-4.09790625984252
11
4.9220312598425195
21
-4.0821113385826768
0
LINE
8
BLACK
6
CONTINUOUS
10
4.9220312598425195
20
-4.0821113385826768
11
4.9171475590551177
21
-4.0821113385826768
0
LINE
8
BLACK
6
CONTINUOUS
10
4.9171475590551177
20
-4.0821113385826768
11
4.9049058267716532
21
-4.0995995669291334
0
LINE
8
BLACK
6
CONTINUOUS
10
4.9049058267716532
20
-4.0995995669291334
11
4.9045290157480315
21
-4.1000389370078736
0
LINE
8
BLACK
6
CONTINUOUS
10
4.9045290157480315
20
-4.1000389370078736
11
4.9035574015748029
21
-4.1006581102362203
0
LINE
8
BLACK
6
CONTINUOUS
10
4.9035574015748029
20
-4.1006581102362203
11
4.9024228740157483
21
-4.1008583070866145
0
LINE
8
BLACK
6
CONTINUOUS
10
4.9024228740157483
20
-4.1008583070866145
11
4.9012980314960632
21
-4.100609133858268
0
LINE
8
BLACK
6
CONTINUOUS
10
4.9012980314960632
20
-4.100609133858268
11
4.9003541732283464
21
-4.0999484251968505
0
LINE
8
BLACK
6
CONTINUOUS
10
4.9003541732283464
20
-4.0999484251968505
11
4.8997349999999997
21
-4.098976811023622
0
LINE
8
BLACK
6
CONTINUOUS
10
4.8997349999999997
20
-4.098976811023622
11
4.8995348031496064
21
-4.0978422834645665
0
LINE
8
BLACK
6
CONTINUOUS
10
4.8995348031496064
20
-4.0978422834645665
11
4.8997839763779529
21
-4.0967174409448814
0
LINE
8
BLACK
6
CONTINUOUS
10
4.8997839763779529
20
-4.0967174409448814
11
4.9000678740157477
21
-4.0962129527559057
0
LINE
8
BLACK
6
CONTINUOUS
10
4.9000678740157477
20
-4.0962129527559057
11
4.9099420078740152
21
-4.0821070078740158
0
LINE
8
BLACK
6
CONTINUOUS
10
4.9099420078740152
20
-4.0821070078740158
11
4.9094098425196853
21
-4.0820546062992129
0
LINE
8
BLACK
6
CONTINUOUS
10
4.9094098425196853
20
-4.0820546062992129
11
4.909311850393701
21
-4.0820140157480314
0
LINE
8
BLACK
6
CONTINUOUS
10
4.909311850393701
20
-4.0820140157480314
11
4.909205984251968
21
-4.0820064960629923
0
LINE
8
BLACK
6
CONTINUOUS
10
4.909205984251968
20
-4.0820064960629923
11
4.9086653937007876
21
-4.0817996062992128
0
LINE
8
BLACK
6
CONTINUOUS
10
4.9086653937007876
20
-4.0817996062992128
11
4.9049158661417325
21
-4.0799248425196852
0
LINE
8
BLACK
6
CONTINUOUS
10
4.9049158661417325
20
-4.0799248425196852
11
4.9046678346456689
21
-4.0797687401574798
0
LINE
8
BLACK
6
CONTINUOUS
10
4.9046678346456689
20
-4.0797687401574798
11
4.9045959055118109
21
-4.0797389370078738
0
LINE
8
BLACK
6
CONTINUOUS
10
4.9045959055118109
20
-4.0797389370078738
11
4.9045149212598425
21
-4.0796724409448819
0
LINE
8
BLACK
6
CONTINUOUS
10
4.9045149212598425
20
-4.0796724409448819
11
4.9044259842519686
21
-4.0796164960629921
0
LINE
8
BLACK
6
CONTINUOUS
10
4.9044259842519686
20
-4.0796164960629921
11
4.9043748031496062
21
-4.0795574803149606
0
LINE
8
BLACK
6
CONTINUOUS
10
4.9043748031496062
20
-4.0795574803149606
11
4.9041484645669291
21
-4.0793717322834642
0
LINE
8
BLACK
6
CONTINUOUS
10
4.9041484645669291
20
-4.0793717322834642
11
4.9022737007874015
21
-4.0774969685039366
0
LINE
8
BLACK
6
CONTINUOUS
10
4.9022737007874015
20
-4.0774969685039366
11
4.9020879133858264
21
-4.0772705905511808
0
LINE
8
BLACK
6
CONTINUOUS
10
4.9020879133858264
20
-4.0772705905511808
11
4.9020289370078736
21
-4.077219448818898
0
LINE
8
BLACK
6
CONTINUOUS
10
4.9020289370078736
20
-4.077219448818898
11
4.9019729527559051
21
-4.0771304724409445
0
LINE
8
BLACK
6
CONTINUOUS
10
4.9019729527559051
20
-4.0771304724409445
11
4.9019064960629919
21
-4.0770495275590548
0
LINE
8
BLACK
6
CONTINUOUS
10
4.9019064960629919
20
-4.0770495275590548
11
4.9018766535433071
21
-4.076977559055118
0
LINE
8
BLACK
6
CONTINUOUS
10
4.9018766535433071
20
-4.076977559055118
11
4.9017205905511814
21
-4.0767295669291341
0
LINE
8
BLACK
6
CONTINUOUS
10
4.9017205905511814
20
-4.0767295669291341
11
4.8998458267716538
21
-4.072980039370079
0
LINE
8
BLACK
6
CONTINUOUS
10
4.8998458267716538
20
-4.072980039370079
11
4.8996389370078743
21
-4.072439409448819
0
LINE
8
BLACK
6
CONTINUOUS
10
4.8996389370078743
20
-4.072439409448819
11
4.8996314173228344
21
-4.0723335826771656
0
LINE
8
BLACK
6
CONTINUOUS
10
4.8996314173228344
20
-4.0723335826771656
11
4.8995908267716537
21
-4.0722355905511813
0
LINE
8
BLACK
6
CONTINUOUS
10
4.8995908267716537
20
-4.0722355905511813
11
4.8995340944881889
21
-4.0716595275590555
0
LINE
8
BLACK
6
CONTINUOUS
10
4.8995340944881889
20
-4.0716595275590555
11
4.8995340944881889
21
-4.0660352362204719
0
LINE
8
BLACK
6
CONTINUOUS
10
4.8995340944881889
20
-4.0660352362204719
11
4.8995908267716537
21
-4.065459173228346
0
LINE
8
BLACK
6
CONTINUOUS
10
4.8995908267716537
20
-4.065459173228346
11
4.8996314173228344
21
-4.065361141732283
0
LINE
8
BLACK
6
CONTINUOUS
10
4.8996314173228344
20
-4.065361141732283
11
4.8996389370078743
21
-4.0652553543307084
0
LINE
8
BLACK
6
CONTINUOUS
10
4.8996389370078743
20
-4.0652553543307084
11
4.8998458267716538
21
-4.0647147244094484
0
LINE
8
BLACK
6
CONTINUOUS
10
4.8998458267716538
20
-4.0647147244094484
11
4.9017205905511814
21
-4.0609651968503933
0
LINE
8
BLACK
6
CONTINUOUS
10
4.9017205905511814
20
-4.0609651968503933
11
4.9018766535433071
21
-4.0607171653543306
0
LINE
8
BLACK
6
CONTINUOUS
10
4.9018766535433071
20
-4.0607171653543306
11
4.9019064960629919
21
-4.0606452362204726
0
LINE
8
BLACK
6
CONTINUOUS
10
4.9019064960629919
20
-4.0606452362204726
11
4.9019729527559051
21
-4.0605642519685041
0
LINE
8
BLACK
6
CONTINUOUS
10
4.9019729527559051
20
-4.0605642519685041
11
4.9020289370078736
21
-4.0604753149606294
0
LINE
8
BLACK
6
CONTINUOUS
10
4.9020289370078736
20
-4.0604753149606294
11
4.9020879133858264
21
-4.0604241338582678
0
LINE
8
BLACK
6
CONTINUOUS
10
4.9020879133858264
20
-4.0604241338582678
11
4.9022737007874015
21
-4.0601977952755908
0
LINE
8
BLACK
6
CONTINUOUS
10
4.9022737007874015
20
-4.0601977952755908
11
4.9041484645669291
21
-4.0583230314960632
0
LINE
8
BLACK
6
CONTINUOUS
10
4.9041484645669291
20
-4.0583230314960632
11
4.9043748031496062
21
-4.0581372440944881
0
LINE
8
BLACK
6
CONTINUOUS
10
4.9043748031496062
20
-4.0581372440944881
11
4.9044259842519686
21
-4.0580782677165352
0
LINE
8
BLACK
6
CONTINUOUS
10
4.9044259842519686
20
-4.0580782677165352
11
4.9045149212598425
21
-4.0580222834645667
0
LINE
8
BLACK
6
CONTINUOUS
10
4.9045149212598425
20
-4.0580222834645667
11
4.9045959055118109
21
-4.0579558267716536
0
LINE
8
BLACK
6
CONTINUOUS
10
4.9045959055118109
20
-4.0579558267716536
11
4.9046678346456689
21
-4.0579259842519688
0
LINE
8
BLACK
6
CONTINUOUS
10
4.9046678346456689
20
-4.0579259842519688
11
4.9049158661417325
21
-4.0577699212598421
0
LINE
8
BLACK
6
CONTINUOUS
10
4.9049158661417325
20
-4.0577699212598421
11
4.9086653937007876
21
-4.0558951574803146
0
LINE
8
BLACK
6
CONTINUOUS
10
4.9086653937007876
20
-4.0558951574803146
11
4.909205984251968
21
-4.0556882677165351
0
LINE
8
BLACK
6
CONTINUOUS
10
4.909205984251968
20
-4.0556882677165351
11
4.909311850393701
21
-4.0556807086614173
0
LINE
8
BLACK
6
CONTINUOUS
10
4.909311850393701
20
-4.0556807086614173
11
4.9094098425196853
21
-4.0556401574803145
0
LINE
8
BLACK
6
CONTINUOUS
10
4.9094098425196853
20
-4.0556401574803145
11
4.9099859055118111
21
-4.0555834251968506
0
LINE
8
BLACK
6
CONTINUOUS
10
4.9099859055118111
20
-4.0555834251968506
11
4.9249840157480316
21
-4.0555834251968506
0
LINE
8
BLACK
6
CONTINUOUS
10
4.9249840157480316
20
-4.0555834251968506
11
4.9255600787401574
21
-4.0556401574803145
0
LINE
8
BLACK
6
CONTINUOUS
10
4.9079854724409451
20
-4.062837677165354
11
4.9067883464566924
21
-4.0640348031496059
0
LINE
8
BLACK
6
CONTINUOUS
10
4.9067883464566924
20
-4.0640348031496059
11
4.9054396062992121
21
-4.0667322834645665
0
LINE
8
BLACK
6
CONTINUOUS
10
4.9054396062992121
20
-4.0667322834645665
11
4.9054396062992121
21
-4.0709624803149609
0
LINE
8
BLACK
6
CONTINUOUS
10
4.9054396062992121
20
-4.0709624803149609
11
4.9067883464566924
21
-4.0736599606299215
0
LINE
8
BLACK
6
CONTINUOUS
10
4.9067883464566924
20
-4.0736599606299215
11
4.9079854724409451
21
-4.0748570866141733
0
LINE
8
BLACK
6
CONTINUOUS
10
4.9079854724409451
20
-4.0748570866141733
11
4.9106829527559057
21
-4.0762058267716537
0
LINE
8
BLACK
6
CONTINUOUS
10
4.9106829527559057
20
-4.0762058267716537
11
4.9220312598425195
21
-4.0762058267716537
0
LINE
8
BLACK
6
CONTINUOUS
10
4.9220312598425195
20
-4.0762058267716537
11
4.9220312598425195
21
-4.0614889370078737
0
LINE
8
BLACK
6
CONTINUOUS
10
4.9220312598425195
20
-4.0614889370078737
11
4.9106829527559057
21
-4.0614889370078737
0
LINE
8
BLACK
6
CONTINUOUS
10
4.9106829527559057
20
-4.0614889370078737
11
4.9079854724409451
21
-4.062837677165354
0
LINE
8
BLACK
6
CONTINUOUS
10
5.2096348818897633
20
-4.0556401574803145
11
5.2106992913385826
21
-4.056081062992126
0
LINE
8
BLACK
6
CONTINUOUS
10
5.2106992913385826
20
-4.056081062992126
11
5.211513937007874
21
-4.0568957086614175
0
LINE
8
BLACK
6
CONTINUOUS
10
5.211513937007874
20
-4.0568957086614175
11
5.2119548425196847
21
-4.0579601181102358
0
LINE
8
BLACK
6
CONTINUOUS
10
5.2119548425196847
20
-4.0579601181102358
11
5.2120115748031495
21
-4.0585361811023617
0
LINE
8
BLACK
6
CONTINUOUS
10
5.2120115748031495
20
-4.0585361811023617
11
5.2120115748031495
21
-4.09790625984252
0
LINE
8
BLACK
6
CONTINUOUS
10
5.2120115748031495
20
-4.09790625984252
11
5.2119548425196847
21
-4.0984823228346459
0
LINE
8
BLACK
6
CONTINUOUS
10
5.2119548425196847
20
-4.0984823228346459
11
5.211513937007874
21
-4.0995467322834642
0
LINE
8
BLACK
6
CONTINUOUS
10
5.211513937007874
20
-4.0995467322834642
11
5.2106992913385826
21
-4.1003613779527557
0
LINE
8
BLACK
6
CONTINUOUS
10
5.2106992913385826
20
-4.1003613779527557
11
5.2096348818897633
21
-4.1008022834645672
0
LINE
8
BLACK
6
CONTINUOUS
10
5.2096348818897633
20
-4.1008022834645672
11
5.2084827559055116
21
-4.1008022834645672
0
LINE
8
BLACK
6
CONTINUOUS
10
5.2084827559055116
20
-4.1008022834645672
11
5.2074183464566932
21
-4.1003613779527557
0
LINE
8
BLACK
6
CONTINUOUS
10
5.2074183464566932
20
-4.1003613779527557
11
5.2066037007874018
21
-4.0995467322834642
0
LINE
8
BLACK
6
CONTINUOUS
10
5.2066037007874018
20
-4.0995467322834642
11
5.2061627952755902
21
-4.0984823228346459
0
LINE
8
BLACK
6
CONTINUOUS
10
5.2061627952755902
20
-4.0984823228346459
11
5.2061060629921263
21
-4.09790625984252
0
LINE
8
BLACK
6
CONTINUOUS
10
5.2061060629921263
20
-4.09790625984252
11
5.2061060629921263
21
-4.0821113385826768
0
LINE
8
BLACK
6
CONTINUOUS
10
5.2061060629921263
20
-4.0821113385826768
11
5.2012223622047244
21
-4.0821113385826768
0
LINE
8
BLACK
6
CONTINUOUS
10
5.2012223622047244
20
-4.0821113385826768
11
5.18898062992126
21
-4.0995995669291334
0
LINE
8
BLACK
6
CONTINUOUS
10
5.18898062992126
20
-4.0995995669291334
11
5.1886038188976373
21
-4.1000389370078736
0
LINE
8
BLACK
6
CONTINUOUS
10
5.1886038188976373
20
-4.1000389370078736
11
5.1876322047244097
21
-4.1006581102362203
0
LINE
8
BLACK
6
CONTINUOUS
10
5.1876322047244097
20
-4.1006581102362203
11
5.1864976771653541
21
-4.1008583070866145
0
LINE
8
BLACK
6
CONTINUOUS
10
5.1864976771653541
20
-4.1008583070866145
11
5.1853728346456691
21
-4.100609133858268
0
LINE
8
BLACK
6
CONTINUOUS
10
5.1853728346456691
20
-4.100609133858268
11
5.1844289763779523
21
-4.0999484251968505
0
LINE
8
BLACK
6
CONTINUOUS
10
5.1844289763779523
20
-4.0999484251968505
11
5.1838098031496065
21
-4.098976811023622
0
LINE
8
BLACK
6
CONTINUOUS
10
5.1838098031496065
20
-4.098976811023622
11
5.1836096062992123
21
-4.0978422834645665
0
LINE
8
BLACK
6
CONTINUOUS
10
5.1836096062992123
20
-4.0978422834645665
11
5.1838587795275588
21
-4.0967174409448814
0
LINE
8
BLACK
6
CONTINUOUS
10
5.1838587795275588
20
-4.0967174409448814
11
5.1841426771653545
21
-4.0962129527559057
0
LINE
8
BLACK
6
CONTINUOUS
10
5.1841426771653545
20
-4.0962129527559057
11
5.194016811023622
21
-4.0821070078740158
0
LINE
8
BLACK
6
CONTINUOUS
10
5.194016811023622
20
-4.0821070078740158
11
5.1934846456692911
21
-4.0820546062992129
0
LINE
8
BLACK
6
CONTINUOUS
10
5.1934846456692911
20
-4.0820546062992129
11
5.1933866535433069
21
-4.0820140157480314
0
LINE
8
BLACK
6
CONTINUOUS
10
5.1933866535433069
20
-4.0820140157480314
11
5.1932807874015747
21
-4.0820064960629923
0
LINE
8
BLACK
6
CONTINUOUS
10
5.1932807874015747
20
-4.0820064960629923
11
5.1927401968503935
21
-4.0817996062992128
0
LINE
8
BLACK
6
CONTINUOUS
10
5.1927401968503935
20
-4.0817996062992128
11
5.1889906692913383
21
-4.0799248425196852
0
LINE
8
BLACK
6
CONTINUOUS
10
5.1889906692913383
20
-4.0799248425196852
11
5.1887426377952757
21
-4.0797687401574798
0
LINE
8
BLACK
6
CONTINUOUS
10
5.1887426377952757
20
-4.0797687401574798
11
5.1886707086614168
21
-4.0797389370078738
0
LINE
8
BLACK
6
CONTINUOUS
10
5.1886707086614168
20
-4.0797389370078738
11
5.1885897244094483
21
-4.0796724409448819
0
LINE
8
BLACK
6
CONTINUOUS
10
5.1885897244094483
20
-4.0796724409448819
11
5.1885007874015745
21
-4.0796164960629921
0
LINE
8
BLACK
6
CONTINUOUS
10
5.1885007874015745
20
-4.0796164960629921
11
5.1884496062992129
21
-4.0795574803149606
0
LINE
8
BLACK
6
CONTINUOUS
10
5.1884496062992129
20
-4.0795574803149606
11
5.188223267716535
21
-4.0793717322834642
0
LINE
8
BLACK
6
CONTINUOUS
10
5.188223267716535
20
-4.0793717322834642
11
5.1863485039370074
21
-4.0774969685039366
0
LINE
8
BLACK
6
CONTINUOUS
10
5.1863485039370074
20
-4.0774969685039366
11
5.1861627165354331
21
-4.0772705905511808
0
LINE
8
BLACK
6
CONTINUOUS
10
5.1861627165354331
20
-4.0772705905511808
11
5.1861037401574803
21
-4.077219448818898
0
LINE
8
BLACK
6
CONTINUOUS
10
5.1861037401574803
20
-4.077219448818898
11
5.1860477559055118
21
-4.0771304724409445
0
LINE
8
BLACK
6
CONTINUOUS
10
5.1860477559055118
20
-4.0771304724409445
11
5.1859812992125986
21
-4.0770495275590548
0
LINE
8
BLACK
6
CONTINUOUS
10
5.1859812992125986
20
-4.0770495275590548
11
5.185951456692913
21
-4.076977559055118
0
LINE
8
BLACK
6
CONTINUOUS
10
5.185951456692913
20
-4.076977559055118
11
5.1857953937007872
21
-4.0767295669291341
0
LINE
8
BLACK
6
CONTINUOUS
10
5.1857953937007872
20
-4.0767295669291341
11
5.1839206299212597
21
-4.072980039370079
0
LINE
8
BLACK
6
CONTINUOUS
10
5.1839206299212597
20
-4.072980039370079
11
5.1837137401574802
21
-4.072439409448819
0
LINE
8
BLACK
6
CONTINUOUS
10
5.1837137401574802
20
-4.072439409448819
11
5.1837062204724411
21
-4.0723335826771656
0
LINE
8
BLACK
6
CONTINUOUS
10
5.1837062204724411
20
-4.0723335826771656
11
5.1836656299212596
21
-4.0722355905511813
0
LINE
8
BLACK
6
CONTINUOUS
10
5.1836656299212596
20
-4.0722355905511813
11
5.1836088976377948
21
-4.0716595275590555
0
LINE
8
BLACK
6
CONTINUOUS
10
5.1836088976377948
20
-4.0716595275590555
11
5.1836088976377948
21
-4.0660352362204719
0
LINE
8
BLACK
6
CONTINUOUS
10
5.1836088976377948
20
-4.0660352362204719
11
5.1836656299212596
21
-4.065459173228346
0
LINE
8
BLACK
6
CONTINUOUS
10
5.1836656299212596
20
-4.065459173228346
11
5.1837062204724411
21
-4.065361141732283
0
LINE
8
BLACK
6
CONTINUOUS
10
5.1837062204724411
20
-4.065361141732283
11
5.1837137401574802
21
-4.0652553543307084
0
LINE
8
BLACK
6
CONTINUOUS
10
5.1837137401574802
20
-4.0652553543307084
11
5.1839206299212597
21
-4.0647147244094484
0
LINE
8
BLACK
6
CONTINUOUS
10
5.1839206299212597
20
-4.0647147244094484
11
5.1857953937007872
21
-4.0609651968503933
0
LINE
8
BLACK
6
CONTINUOUS
10
5.1857953937007872
20
-4.0609651968503933
11
5.185951456692913
21
-4.0607171653543306
0
LINE
8
BLACK
6
CONTINUOUS
10
5.185951456692913
20
-4.0607171653543306
11
5.1859812992125986
21
-4.0606452362204726
0
LINE
8
BLACK
6
CONTINUOUS
10
5.1859812992125986
20
-4.0606452362204726
11
5.1860477559055118
21
-4.0605642519685041
0
LINE
8
BLACK
6
CONTINUOUS
10
5.1860477559055118
20
-4.0605642519685041
11
5.1861037401574803
21
-4.0604753149606294
0
LINE
8
BLACK
6
CONTINUOUS
10
5.1861037401574803
20
-4.0604753149606294
11
5.1861627165354331
21
-4.0604241338582678
0
LINE
8
BLACK
6
CONTINUOUS
10
5.1861627165354331
20
-4.0604241338582678
11
5.1863485039370074
21
-4.0601977952755908
0
LINE
8
BLACK
6
CONTINUOUS
10
5.1863485039370074
20
-4.0601977952755908
11
5.188223267716535
21
-4.0583230314960632
0
LINE
8
BLACK
6
CONTINUOUS
10
5.188223267716535
20
-4.0583230314960632
11
5.1884496062992129
21
-4.0581372440944881
0
LINE
8
BLACK
6
CONTINUOUS
10
5.1884496062992129
20
-4.0581372440944881
11
5.1885007874015745
21
-4.0580782677165352
0
LINE
8
BLACK
6
CONTINUOUS
10
5.1885007874015745
20
-4.0580782677165352
11
5.1885897244094483
21
-4.0580222834645667
0
LINE
8
BLACK
6
CONTINUOUS
10
5.1885897244094483
20
-4.0580222834645667
11
5.1886707086614168
21
-4.0579558267716536
0
LINE
8
BLACK
6
CONTINUOUS
10
5.1886707086614168
20
-4.0579558267716536
11
5.1887426377952757
21
-4.0579259842519688
0
LINE
8
BLACK
6
CONTINUOUS
10
5.1887426377952757
20
-4.0579259842519688
11
5.1889906692913383
21
-4.0577699212598421
0
LINE
8
BLACK
6
CONTINUOUS
10
5.1889906692913383
20
-4.0577699212598421
11
5.1927401968503935
21
-4.0558951574803146
0
LINE
8
BLACK
6
CONTINUOUS
10
5.1927401968503935
20
-4.0558951574803146
11
5.1932807874015747
21
-4.0556882677165351
0
LINE
8
BLACK
6
CONTINUOUS
10
5.1932807874015747
20
-4.0556882677165351
11
5.1933866535433069
21
-4.0556807086614173
0
LINE
8
BLACK
6
CONTINUOUS
10
5.1933866535433069
20
-4.0556807086614173
11
5.1934846456692911
21
-4.0556401574803145
0
LINE
8
BLACK
6
CONTINUOUS
10
5.1934846456692911
20
-4.0556401574803145
11
5.194060708661417
21
-4.0555834251968506
0
LINE
8
BLACK
6
CONTINUOUS
10
5.194060708661417
20
-4.0555834251968506
11
5.2090588188976374
21
-4.0555834251968506
0
LINE
8
BLACK
6
CONTINUOUS
10
5.2090588188976374
20
-4.0555834251968506
11
5.2096348818897633
21
-4.0556401574803145
0
LINE
8
BLACK
6
CONTINUOUS
10
5.1920602755905509
20
-4.062837677165354
11
5.1908631496062991
21
-4.0640348031496059
0
LINE
8
BLACK
6
CONTINUOUS
10
5.1908631496062991
20
-4.0640348031496059
11
5.1895144094488188
21
-4.0667322834645665
0
LINE
8
BLACK
6
CONTINUOUS
10
5.1895144094488188
20
-4.0667322834645665
11
5.1895144094488188
21
-4.0709624803149609
0
LINE
8
BLACK
6
CONTINUOUS
10
5.1895144094488188
20
-4.0709624803149609
11
5.1908631496062991
21
-4.0736599606299215
0
LINE
8
BLACK
6
CONTINUOUS
10
5.1908631496062991
20
-4.0736599606299215
11
5.1920602755905509
21
-4.0748570866141733
0
LINE
8
BLACK
6
CONTINUOUS
10
5.1920602755905509
20
-4.0748570866141733
11
5.1947577559055116
21
-4.0762058267716537
0
LINE
8
BLACK
6
CONTINUOUS
10
5.1947577559055116
20
-4.0762058267716537
11
5.2061060629921263
21
-4.0762058267716537
0
LINE
8
BLACK
6
CONTINUOUS
10
5.2061060629921263
20
-4.0762058267716537
11
5.2061060629921263
21
-4.0614889370078737
0
LINE
8
BLACK
6
CONTINUOUS
10
5.2061060629921263
20
-4.0614889370078737
11
5.1947577559055116
21
-4.0614889370078737
0
LINE
8
BLACK
6
CONTINUOUS
10
5.1947577559055116
20
-4.0614889370078737
11
5.1920602755905509
21
-4.062837677165354
0
LINE
8
BLACK
6
CONTINUOUS
10
5.8283825590551182
20
-4.0556401574803145
11
5.8294469685039365
21
-4.056081062992126
0
LINE
8
BLACK
6
CONTINUOUS
10
5.8294469685039365
20
-4.056081062992126
11
5.830261614173228
21
-4.0568957086614175
0
LINE
8
BLACK
6
CONTINUOUS
10
5.830261614173228
20
-4.0568957086614175
11
5.8307025196850395
21
-4.0579601181102358
0
LINE
8
BLACK
6
CONTINUOUS
10
5.8307025196850395
20
-4.0579601181102358
11
5.8307592519685034
21
-4.0585361811023617
0
LINE
8
BLACK
6
CONTINUOUS
10
5.8307592519685034
20
-4.0585361811023617
11
5.8307592519685034
21
-4.09790625984252
0
LINE
8
BLACK
6
CONTINUOUS
10
5.8307592519685034
20
-4.09790625984252
11
5.8307025196850395
21
-4.0984823228346459
0
LINE
8
BLACK
6
CONTINUOUS
10
5.8307025196850395
20
-4.0984823228346459
11
5.830261614173228
21
-4.0995467322834642
0
LINE
8
BLACK
6
CONTINUOUS
10
5.830261614173228
20
-4.0995467322834642
11
5.8294469685039365
21
-4.1003613779527557
0
LINE
8
BLACK
6
CONTINUOUS
10
5.8294469685039365
20
-4.1003613779527557
11
5.8283825590551182
21
-4.1008022834645672
0
LINE
8
BLACK
6
CONTINUOUS
10
5.8283825590551182
20
-4.1008022834645672
11
5.8272304330708664
21
-4.1008022834645672
0
LINE
8
BLACK
6
CONTINUOUS
10
5.8272304330708664
20
-4.1008022834645672
11
5.8261660236220472
21
-4.1003613779527557
0
LINE
8
BLACK
6
CONTINUOUS
10
5.8261660236220472
20
-4.1003613779527557
11
5.8253513779527557
21
-4.0995467322834642
0
LINE
8
BLACK
6
CONTINUOUS
10
5.8253513779527557
20
-4.0995467322834642
11
5.8249104724409451
21
-4.0984823228346459
0
LINE
8
BLACK
6
CONTINUOUS
10
5.8249104724409451
20
-4.0984823228346459
11
5.8248537401574803
21
-4.09790625984252
0
LINE
8
BLACK
6
CONTINUOUS
10
5.8248537401574803
20
-4.09790625984252
11
5.8248537401574803
21
-4.0821113385826768
0
LINE
8
BLACK
6
CONTINUOUS
10
5.8248537401574803
20
-4.0821113385826768
11
5.8199700393700784
21
-4.0821113385826768
0
LINE
8
BLACK
6
CONTINUOUS
10
5.8199700393700784
20
-4.0821113385826768
11
5.8077283070866139
21
-4.0995995669291334
0
LINE
8
BLACK
6
CONTINUOUS
10
5.8077283070866139
20
-4.0995995669291334
11
5.8073514960629922
21
-4.1000389370078736
0
LINE
8
BLACK
6
CONTINUOUS
10
5.8073514960629922
20
-4.1000389370078736
11
5.8063798818897636
21
-4.1006581102362203
0
LINE
8
BLACK
6
CONTINUOUS
10
5.8063798818897636
20
-4.1006581102362203
11
5.8052453543307081
21
-4.1008583070866145
0
LINE
8
BLACK
6
CONTINUOUS
10
5.8052453543307081
20
-4.1008583070866145
11
5.8041205118110231
21
-4.100609133858268
0
LINE
8
BLACK
6
CONTINUOUS
10
5.8041205118110231
20
-4.100609133858268
11
5.8031766535433071
21
-4.0999484251968505
0
LINE
8
BLACK
6
CONTINUOUS
10
5.8031766535433071
20
-4.0999484251968505
11
5.8025574803149604
21
-4.098976811023622
0
LINE
8
BLACK
6
CONTINUOUS
10
5.8025574803149604
20
-4.098976811023622
11
5.8023572834645671
21
-4.0978422834645665
0
LINE
8
BLACK
6
CONTINUOUS
10
5.8023572834645671
20
-4.0978422834645665
11
5.8026064566929136
21
-4.0967174409448814
0
LINE
8
BLACK
6
CONTINUOUS
10
5.8026064566929136
20
-4.0967174409448814
11
5.8028903543307084
21
-4.0962129527559057
0
LINE
8
BLACK
6
CONTINUOUS
10
5.8028903543307084
20
-4.0962129527559057
11
5.812764488188976
21
-4.0821070078740158
0
LINE
8
BLACK
6
CONTINUOUS
10
5.812764488188976
20
-4.0821070078740158
11
5.812232322834646
21
-4.0820546062992129
0
LINE
8
BLACK
6
CONTINUOUS
10
5.812232322834646
20
-4.0820546062992129
11
5.8121343307086617
21
-4.0820140157480314
0
LINE
8
BLACK
6
CONTINUOUS
10
5.8121343307086617
20
-4.0820140157480314
11
5.8120284645669287
21
-4.0820064960629923
0
LINE
8
BLACK
6
CONTINUOUS
10
5.8120284645669287
20
-4.0820064960629923
11
5.8114878740157483
21
-4.0817996062992128
0
LINE
8
BLACK
6
CONTINUOUS
10
5.8114878740157483
20
-4.0817996062992128
11
5.8077383464566932
21
-4.0799248425196852
0
LINE
8
BLACK
6
CONTINUOUS
10
5.8077383464566932
20
-4.0799248425196852
11
5.8074903149606296
21
-4.0797687401574798
0
LINE
8
BLACK
6
CONTINUOUS
10
5.8074903149606296
20
-4.0797687401574798
11
5.8074183858267716
21
-4.0797389370078738
0
LINE
8
BLACK
6
CONTINUOUS
10
5.8074183858267716
20
-4.0797389370078738
11
5.8073374015748032
21
-4.0796724409448819
0
LINE
8
BLACK
6
CONTINUOUS
10
5.8073374015748032
20
-4.0796724409448819
11
5.8072484645669293
21
-4.0796164960629921
0
LINE
8
BLACK
6
CONTINUOUS
10
5.8072484645669293
20
-4.0796164960629921
11
5.8071972834645669
21
-4.0795574803149606
0
LINE
8
BLACK
6
CONTINUOUS
10
5.8071972834645669
20
-4.0795574803149606
11
5.8069709448818898
21
-4.0793717322834642
0
LINE
8
BLACK
6
CONTINUOUS
10
5.8069709448818898
20
-4.0793717322834642
11
5.8050961811023623
21
-4.0774969685039366
0
LINE
8
BLACK
6
CONTINUOUS
10
5.8050961811023623
20
-4.0774969685039366
11
5.8049103937007871
21
-4.0772705905511808
0
LINE
8
BLACK
6
CONTINUOUS
10
5.8049103937007871
20
-4.0772705905511808
11
5.8048514173228343
21
-4.077219448818898
0
LINE
8
BLACK
6
CONTINUOUS
10
5.8048514173228343
20
-4.077219448818898
11
5.8047954330708658
21
-4.0771304724409445
0
LINE
8
BLACK
6
CONTINUOUS
10
5.8047954330708658
20
-4.0771304724409445
11
5.8047289763779526
21
-4.0770495275590548
0
LINE
8
BLACK
6
CONTINUOUS
10
5.8047289763779526
20
-4.0770495275590548
11
5.8046991338582679
21
-4.076977559055118
0
LINE
8
BLACK
6
CONTINUOUS
10
5.8046991338582679
20
-4.076977559055118
11
5.8045430708661412
21
-4.0767295669291341
0
LINE
8
BLACK
6
CONTINUOUS
10
5.8045430708661412
20
-4.0767295669291341
11
5.8026683070866136
21
-4.072980039370079
0
LINE
8
BLACK
6
CONTINUOUS
10
5.8026683070866136
20
-4.072980039370079
11
5.8024614173228342
21
-4.072439409448819
0
LINE
8
BLACK
6
CONTINUOUS
10
5.8024614173228342
20
-4.072439409448819
11
5.8024538976377951
21
-4.0723335826771656
0
LINE
8
BLACK
6
CONTINUOUS
10
5.8024538976377951
20
-4.0723335826771656
11
5.8024133070866144
21
-4.0722355905511813
0
LINE
8
BLACK
6
CONTINUOUS
10
5.8024133070866144
20
-4.0722355905511813
11
5.8023565748031496
21
-4.0716595275590555
0
LINE
8
BLACK
6
CONTINUOUS
10
5.8023565748031496
20
-4.0716595275590555
11
5.8023565748031496
21
-4.0660352362204719
0
LINE
8
BLACK
6
CONTINUOUS
10
5.8023565748031496
20
-4.0660352362204719
11
5.8024133070866144
21
-4.065459173228346
0
LINE
8
BLACK
6
CONTINUOUS
10
5.8024133070866144
20
-4.065459173228346
11
5.8024538976377951
21
-4.065361141732283
0
LINE
8
BLACK
6
CONTINUOUS
10
5.8024538976377951
20
-4.065361141732283
11
5.8024614173228342
21
-4.0652553543307084
0
LINE
8
BLACK
6
CONTINUOUS
10
5.8024614173228342
20
-4.0652553543307084
11
5.8026683070866136
21
-4.0647147244094484
0
LINE
8
BLACK
6
CONTINUOUS
10
5.8026683070866136
20
-4.0647147244094484
11
5.8045430708661412
21
-4.0609651968503933
0
LINE
8
BLACK
6
CONTINUOUS
10
5.8045430708661412
20
-4.0609651968503933
11
5.8046991338582679
21
-4.0607171653543306
0
LINE
8
BLACK
6
CONTINUOUS
10
5.8046991338582679
20
-4.0607171653543306
11
5.8047289763779526
21
-4.0606452362204726
0
LINE
8
BLACK
6
CONTINUOUS
10
5.8047289763779526
20
-4.0606452362204726
11
5.8047954330708658
21
-4.0605642519685041
0
LINE
8
BLACK
6
CONTINUOUS
10
5.8047954330708658
20
-4.0605642519685041
11
5.8048514173228343
21
-4.0604753149606294
0
LINE
8
BLACK
6
CONTINUOUS
10
5.8048514173228343
20
-4.0604753149606294
11
5.8049103937007871
21
-4.0604241338582678
0
LINE
8
BLACK
6
CONTINUOUS
10
5.8049103937007871
20
-4.0604241338582678
11
5.8050961811023623
21
-4.0601977952755908
0
LINE
8
BLACK
6
CONTINUOUS
10
5.8050961811023623
20
-4.0601977952755908
11
5.8069709448818898
21
-4.0583230314960632
0
LINE
8
BLACK
6
CONTINUOUS
10
5.8069709448818898
20
-4.0583230314960632
11
5.8071972834645669
21
-4.0581372440944881
0
LINE
8
BLACK
6
CONTINUOUS
10
5.8071972834645669
20
-4.0581372440944881
11
5.8072484645669293
21
-4.0580782677165352
0
LINE
8
BLACK
6
CONTINUOUS
10
5.8072484645669293
20
-4.0580782677165352
11
5.8073374015748032
21
-4.0580222834645667
0
LINE
8
BLACK
6
CONTINUOUS
10
5.8073374015748032
20
-4.0580222834645667
11
5.8074183858267716
21
-4.0579558267716536
0
LINE
8
BLACK
6
CONTINUOUS
10
5.8074183858267716
20
-4.0579558267716536
11
5.8074903149606296
21
-4.0579259842519688
0
LINE
8
BLACK
6
CONTINUOUS
10
5.8074903149606296
20
-4.0579259842519688
11
5.8077383464566932
21
-4.0577699212598421
0
LINE
8
BLACK
6
CONTINUOUS
10
5.8077383464566932
20
-4.0577699212598421
11
5.8114878740157483
21
-4.0558951574803146
0
LINE
8
BLACK
6
CONTINUOUS
10
5.8114878740157483
20
-4.0558951574803146
11
5.8120284645669287
21
-4.0556882677165351
0
LINE
8
BLACK
6
CONTINUOUS
10
5.8120284645669287
20
-4.0556882677165351
11
5.8121343307086617
21
-4.0556807086614173
0
LINE
8
BLACK
6
CONTINUOUS
10
5.8121343307086617
20
-4.0556807086614173
11
5.812232322834646
21
-4.0556401574803145
0
LINE
8
BLACK
6
CONTINUOUS
10
5.812232322834646
20
-4.0556401574803145
11
5.8128083858267718
21
-4.0555834251968506
0
LINE
8
BLACK
6
CONTINUOUS
10
5.8128083858267718
20
-4.0555834251968506
11
5.8278064960629923
21
-4.0555834251968506
0
LINE
8
BLACK
6
CONTINUOUS
10
5.8278064960629923
20
-4.0555834251968506
11
5.8283825590551182
21
-4.0556401574803145
0
LINE
8
BLACK
6
CONTINUOUS
10
5.8108079527559058
20
-4.062837677165354
11
5.8096108267716531
21
-4.0640348031496059
0
LINE
8
BLACK
6
CONTINUOUS
10
5.8096108267716531
20
-4.0640348031496059
11
5.8082620866141728
21
-4.0667322834645665
0
LINE
8
BLACK
6
CONTINUOUS
10
5.8082620866141728
20
-4.0667322834645665
11
5.8082620866141728
21
-4.0709624803149609
0
LINE
8
BLACK
6
CONTINUOUS
10
5.8082620866141728
20
-4.0709624803149609
11
5.8096108267716531
21
-4.0736599606299215
0
LINE
8
BLACK
6
CONTINUOUS
10
5.8096108267716531
20
-4.0736599606299215
11
5.8108079527559058
21
-4.0748570866141733
0
LINE
8
BLACK
6
CONTINUOUS
10
5.8108079527559058
20
-4.0748570866141733
11
5.8135054330708664
21
-4.0762058267716537
0
LINE
8
BLACK
6
CONTINUOUS
10
5.8135054330708664
20
-4.0762058267716537
11
5.8248537401574803
21
-4.0762058267716537
0
LINE
8
BLACK
6
CONTINUOUS
10
5.8248537401574803
20
-4.0762058267716537
11
5.8248537401574803
21
-4.0614889370078737
0
LINE
8
BLACK
6
CONTINUOUS
10
5.8248537401574803
20
-4.0614889370078737
11
5.8135054330708664
21
-4.0614889370078737
0
LINE
8
BLACK
6
CONTINUOUS
10
5.8135054330708664
20
-4.0614889370078737
11
5.8108079527559058
21
-4.062837677165354
0
LINE
8
BLACK
6
CONTINUOUS
10
4.8788948031496062
20
-4.0538135433070863
11
4.8799252362204726
21
-4.0543287401574801
0
LINE
8
BLACK
6
CONTINUOUS
10
4.8799252362204726
20
-4.0543287401574801
11
4.8806801181102362
21
-4.0551990944881888
0
LINE
8
BLACK
6
CONTINUOUS
10
4.8806801181102362
20
-4.0551990944881888
11
4.880916102362205
21
-4.0557276771653541
0
LINE
8
BLACK
6
CONTINUOUS
10
4.880916102362205
20
-4.0557276771653541
11
4.8902899212598427
21
-4.0838490944881887
0
LINE
8
BLACK
6
CONTINUOUS
10
4.8902899212598427
20
-4.0838490944881887
11
4.8903548425196846
21
-4.0841347244094486
0
LINE
8
BLACK
6
CONTINUOUS
10
4.8903548425196846
20
-4.0841347244094486
11
4.8903847244094489
21
-4.0842068110236216
0
LINE
8
BLACK
6
CONTINUOUS
10
4.8903847244094489
20
-4.0842068110236216
11
4.8903847244094489
21
-4.0842660236220469
0
LINE
8
BLACK
6
CONTINUOUS
10
4.8903847244094489
20
-4.0842660236220469
11
4.8904182677165355
21
-4.0844135433070869
0
LINE
8
BLACK
6
CONTINUOUS
10
4.8904182677165355
20
-4.0844135433070869
11
4.8903847244094489
21
-4.0848853937007874
0
LINE
8
BLACK
6
CONTINUOUS
10
4.8903847244094489
20
-4.0848853937007874
11
4.8903847244094489
21
-4.0853589370078742
0
LINE
8
BLACK
6
CONTINUOUS
10
4.8903847244094489
20
-4.0853589370078742
11
4.8903440551181099
21
-4.085457007874016
0
LINE
8
BLACK
6
CONTINUOUS
10
4.8903440551181099
20
-4.085457007874016
11
4.8903365748031495
21
-4.0855627559055119
0
LINE
8
BLACK
6
CONTINUOUS
10
4.8903365748031495
20
-4.0855627559055119
11
4.8901250000000003
21
-4.0859858661417325
0
LINE
8
BLACK
6
CONTINUOUS
10
4.8901250000000003
20
-4.0859858661417325
11
4.8899438188976374
21
-4.0864233464566926
0
LINE
8
BLACK
6
CONTINUOUS
10
4.8899438188976374
20
-4.0864233464566926
11
4.8898687795275588
21
-4.0864983464566924
0
LINE
8
BLACK
6
CONTINUOUS
10
4.8898687795275588
20
-4.0864983464566924
11
4.8898213779527557
21
-4.086593228346457
0
LINE
8
BLACK
6
CONTINUOUS
10
4.8898213779527557
20
-4.086593228346457
11
4.8894638976377953
21
-4.0869032283464568
0
LINE
8
BLACK
6
CONTINUOUS
10
4.8894638976377953
20
-4.0869032283464568
11
4.8891291732283459
21
-4.087237992125984
0
LINE
8
BLACK
6
CONTINUOUS
10
4.8891291732283459
20
-4.087237992125984
11
4.8890311023622042
21
-4.0872785826771656
0
LINE
8
BLACK
6
CONTINUOUS
10
4.8890311023622042
20
-4.0872785826771656
11
4.8889509842519683
21
-4.0873481102362206
0
LINE
8
BLACK
6
CONTINUOUS
10
4.8889509842519683
20
-4.0873481102362206
11
4.8885021259842523
21
-4.0874977165354327
0
LINE
8
BLACK
6
CONTINUOUS
10
4.8885021259842523
20
-4.0874977165354327
11
4.8880647637795276
21
-4.0876788976377956
0
LINE
8
BLACK
6
CONTINUOUS
10
4.8880647637795276
20
-4.0876788976377956
11
4.8879140944881891
21
-4.0876937007874012
0
LINE
8
BLACK
6
CONTINUOUS
10
4.8879140944881891
20
-4.0876937007874012
11
4.8878579921259844
21
-4.0877124409448822
0
LINE
8
BLACK
6
CONTINUOUS
10
4.8878579921259844
20
-4.0877124409448822
11
4.8877802362204728
21
-4.0877068897637798
0
LINE
8
BLACK
6
CONTINUOUS
10
4.8877802362204728
20
-4.0877068897637798
11
4.8874887007874017
21
-4.0877356299212595
0
LINE
8
BLACK
6
CONTINUOUS
10
4.8874887007874017
20
-4.0877356299212595
11
4.8716938188976373
21
-4.0877356299212595
0
LINE
8
BLACK
6
CONTINUOUS
10
4.8716938188976373
20
-4.0877356299212595
11
4.8716938188976373
21
-4.09790625984252
0
LINE
8
BLACK
6
CONTINUOUS
10
4.8716938188976373
20
-4.09790625984252
11
4.8716370866141734
21
-4.0984823228346459
0
LINE
8
BLACK
6
CONTINUOUS
10
4.8716370866141734
20
-4.0984823228346459
11
4.8711961811023619
21
-4.0995467322834642
0
LINE
8
BLACK
6
CONTINUOUS
10
4.8711961811023619
20
-4.0995467322834642
11
4.8703815354330704
21
-4.1003613779527557
0
LINE
8
BLACK
6
CONTINUOUS
10
4.8703815354330704
20
-4.1003613779527557
11
4.869317125984252
21
-4.1008022834645672
0
LINE
8
BLACK
6
CONTINUOUS
10
4.869317125984252
20
-4.1008022834645672
11
4.8681650000000003
21
-4.1008022834645672
0
LINE
8
BLACK
6
CONTINUOUS
10
4.8681650000000003
20
-4.1008022834645672
11
4.867100590551181
21
-4.1003613779527557
0
LINE
8
BLACK
6
CONTINUOUS
10
4.867100590551181
20
-4.1003613779527557
11
4.8662859448818896
21
-4.0995467322834642
0
LINE
8
BLACK
6
CONTINUOUS
10
4.8662859448818896
20
-4.0995467322834642
11
4.865845039370079
21
-4.0984823228346459
0
LINE
8
BLACK
6
CONTINUOUS
10
4.865845039370079
20
-4.0984823228346459
11
4.8657883070866141
21
-4.09790625984252
0
LINE
8
BLACK
6
CONTINUOUS
10
4.8657883070866141
20
-4.09790625984252
11
4.8657883070866141
21
-4.0877356299212595
0
LINE
8
BLACK
6
CONTINUOUS
10
4.8657883070866141
20
-4.0877356299212595
11
4.8631167716535435
21
-4.0877356299212595
0
LINE
8
BLACK
6
CONTINUOUS
10
4.8631167716535435
20
-4.0877356299212595
11
4.8625407086614176
21
-4.0876788976377956
0
LINE
8
BLACK
6
CONTINUOUS
10
4.8625407086614176
20
-4.0876788976377956
11
4.8614762992125984
21
-4.087237992125984
0
LINE
8
BLACK
6
CONTINUOUS
10
4.8614762992125984
20
-4.087237992125984
11
4.8606616535433069
21
-4.0864233464566926
0
LINE
8
BLACK
6
CONTINUOUS
10
4.8606616535433069
20
-4.0864233464566926
11
4.8602207480314963
21
-4.0853589370078742
0
LINE
8
BLACK
6
CONTINUOUS
10
4.8602207480314963
20
-4.0853589370078742
11
4.8602207480314963
21
-4.0842068110236216
0
LINE
8
BLACK
6
CONTINUOUS
10
4.8602207480314963
20
-4.0842068110236216
11
4.8606616535433069
21
-4.0831424015748032
0
LINE
8
BLACK
6
CONTINUOUS
10
4.8606616535433069
20
-4.0831424015748032
11
4.8614762992125984
21
-4.0823277559055118
0
LINE
8
BLACK
6
CONTINUOUS
10
4.8614762992125984
20
-4.0823277559055118
11
4.8625407086614176
21
-4.0818868503937011
0
LINE
8
BLACK
6
CONTINUOUS
10
4.8625407086614176
20
-4.0818868503937011
11
4.8631167716535435
21
-4.0818301181102363
0
LINE
8
BLACK
6
CONTINUOUS
10
4.8631167716535435
20
-4.0818301181102363
11
4.8657883070866141
21
-4.0818301181102363
0
LINE
8
BLACK
6
CONTINUOUS
10
4.8657883070866141
20
-4.0818301181102363
11
4.8657883070866141
21
-4.0716595275590555
0
LINE
8
BLACK
6
CONTINUOUS
10
4.8657883070866141
20
-4.0716595275590555
11
4.865845039370079
21
-4.0710834645669287
0
LINE
8
BLACK
6
CONTINUOUS
10
4.865845039370079
20
-4.0710834645669287
11
4.8662859448818896
21
-4.0700190551181104
0
LINE
8
BLACK
6
CONTINUOUS
10
4.8662859448818896
20
-4.0700190551181104
11
4.867100590551181
21
-4.0692044094488189
0
LINE
8
BLACK
6
CONTINUOUS
10
4.867100590551181
20
-4.0692044094488189
11
4.8681650000000003
21
-4.0687635039370074
0
LINE
8
BLACK
6
CONTINUOUS
10
4.8681650000000003
20
-4.0687635039370074
11
4.869317125984252
21
-4.0687635039370074
0
LINE
8
BLACK
6
CONTINUOUS
10
4.869317125984252
20
-4.0687635039370074
11
4.8703815354330704
21
-4.0692044094488189
0
LINE
8
BLACK
6
CONTINUOUS
10
4.8703815354330704
20
-4.0692044094488189
11
4.8711961811023619
21
-4.0700190551181104
0
LINE
8
BLACK
6
CONTINUOUS
10
4.8711961811023619
20
-4.0700190551181104
11
4.8716370866141734
21
-4.0710834645669287
0
LINE
8
BLACK
6
CONTINUOUS
10
4.8716370866141734
20
-4.0710834645669287
11
4.8716938188976373
21
-4.0716595275590555
0
LINE
8
BLACK
6
CONTINUOUS
10
4.8716938188976373
20
-4.0716595275590555
11
4.8716938188976373
21
-4.0818301181102363
0
LINE
8
BLACK
6
CONTINUOUS
10
4.8716938188976373
20
-4.0818301181102363
11
4.8833919685039371
21
-4.0818301181102363
0
LINE
8
BLACK
6
CONTINUOUS
10
4.8833919685039371
20
-4.0818301181102363
11
4.8753136614173229
21
-4.0575951574803151
0
LINE
8
BLACK
6
CONTINUOUS
10
4.8753136614173229
20
-4.0575951574803151
11
4.8751853149606301
21
-4.0570307086614168
0
LINE
8
BLACK
6
CONTINUOUS
10
4.8751853149606301
20
-4.0570307086614168
11
4.8752670078740152
21
-4.0558814960629919
0
LINE
8
BLACK
6
CONTINUOUS
10
4.8752670078740152
20
-4.0558814960629919
11
4.875782204724409
21
-4.0548510629921255
0
LINE
8
BLACK
6
CONTINUOUS
10
4.875782204724409
20
-4.0548510629921255
11
4.8766525590551177
21
-4.0540961811023619
0
LINE
8
BLACK
6
CONTINUOUS
10
4.8766525590551177
20
-4.0540961811023619
11
4.8777455905511813
21
-4.0537318503937003
0
LINE
8
BLACK
6
CONTINUOUS
10
4.8777455905511813
20
-4.0537318503937003
11
4.8788948031496062
21
-4.0538135433070863
0
LINE
8
BLACK
6
CONTINUOUS
10
5.3806016929133857
20
-4.0506007874015744
11
5.3808909842519688
21
-4.0506007874015744
0
LINE
8
BLACK
6
CONTINUOUS
10
5.3808909842519688
20
-4.0506007874015744
11
5.3811610629921258
21
-4.0507126377952751
0
LINE
8
BLACK
6
CONTINUOUS
10
5.3811610629921258
20
-4.0507126377952751
11
5.3814477165354333
21
-4.05077
0
LINE
8
BLACK
6
CONTINUOUS
10
5.3814477165354333
20
-4.05077
11
5.3816880708661419
21
-4.0509309448818893
0
LINE
8
BLACK
6
CONTINUOUS
10
5.3816880708661419
20
-4.0509309448818893
11
5.3819553937007871
21
-4.0510416929133859
0
LINE
8
BLACK
6
CONTINUOUS
10
5.3819553937007871
20
-4.0510416929133859
11
5.3821620866141728
21
-4.0512483858267716
0
LINE
8
BLACK
6
CONTINUOUS
10
5.3821620866141728
20
-4.0512483858267716
11
5.3824049999999994
21
-4.0514110629921261
0
LINE
8
BLACK
6
CONTINUOUS
10
5.3824049999999994
20
-4.0514110629921261
11
5.3827679921259843
21
-4.0518542913385822
0
LINE
8
BLACK
6
CONTINUOUS
10
5.3827679921259843
20
-4.0518542913385822
11
5.3827700393700786
21
-4.0518563385826774
0
LINE
8
BLACK
6
CONTINUOUS
10
5.3827700393700786
20
-4.0518563385826774
11
5.3827703937007874
21
-4.051857204724409
0
LINE
8
BLACK
6
CONTINUOUS
10
5.3827703937007874
20
-4.051857204724409
11
5.3827717716535428
21
-4.0518588976377954
0
LINE
8
BLACK
6
CONTINUOUS
10
5.3827717716535428
20
-4.0518588976377954
11
5.3863590944881885
21
-4.0572399212598427
0
LINE
8
BLACK
6
CONTINUOUS
10
5.3863590944881885
20
-4.0572399212598427
11
5.3895630708661413
21
-4.0604438976377955
0
LINE
8
BLACK
6
CONTINUOUS
10
5.3895630708661413
20
-4.0604438976377955
11
5.3928840157480318
21
-4.0621043700787398
0
LINE
8
BLACK
6
CONTINUOUS
10
5.3928840157480318
20
-4.0621043700787398
11
5.3933738976377947
21
-4.0624127165354329
0
LINE
8
BLACK
6
CONTINUOUS
10
5.3933738976377947
20
-4.0624127165354329
11
5.3941287401574805
21
-4.0632831102362204
0
LINE
8
BLACK
6
CONTINUOUS
10
5.3941287401574805
20
-4.0632831102362204
11
5.394493070866142
21
-4.0643760629921255
0
LINE
8
BLACK
6
CONTINUOUS
10
5.394493070866142
20
-4.0643760629921255
11
5.3944114173228348
21
-4.0655252755905513
0
LINE
8
BLACK
6
CONTINUOUS
10
5.3944114173228348
20
-4.0655252755905513
11
5.3938961417322835
21
-4.0665557874015743
0
LINE
8
BLACK
6
CONTINUOUS
10
5.3938961417322835
20
-4.0665557874015743
11
5.3930257874015748
21
-4.06731062992126
0
LINE
8
BLACK
6
CONTINUOUS
10
5.3930257874015748
20
-4.06731062992126
11
5.39193279527559
21
-4.0676749606299207
0
LINE
8
BLACK
6
CONTINUOUS
10
5.39193279527559
20
-4.0676749606299207
11
5.3907835826771651
21
-4.0675933070866144
0
LINE
8
BLACK
6
CONTINUOUS
10
5.3907835826771651
20
-4.0675933070866144
11
5.3902429921259838
21
-4.0673864173228349
0
LINE
8
BLACK
6
CONTINUOUS
10
5.3902429921259838
20
-4.0673864173228349
11
5.3864934645669287
21
-4.0655116535433073
0
LINE
8
BLACK
6
CONTINUOUS
10
5.3864934645669287
20
-4.0655116535433073
11
5.3862456299212598
21
-4.0653556299212594
0
LINE
8
BLACK
6
CONTINUOUS
10
5.3862456299212598
20
-4.0653556299212594
11
5.386173503937008
21
-4.0653257874015747
0
LINE
8
BLACK
6
CONTINUOUS
10
5.386173503937008
20
-4.0653257874015747
11
5.3860923228346458
21
-4.0652591732283465
0
LINE
8
BLACK
6
CONTINUOUS
10
5.3860923228346458
20
-4.0652591732283465
11
5.3860035826771648
21
-4.0652033070866143
0
LINE
8
BLACK
6
CONTINUOUS
10
5.3860035826771648
20
-4.0652033070866143
11
5.385952440944882
21
-4.0651443700787402
0
LINE
8
BLACK
6
CONTINUOUS
10
5.385952440944882
20
-4.0651443700787402
11
5.3857260629921262
21
-4.0649585433070863
0
LINE
8
BLACK
6
CONTINUOUS
10
5.3857260629921262
20
-4.0649585433070863
11
5.383267677165354
21
-4.062500157480315
0
LINE
8
BLACK
6
CONTINUOUS
10
5.383267677165354
20
-4.062500157480315
11
5.383267677165354
21
-4.0899141338582679
0
LINE
8
BLACK
6
CONTINUOUS
10
5.383267677165354
20
-4.0899141338582679
11
5.3915635039370073
21
-4.0899141338582679
0
LINE
8
BLACK
6
CONTINUOUS
10
5.3915635039370073
20
-4.0899141338582679
11
5.3921395669291341
21
-4.0899708661417318
0
LINE
8
BLACK
6
CONTINUOUS
10
5.3921395669291341
20
-4.0899708661417318
11
5.3932039763779525
21
-4.0904117716535433
0
LINE
8
BLACK
6
CONTINUOUS
10
5.3932039763779525
20
-4.0904117716535433
11
5.3940186220472439
21
-4.0912264173228348
0
LINE
8
BLACK
6
CONTINUOUS
10
5.3940186220472439
20
-4.0912264173228348
11
5.3944595275590546
21
-4.0922908267716531
0
LINE
8
BLACK
6
CONTINUOUS
10
5.3944595275590546
20
-4.0922908267716531
11
5.3944595275590546
21
-4.0934429527559058
0
LINE
8
BLACK
6
CONTINUOUS
10
5.3944595275590546
20
-4.0934429527559058
11
5.3940186220472439
21
-4.0945073622047241
0
LINE
8
BLACK
6
CONTINUOUS
10
5.3940186220472439
20
-4.0945073622047241
11
5.3932039763779525
21
-4.0953220078740156
0
LINE
8
BLACK
6
CONTINUOUS
10
5.3932039763779525
20
-4.0953220078740156
11
5.3921395669291341
21
-4.0957629133858271
0
LINE
8
BLACK
6
CONTINUOUS
10
5.3921395669291341
20
-4.0957629133858271
11
5.3915635039370073
21
-4.095819645669291
0
LINE
8
BLACK
6
CONTINUOUS
10
5.3915635039370073
20
-4.095819645669291
11
5.3690663385826767
21
-4.095819645669291
0
LINE
8
BLACK
6
CONTINUOUS
10
5.3690663385826767
20
-4.095819645669291
11
5.3684902755905508
21
-4.0957629133858271
0
LINE
8
BLACK
6
CONTINUOUS
10
5.3684902755905508
20
-4.0957629133858271
11
5.3674258661417324
21
-4.0953220078740156
0
LINE
8
BLACK
6
CONTINUOUS
10
5.3674258661417324
20
-4.0953220078740156
11
5.366611220472441
21
-4.0945073622047241
0
LINE
8
BLACK
6
CONTINUOUS
10
5.366611220472441
20
-4.0945073622047241
11
5.3661703149606295
21
-4.0934429527559058
0
LINE
8
BLACK
6
CONTINUOUS
10
5.3661703149606295
20
-4.0934429527559058
11
5.3661703149606295
21
-4.0922908267716531
0
LINE
8
BLACK
6
CONTINUOUS
10
5.3661703149606295
20
-4.0922908267716531
11
5.366611220472441
21
-4.0912264173228348
0
LINE
8
BLACK
6
CONTINUOUS
10
5.366611220472441
20
-4.0912264173228348
11
5.3674258661417324
21
-4.0904117716535433
0
LINE
8
BLACK
6
CONTINUOUS
10
5.3674258661417324
20
-4.0904117716535433
11
5.3684902755905508
21
-4.0899708661417318
0
LINE
8
BLACK
6
CONTINUOUS
10
5.3684902755905508
20
-4.0899708661417318
11
5.3690663385826767
21
-4.0899141338582679
0
LINE
8
BLACK
6
CONTINUOUS
10
5.3690663385826767
20
-4.0899141338582679
11
5.3773621653543309
21
-4.0899141338582679
0
LINE
8
BLACK
6
CONTINUOUS
10
5.3773621653543309
20
-4.0899141338582679
11
5.3773621653543309
21
-4.0534968110236216
0
LINE
8
BLACK
6
CONTINUOUS
10
5.3773621653543309
20
-4.0534968110236216
11
5.3773623622047246
21
-4.0534947244094486
0
LINE
8
BLACK
6
CONTINUOUS
10
5.3773623622047246
20
-4.0534947244094486
11
5.3773621653543309
21
-4.0534937007874019
0
LINE
8
BLACK
6
CONTINUOUS
10
5.3773621653543309
20
-4.0534937007874019
11
5.3773627559055113
21
-4.0534906692913388
0
LINE
8
BLACK
6
CONTINUOUS
10
5.3773627559055113
20
-4.0534906692913388
11
5.3774188976377948
21
-4.0529207480314957
0
LINE
8
BLACK
6
CONTINUOUS
10
5.3774188976377948
20
-4.0529207480314957
11
5.3775307480314956
21
-4.0526506299212599
0
LINE
8
BLACK
6
CONTINUOUS
10
5.3775307480314956
20
-4.0526506299212599
11
5.3775881102362204
21
-4.0523640157480312
0
LINE
8
BLACK
6
CONTINUOUS
10
5.3775881102362204
20
-4.0523640157480312
11
5.3777490551181097
21
-4.0521236220472439
0
LINE
8
BLACK
6
CONTINUOUS
10
5.3777490551181097
20
-4.0521236220472439
11
5.3778598031496063
21
-4.0518563385826774
0
LINE
8
BLACK
6
CONTINUOUS
10
5.3778598031496063
20
-4.0518563385826774
11
5.378066496062992
21
-4.0516496062992129
0
LINE
8
BLACK
6
CONTINUOUS
10
5.378066496062992
20
-4.0516496062992129
11
5.3782291732283465
21
-4.0514067322834642
0
LINE
8
BLACK
6
CONTINUOUS
10
5.3782291732283465
20
-4.0514067322834642
11
5.3784698818897638
21
-4.0512462204724411
0
LINE
8
BLACK
6
CONTINUOUS
10
5.3784698818897638
20
-4.0512462204724411
11
5.3786744488188978
21
-4.0510416929133859
0
LINE
8
BLACK
6
CONTINUOUS
10
5.3786744488188978
20
-4.0510416929133859
11
5.3789445275590548
21
-4.0509298031496064
0
LINE
8
BLACK
6
CONTINUOUS
10
5.3789445275590548
20
-4.0509298031496064
11
5.3791877952755902
21
-4.0507676377952757
0
LINE
8
BLACK
6
CONTINUOUS
10
5.3791877952755902
20
-4.0507676377952757
11
5.3794715748031496
21
-4.0507114960629922
0
LINE
8
BLACK
6
CONTINUOUS
10
5.3794715748031496
20
-4.0507114960629922
11
5.3797388582677161
21
-4.0506007874015744
0
LINE
8
BLACK
6
CONTINUOUS
10
5.3797388582677161
20
-4.0506007874015744
11
5.3800312598425197
21
-4.0506007874015744
0
LINE
8
BLACK
6
CONTINUOUS
10
5.3800312598425197
20
-4.0506007874015744
11
5.3803180314960626
21
-4.0505440551181104
0
LINE
8
BLACK
6
CONTINUOUS
10
5.3803180314960626
20
-4.0505440551181104
11
5.3806016929133857
21
-4.0506007874015744
0
LINE
8
BLACK
6
CONTINUOUS
10
5.429634881889764
20
-4.0506007874015744
11
5.4306992913385823
21
-4.0510416929133859
0
LINE
8
BLACK
6
CONTINUOUS
10
5.4306992913385823
20
-4.0510416929133859
11
5.4315139370078738
21
-4.0518563385826774
0
LINE
8
BLACK
6
CONTINUOUS
10
5.4315139370078738
20
-4.0518563385826774
11
5.4319548425196853
21
-4.0529207480314957
0
LINE
8
BLACK
6
CONTINUOUS
10
5.4319548425196853
20
-4.0529207480314957
11
5.4320115748031492
21
-4.0534968110236216
0
LINE
8
BLACK
6
CONTINUOUS
10
5.4320115748031492
20
-4.0534968110236216
11
5.4320115748031492
21
-4.092866889763779
0
LINE
8
BLACK
6
CONTINUOUS
10
5.4320115748031492
20
-4.092866889763779
11
5.4319548425196853
21
-4.0934429527559058
0
LINE
8
BLACK
6
CONTINUOUS
10
5.4319548425196853
20
-4.0934429527559058
11
5.4315139370078738
21
-4.0945073622047241
0
LINE
8
BLACK
6
CONTINUOUS
10
5.4315139370078738
20
-4.0945073622047241
11
5.4306992913385823
21
-4.0953220078740156
0
LINE
8
BLACK
6
CONTINUOUS
10
5.4306992913385823
20
-4.0953220078740156
11
5.429634881889764
21
-4.0957629133858271
0
LINE
8
BLACK
6
CONTINUOUS
10
5.429634881889764
20
-4.0957629133858271
11
5.4284827559055113
21
-4.0957629133858271
0
LINE
8
BLACK
6
CONTINUOUS
10
5.4284827559055113
20
-4.0957629133858271
11
5.427418346456693
21
-4.0953220078740156
0
LINE
8
BLACK
6
CONTINUOUS
10
5.427418346456693
20
-4.0953220078740156
11
5.4266037007874015
21
-4.0945073622047241
0
LINE
8
BLACK
6
CONTINUOUS
10
5.4266037007874015
20
-4.0945073622047241
11
5.4261627952755909
21
-4.0934429527559058
0
LINE
8
BLACK
6
CONTINUOUS
10
5.4261627952755909
20
-4.0934429527559058
11
5.4261060629921261
21
-4.092866889763779
0
LINE
8
BLACK
6
CONTINUOUS
10
5.4261060629921261
20
-4.092866889763779
11
5.4261060629921261
21
-4.0770719685039367
0
LINE
8
BLACK
6
CONTINUOUS
10
5.4261060629921261
20
-4.0770719685039367
11
5.4212223622047242
21
-4.0770719685039367
0
LINE
8
BLACK
6
CONTINUOUS
10
5.4212223622047242
20
-4.0770719685039367
11
5.4089806299212597
21
-4.0945601968503933
0
LINE
8
BLACK
6
CONTINUOUS
10
5.4089806299212597
20
-4.0945601968503933
11
5.408603818897638
21
-4.0949995669291335
0
LINE
8
BLACK
6
CONTINUOUS
10
5.408603818897638
20
-4.0949995669291335
11
5.4076322047244094
21
-4.0956187401574802
0
LINE
8
BLACK
6
CONTINUOUS
10
5.4076322047244094
20
-4.0956187401574802
11
5.4064976771653539
21
-4.0958189370078744
0
LINE
8
BLACK
6
CONTINUOUS
10
5.4064976771653539
20
-4.0958189370078744
11
5.4053728346456689
21
-4.0955697637795279
0
LINE
8
BLACK
6
CONTINUOUS
10
5.4053728346456689
20
-4.0955697637795279
11
5.4044289763779529
21
-4.0949090551181104
0
LINE
8
BLACK
6
CONTINUOUS
10
5.4044289763779529
20
-4.0949090551181104
11
5.4038098031496062
21
-4.0939374409448819
0
LINE
8
BLACK
6
CONTINUOUS
10
5.4038098031496062
20
-4.0939374409448819
11
5.4036096062992121
21
-4.0928029133858264
0
LINE
8
BLACK
6
CONTINUOUS
10
5.4036096062992121
20
-4.0928029133858264
11
5.4038587795275586
21
-4.0916780708661413
0
LINE
8
BLACK
6
CONTINUOUS
10
5.4038587795275586
20
-4.0916780708661413
11
5.4041426771653542
21
-4.0911735826771656
0
LINE
8
BLACK
6
CONTINUOUS
10
5.4041426771653542
20
-4.0911735826771656
11
5.4140168110236218
21
-4.0770676377952757
0
LINE
8
BLACK
6
CONTINUOUS
10
5.4140168110236218
20
-4.0770676377952757
11
5.4134846456692909
21
-4.0770152362204719
0
LINE
8
BLACK
6
CONTINUOUS
10
5.4134846456692909
20
-4.0770152362204719
11
5.4133866535433066
21
-4.0769746456692912
0
LINE
8
BLACK
6
CONTINUOUS
10
5.4133866535433066
20
-4.0769746456692912
11
5.4132807874015745
21
-4.0769671259842521
0
LINE
8
BLACK
6
CONTINUOUS
10
5.4132807874015745
20
-4.0769671259842521
11
5.4127401968503932
21
-4.0767602362204727
0
LINE
8
BLACK
6
CONTINUOUS
10
5.4127401968503932
20
-4.0767602362204727
11
5.4089906692913381
21
-4.0748854724409451
0
LINE
8
BLACK
6
CONTINUOUS
10
5.4089906692913381
20
-4.0748854724409451
11
5.4087426377952754
21
-4.0747293700787397
0
LINE
8
BLACK
6
CONTINUOUS
10
5.4087426377952754
20
-4.0747293700787397
11
5.4086707086614174
21
-4.0746995669291337
0
LINE
8
BLACK
6
CONTINUOUS
10
5.4086707086614174
20
-4.0746995669291337
11
5.408589724409449
21
-4.0746330708661418
0
LINE
8
BLACK
6
CONTINUOUS
10
5.408589724409449
20
-4.0746330708661418
11
5.4085007874015743
21
-4.074577125984252
0
LINE
8
BLACK
6
CONTINUOUS
10
5.4085007874015743
20
-4.074577125984252
11
5.4084496062992127
21
-4.0745181102362205
0
LINE
8
BLACK
6
CONTINUOUS
10
5.4084496062992127
20
-4.0745181102362205
11
5.4082232677165356
21
-4.0743323622047241
0
LINE
8
BLACK
6
CONTINUOUS
10
5.4082232677165356
20
-4.0743323622047241
11
5.4063485039370081
21
-4.0724575984251965
0
LINE
8
BLACK
6
CONTINUOUS
10
5.4063485039370081
20
-4.0724575984251965
11
5.4061627165354329
21
-4.0722312204724407
0
LINE
8
BLACK
6
CONTINUOUS
10
5.4061627165354329
20
-4.0722312204724407
11
5.4061037401574801
21
-4.072180078740157
0
LINE
8
BLACK
6
CONTINUOUS
10
5.4061037401574801
20
-4.072180078740157
11
5.4060477559055116
21
-4.0720911023622044
0
LINE
8
BLACK
6
CONTINUOUS
10
5.4060477559055116
20
-4.0720911023622044
11
5.4059812992125984
21
-4.0720101574803147
0
LINE
8
BLACK
6
CONTINUOUS
10
5.4059812992125984
20
-4.0720101574803147
11
5.4059514566929137
21
-4.0719381889763779
0
LINE
8
BLACK
6
CONTINUOUS
10
5.4059514566929137
20
-4.0719381889763779
11
5.405795393700787
21
-4.071690196850394
0
LINE
8
BLACK
6
CONTINUOUS
10
5.405795393700787
20
-4.071690196850394
11
5.4039206299212594
21
-4.0679406692913389
0
LINE
8
BLACK
6
CONTINUOUS
10
5.4039206299212594
20
-4.0679406692913389
11
5.40371374015748
21
-4.0674000393700789
0
LINE
8
BLACK
6
CONTINUOUS
10
5.40371374015748
20
-4.0674000393700789
11
5.4037062204724409
21
-4.0672942125984255
0
LINE
8
BLACK
6
CONTINUOUS
10
5.4037062204724409
20
-4.0672942125984255
11
5.4036656299212593
21
-4.0671962204724412
0
LINE
8
BLACK
6
CONTINUOUS
10
5.4036656299212593
20
-4.0671962204724412
11
5.4036088976377954
21
-4.0666201574803145
0
LINE
8
BLACK
6
CONTINUOUS
10
5.4036088976377954
20
-4.0666201574803145
11
5.4036088976377954
21
-4.0609958661417318
0
LINE
8
BLACK
6
CONTINUOUS
10
5.4036088976377954
20
-4.0609958661417318
11
5.4036656299212593
21
-4.0604198031496059
0
LINE
8
BLACK
6
CONTINUOUS
10
5.4036656299212593
20
-4.0604198031496059
11
5.4037062204724409
21
-4.0603217716535429
0
LINE
8
BLACK
6
CONTINUOUS
10
5.4037062204724409
20
-4.0603217716535429
11
5.40371374015748
21
-4.0602159842519683
0
LINE
8
BLACK
6
CONTINUOUS
10
5.40371374015748
20
-4.0602159842519683
11
5.4039206299212594
21
-4.0596753543307083
0
LINE
8
BLACK
6
CONTINUOUS
10
5.4039206299212594
20
-4.0596753543307083
11
5.405795393700787
21
-4.0559258267716531
0
LINE
8
BLACK
6
CONTINUOUS
10
5.405795393700787
20
-4.0559258267716531
11
5.4059514566929137
21
-4.0556777952755905
0
LINE
8
BLACK
6
CONTINUOUS
10
5.4059514566929137
20
-4.0556777952755905
11
5.4059812992125984
21
-4.0556058661417325
0
LINE
8
BLACK
6
CONTINUOUS
10
5.4059812992125984
20
-4.0556058661417325
11
5.4060477559055116
21
-4.055524881889764
0
LINE
8
BLACK
6
CONTINUOUS
10
5.4060477559055116
20
-4.055524881889764
11
5.4061037401574801
21
-4.0554359448818893
0
LINE
8
BLACK
6
CONTINUOUS
10
5.4061037401574801
20
-4.0554359448818893
11
5.4061627165354329
21
-4.0553847637795277
0
LINE
8
BLACK
6
CONTINUOUS
10
5.4061627165354329
20
-4.0553847637795277
11
5.4063485039370081
21
-4.0551584251968507
0
LINE
8
BLACK
6
CONTINUOUS
10
5.4063485039370081
20
-4.0551584251968507
11
5.4082232677165356
21
-4.0532836614173231
0
LINE
8
BLACK
6
CONTINUOUS
10
5.4082232677165356
20
-4.0532836614173231
11
5.4084496062992127
21
-4.0530978740157479
0
LINE
8
BLACK
6
CONTINUOUS
10
5.4084496062992127
20
-4.0530978740157479
11
5.4085007874015743
21
-4.0530388976377951
0
LINE
8
BLACK
6
CONTINUOUS
10
5.4085007874015743
20
-4.0530388976377951
11
5.408589724409449
21
-4.0529829133858266
0
LINE
8
BLACK
6
CONTINUOUS
10
5.408589724409449
20
-4.0529829133858266
11
5.4086707086614174
21
-4.0529164566929134
0
LINE
8
BLACK
6
CONTINUOUS
10
5.4086707086614174
20
-4.0529164566929134
11
5.4087426377952754
21
-4.0528866141732278
0
LINE
8
BLACK
6
CONTINUOUS
10
5.4087426377952754
20
-4.0528866141732278
11
5.4089906692913381
21
-4.052730551181102
0
LINE
8
BLACK
6
CONTINUOUS
10
5.4089906692913381
20
-4.052730551181102
11
5.4127401968503932
21
-4.0508557874015745
0
LINE
8
BLACK
6
CONTINUOUS
10
5.4127401968503932
20
-4.0508557874015745
11
5.4132807874015745
21
-4.050648897637795
0
LINE
8
BLACK
6
CONTINUOUS
10
5.4132807874015745
20
-4.050648897637795
11
5.4133866535433066
21
-4.0506413385826772
0
LINE
8
BLACK
6
CONTINUOUS
10
5.4133866535433066
20
-4.0506413385826772
11
5.4134846456692909
21
-4.0506007874015744
0
LINE
8
BLACK
6
CONTINUOUS
10
5.4134846456692909
20
-4.0506007874015744
11
5.4140607086614176
21
-4.0505440551181104
0
LINE
8
BLACK
6
CONTINUOUS
10
5.4140607086614176
20
-4.0505440551181104
11
5.4290588188976381
21
-4.0505440551181104
0
LINE
8
BLACK
6
CONTINUOUS
10
5.4290588188976381
20
-4.0505440551181104
11
5.429634881889764
21
-4.0506007874015744
0
LINE
8
BLACK
6
CONTINUOUS
10
5.4120602755905507
20
-4.0577983070866139
11
5.4108631496062989
21
-4.0589954330708657
0
LINE
8
BLACK
6
CONTINUOUS
10
5.4108631496062989
20
-4.0589954330708657
11
5.4095144094488186
21
-4.0616929133858264
0
LINE
8
BLACK
6
CONTINUOUS
10
5.4095144094488186
20
-4.0616929133858264
11
5.4095144094488186
21
-4.0659231102362208
0
LINE
8
BLACK
6
CONTINUOUS
10
5.4095144094488186
20
-4.0659231102362208
11
5.4108631496062989
21
-4.0686205905511814
0
LINE
8
BLACK
6
CONTINUOUS
10
5.4108631496062989
20
-4.0686205905511814
11
5.4120602755905507
21
-4.0698177165354332
0
LINE
8
BLACK
6
CONTINUOUS
10
5.4120602755905507
20
-4.0698177165354332
11
5.4147577559055113
21
-4.0711664566929135
0
LINE
8
BLACK
6
CONTINUOUS
10
5.4147577559055113
20
-4.0711664566929135
11
5.4261060629921261
21
-4.0711664566929135
0
LINE
8
BLACK
6
CONTINUOUS
10
5.4261060629921261
20
-4.0711664566929135
11
5.4261060629921261
21
-4.0564495669291336
0
LINE
8
BLACK
6
CONTINUOUS
10
5.4261060629921261
20
-4.0564495669291336
11
5.4147577559055113
21
-4.0564495669291336
0
LINE
8
BLACK
6
CONTINUOUS
10
5.4147577559055113
20
-4.0564495669291336
11
5.4120602755905507
21
-4.0577983070866139
0
LINE
8
BLACK
6
CONTINUOUS
10
5.8811338582677166
20
-4.0573758267716533
11
5.8811768897637791
21
-4.0573694488188972
0
LINE
8
BLACK
6
CONTINUOUS
10
5.8811768897637791
20
-4.0573694488188972
11
5.8813923622047239
21
-4.0574012992125983
0
LINE
8
BLACK
6
CONTINUOUS
10
5.8813923622047239
20
-4.0574012992125983
11
5.8816094094488189
21
-4.0574226771653539
0
LINE
8
BLACK
6
CONTINUOUS
10
5.8816094094488189
20
-4.0574226771653539
11
5.8816496062992121
21
-4.0574392913385822
0
LINE
8
BLACK
6
CONTINUOUS
10
5.8816496062992121
20
-4.0574392913385822
11
5.8817494881889765
21
-4.0574540944881887
0
LINE
8
BLACK
6
CONTINUOUS
10
5.8817494881889765
20
-4.0574540944881887
11
5.8892485433070867
21
-4.0593288582677163
0
LINE
8
BLACK
6
CONTINUOUS
10
5.8892485433070867
20
-4.0593288582677163
11
5.8892910236220475
21
-4.0593440157480316
0
LINE
8
BLACK
6
CONTINUOUS
10
5.8892910236220475
20
-4.0593440157480316
11
5.8893122834645668
21
-4.0593455511811021
0
LINE
8
BLACK
6
CONTINUOUS
10
5.8893122834645668
20
-4.0593455511811021
11
5.8895516929133853
21
-4.0594371653543302
0
LINE
8
BLACK
6
CONTINUOUS
10
5.8895516929133853
20
-4.0594371653543302
11
5.8897936614173227
21
-4.0595236220472444
0
LINE
8
BLACK
6
CONTINUOUS
10
5.8897936614173227
20
-4.0595236220472444
11
5.8898107874015748
21
-4.0595362992125983
0
LINE
8
BLACK
6
CONTINUOUS
10
5.8898107874015748
20
-4.0595362992125983
11
5.8898529133858268
21
-4.0595524409448815
0
LINE
8
BLACK
6
CONTINUOUS
10
5.8898529133858268
20
-4.0595524409448815
11
5.8936024409448819
21
-4.0614272047244091
0
LINE
8
BLACK
6
CONTINUOUS
10
5.8936024409448819
20
-4.0614272047244091
11
5.8938503149606296
21
-4.061583228346457
0
LINE
8
BLACK
6
CONTINUOUS
10
5.8938503149606296
20
-4.061583228346457
11
5.8939223622047239
21
-4.0616130708661418
0
LINE
8
BLACK
6
CONTINUOUS
10
5.8939223622047239
20
-4.0616130708661418
11
5.8940033858267711
21
-4.0616795669291337
0
LINE
8
BLACK
6
CONTINUOUS
10
5.8940033858267711
20
-4.0616795669291337
11
5.8940923228346458
21
-4.0617355511811022
0
LINE
8
BLACK
6
CONTINUOUS
10
5.8940923228346458
20
-4.0617355511811022
11
5.8941434645669286
21
-4.061794527559055
0
LINE
8
BLACK
6
CONTINUOUS
10
5.8941434645669286
20
-4.061794527559055
11
5.8943698425196853
21
-4.0619803149606302
0
LINE
8
BLACK
6
CONTINUOUS
10
5.8943698425196853
20
-4.0619803149606302
11
5.8981194094488192
21
-4.0657298425196853
0
LINE
8
BLACK
6
CONTINUOUS
10
5.8981194094488192
20
-4.0657298425196853
11
5.8984866535433067
21
-4.0661772834645671
0
LINE
8
BLACK
6
CONTINUOUS
10
5.8984866535433067
20
-4.0661772834645671
11
5.8985272440944883
21
-4.0662753149606301
0
LINE
8
BLACK
6
CONTINUOUS
10
5.8985272440944883
20
-4.0662753149606301
11
5.8985967322834645
21
-4.066355433070866
0
LINE
8
BLACK
6
CONTINUOUS
10
5.8985967322834645
20
-4.066355433070866
11
5.8988327165354333
21
-4.0668840157480313
0
LINE
8
BLACK
6
CONTINUOUS
10
5.8988327165354333
20
-4.0668840157480313
11
5.9007074803149608
21
-4.0725082677165352
0
LINE
8
BLACK
6
CONTINUOUS
10
5.9007074803149608
20
-4.0725082677165352
11
5.9007724015748027
21
-4.0727938976377951
0
LINE
8
BLACK
6
CONTINUOUS
10
5.9007724015748027
20
-4.0727938976377951
11
5.900802283464567
21
-4.0728659842519681
0
LINE
8
BLACK
6
CONTINUOUS
10
5.900802283464567
20
-4.0728659842519681
11
5.9008125590551179
21
-4.072970433070866
0
LINE
8
BLACK
6
CONTINUOUS
10
5.9008125590551179
20
-4.072970433070866
11
5.9008358267716536
21
-4.0730727165354326
0
LINE
8
BLACK
6
CONTINUOUS
10
5.9008358267716536
20
-4.0730727165354326
11
5.9008302755905513
21
-4.0731504330708663
0
LINE
8
BLACK
6
CONTINUOUS
10
5.9008302755905513
20
-4.0731504330708663
11
5.900859015748031
21
-4.073442047244094
0
LINE
8
BLACK
6
CONTINUOUS
10
5.900859015748031
20
-4.073442047244094
11
5.900859015748031
21
-4.0771915748031491
0
LINE
8
BLACK
6
CONTINUOUS
10
5.900859015748031
20
-4.0771915748031491
11
5.9008302755905513
21
-4.0774831496062989
0
LINE
8
BLACK
6
CONTINUOUS
10
5.9008302755905513
20
-4.0774831496062989
11
5.9008358267716536
21
-4.0775609055118105
0
LINE
8
BLACK
6
CONTINUOUS
10
5.9008358267716536
20
-4.0775609055118105
11
5.9008125590551179
21
-4.0776631496062992
0
LINE
8
BLACK
6
CONTINUOUS
10
5.9008125590551179
20
-4.0776631496062992
11
5.900802283464567
21
-4.0777676377952758
0
LINE
8
BLACK
6
CONTINUOUS
10
5.900802283464567
20
-4.0777676377952758
11
5.9007724015748027
21
-4.0778396850393701
0
LINE
8
BLACK
6
CONTINUOUS
10
5.9007724015748027
20
-4.0778396850393701
11
5.9007074803149608
21
-4.0781253543307088
0
LINE
8
BLACK
6
CONTINUOUS
10
5.9007074803149608
20
-4.0781253543307088
11
5.8988327165354333
21
-4.0837496062992127
0
LINE
8
BLACK
6
CONTINUOUS
10
5.8988327165354333
20
-4.0837496062992127
11
5.8985967322834645
21
-4.084278188976378
0
LINE
8
BLACK
6
CONTINUOUS
10
5.8985967322834645
20
-4.084278188976378
11
5.8985271653543307
21
-4.0843583464566926
0
LINE
8
BLACK
6
CONTINUOUS
10
5.8985271653543307
20
-4.0843583464566926
11
5.8984866141732279
21
-4.0844563385826769
0
LINE
8
BLACK
6
CONTINUOUS
10
5.8984866141732279
20
-4.0844563385826769
11
5.8981193700787404
21
-4.0849038188976374
0
LINE
8
BLACK
6
CONTINUOUS
10
5.8981193700787404
20
-4.0849038188976374
11
5.8962445669291341
21
-4.086778582677165
0
LINE
8
BLACK
6
CONTINUOUS
10
5.8962445669291341
20
-4.086778582677165
11
5.8957971259842514
21
-4.0871457874015746
0
LINE
8
BLACK
6
CONTINUOUS
10
5.8957971259842514
20
-4.0871457874015746
11
5.8947327165354331
21
-4.0875866535433074
0
LINE
8
BLACK
6
CONTINUOUS
10
5.8947327165354331
20
-4.0875866535433074
11
5.8935806299212601
21
-4.0875866535433074
0
LINE
8
BLACK
6
CONTINUOUS
10
5.8935806299212601
20
-4.0875866535433074
11
5.8925162204724408
21
-4.0871457480314959
0
LINE
8
BLACK
6
CONTINUOUS
10
5.8925162204724408
20
-4.0871457480314959
11
5.8917015354330706
21
-4.0863310629921257
0
LINE
8
BLACK
6
CONTINUOUS
10
5.8917015354330706
20
-4.0863310629921257
11
5.8912606692913387
21
-4.0852666535433073
0
LINE
8
BLACK
6
CONTINUOUS
10
5.8912606692913387
20
-4.0852666535433073
11
5.8912606692913387
21
-4.0841145669291334
0
LINE
8
BLACK
6
CONTINUOUS
10
5.8912606692913387
20
-4.0841145669291334
11
5.8917015748031494
21
-4.0830501574803151
0
LINE
8
BLACK
6
CONTINUOUS
10
5.8917015748031494
20
-4.0830501574803151
11
5.8920688188976378
21
-4.0826026771653545
0
LINE
8
BLACK
6
CONTINUOUS
10
5.8920688188976378
20
-4.0826026771653545
11
5.8934507086614172
21
-4.0812207874015751
0
LINE
8
BLACK
6
CONTINUOUS
10
5.8934507086614172
20
-4.0812207874015751
11
5.8949535039370078
21
-4.0767124409448821
0
LINE
8
BLACK
6
CONTINUOUS
10
5.8949535039370078
20
-4.0767124409448821
11
5.8949535039370078
21
-4.0739211811023619
0
LINE
8
BLACK
6
CONTINUOUS
10
5.8949535039370078
20
-4.0739211811023619
11
5.8934507086614172
21
-4.0694127952755901
0
LINE
8
BLACK
6
CONTINUOUS
10
5.8934507086614172
20
-4.0694127952755901
11
5.8905328346456693
21
-4.066494960629921
0
LINE
8
BLACK
6
CONTINUOUS
10
5.8905328346456693
20
-4.066494960629921
11
5.8875018503937007
21
-4.0649794488188977
0
LINE
8
BLACK
6
CONTINUOUS
10
5.8875018503937007
20
-4.0649794488188977
11
5.8806698031496065
21
-4.0632714566929131
0
LINE
8
BLACK
6
CONTINUOUS
10
5.8806698031496065
20
-4.0632714566929131
11
5.8757725984251969
21
-4.0632714566929131
0
LINE
8
BLACK
6
CONTINUOUS
10
5.8757725984251969
20
-4.0632714566929131
11
5.8689405511811019
21
-4.0649794488188977
0
LINE
8
BLACK
6
CONTINUOUS
10
5.8689405511811019
20
-4.0649794488188977
11
5.8659095669291341
21
-4.066494960629921
0
LINE
8
BLACK
6
CONTINUOUS
10
5.8659095669291341
20
-4.066494960629921
11
5.8629917322834642
21
-4.0694127559055113
0
LINE
8
BLACK
6
CONTINUOUS
10
5.8629917322834642
20
-4.0694127559055113
11
5.8614889370078735
21
-4.0739211811023619
0
LINE
8
BLACK
6
CONTINUOUS
10
5.8614889370078735
20
-4.0739211811023619
11
5.8614889370078735
21
-4.0767124015748033
0
LINE
8
BLACK
6
CONTINUOUS
10
5.8614889370078735
20
-4.0767124015748033
11
5.8629917322834642
21
-4.0812208267716539
0
LINE
8
BLACK
6
CONTINUOUS
10
5.8629917322834642
20
-4.0812208267716539
11
5.8643736220472436
21
-4.0826027165354333
0
LINE
8
BLACK
6
CONTINUOUS
10
5.8643736220472436
20
-4.0826027165354333
11
5.8647408267716532
21
-4.0830501574803151
0
LINE
8
BLACK
6
CONTINUOUS
10
5.8647408267716532
20
-4.0830501574803151
11
5.8651817322834647
21
-4.0841145669291334
0
LINE
8
BLACK
6
CONTINUOUS
10
5.8651817322834647
20
-4.0841145669291334
11
5.8651817322834647
21
-4.0852666535433073
0
LINE
8
BLACK
6
CONTINUOUS
10
5.8651817322834647
20
-4.0852666535433073
11
5.8647408267716532
21
-4.0863310629921257
0
LINE
8
BLACK
6
CONTINUOUS
10
5.8647408267716532
20
-4.0863310629921257
11
5.863926141732283
21
-4.0871457480314959
0
LINE
8
BLACK
6
CONTINUOUS
10
5.863926141732283
20
-4.0871457480314959
11
5.8628617322834646
21
-4.0875866535433074
0
LINE
8
BLACK
6
CONTINUOUS
10
5.8628617322834646
20
-4.0875866535433074
11
5.8617096456692916
21
-4.0875866535433074
0
LINE
8
BLACK
6
CONTINUOUS
10
5.8617096456692916
20
-4.0875866535433074
11
5.8606452362204724
21
-4.0871457480314959
0
LINE
8
BLACK
6
CONTINUOUS
10
5.8606452362204724
20
-4.0871457480314959
11
5.8601977952755906
21
-4.0867785433070862
0
LINE
8
BLACK
6
CONTINUOUS
10
5.8601977952755906
20
-4.0867785433070862
11
5.858323031496063
21
-4.0849037795275587
0
LINE
8
BLACK
6
CONTINUOUS
10
5.858323031496063
20
-4.0849037795275587
11
5.8579558267716534
21
-4.0844563385826769
0
LINE
8
BLACK
6
CONTINUOUS
10
5.8579558267716534
20
-4.0844563385826769
11
5.857915196850394
21
-4.0843582677165351
0
LINE
8
BLACK
6
CONTINUOUS
10
5.857915196850394
20
-4.0843582677165351
11
5.8578457086614169
21
-4.0842781496062992
0
LINE
8
BLACK
6
CONTINUOUS
10
5.8578457086614169
20
-4.0842781496062992
11
5.8576097244094489
21
-4.0837496062992127
0
LINE
8
BLACK
6
CONTINUOUS
10
5.8576097244094489
20
-4.0837496062992127
11
5.8557349606299214
21
-4.07812531496063
0
LINE
8
BLACK
6
CONTINUOUS
10
5.8557349606299214
20
-4.07812531496063
11
5.8556699999999999
21
-4.0778397244094489
0
LINE
8
BLACK
6
CONTINUOUS
10
5.8556699999999999
20
-4.0778397244094489
11
5.8556401574803152
21
-4.0777676377952758
0
LINE
8
BLACK
6
CONTINUOUS
10
5.8556401574803152
20
-4.0777676377952758
11
5.8556298425196847
21
-4.0776631102362204
0
LINE
8
BLACK
6
CONTINUOUS
10
5.8556298425196847
20
-4.0776631102362204
11
5.8556066141732286
21
-4.0775608661417326
0
LINE
8
BLACK
6
CONTINUOUS
10
5.8556066141732286
20
-4.0775608661417326
11
5.8556121259842522
21
-4.0774831102362201
0
LINE
8
BLACK
6
CONTINUOUS
10
5.8556121259842522
20
-4.0774831102362201
11
5.8555834251968504
21
-4.0771915748031491
0
LINE
8
BLACK
6
CONTINUOUS
10
5.8555834251968504
20
-4.0771915748031491
11
5.8555834251968504
21
-4.073442047244094
0
LINE
8
BLACK
6
CONTINUOUS
10
5.8555834251968504
20
-4.073442047244094
11
5.8556121259842522
21
-4.0731504724409451
0
LINE
8
BLACK
6
CONTINUOUS
10
5.8556121259842522
20
-4.0731504724409451
11
5.8556066141732286
21
-4.0730727559055113
0
LINE
8
BLACK
6
CONTINUOUS
10
5.8556066141732286
20
-4.0730727559055113
11
5.8556298425196847
21
-4.0729704724409448
0
LINE
8
BLACK
6
CONTINUOUS
10
5.8556298425196847
20
-4.0729704724409448
11
5.8556401574803152
21
-4.0728659842519681
0
LINE
8
BLACK
6
CONTINUOUS
10
5.8556401574803152
20
-4.0728659842519681
11
5.8556699999999999
21
-4.0727938582677163
0
LINE
8
BLACK
6
CONTINUOUS
10
5.8556699999999999
20
-4.0727938582677163
11
5.8557349606299214
21
-4.0725083070866139
0
LINE
8
BLACK
6
CONTINUOUS
10
5.8557349606299214
20
-4.0725083070866139
11
5.8576097244094489
21
-4.0668840157480313
0
LINE
8
BLACK
6
CONTINUOUS
10
5.8576097244094489
20
-4.0668840157480313
11
5.8578457086614169
21
-4.0663554724409448
0
LINE
8
BLACK
6
CONTINUOUS
10
5.8578457086614169
20
-4.0663554724409448
11
5.857915196850394
21
-4.0662753149606301
0
LINE
8
BLACK
6
CONTINUOUS
10
5.857915196850394
20
-4.0662753149606301
11
5.8579558267716534
21
-4.0661772834645671
0
LINE
8
BLACK
6
CONTINUOUS
10
5.8579558267716534
20
-4.0661772834645671
11
5.858323031496063
21
-4.0657298425196853
0
LINE
8
BLACK
6
CONTINUOUS
10
5.858323031496063
20
-4.0657298425196853
11
5.8620725590551181
21
-4.0619803149606302
0
LINE
8
BLACK
6
CONTINUOUS
10
5.8620725590551181
20
-4.0619803149606302
11
5.862298937007874
21
-4.0617944488188975
0
LINE
8
BLACK
6
CONTINUOUS
10
5.862298937007874
20
-4.0617944488188975
11
5.8623500787401577
21
-4.0617355511811022
0
LINE
8
BLACK
6
CONTINUOUS
10
5.8623500787401577
20
-4.0617355511811022
11
5.8624388188976377
21
-4.0616796456692912
0
LINE
8
BLACK
6
CONTINUOUS
10
5.8624388188976377
20
-4.0616796456692912
11
5.86252
21
-4.0616130708661418
0
LINE
8
BLACK
6
CONTINUOUS
10
5.86252
20
-4.0616130708661418
11
5.8625921259842517
21
-4.0615831889763783
0
LINE
8
BLACK
6
CONTINUOUS
10
5.8625921259842517
20
-4.0615831889763783
11
5.8628399606299215
21
-4.0614272047244091
0
LINE
8
BLACK
6
CONTINUOUS
10
5.8628399606299215
20
-4.0614272047244091
11
5.8665894881889766
21
-4.0595524409448815
0
LINE
8
BLACK
6
CONTINUOUS
10
5.8665894881889766
20
-4.0595524409448815
11
5.8666315748031499
21
-4.0595362992125983
0
LINE
8
BLACK
6
CONTINUOUS
10
5.8666315748031499
20
-4.0595362992125983
11
5.8666487401574798
21
-4.0595236220472444
0
LINE
8
BLACK
6
CONTINUOUS
10
5.8666487401574798
20
-4.0595236220472444
11
5.8668903149606297
21
-4.0594372834645664
0
LINE
8
BLACK
6
CONTINUOUS
10
5.8668903149606297
20
-4.0594372834645664
11
5.867130078740157
21
-4.0593455511811021
0
LINE
8
BLACK
6
CONTINUOUS
10
5.867130078740157
20
-4.0593455511811021
11
5.8671513385826772
21
-4.0593440157480316
0
LINE
8
BLACK
6
CONTINUOUS
10
5.8671513385826772
20
-4.0593440157480316
11
5.8671938582677168
21
-4.0593288582677163
0
LINE
8
BLACK
6
CONTINUOUS
10
5.8671938582677168
20
-4.0593288582677163
11
5.874692913385827
21
-4.0574540944881887
0
LINE
8
BLACK
6
CONTINUOUS
10
5.874692913385827
20
-4.0574540944881887
11
5.8747927559055118
21
-4.0574392913385822
0
LINE
8
BLACK
6
CONTINUOUS
10
5.8747927559055118
20
-4.0574392913385822
11
5.8748329921259845
21
-4.0574226771653539
0
LINE
8
BLACK
6
CONTINUOUS
10
5.8748329921259845
20
-4.0574226771653539
11
5.8750499999999999
21
-4.0574012992125983
0
LINE
8
BLACK
6
CONTINUOUS
10
5.8750499999999999
20
-4.0574012992125983
11
5.8752655118110235
21
-4.0573694488188972
0
LINE
8
BLACK
6
CONTINUOUS
10
5.8752655118110235
20
-4.0573694488188972
11
5.8753085039370081
21
-4.0573758267716533
0
LINE
8
BLACK
6
CONTINUOUS
10
5.8753085039370081
20
-4.0573758267716533
11
5.8754090551181104
21
-4.05736594488189
0
LINE
8
BLACK
6
CONTINUOUS
10
5.8754090551181104
20
-4.05736594488189
11
5.8810333464566931
21
-4.05736594488189
0
LINE
8
BLACK
6
CONTINUOUS
10
5.8810333464566931
20
-4.05736594488189
11
5.8811338582677166
21
-4.0573758267716533
0
LINE
8
BLACK
6
CONTINUOUS
10
5.9811338582677163
20
-4.0573758267716533
11
5.9811768897637796
21
-4.0573694488188972
0
LINE
8
BLACK
6
CONTINUOUS
10
5.9811768897637796
20
-4.0573694488188972
11
5.9813923622047245
21
-4.0574012992125983
0
LINE
8
BLACK
6
CONTINUOUS
10
5.9813923622047245
20
-4.0574012992125983
11
5.9816094094488186
21
-4.0574226771653539
0
LINE
8
BLACK
6
CONTINUOUS
10
5.9816094094488186
20
-4.0574226771653539
11
5.9816496062992126
21
-4.0574392913385822
0
LINE
8
BLACK
6
CONTINUOUS
10
5.9816496062992126
20
-4.0574392913385822
11
5.9817494881889761
21
-4.0574540944881887
0
LINE
8
BLACK
6
CONTINUOUS
10
5.9817494881889761
20
-4.0574540944881887
11
5.9892485433070863
21
-4.0593288582677163
0
LINE
8
BLACK
6
CONTINUOUS
10
5.9892485433070863
20
-4.0593288582677163
11
5.9892910236220471
21
-4.0593440157480316
0
LINE
8
BLACK
6
CONTINUOUS
10
5.9892910236220471
20
-4.0593440157480316
11
5.9893122834645665
21
-4.0593455511811021
0
LINE
8
BLACK
6
CONTINUOUS
10
5.9893122834645665
20
-4.0593455511811021
11
5.9895516929133858
21
-4.0594371653543302
0
LINE
8
BLACK
6
CONTINUOUS
10
5.9895516929133858
20
-4.0594371653543302
11
5.9897936614173224
21
-4.0595236220472444
0
LINE
8
BLACK
6
CONTINUOUS
10
5.9897936614173224
20
-4.0595236220472444
11
5.9898107874015745
21
-4.0595362992125983
0
LINE
8
BLACK
6
CONTINUOUS
10
5.9898107874015745
20
-4.0595362992125983
11
5.9898529133858265
21
-4.0595524409448815
0
LINE
8
BLACK
6
CONTINUOUS
10
5.9898529133858265
20
-4.0595524409448815
11
5.9936024409448816
21
-4.0614272047244091
0
LINE
8
BLACK
6
CONTINUOUS
10
5.9936024409448816
20
-4.0614272047244091
11
5.9938503149606301
21
-4.061583228346457
0
LINE
8
BLACK
6
CONTINUOUS
10
5.9938503149606301
20
-4.061583228346457
11
5.9939223622047244
21
-4.0616130708661418
0
LINE
8
BLACK
6
CONTINUOUS
10
5.9939223622047244
20
-4.0616130708661418
11
5.9940033858267716
21
-4.0616795669291337
0
LINE
8
BLACK
6
CONTINUOUS
10
5.9940033858267716
20
-4.0616795669291337
11
5.9940923228346454
21
-4.0617355511811022
0
LINE
8
BLACK
6
CONTINUOUS
10
5.9940923228346454
20
-4.0617355511811022
11
5.9941434645669291
21
-4.061794527559055
0
LINE
8
BLACK
6
CONTINUOUS
10
5.9941434645669291
20
-4.061794527559055
11
5.994369842519685
21
-4.0619803149606302
0
LINE
8
BLACK
6
CONTINUOUS
10
5.994369842519685
20
-4.0619803149606302
11
5.9981194094488188
21
-4.0657298425196853
0
LINE
8
BLACK
6
CONTINUOUS
10
5.9981194094488188
20
-4.0657298425196853
11
5.9984866535433072
21
-4.0661772834645671
0
LINE
8
BLACK
6
CONTINUOUS
10
5.9984866535433072
20
-4.0661772834645671
11
5.9985272440944879
21
-4.0662753149606301
0
LINE
8
BLACK
6
CONTINUOUS
10
5.9985272440944879
20
-4.0662753149606301
11
5.9985967322834641
21
-4.066355433070866
0
LINE
8
BLACK
6
CONTINUOUS
10
5.9985967322834641
20
-4.066355433070866
11
5.9988327165354329
21
-4.0668840157480313
0
LINE
8
BLACK
6
CONTINUOUS
10
5.9988327165354329
20
-4.0668840157480313
11
6.0007074803149605
21
-4.0725082677165352
0
LINE
8
BLACK
6
CONTINUOUS
10
6.0007074803149605
20
-4.0725082677165352
11
6.0007724015748032
21
-4.0727938976377951
0
LINE
8
BLACK
6
CONTINUOUS
10
6.0007724015748032
20
-4.0727938976377951
11
6.0008022834645667
21
-4.0728659842519681
0
LINE
8
BLACK
6
CONTINUOUS
10
6.0008022834645667
20
-4.0728659842519681
11
6.0008125590551176
21
-4.072970433070866
0
LINE
8
BLACK
6
CONTINUOUS
10
6.0008125590551176
20
-4.072970433070866
11
6.0008358267716533
21
-4.0730727165354326
0
LINE
8
BLACK
6
CONTINUOUS
10
6.0008358267716533
20
-4.0730727165354326
11
6.0008302755905509
21
-4.0731504330708663
0
LINE
8
BLACK
6
CONTINUOUS
10
6.0008302755905509
20
-4.0731504330708663
11
6.0008590157480315
21
-4.073442047244094
0
LINE
8
BLACK
6
CONTINUOUS
10
6.0008590157480315
20
-4.073442047244094
11
6.0008590157480315
21
-4.0771915748031491
0
LINE
8
BLACK
6
CONTINUOUS
10
6.0008590157480315
20
-4.0771915748031491
11
6.0008302755905509
21
-4.0774831496062989
0
LINE
8
BLACK
6
CONTINUOUS
10
6.0008302755905509
20
-4.0774831496062989
11
6.0008358267716533
21
-4.0775609055118105
0
LINE
8
BLACK
6
CONTINUOUS
10
6.0008358267716533
20
-4.0775609055118105
11
6.0008125590551176
21
-4.0776631496062992
0
LINE
8
BLACK
6
CONTINUOUS
10
6.0008125590551176
20
-4.0776631496062992
11
6.0008022834645667
21
-4.0777676377952758
0
LINE
8
BLACK
6
CONTINUOUS
10
6.0008022834645667
20
-4.0777676377952758
11
6.0007724015748032
21
-4.0778396850393701
0
LINE
8
BLACK
6
CONTINUOUS
10
6.0007724015748032
20
-4.0778396850393701
11
6.0007074803149605
21
-4.0781253543307088
0
LINE
8
BLACK
6
CONTINUOUS
10
6.0007074803149605
20
-4.0781253543307088
11
5.9988327165354329
21
-4.0837496062992127
0
LINE
8
BLACK
6
CONTINUOUS
10
5.9988327165354329
20
-4.0837496062992127
11
5.9985967322834641
21
-4.084278188976378
0
LINE
8
BLACK
6
CONTINUOUS
10
5.9985967322834641
20
-4.084278188976378
11
5.9985271653543304
21
-4.0843583464566926
0
LINE
8
BLACK
6
CONTINUOUS
10
5.9985271653543304
20
-4.0843583464566926
11
5.9984866141732285
21
-4.0844563385826769
0
LINE
8
BLACK
6
CONTINUOUS
10
5.9984866141732285
20
-4.0844563385826769
11
5.9981193700787401
21
-4.0849038188976374
0
LINE
8
BLACK
6
CONTINUOUS
10
5.9981193700787401
20
-4.0849038188976374
11
5.9962445669291338
21
-4.086778582677165
0
LINE
8
BLACK
6
CONTINUOUS
10
5.9962445669291338
20
-4.086778582677165
11
5.995797125984252
21
-4.0871457874015746
0
LINE
8
BLACK
6
CONTINUOUS
10
5.995797125984252
20
-4.0871457874015746
11
5.9947327165354327
21
-4.0875866535433074
0
LINE
8
BLACK
6
CONTINUOUS
10
5.9947327165354327
20
-4.0875866535433074
11
5.9935806299212597
21
-4.0875866535433074
0
LINE
8
BLACK
6
CONTINUOUS
10
5.9935806299212597
20
-4.0875866535433074
11
5.9925162204724405
21
-4.0871457480314959
0
LINE
8
BLACK
6
CONTINUOUS
10
5.9925162204724405
20
-4.0871457480314959
11
5.9917015354330712
21
-4.0863310629921257
0
LINE
8
BLACK
6
CONTINUOUS
10
5.9917015354330712
20
-4.0863310629921257
11
5.9912606692913384
21
-4.0852666535433073
0
LINE
8
BLACK
6
CONTINUOUS
10
5.9912606692913384
20
-4.0852666535433073
11
5.9912606692913384
21
-4.0841145669291334
0
LINE
8
BLACK
6
CONTINUOUS
10
5.9912606692913384
20
-4.0841145669291334
11
5.9917015748031499
21
-4.0830501574803151
0
LINE
8
BLACK
6
CONTINUOUS
10
5.9917015748031499
20
-4.0830501574803151
11
5.9920688188976374
21
-4.0826026771653545
0
LINE
8
BLACK
6
CONTINUOUS
10
5.9920688188976374
20
-4.0826026771653545
11
5.9934507086614168
21
-4.0812207874015751
0
LINE
8
BLACK
6
CONTINUOUS
10
5.9934507086614168
20
-4.0812207874015751
11
5.9949535039370074
21
-4.0767124409448821
0
LINE
8
BLACK
6
CONTINUOUS
10
5.9949535039370074
20
-4.0767124409448821
11
5.9949535039370074
21
-4.0739211811023619
0
LINE
8
BLACK
6
CONTINUOUS
10
5.9949535039370074
20
-4.0739211811023619
11
5.9934507086614168
21
-4.0694127952755901
0
LINE
8
BLACK
6
CONTINUOUS
10
5.9934507086614168
20
-4.0694127952755901
11
5.990532834645669
21
-4.066494960629921
0
LINE
8
BLACK
6
CONTINUOUS
10
5.990532834645669
20
-4.066494960629921
11
5.9875018503937003
21
-4.0649794488188977
0
LINE
8
BLACK
6
CONTINUOUS
10
5.9875018503937003
20
-4.0649794488188977
11
5.9806698031496062
21
-4.0632714566929131
0
LINE
8
BLACK
6
CONTINUOUS
10
5.9806698031496062
20
-4.0632714566929131
11
5.9757725984251966
21
-4.0632714566929131
0
LINE
8
BLACK
6
CONTINUOUS
10
5.9757725984251966
20
-4.0632714566929131
11
5.9689405511811024
21
-4.0649794488188977
0
LINE
8
BLACK
6
CONTINUOUS
10
5.9689405511811024
20
-4.0649794488188977
11
5.9659095669291338
21
-4.066494960629921
0
LINE
8
BLACK
6
CONTINUOUS
10
5.9659095669291338
20
-4.066494960629921
11
5.9629917322834647
21
-4.0694127559055113
0
LINE
8
BLACK
6
CONTINUOUS
10
5.9629917322834647
20
-4.0694127559055113
11
5.9614889370078741
21
-4.0739211811023619
0
LINE
8
BLACK
6
CONTINUOUS
10
5.9614889370078741
20
-4.0739211811023619
11
5.9614889370078741
21
-4.0767124015748033
0
LINE
8
BLACK
6
CONTINUOUS
10
5.9614889370078741
20
-4.0767124015748033
11
5.9629917322834647
21
-4.0812208267716539
0
LINE
8
BLACK
6
CONTINUOUS
10
5.9629917322834647
20
-4.0812208267716539
11
5.9643736220472441
21
-4.0826027165354333
0
LINE
8
BLACK
6
CONTINUOUS
10
5.9643736220472441
20
-4.0826027165354333
11
5.9647408267716537
21
-4.0830501574803151
0
LINE
8
BLACK
6
CONTINUOUS
10
5.9647408267716537
20
-4.0830501574803151
11
5.9651817322834644
21
-4.0841145669291334
0
LINE
8
BLACK
6
CONTINUOUS
10
5.9651817322834644
20
-4.0841145669291334
11
5.9651817322834644
21
-4.0852666535433073
0
LINE
8
BLACK
6
CONTINUOUS
10
5.9651817322834644
20
-4.0852666535433073
11
5.9647408267716537
21
-4.0863310629921257
0
LINE
8
BLACK
6
CONTINUOUS
10
5.9647408267716537
20
-4.0863310629921257
11
5.9639261417322835
21
-4.0871457480314959
0
LINE
8
BLACK
6
CONTINUOUS
10
5.9639261417322835
20
-4.0871457480314959
11
5.9628617322834643
21
-4.0875866535433074
0
LINE
8
BLACK
6
CONTINUOUS
10
5.9628617322834643
20
-4.0875866535433074
11
5.9617096456692913
21
-4.0875866535433074
0
LINE
8
BLACK
6
CONTINUOUS
10
5.9617096456692913
20
-4.0875866535433074
11
5.960645236220472
21
-4.0871457480314959
0
LINE
8
BLACK
6
CONTINUOUS
10
5.960645236220472
20
-4.0871457480314959
11
5.9601977952755902
21
-4.0867785433070862
0
LINE
8
BLACK
6
CONTINUOUS
10
5.9601977952755902
20
-4.0867785433070862
11
5.9583230314960627
21
-4.0849037795275587
0
LINE
8
BLACK
6
CONTINUOUS
10
5.9583230314960627
20
-4.0849037795275587
11
5.957955826771653
21
-4.0844563385826769
0
LINE
8
BLACK
6
CONTINUOUS
10
5.957955826771653
20
-4.0844563385826769
11
5.9579151968503936
21
-4.0843582677165351
0
LINE
8
BLACK
6
CONTINUOUS
10
5.9579151968503936
20
-4.0843582677165351
11
5.9578457086614174
21
-4.0842781496062992
0
LINE
8
BLACK
6
CONTINUOUS
10
5.9578457086614174
20
-4.0842781496062992
11
5.9576097244094486
21
-4.0837496062992127
0
LINE
8
BLACK
6
CONTINUOUS
10
5.9576097244094486
20
-4.0837496062992127
11
5.955734960629921
21
-4.07812531496063
0
LINE
8
BLACK
6
CONTINUOUS
10
5.955734960629921
20
-4.07812531496063
11
5.9556699999999996
21
-4.0778397244094489
0
LINE
8
BLACK
6
CONTINUOUS
10
5.9556699999999996
20
-4.0778397244094489
11
5.9556401574803148
21
-4.0777676377952758
0
LINE
8
BLACK
6
CONTINUOUS
10
5.9556401574803148
20
-4.0777676377952758
11
5.9556298425196852
21
-4.0776631102362204
0
LINE
8
BLACK
6
CONTINUOUS
10
5.9556298425196852
20
-4.0776631102362204
11
5.9556066141732282
21
-4.0775608661417326
0
LINE
8
BLACK
6
CONTINUOUS
10
5.9556066141732282
20
-4.0775608661417326
11
5.9556121259842518
21
-4.0774831102362201
0
LINE
8
BLACK
6
CONTINUOUS
10
5.9556121259842518
20
-4.0774831102362201
11
5.95558342519685
21
-4.0771915748031491
0
LINE
8
BLACK
6
CONTINUOUS
10
5.95558342519685
20
-4.0771915748031491
11
5.95558342519685
21
-4.073442047244094
0
LINE
8
BLACK
6
CONTINUOUS
10
5.95558342519685
20
-4.073442047244094
11
5.9556121259842518
21
-4.0731504724409451
0
LINE
8
BLACK
6
CONTINUOUS
10
5.9556121259842518
20
-4.0731504724409451
11
5.9556066141732282
21
-4.0730727559055113
0
LINE
8
BLACK
6
CONTINUOUS
10
5.9556066141732282
20
-4.0730727559055113
11
5.9556298425196852
21
-4.0729704724409448
0
LINE
8
BLACK
6
CONTINUOUS
10
5.9556298425196852
20
-4.0729704724409448
11
5.9556401574803148
21
-4.0728659842519681
0
LINE
8
BLACK
6
CONTINUOUS
10
5.9556401574803148
20
-4.0728659842519681
11
5.9556699999999996
21
-4.0727938582677163
0
LINE
8
BLACK
6
CONTINUOUS
10
5.9556699999999996
20
-4.0727938582677163
11
5.955734960629921
21
-4.0725083070866139
0
LINE
8
BLACK
6
CONTINUOUS
10
5.955734960629921
20
-4.0725083070866139
11
5.9576097244094486
21
-4.0668840157480313
0
LINE
8
BLACK
6
CONTINUOUS
10
5.9576097244094486
20
-4.0668840157480313
11
5.9578457086614174
21
-4.0663554724409448
0
LINE
8
BLACK
6
CONTINUOUS
10
5.9578457086614174
20
-4.0663554724409448
11
5.9579151968503936
21
-4.0662753149606301
0
LINE
8
BLACK
6
CONTINUOUS
10
5.9579151968503936
20
-4.0662753149606301
11
5.957955826771653
21
-4.0661772834645671
0
LINE
8
BLACK
6
CONTINUOUS
10
5.957955826771653
20
-4.0661772834645671
11
5.9583230314960627
21
-4.0657298425196853
0
LINE
8
BLACK
6
CONTINUOUS
10
5.9583230314960627
20
-4.0657298425196853
11
5.9620725590551178
21
-4.0619803149606302
0
LINE
8
BLACK
6
CONTINUOUS
10
5.9620725590551178
20
-4.0619803149606302
11
5.9622989370078736
21
-4.0617944488188975
0
LINE
8
BLACK
6
CONTINUOUS
10
5.9622989370078736
20
-4.0617944488188975
11
5.9623500787401573
21
-4.0617355511811022
0
LINE
8
BLACK
6
CONTINUOUS
10
5.9623500787401573
20
-4.0617355511811022
11
5.9624388188976374
21
-4.0616796456692912
0
LINE
8
BLACK
6
CONTINUOUS
10
5.9624388188976374
20
-4.0616796456692912
11
5.9625199999999996
21
-4.0616130708661418
0
LINE
8
BLACK
6
CONTINUOUS
10
5.9625199999999996
20
-4.0616130708661418
11
5.9625921259842523
21
-4.0615831889763783
0
LINE
8
BLACK
6
CONTINUOUS
10
5.9625921259842523
20
-4.0615831889763783
11
5.9628399606299212
21
-4.0614272047244091
0
LINE
8
BLACK
6
CONTINUOUS
10
5.9628399606299212
20
-4.0614272047244091
11
5.9665894881889763
21
-4.0595524409448815
0
LINE
8
BLACK
6
CONTINUOUS
10
5.9665894881889763
20
-4.0595524409448815
11
5.9666315748031495
21
-4.0595362992125983
0
LINE
8
BLACK
6
CONTINUOUS
10
5.9666315748031495
20
-4.0595362992125983
11
5.9666487401574804
21
-4.0595236220472444
0
LINE
8
BLACK
6
CONTINUOUS
10
5.9666487401574804
20
-4.0595236220472444
11
5.9668903149606294
21
-4.0594372834645664
0
LINE
8
BLACK
6
CONTINUOUS
10
5.9668903149606294
20
-4.0594372834645664
11
5.9671300787401576
21
-4.0593455511811021
0
LINE
8
BLACK
6
CONTINUOUS
10
5.9671300787401576
20
-4.0593455511811021
11
5.9671513385826769
21
-4.0593440157480316
0
LINE
8
BLACK
6
CONTINUOUS
10
5.9671513385826769
20
-4.0593440157480316
11
5.9671938582677164
21
-4.0593288582677163
0
LINE
8
BLACK
6
CONTINUOUS
10
5.9671938582677164
20
-4.0593288582677163
11
5.9746929133858266
21
-4.0574540944881887
0
LINE
8
BLACK
6
CONTINUOUS
10
5.9746929133858266
20
-4.0574540944881887
11
5.9747927559055114
21
-4.0574392913385822
0
LINE
8
BLACK
6
CONTINUOUS
10
5.9747927559055114
20
-4.0574392913385822
11
5.9748329921259842
21
-4.0574226771653539
0
LINE
8
BLACK
6
CONTINUOUS
10
5.9748329921259842
20
-4.0574226771653539
11
5.9750499999999995
21
-4.0574012992125983
0
LINE
8
BLACK
6
CONTINUOUS
10
5.9750499999999995
20
-4.0574012992125983
11
5.9752655118110232
21
-4.0573694488188972
0
LINE
8
BLACK
6
CONTINUOUS
10
5.9752655118110232
20
-4.0573694488188972
11
5.9753085039370077
21
-4.0573758267716533
0
LINE
8
BLACK
6
CONTINUOUS
10
5.9753085039370077
20
-4.0573758267716533
11
5.97540905511811
21
-4.05736594488189
0
LINE
8
BLACK
6
CONTINUOUS
10
5.97540905511811
20
-4.05736594488189
11
5.9810333464566927
21
-4.05736594488189
0
LINE
8
BLACK
6
CONTINUOUS
10
5.9810333464566927
20
-4.05736594488189
11
5.9811338582677163
21
-4.0573758267716533
0
LINE
8
BLACK
6
CONTINUOUS
10
4.6611338582677169
20
-4.056123503937008
11
4.6611768897637793
21
-4.0561171259842519
0
LINE
8
BLACK
6
CONTINUOUS
10
4.6611768897637793
20
-4.0561171259842519
11
4.6613923622047242
21
-4.056148976377953
0
LINE
8
BLACK
6
CONTINUOUS
10
4.6613923622047242
20
-4.056148976377953
11
4.6616094094488192
21
-4.0561703543307086
0
LINE
8
BLACK
6
CONTINUOUS
10
4.6616094094488192
20
-4.0561703543307086
11
4.6616496062992123
21
-4.0561869685039369
0
LINE
8
BLACK
6
CONTINUOUS
10
4.6616496062992123
20
-4.0561869685039369
11
4.6617494881889758
21
-4.0562017716535435
0
LINE
8
BLACK
6
CONTINUOUS
10
4.6617494881889758
20
-4.0562017716535435
11
4.6692485433070869
21
-4.058076535433071
0
LINE
8
BLACK
6
CONTINUOUS
10
4.6692485433070869
20
-4.058076535433071
11
4.6692910236220468
21
-4.0580916929133855
0
LINE
8
BLACK
6
CONTINUOUS
10
4.6692910236220468
20
-4.0580916929133855
11
4.6693122834645671
21
-4.0580932283464568
0
LINE
8
BLACK
6
CONTINUOUS
10
4.6693122834645671
20
-4.0580932283464568
11
4.6695516929133856
21
-4.0581848425196849
0
LINE
8
BLACK
6
CONTINUOUS
10
4.6695516929133856
20
-4.0581848425196849
11
4.669793661417323
21
-4.0582712992125982
0
LINE
8
BLACK
6
CONTINUOUS
10
4.669793661417323
20
-4.0582712992125982
11
4.6698107874015751
21
-4.058283976377953
0
LINE
8
BLACK
6
CONTINUOUS
10
4.6698107874015751
20
-4.058283976377953
11
4.6698529133858271
21
-4.0583001181102363
0
LINE
8
BLACK
6
CONTINUOUS
10
4.6698529133858271
20
-4.0583001181102363
11
4.6736024409448822
21
-4.0601748818897638
0
LINE
8
BLACK
6
CONTINUOUS
10
4.6736024409448822
20
-4.0601748818897638
11
4.6738503149606299
21
-4.0603309055118109
0
LINE
8
BLACK
6
CONTINUOUS
10
4.6738503149606299
20
-4.0603309055118109
11
4.6739223622047241
21
-4.0603607480314956
0
LINE
8
BLACK
6
CONTINUOUS
10
4.6739223622047241
20
-4.0603607480314956
11
4.6740033858267713
21
-4.0604272440944884
0
LINE
8
BLACK
6
CONTINUOUS
10
4.6740033858267713
20
-4.0604272440944884
11
4.6740923228346452
21
-4.0604832283464569
0
LINE
8
BLACK
6
CONTINUOUS
10
4.6740923228346452
20
-4.0604832283464569
11
4.6741434645669289
21
-4.0605422047244097
0
LINE
8
BLACK
6
CONTINUOUS
10
4.6741434645669289
20
-4.0605422047244097
11
4.6743698425196847
21
-4.060727992125984
0
LINE
8
BLACK
6
CONTINUOUS
10
4.6743698425196847
20
-4.060727992125984
11
4.6781194094488185
21
-4.0644775196850391
0
LINE
8
BLACK
6
CONTINUOUS
10
4.6781194094488185
20
-4.0644775196850391
11
4.678486653543307
21
-4.0649249606299209
0
LINE
8
BLACK
6
CONTINUOUS
10
4.678486653543307
20
-4.0649249606299209
11
4.6785272440944885
21
-4.0650229921259839
0
LINE
8
BLACK
6
CONTINUOUS
10
4.6785272440944885
20
-4.0650229921259839
11
4.6785967322834647
21
-4.0651031102362207
0
LINE
8
BLACK
6
CONTINUOUS
10
4.6785967322834647
20
-4.0651031102362207
11
4.6788327165354326
21
-4.065631692913386
0
LINE
8
BLACK
6
CONTINUOUS
10
4.6788327165354326
20
-4.065631692913386
11
4.6807074803149602
21
-4.0712559448818899
0
LINE
8
BLACK
6
CONTINUOUS
10
4.6807074803149602
20
-4.0712559448818899
11
4.6807724015748029
21
-4.0715415748031498
0
LINE
8
BLACK
6
CONTINUOUS
10
4.6807724015748029
20
-4.0715415748031498
11
4.6808022834645664
21
-4.0716136614173228
0
LINE
8
BLACK
6
CONTINUOUS
10
4.6808022834645664
20
-4.0716136614173228
11
4.6808125590551182
21
-4.0717181102362208
0
LINE
8
BLACK
6
CONTINUOUS
10
4.6808125590551182
20
-4.0717181102362208
11
4.680835826771653
21
-4.0718203937007873
0
LINE
8
BLACK
6
CONTINUOUS
10
4.680835826771653
20
-4.0718203937007873
11
4.6808302755905506
21
-4.0718981102362202
0
LINE
8
BLACK
6
CONTINUOUS
10
4.6808302755905506
20
-4.0718981102362202
11
4.6808590157480312
21
-4.0721897244094487
0
LINE
8
BLACK
6
CONTINUOUS
10
4.6808590157480312
20
-4.0721897244094487
11
4.6808590157480312
21
-4.0759392519685038
0
LINE
8
BLACK
6
CONTINUOUS
10
4.6808590157480312
20
-4.0759392519685038
11
4.6808302755905506
21
-4.0762308267716536
0
LINE
8
BLACK
6
CONTINUOUS
10
4.6808302755905506
20
-4.0762308267716536
11
4.680835826771653
21
-4.0763085826771652
0
LINE
8
BLACK
6
CONTINUOUS
10
4.680835826771653
20
-4.0763085826771652
11
4.6808125590551182
21
-4.076410826771653
0
LINE
8
BLACK
6
CONTINUOUS
10
4.6808125590551182
20
-4.076410826771653
11
4.6808022834645664
21
-4.0765153149606297
0
LINE
8
BLACK
6
CONTINUOUS
10
4.6808022834645664
20
-4.0765153149606297
11
4.6807724015748029
21
-4.076587362204724
0
LINE
8
BLACK
6
CONTINUOUS
10
4.6807724015748029
20
-4.076587362204724
11
4.6807074803149602
21
-4.0768730314960626
0
LINE
8
BLACK
6
CONTINUOUS
10
4.6807074803149602
20
-4.0768730314960626
11
4.6788327165354326
21
-4.0824972834645665
0
LINE
8
BLACK
6
CONTINUOUS
10
4.6788327165354326
20
-4.0824972834645665
11
4.6785967322834647
21
-4.0830258661417318
0
LINE
8
BLACK
6
CONTINUOUS
10
4.6785967322834647
20
-4.0830258661417318
11
4.678527165354331
21
-4.0831060236220473
0
LINE
8
BLACK
6
CONTINUOUS
10
4.678527165354331
20
-4.0831060236220473
11
4.6784866141732282
21
-4.0832040157480316
0
LINE
8
BLACK
6
CONTINUOUS
10
4.6784866141732282
20
-4.0832040157480316
11
4.6781193700787398
21
-4.0836514960629922
0
LINE
8
BLACK
6
CONTINUOUS
10
4.6781193700787398
20
-4.0836514960629922
11
4.6762445669291335
21
-4.0855262598425197
0
LINE
8
BLACK
6
CONTINUOUS
10
4.6762445669291335
20
-4.0855262598425197
11
4.6757971259842517
21
-4.0858934645669294
0
LINE
8
BLACK
6
CONTINUOUS
10
4.6757971259842517
20
-4.0858934645669294
11
4.6747327165354333
21
-4.0863343307086613
0
LINE
8
BLACK
6
CONTINUOUS
10
4.6747327165354333
20
-4.0863343307086613
11
4.6735806299212594
21
-4.0863343307086613
0
LINE
8
BLACK
6
CONTINUOUS
10
4.6735806299212594
20
-4.0863343307086613
11
4.6725162204724411
21
-4.0858934251968506
0
LINE
8
BLACK
6
CONTINUOUS
10
4.6725162204724411
20
-4.0858934251968506
11
4.6717015354330709
21
-4.0850787401574804
0
LINE
8
BLACK
6
CONTINUOUS
10
4.6717015354330709
20
-4.0850787401574804
11
4.6712606692913381
21
-4.0840143307086612
0
LINE
8
BLACK
6
CONTINUOUS
10
4.6712606692913381
20
-4.0840143307086612
11
4.6712606692913381
21
-4.0828622440944882
0
LINE
8
BLACK
6
CONTINUOUS
10
4.6712606692913381
20
-4.0828622440944882
11
4.6717015748031496
21
-4.0817978346456689
0
LINE
8
BLACK
6
CONTINUOUS
10
4.6717015748031496
20
-4.0817978346456689
11
4.672068818897638
21
-4.0813503543307084
0
LINE
8
BLACK
6
CONTINUOUS
10
4.672068818897638
20
-4.0813503543307084
11
4.6734507086614174
21
-4.079968464566929
0
LINE
8
BLACK
6
CONTINUOUS
10
4.6734507086614174
20
-4.079968464566929
11
4.674953503937008
21
-4.0754601181102359
0
LINE
8
BLACK
6
CONTINUOUS
10
4.674953503937008
20
-4.0754601181102359
11
4.674953503937008
21
-4.0726688582677166
0
LINE
8
BLACK
6
CONTINUOUS
10
4.674953503937008
20
-4.0726688582677166
11
4.6734507086614174
21
-4.0681604724409448
0
LINE
8
BLACK
6
CONTINUOUS
10
4.6734507086614174
20
-4.0681604724409448
11
4.6705328346456696
21
-4.0652426377952757
0
LINE
8
BLACK
6
CONTINUOUS
10
4.6705328346456696
20
-4.0652426377952757
11
4.6675018503937009
21
-4.0637271259842516
0
LINE
8
BLACK
6
CONTINUOUS
10
4.6675018503937009
20
-4.0637271259842516
11
4.6606698031496059
21
-4.0620191338582678
0
LINE
8
BLACK
6
CONTINUOUS
10
4.6606698031496059
20
-4.0620191338582678
11
4.6557725984251963
21
-4.0620191338582678
0
LINE
8
BLACK
6
CONTINUOUS
10
4.6557725984251963
20
-4.0620191338582678
11
4.6489405511811022
21
-4.0637271259842516
0
LINE
8
BLACK
6
CONTINUOUS
10
4.6489405511811022
20
-4.0637271259842516
11
4.6459095669291335
21
-4.0652426377952757
0
LINE
8
BLACK
6
CONTINUOUS
10
4.6459095669291335
20
-4.0652426377952757
11
4.6429917322834644
21
-4.0681604330708661
0
LINE
8
BLACK
6
CONTINUOUS
10
4.6429917322834644
20
-4.0681604330708661
11
4.6414889370078738
21
-4.0726688582677166
0
LINE
8
BLACK
6
CONTINUOUS
10
4.6414889370078738
20
-4.0726688582677166
11
4.6414889370078738
21
-4.0754600787401571
0
LINE
8
BLACK
6
CONTINUOUS
10
4.6414889370078738
20
-4.0754600787401571
11
4.6429917322834644
21
-4.0799685039370077
0
LINE
8
BLACK
6
CONTINUOUS
10
4.6429917322834644
20
-4.0799685039370077
11
4.6443736220472438
21
-4.0813503937007871
0
LINE
8
BLACK
6
CONTINUOUS
10
4.6443736220472438
20
-4.0813503937007871
11
4.6447408267716535
21
-4.0817978346456689
0
LINE
8
BLACK
6
CONTINUOUS
10
4.6447408267716535
20
-4.0817978346456689
11
4.6451817322834641
21
-4.0828622440944882
0
LINE
8
BLACK
6
CONTINUOUS
10
4.6451817322834641
20
-4.0828622440944882
11
4.6451817322834641
21
-4.0840143307086612
0
LINE
8
BLACK
6
CONTINUOUS
10
4.6451817322834641
20
-4.0840143307086612
11
4.6447408267716535
21
-4.0850787401574804
0
LINE
8
BLACK
6
CONTINUOUS
10
4.6447408267716535
20
-4.0850787401574804
11
4.6439261417322832
21
-4.0858934251968506
0
LINE
8
BLACK
6
CONTINUOUS
10
4.6439261417322832
20
-4.0858934251968506
11
4.6428617322834649
21
-4.0863343307086613
0
LINE
8
BLACK
6
CONTINUOUS
10
4.6428617322834649
20
-4.0863343307086613
11
4.641709645669291
21
-4.0863343307086613
0
LINE
8
BLACK
6
CONTINUOUS
10
4.641709645669291
20
-4.0863343307086613
11
4.6406452362204726
21
-4.0858934251968506
0
LINE
8
BLACK
6
CONTINUOUS
10
4.6406452362204726
20
-4.0858934251968506
11
4.6401977952755908
21
-4.085526220472441
0
LINE
8
BLACK
6
CONTINUOUS
10
4.6401977952755908
20
-4.085526220472441
11
4.6383230314960633
21
-4.0836514566929134
0
LINE
8
BLACK
6
CONTINUOUS
10
4.6383230314960633
20
-4.0836514566929134
11
4.6379558267716536
21
-4.0832040157480316
0
LINE
8
BLACK
6
CONTINUOUS
10
4.6379558267716536
20
-4.0832040157480316
11
4.6379151968503933
21
-4.0831059448818898
0
LINE
8
BLACK
6
CONTINUOUS
10
4.6379151968503933
20
-4.0831059448818898
11
4.6378457086614171
21
-4.083025826771653
0
LINE
8
BLACK
6
CONTINUOUS
10
4.6378457086614171
20
-4.083025826771653
11
4.6376097244094483
21
-4.0824972834645665
0
LINE
8
BLACK
6
CONTINUOUS
10
4.6376097244094483
20
-4.0824972834645665
11
4.6357349606299207
21
-4.0768729921259839
0
LINE
8
BLACK
6
CONTINUOUS
10
4.6357349606299207
20
-4.0768729921259839
11
4.6356700000000002
21
-4.0765874015748027
0
LINE
8
BLACK
6
CONTINUOUS
10
4.6356700000000002
20
-4.0765874015748027
11
4.6356401574803145
21
-4.0765153149606297
0
LINE
8
BLACK
6
CONTINUOUS
10
4.6356401574803145
20
-4.0765153149606297
11
4.6356298425196849
21
-4.0764107874015751
0
LINE
8
BLACK
6
CONTINUOUS
10
4.6356298425196849
20
-4.0764107874015751
11
4.6356066141732279
21
-4.0763085433070865
0
LINE
8
BLACK
6
CONTINUOUS
10
4.6356066141732279
20
-4.0763085433070865
11
4.6356121259842515
21
-4.0762307874015749
0
LINE
8
BLACK
6
CONTINUOUS
10
4.6356121259842515
20
-4.0762307874015749
11
4.6355834251968506
21
-4.0759392519685038
0
LINE
8
BLACK
6
CONTINUOUS
10
4.6355834251968506
20
-4.0759392519685038
11
4.6355834251968506
21
-4.0721897244094487
0
LINE
8
BLACK
6
CONTINUOUS
10
4.6355834251968506
20
-4.0721897244094487
11
4.6356121259842515
21
-4.0718981496062989
0
LINE
8
BLACK
6
CONTINUOUS
10
4.6356121259842515
20
-4.0718981496062989
11
4.6356066141732279
21
-4.0718204330708661
0
LINE
8
BLACK
6
CONTINUOUS
10
4.6356066141732279
20
-4.0718204330708661
11
4.6356298425196849
21
-4.0717181496062995
0
LINE
8
BLACK
6
CONTINUOUS
10
4.6356298425196849
20
-4.0717181496062995
11
4.6356401574803145
21
-4.0716136614173228
0
LINE
8
BLACK
6
CONTINUOUS
10
4.6356401574803145
20
-4.0716136614173228
11
4.6356700000000002
21
-4.0715415354330711
0
LINE
8
BLACK
6
CONTINUOUS
10
4.6356700000000002
20
-4.0715415354330711
11
4.6357349606299207
21
-4.0712559842519687
0
LINE
8
BLACK
6
CONTINUOUS
10
4.6357349606299207
20
-4.0712559842519687
11
4.6376097244094483
21
-4.065631692913386
0
LINE
8
BLACK
6
CONTINUOUS
10
4.6376097244094483
20
-4.065631692913386
11
4.6378457086614171
21
-4.0651031496062995
0
LINE
8
BLACK
6
CONTINUOUS
10
4.6378457086614171
20
-4.0651031496062995
11
4.6379151968503933
21
-4.0650229921259839
0
LINE
8
BLACK
6
CONTINUOUS
10
4.6379151968503933
20
-4.0650229921259839
11
4.6379558267716536
21
-4.0649249606299209
0
LINE
8
BLACK
6
CONTINUOUS
10
4.6379558267716536
20
-4.0649249606299209
11
4.6383230314960633
21
-4.0644775196850391
0
LINE
8
BLACK
6
CONTINUOUS
10
4.6383230314960633
20
-4.0644775196850391
11
4.6420725590551184
21
-4.060727992125984
0
LINE
8
BLACK
6
CONTINUOUS
10
4.6420725590551184
20
-4.060727992125984
11
4.6422989370078742
21
-4.0605421259842522
0
LINE
8
BLACK
6
CONTINUOUS
10
4.6422989370078742
20
-4.0605421259842522
11
4.642350078740157
21
-4.0604832283464569
0
LINE
8
BLACK
6
CONTINUOUS
10
4.642350078740157
20
-4.0604832283464569
11
4.642438818897638
21
-4.0604273228346459
0
LINE
8
BLACK
6
CONTINUOUS
10
4.642438818897638
20
-4.0604273228346459
11
4.6425200000000002
21
-4.0603607480314956
0
LINE
8
BLACK
6
CONTINUOUS
10
4.6425200000000002
20
-4.0603607480314956
11
4.642592125984252
21
-4.0603308661417321
0
LINE
8
BLACK
6
CONTINUOUS
10
4.642592125984252
20
-4.0603308661417321
11
4.6428399606299209
21
-4.0601748818897638
0
LINE
8
BLACK
6
CONTINUOUS
10
4.6428399606299209
20
-4.0601748818897638
11
4.646589488188976
21
-4.0583001181102363
0
LINE
8
BLACK
6
CONTINUOUS
10
4.646589488188976
20
-4.0583001181102363
11
4.6466315748031493
21
-4.058283976377953
0
LINE
8
BLACK
6
CONTINUOUS
10
4.6466315748031493
20
-4.058283976377953
11
4.6466487401574801
21
-4.0582712992125982
0
LINE
8
BLACK
6
CONTINUOUS
10
4.6466487401574801
20
-4.0582712992125982
11
4.64689031496063
21
-4.0581849606299212
0
LINE
8
BLACK
6
CONTINUOUS
10
4.64689031496063
20
-4.0581849606299212
11
4.6471300787401573
21
-4.0580932283464568
0
LINE
8
BLACK
6
CONTINUOUS
10
4.6471300787401573
20
-4.0580932283464568
11
4.6471513385826775
21
-4.0580916929133855
0
LINE
8
BLACK
6
CONTINUOUS
10
4.6471513385826775
20
-4.0580916929133855
11
4.6471938582677161
21
-4.058076535433071
0
LINE
8
BLACK
6
CONTINUOUS
10
4.6471938582677161
20
-4.058076535433071
11
4.6546929133858264
21
-4.0562017716535435
0
LINE
8
BLACK
6
CONTINUOUS
10
4.6546929133858264
20
-4.0562017716535435
11
4.654792755905512
21
-4.0561869685039369
0
LINE
8
BLACK
6
CONTINUOUS
10
4.654792755905512
20
-4.0561869685039369
11
4.6548329921259839
21
-4.0561703543307086
0
LINE
8
BLACK
6
CONTINUOUS
10
4.6548329921259839
20
-4.0561703543307086
11
4.6550500000000001
21
-4.056148976377953
0
LINE
8
BLACK
6
CONTINUOUS
10
4.6550500000000001
20
-4.056148976377953
11
4.6552655118110238
21
-4.0561171259842519
0
LINE
8
BLACK
6
CONTINUOUS
10
4.6552655118110238
20
-4.0561171259842519
11
4.6553085039370075
21
-4.056123503937008
0
LINE
8
BLACK
6
CONTINUOUS
10
4.6553085039370075
20
-4.056123503937008
11
4.6554090551181098
21
-4.0561136220472438
0
LINE
8
BLACK
6
CONTINUOUS
10
4.6554090551181098
20
-4.0561136220472438
11
4.6610333464566924
21
-4.0561136220472438
0
LINE
8
BLACK
6
CONTINUOUS
10
4.6610333464566924
20
-4.0561136220472438
11
4.6611338582677169
21
-4.056123503937008
0
LINE
8
BLACK
6
CONTINUOUS
10
4.7611338582677165
20
-4.056123503937008
11
4.7611768897637798
21
-4.0561171259842519
0
LINE
8
BLACK
6
CONTINUOUS
10
4.7611768897637798
20
-4.0561171259842519
11
4.7613923622047247
21
-4.056148976377953
0
LINE
8
BLACK
6
CONTINUOUS
10
4.7613923622047247
20
-4.056148976377953
11
4.7616094094488188
21
-4.0561703543307086
0
LINE
8
BLACK
6
CONTINUOUS
10
4.7616094094488188
20
-4.0561703543307086
11
4.7616496062992129
21
-4.0561869685039369
0
LINE
8
BLACK
6
CONTINUOUS
10
4.7616496062992129
20
-4.0561869685039369
11
4.7617494881889764
21
-4.0562017716535435
0
LINE
8
BLACK
6
CONTINUOUS
10
4.7617494881889764
20
-4.0562017716535435
11
4.7692485433070866
21
-4.058076535433071
0
LINE
8
BLACK
6
CONTINUOUS
10
4.7692485433070866
20
-4.058076535433071
11
4.7692910236220474
21
-4.0580916929133855
0
LINE
8
BLACK
6
CONTINUOUS
10
4.7692910236220474
20
-4.0580916929133855
11
4.7693122834645667
21
-4.0580932283464568
0
LINE
8
BLACK
6
CONTINUOUS
10
4.7693122834645667
20
-4.0580932283464568
11
4.7695516929133861
21
-4.0581848425196849
0
LINE
8
BLACK
6
CONTINUOUS
10
4.7695516929133861
20
-4.0581848425196849
11
4.7697936614173226
21
-4.0582712992125982
0
LINE
8
BLACK
6
CONTINUOUS
10
4.7697936614173226
20
-4.0582712992125982
11
4.7698107874015747
21
-4.058283976377953
0
LINE
8
BLACK
6
CONTINUOUS
10
4.7698107874015747
20
-4.058283976377953
11
4.7698529133858267
21
-4.0583001181102363
0
LINE
8
BLACK
6
CONTINUOUS
10
4.7698529133858267
20
-4.0583001181102363
11
4.7736024409448818
21
-4.0601748818897638
0
LINE
8
BLACK
6
CONTINUOUS
10
4.7736024409448818
20
-4.0601748818897638
11
4.7738503149606295
21
-4.0603309055118109
0
LINE
8
BLACK
6
CONTINUOUS
10
4.7738503149606295
20
-4.0603309055118109
11
4.7739223622047247
21
-4.0603607480314956
0
LINE
8
BLACK
6
CONTINUOUS
10
4.7739223622047247
20
-4.0603607480314956
11
4.7740033858267719
21
-4.0604272440944884
0
LINE
8
BLACK
6
CONTINUOUS
10
4.7740033858267719
20
-4.0604272440944884
11
4.7740923228346457
21
-4.0604832283464569
0
LINE
8
BLACK
6
CONTINUOUS
10
4.7740923228346457
20
-4.0604832283464569
11
4.7741434645669294
21
-4.0605422047244097
0
LINE
8
BLACK
6
CONTINUOUS
10
4.7741434645669294
20
-4.0605422047244097
11
4.7743698425196852
21
-4.060727992125984
0
LINE
8
BLACK
6
CONTINUOUS
10
4.7743698425196852
20
-4.060727992125984
11
4.7781194094488191
21
-4.0644775196850391
0
LINE
8
BLACK
6
CONTINUOUS
10
4.7781194094488191
20
-4.0644775196850391
11
4.7784866535433066
21
-4.0649249606299209
0
LINE
8
BLACK
6
CONTINUOUS
10
4.7784866535433066
20
-4.0649249606299209
11
4.7785272440944881
21
-4.0650229921259839
0
LINE
8
BLACK
6
CONTINUOUS
10
4.7785272440944881
20
-4.0650229921259839
11
4.7785967322834644
21
-4.0651031102362207
0
LINE
8
BLACK
6
CONTINUOUS
10
4.7785967322834644
20
-4.0651031102362207
11
4.7788327165354332
21
-4.065631692913386
0
LINE
8
BLACK
6
CONTINUOUS
10
4.7788327165354332
20
-4.065631692913386
11
4.7807074803149607
21
-4.0712559448818899
0
LINE
8
BLACK
6
CONTINUOUS
10
4.7807074803149607
20
-4.0712559448818899
11
4.7807724015748034
21
-4.0715415748031498
0
LINE
8
BLACK
6
CONTINUOUS
10
4.7807724015748034
20
-4.0715415748031498
11
4.7808022834645669
21
-4.0716136614173228
0
LINE
8
BLACK
6
CONTINUOUS
10
4.7808022834645669
20
-4.0716136614173228
11
4.7808125590551178
21
-4.0717181102362208
0
LINE
8
BLACK
6
CONTINUOUS
10
4.7808125590551178
20
-4.0717181102362208
11
4.7808358267716535
21
-4.0718203937007873
0
LINE
8
BLACK
6
CONTINUOUS
10
4.7808358267716535
20
-4.0718203937007873
11
4.7808302755905512
21
-4.0718981102362202
0
LINE
8
BLACK
6
CONTINUOUS
10
4.7808302755905512
20
-4.0718981102362202
11
4.7808590157480317
21
-4.0721897244094487
0
LINE
8
BLACK
6
CONTINUOUS
10
4.7808590157480317
20
-4.0721897244094487
11
4.7808590157480317
21
-4.0759392519685038
0
LINE
8
BLACK
6
CONTINUOUS
10
4.7808590157480317
20
-4.0759392519685038
11
4.7808302755905512
21
-4.0762308267716536
0
LINE
8
BLACK
6
CONTINUOUS
10
4.7808302755905512
20
-4.0762308267716536
11
4.7808358267716535
21
-4.0763085826771652
0
LINE
8
BLACK
6
CONTINUOUS
10
4.7808358267716535
20
-4.0763085826771652
11
4.7808125590551178
21
-4.076410826771653
0
LINE
8
BLACK
6
CONTINUOUS
10
4.7808125590551178
20
-4.076410826771653
11
4.7808022834645669
21
-4.0765153149606297
0
LINE
8
BLACK
6
CONTINUOUS
10
4.7808022834645669
20
-4.0765153149606297
11
4.7807724015748034
21
-4.076587362204724
0
LINE
8
BLACK
6
CONTINUOUS
10
4.7807724015748034
20
-4.076587362204724
11
4.7807074803149607
21
-4.0768730314960626
0
LINE
8
BLACK
6
CONTINUOUS
10
4.7807074803149607
20
-4.0768730314960626
11
4.7788327165354332
21
-4.0824972834645665
0
LINE
8
BLACK
6
CONTINUOUS
10
4.7788327165354332
20
-4.0824972834645665
11
4.7785967322834644
21
-4.0830258661417318
0
LINE
8
BLACK
6
CONTINUOUS
10
4.7785967322834644
20
-4.0830258661417318
11
4.7785271653543306
21
-4.0831060236220473
0
LINE
8
BLACK
6
CONTINUOUS
10
4.7785271653543306
20
-4.0831060236220473
11
4.7784866141732278
21
-4.0832040157480316
0
LINE
8
BLACK
6
CONTINUOUS
10
4.7784866141732278
20
-4.0832040157480316
11
4.7781193700787403
21
-4.0836514960629922
0
LINE
8
BLACK
6
CONTINUOUS
10
4.7781193700787403
20
-4.0836514960629922
11
4.776244566929134
21
-4.0855262598425197
0
LINE
8
BLACK
6
CONTINUOUS
10
4.776244566929134
20
-4.0855262598425197
11
4.7757971259842522
21
-4.0858934645669294
0
LINE
8
BLACK
6
CONTINUOUS
10
4.7757971259842522
20
-4.0858934645669294
11
4.774732716535433
21
-4.0863343307086613
0
LINE
8
BLACK
6
CONTINUOUS
10
4.774732716535433
20
-4.0863343307086613
11
4.77358062992126
21
-4.0863343307086613
0
LINE
8
BLACK
6
CONTINUOUS
10
4.77358062992126
20
-4.0863343307086613
11
4.7725162204724407
21
-4.0858934251968506
0
LINE
8
BLACK
6
CONTINUOUS
10
4.7725162204724407
20
-4.0858934251968506
11
4.7717015354330705
21
-4.0850787401574804
0
LINE
8
BLACK
6
CONTINUOUS
10
4.7717015354330705
20
-4.0850787401574804
11
4.7712606692913386
21
-4.0840143307086612
0
LINE
8
BLACK
6
CONTINUOUS
10
4.7712606692913386
20
-4.0840143307086612
11
4.7712606692913386
21
-4.0828622440944882
0
LINE
8
BLACK
6
CONTINUOUS
10
4.7712606692913386
20
-4.0828622440944882
11
4.7717015748031493
21
-4.0817978346456689
0
LINE
8
BLACK
6
CONTINUOUS
10
4.7717015748031493
20
-4.0817978346456689
11
4.7720688188976377
21
-4.0813503543307084
0
LINE
8
BLACK
6
CONTINUOUS
10
4.7720688188976377
20
-4.0813503543307084
11
4.7734507086614171
21
-4.079968464566929
0
LINE
8
BLACK
6
CONTINUOUS
10
4.7734507086614171
20
-4.079968464566929
11
4.7749535039370077
21
-4.0754601181102359
0
LINE
8
BLACK
6
CONTINUOUS
10
4.7749535039370077
20
-4.0754601181102359
11
4.7749535039370077
21
-4.0726688582677166
0
LINE
8
BLACK
6
CONTINUOUS
10
4.7749535039370077
20
-4.0726688582677166
11
4.7734507086614171
21
-4.0681604724409448
0
LINE
8
BLACK
6
CONTINUOUS
10
4.7734507086614171
20
-4.0681604724409448
11
4.7705328346456692
21
-4.0652426377952757
0
LINE
8
BLACK
6
CONTINUOUS
10
4.7705328346456692
20
-4.0652426377952757
11
4.7675018503937006
21
-4.0637271259842516
0
LINE
8
BLACK
6
CONTINUOUS
10
4.7675018503937006
20
-4.0637271259842516
11
4.7606698031496064
21
-4.0620191338582678
0
LINE
8
BLACK
6
CONTINUOUS
10
4.7606698031496064
20
-4.0620191338582678
11
4.7557725984251968
21
-4.0620191338582678
0
LINE
8
BLACK
6
CONTINUOUS
10
4.7557725984251968
20
-4.0620191338582678
11
4.7489405511811018
21
-4.0637271259842516
0
LINE
8
BLACK
6
CONTINUOUS
10
4.7489405511811018
20
-4.0637271259842516
11
4.745909566929134
21
-4.0652426377952757
0
LINE
8
BLACK
6
CONTINUOUS
10
4.745909566929134
20
-4.0652426377952757
11
4.742991732283464
21
-4.0681604330708661
0
LINE
8
BLACK
6
CONTINUOUS
10
4.742991732283464
20
-4.0681604330708661
11
4.7414889370078743
21
-4.0726688582677166
0
LINE
8
BLACK
6
CONTINUOUS
10
4.7414889370078743
20
-4.0726688582677166
11
4.7414889370078743
21
-4.0754600787401571
0
LINE
8
BLACK
6
CONTINUOUS
10
4.7414889370078743
20
-4.0754600787401571
11
4.742991732283464
21
-4.0799685039370077
0
LINE
8
BLACK
6
CONTINUOUS
10
4.742991732283464
20
-4.0799685039370077
11
4.7443736220472443
21
-4.0813503937007871
0
LINE
8
BLACK
6
CONTINUOUS
10
4.7443736220472443
20
-4.0813503937007871
11
4.7447408267716531
21
-4.0817978346456689
0
LINE
8
BLACK
6
CONTINUOUS
10
4.7447408267716531
20
-4.0817978346456689
11
4.7451817322834646
21
-4.0828622440944882
0
LINE
8
BLACK
6
CONTINUOUS
10
4.7451817322834646
20
-4.0828622440944882
11
4.7451817322834646
21
-4.0840143307086612
0
LINE
8
BLACK
6
CONTINUOUS
10
4.7451817322834646
20
-4.0840143307086612
11
4.7447408267716531
21
-4.0850787401574804
0
LINE
8
BLACK
6
CONTINUOUS
10
4.7447408267716531
20
-4.0850787401574804
11
4.7439261417322838
21
-4.0858934251968506
0
LINE
8
BLACK
6
CONTINUOUS
10
4.7439261417322838
20
-4.0858934251968506
11
4.7428617322834645
21
-4.0863343307086613
0
LINE
8
BLACK
6
CONTINUOUS
10
4.7428617322834645
20
-4.0863343307086613
11
4.7417096456692915
21
-4.0863343307086613
0
LINE
8
BLACK
6
CONTINUOUS
10
4.7417096456692915
20
-4.0863343307086613
11
4.7406452362204723
21
-4.0858934251968506
0
LINE
8
BLACK
6
CONTINUOUS
10
4.7406452362204723
20
-4.0858934251968506
11
4.7401977952755905
21
-4.085526220472441
0
LINE
8
BLACK
6
CONTINUOUS
10
4.7401977952755905
20
-4.085526220472441
11
4.7383230314960629
21
-4.0836514566929134
0
LINE
8
BLACK
6
CONTINUOUS
10
4.7383230314960629
20
-4.0836514566929134
11
4.7379558267716533
21
-4.0832040157480316
0
LINE
8
BLACK
6
CONTINUOUS
10
4.7379558267716533
20
-4.0832040157480316
11
4.7379151968503939
21
-4.0831059448818898
0
LINE
8
BLACK
6
CONTINUOUS
10
4.7379151968503939
20
-4.0831059448818898
11
4.7378457086614176
21
-4.083025826771653
0
LINE
8
BLACK
6
CONTINUOUS
10
4.7378457086614176
20
-4.083025826771653
11
4.7376097244094488
21
-4.0824972834645665
0
LINE
8
BLACK
6
CONTINUOUS
10
4.7376097244094488
20
-4.0824972834645665
11
4.7357349606299213
21
-4.0768729921259839
0
LINE
8
BLACK
6
CONTINUOUS
10
4.7357349606299213
20
-4.0768729921259839
11
4.7356699999999998
21
-4.0765874015748027
0
LINE
8
BLACK
6
CONTINUOUS
10
4.7356699999999998
20
-4.0765874015748027
11
4.7356401574803151
21
-4.0765153149606297
0
LINE
8
BLACK
6
CONTINUOUS
10
4.7356401574803151
20
-4.0765153149606297
11
4.7356298425196846
21
-4.0764107874015751
0
LINE
8
BLACK
6
CONTINUOUS
10
4.7356298425196846
20
-4.0764107874015751
11
4.7356066141732285
21
-4.0763085433070865
0
LINE
8
BLACK
6
CONTINUOUS
10
4.7356066141732285
20
-4.0763085433070865
11
4.7356121259842521
21
-4.0762307874015749
0
LINE
8
BLACK
6
CONTINUOUS
10
4.7356121259842521
20
-4.0762307874015749
11
4.7355834251968503
21
-4.0759392519685038
0
LINE
8
BLACK
6
CONTINUOUS
10
4.7355834251968503
20
-4.0759392519685038
11
4.7355834251968503
21
-4.0721897244094487
0
LINE
8
BLACK
6
CONTINUOUS
10
4.7355834251968503
20
-4.0721897244094487
11
4.7356121259842521
21
-4.0718981496062989
0
LINE
8
BLACK
6
CONTINUOUS
10
4.7356121259842521
20
-4.0718981496062989
11
4.7356066141732285
21
-4.0718204330708661
0
LINE
8
BLACK
6
CONTINUOUS
10
4.7356066141732285
20
-4.0718204330708661
11
4.7356298425196846
21
-4.0717181496062995
0
LINE
8
BLACK
6
CONTINUOUS
10
4.7356298425196846
20
-4.0717181496062995
11
4.7356401574803151
21
-4.0716136614173228
0
LINE
8
BLACK
6
CONTINUOUS
10
4.7356401574803151
20
-4.0716136614173228
11
4.7356699999999998
21
-4.0715415354330711
0
LINE
8
BLACK
6
CONTINUOUS
10
4.7356699999999998
20
-4.0715415354330711
11
4.7357349606299213
21
-4.0712559842519687
0
LINE
8
BLACK
6
CONTINUOUS
10
4.7357349606299213
20
-4.0712559842519687
11
4.7376097244094488
21
-4.065631692913386
0
LINE
8
BLACK
6
CONTINUOUS
10
4.7376097244094488
20
-4.065631692913386
11
4.7378457086614176
21
-4.0651031496062995
0
LINE
8
BLACK
6
CONTINUOUS
10
4.7378457086614176
20
-4.0651031496062995
11
4.7379151968503939
21
-4.0650229921259839
0
LINE
8
BLACK
6
CONTINUOUS
10
4.7379151968503939
20
-4.0650229921259839
11
4.7379558267716533
21
-4.0649249606299209
0
LINE
8
BLACK
6
CONTINUOUS
10
4.7379558267716533
20
-4.0649249606299209
11
4.7383230314960629
21
-4.0644775196850391
0
LINE
8
BLACK
6
CONTINUOUS
10
4.7383230314960629
20
-4.0644775196850391
11
4.742072559055118
21
-4.060727992125984
0
LINE
8
BLACK
6
CONTINUOUS
10
4.742072559055118
20
-4.060727992125984
11
4.7422989370078739
21
-4.0605421259842522
0
LINE
8
BLACK
6
CONTINUOUS
10
4.7422989370078739
20
-4.0605421259842522
11
4.7423500787401576
21
-4.0604832283464569
0
LINE
8
BLACK
6
CONTINUOUS
10
4.7423500787401576
20
-4.0604832283464569
11
4.7424388188976376
21
-4.0604273228346459
0
LINE
8
BLACK
6
CONTINUOUS
10
4.7424388188976376
20
-4.0604273228346459
11
4.7425199999999998
21
-4.0603607480314956
0
LINE
8
BLACK
6
CONTINUOUS
10
4.7425199999999998
20
-4.0603607480314956
11
4.7425921259842516
21
-4.0603308661417321
0
LINE
8
BLACK
6
CONTINUOUS
10
4.7425921259842516
20
-4.0603308661417321
11
4.7428399606299214
21
-4.0601748818897638
0
LINE
8
BLACK
6
CONTINUOUS
10
4.7428399606299214
20
-4.0601748818897638
11
4.7465894881889765
21
-4.0583001181102363
0
LINE
8
BLACK
6
CONTINUOUS
10
4.7465894881889765
20
-4.0583001181102363
11
4.7466315748031498
21
-4.058283976377953
0
LINE
8
BLACK
6
CONTINUOUS
10
4.7466315748031498
20
-4.058283976377953
11
4.7466487401574806
21
-4.0582712992125982
0
LINE
8
BLACK
6
CONTINUOUS
10
4.7466487401574806
20
-4.0582712992125982
11
4.7468903149606296
21
-4.0581849606299212
0
LINE
8
BLACK
6
CONTINUOUS
10
4.7468903149606296
20
-4.0581849606299212
11
4.7471300787401578
21
-4.0580932283464568
0
LINE
8
BLACK
6
CONTINUOUS
10
4.7471300787401578
20
-4.0580932283464568
11
4.7471513385826771
21
-4.0580916929133855
0
LINE
8
BLACK
6
CONTINUOUS
10
4.7471513385826771
20
-4.0580916929133855
11
4.7471938582677167
21
-4.058076535433071
0
LINE
8
BLACK
6
CONTINUOUS
10
4.7471938582677167
20
-4.058076535433071
11
4.7546929133858269
21
-4.0562017716535435
0
LINE
8
BLACK
6
CONTINUOUS
10
4.7546929133858269
20
-4.0562017716535435
11
4.7547927559055116
21
-4.0561869685039369
0
LINE
8
BLACK
6
CONTINUOUS
10
4.7547927559055116
20
-4.0561869685039369
11
4.7548329921259844
21
-4.0561703543307086
0
LINE
8
BLACK
6
CONTINUOUS
10
4.7548329921259844
20
-4.0561703543307086
11
4.7550499999999998
21
-4.056148976377953
0
LINE
8
BLACK
6
CONTINUOUS
10
4.7550499999999998
20
-4.056148976377953
11
4.7552655118110234
21
-4.0561171259842519
0
LINE
8
BLACK
6
CONTINUOUS
10
4.7552655118110234
20
-4.0561171259842519
11
4.755308503937008
21
-4.056123503937008
0
LINE
8
BLACK
6
CONTINUOUS
10
4.755308503937008
20
-4.056123503937008
11
4.7554090551181103
21
-4.0561136220472438
0
LINE
8
BLACK
6
CONTINUOUS
10
4.7554090551181103
20
-4.0561136220472438
11
4.761033346456693
21
-4.0561136220472438
0
LINE
8
BLACK
6
CONTINUOUS
10
4.761033346456693
20
-4.0561136220472438
11
4.7611338582677165
21
-4.056123503937008
0
LINE
8
BLACK
6
CONTINUOUS
10
5.2711338582677163
20
-4.056123503937008
11
5.2711768897637796
21
-4.0561171259842519
0
LINE
8
BLACK
6
CONTINUOUS
10
5.2711768897637796
20
-4.0561171259842519
11
5.2713923622047245
21
-4.056148976377953
0
LINE
8
BLACK
6
CONTINUOUS
10
5.2713923622047245
20
-4.056148976377953
11
5.2716094094488186
21
-4.0561703543307086
0
LINE
8
BLACK
6
CONTINUOUS
10
5.2716094094488186
20
-4.0561703543307086
11
5.2716496062992126
21
-4.0561869685039369
0
LINE
8
BLACK
6
CONTINUOUS
10
5.2716496062992126
20
-4.0561869685039369
11
5.2717494881889762
21
-4.0562017716535435
0
LINE
8
BLACK
6
CONTINUOUS
10
5.2717494881889762
20
-4.0562017716535435
11
5.2792485433070864
21
-4.058076535433071
0
LINE
8
BLACK
6
CONTINUOUS
10
5.2792485433070864
20
-4.058076535433071
11
5.2792910236220472
21
-4.0580916929133855
0
LINE
8
BLACK
6
CONTINUOUS
10
5.2792910236220472
20
-4.0580916929133855
11
5.2793122834645665
21
-4.0580932283464568
0
LINE
8
BLACK
6
CONTINUOUS
10
5.2793122834645665
20
-4.0580932283464568
11
5.2795516929133859
21
-4.0581848425196849
0
LINE
8
BLACK
6
CONTINUOUS
10
5.2795516929133859
20
-4.0581848425196849
11
5.2797936614173224
21
-4.0582712992125982
0
LINE
8
BLACK
6
CONTINUOUS
10
5.2797936614173224
20
-4.0582712992125982
11
5.2798107874015745
21
-4.058283976377953
0
LINE
8
BLACK
6
CONTINUOUS
10
5.2798107874015745
20
-4.058283976377953
11
5.2798529133858265
21
-4.0583001181102363
0
LINE
8
BLACK
6
CONTINUOUS
10
5.2798529133858265
20
-4.0583001181102363
11
5.2836024409448816
21
-4.0601748818897638
0
LINE
8
BLACK
6
CONTINUOUS
10
5.2836024409448816
20
-4.0601748818897638
11
5.2838503149606302
21
-4.0603309055118109
0
LINE
8
BLACK
6
CONTINUOUS
10
5.2838503149606302
20
-4.0603309055118109
11
5.2839223622047244
21
-4.0603607480314956
0
LINE
8
BLACK
6
CONTINUOUS
10
5.2839223622047244
20
-4.0603607480314956
11
5.2840033858267716
21
-4.0604272440944884
0
LINE
8
BLACK
6
CONTINUOUS
10
5.2840033858267716
20
-4.0604272440944884
11
5.2840923228346455
21
-4.0604832283464569
0
LINE
8
BLACK
6
CONTINUOUS
10
5.2840923228346455
20
-4.0604832283464569
11
5.2841434645669292
21
-4.0605422047244097
0
LINE
8
BLACK
6
CONTINUOUS
10
5.2841434645669292
20
-4.0605422047244097
11
5.284369842519685
21
-4.060727992125984
0
LINE
8
BLACK
6
CONTINUOUS
10
5.284369842519685
20
-4.060727992125984
11
5.2881194094488189
21
-4.0644775196850391
0
LINE
8
BLACK
6
CONTINUOUS
10
5.2881194094488189
20
-4.0644775196850391
11
5.2884866535433073
21
-4.0649249606299209
0
LINE
8
BLACK
6
CONTINUOUS
10
5.2884866535433073
20
-4.0649249606299209
11
5.2885272440944879
21
-4.0650229921259839
0
LINE
8
BLACK
6
CONTINUOUS
10
5.2885272440944879
20
-4.0650229921259839
11
5.2885967322834642
21
-4.0651031102362207
0
LINE
8
BLACK
6
CONTINUOUS
10
5.2885967322834642
20
-4.0651031102362207
11
5.288832716535433
21
-4.065631692913386
0
LINE
8
BLACK
6
CONTINUOUS
10
5.288832716535433
20
-4.065631692913386
11
5.2907074803149605
21
-4.0712559448818899
0
LINE
8
BLACK
6
CONTINUOUS
10
5.2907074803149605
20
-4.0712559448818899
11
5.2907724015748032
21
-4.0715415748031498
0
LINE
8
BLACK
6
CONTINUOUS
10
5.2907724015748032
20
-4.0715415748031498
11
5.2908022834645667
21
-4.0716136614173228
0
LINE
8
BLACK
6
CONTINUOUS
10
5.2908022834645667
20
-4.0716136614173228
11
5.2908125590551176
21
-4.0717181102362208
0
LINE
8
BLACK
6
CONTINUOUS
10
5.2908125590551176
20
-4.0717181102362208
11
5.2908358267716533
21
-4.0718203937007873
0
LINE
8
BLACK
6
CONTINUOUS
10
5.2908358267716533
20
-4.0718203937007873
11
5.290830275590551
21
-4.0718981102362202
0
LINE
8
BLACK
6
CONTINUOUS
10
5.290830275590551
20
-4.0718981102362202
11
5.2908590157480315
21
-4.0721897244094487
0
LINE
8
BLACK
6
CONTINUOUS
10
5.2908590157480315
20
-4.0721897244094487
11
5.2908590157480315
21
-4.0759392519685038
0
LINE
8
BLACK
6
CONTINUOUS
10
5.2908590157480315
20
-4.0759392519685038
11
5.290830275590551
21
-4.0762308267716536
0
LINE
8
BLACK
6
CONTINUOUS
10
5.290830275590551
20
-4.0762308267716536
11
5.2908358267716533
21
-4.0763085826771652
0
LINE
8
BLACK
6
CONTINUOUS
10
5.2908358267716533
20
-4.0763085826771652
11
5.2908125590551176
21
-4.076410826771653
0
LINE
8
BLACK
6
CONTINUOUS
10
5.2908125590551176
20
-4.076410826771653
11
5.2908022834645667
21
-4.0765153149606297
0
LINE
8
BLACK
6
CONTINUOUS
10
5.2908022834645667
20
-4.0765153149606297
11
5.2907724015748032
21
-4.076587362204724
0
LINE
8
BLACK
6
CONTINUOUS
10
5.2907724015748032
20
-4.076587362204724
11
5.2907074803149605
21
-4.0768730314960626
0
LINE
8
BLACK
6
CONTINUOUS
10
5.2907074803149605
20
-4.0768730314960626
11
5.288832716535433
21
-4.0824972834645665
0
LINE
8
BLACK
6
CONTINUOUS
10
5.288832716535433
20
-4.0824972834645665
11
5.2885967322834642
21
-4.0830258661417318
0
LINE
8
BLACK
6
CONTINUOUS
10
5.2885967322834642
20
-4.0830258661417318
11
5.2885271653543304
21
-4.0831060236220473
0
LINE
8
BLACK
6
CONTINUOUS
10
5.2885271653543304
20
-4.0831060236220473
11
5.2884866141732285
21
-4.0832040157480316
0
LINE
8
BLACK
6
CONTINUOUS
10
5.2884866141732285
20
-4.0832040157480316
11
5.2881193700787401
21
-4.0836514960629922
0
LINE
8
BLACK
6
CONTINUOUS
10
5.2881193700787401
20
-4.0836514960629922
11
5.2862445669291338
21
-4.0855262598425197
0
LINE
8
BLACK
6
CONTINUOUS
10
5.2862445669291338
20
-4.0855262598425197
11
5.285797125984252
21
-4.0858934645669294
0
LINE
8
BLACK
6
CONTINUOUS
10
5.285797125984252
20
-4.0858934645669294
11
5.2847327165354328
21
-4.0863343307086613
0
LINE
8
BLACK
6
CONTINUOUS
10
5.2847327165354328
20
-4.0863343307086613
11
5.2835806299212598
21
-4.0863343307086613
0
LINE
8
BLACK
6
CONTINUOUS
10
5.2835806299212598
20
-4.0863343307086613
11
5.2825162204724405
21
-4.0858934251968506
0
LINE
8
BLACK
6
CONTINUOUS
10
5.2825162204724405
20
-4.0858934251968506
11
5.2817015354330703
21
-4.0850787401574804
0
LINE
8
BLACK
6
CONTINUOUS
10
5.2817015354330703
20
-4.0850787401574804
11
5.2812606692913384
21
-4.0840143307086612
0
LINE
8
BLACK
6
CONTINUOUS
10
5.2812606692913384
20
-4.0840143307086612
11
5.2812606692913384
21
-4.0828622440944882
0
LINE
8
BLACK
6
CONTINUOUS
10
5.2812606692913384
20
-4.0828622440944882
11
5.2817015748031491
21
-4.0817978346456689
0
LINE
8
BLACK
6
CONTINUOUS
10
5.2817015748031491
20
-4.0817978346456689
11
5.2820688188976375
21
-4.0813503543307084
0
LINE
8
BLACK
6
CONTINUOUS
10
5.2820688188976375
20
-4.0813503543307084
11
5.2834507086614169
21
-4.079968464566929
0
LINE
8
BLACK
6
CONTINUOUS
10
5.2834507086614169
20
-4.079968464566929
11
5.2849535039370075
21
-4.0754601181102359
0
LINE
8
BLACK
6
CONTINUOUS
10
5.2849535039370075
20
-4.0754601181102359
11
5.2849535039370075
21
-4.0726688582677166
0
LINE
8
BLACK
6
CONTINUOUS
10
5.2849535039370075
20
-4.0726688582677166
11
5.2834507086614169
21
-4.0681604724409448
0
LINE
8
BLACK
6
CONTINUOUS
10
5.2834507086614169
20
-4.0681604724409448
11
5.280532834645669
21
-4.0652426377952757
0
LINE
8
BLACK
6
CONTINUOUS
10
5.280532834645669
20
-4.0652426377952757
11
5.2775018503937003
21
-4.0637271259842516
0
LINE
8
BLACK
6
CONTINUOUS
10
5.2775018503937003
20
-4.0637271259842516
11
5.2706698031496062
21
-4.0620191338582678
0
LINE
8
BLACK
6
CONTINUOUS
10
5.2706698031496062
20
-4.0620191338582678
11
5.2657725984251966
21
-4.0620191338582678
0
LINE
8
BLACK
6
CONTINUOUS
10
5.2657725984251966
20
-4.0620191338582678
11
5.2589405511811025
21
-4.0637271259842516
0
LINE
8
BLACK
6
CONTINUOUS
10
5.2589405511811025
20
-4.0637271259842516
11
5.2559095669291338
21
-4.0652426377952757
0
LINE
8
BLACK
6
CONTINUOUS
10
5.2559095669291338
20
-4.0652426377952757
11
5.2529917322834647
21
-4.0681604330708661
0
LINE
8
BLACK
6
CONTINUOUS
10
5.2529917322834647
20
-4.0681604330708661
11
5.2514889370078741
21
-4.0726688582677166
0
LINE
8
BLACK
6
CONTINUOUS
10
5.2514889370078741
20
-4.0726688582677166
11
5.2514889370078741
21
-4.0754600787401571
0
LINE
8
BLACK
6
CONTINUOUS
10
5.2514889370078741
20
-4.0754600787401571
11
5.2529917322834647
21
-4.0799685039370077
0
LINE
8
BLACK
6
CONTINUOUS
10
5.2529917322834647
20
-4.0799685039370077
11
5.2543736220472441
21
-4.0813503937007871
0
LINE
8
BLACK
6
CONTINUOUS
10
5.2543736220472441
20
-4.0813503937007871
11
5.2547408267716538
21
-4.0817978346456689
0
LINE
8
BLACK
6
CONTINUOUS
10
5.2547408267716538
20
-4.0817978346456689
11
5.2551817322834644
21
-4.0828622440944882
0
LINE
8
BLACK
6
CONTINUOUS
10
5.2551817322834644
20
-4.0828622440944882
11
5.2551817322834644
21
-4.0840143307086612
0
LINE
8
BLACK
6
CONTINUOUS
10
5.2551817322834644
20
-4.0840143307086612
11
5.2547408267716538
21
-4.0850787401574804
0
LINE
8
BLACK
6
CONTINUOUS
10
5.2547408267716538
20
-4.0850787401574804
11
5.2539261417322836
21
-4.0858934251968506
0
LINE
8
BLACK
6
CONTINUOUS
10
5.2539261417322836
20
-4.0858934251968506
11
5.2528617322834643
21
-4.0863343307086613
0
LINE
8
BLACK
6
CONTINUOUS
10
5.2528617322834643
20
-4.0863343307086613
11
5.2517096456692913
21
-4.0863343307086613
0
LINE
8
BLACK
6
CONTINUOUS
10
5.2517096456692913
20
-4.0863343307086613
11
5.2506452362204721
21
-4.0858934251968506
0
LINE
8
BLACK
6
CONTINUOUS
10
5.2506452362204721
20
-4.0858934251968506
11
5.2501977952755903
21
-4.085526220472441
0
LINE
8
BLACK
6
CONTINUOUS
10
5.2501977952755903
20
-4.085526220472441
11
5.2483230314960627
21
-4.0836514566929134
0
LINE
8
BLACK
6
CONTINUOUS
10
5.2483230314960627
20
-4.0836514566929134
11
5.2479558267716531
21
-4.0832040157480316
0
LINE
8
BLACK
6
CONTINUOUS
10
5.2479558267716531
20
-4.0832040157480316
11
5.2479151968503936
21
-4.0831059448818898
0
LINE
8
BLACK
6
CONTINUOUS
10
5.2479151968503936
20
-4.0831059448818898
11
5.2478457086614174
21
-4.083025826771653
0
LINE
8
BLACK
6
CONTINUOUS
10
5.2478457086614174
20
-4.083025826771653
11
5.2476097244094486
21
-4.0824972834645665
0
LINE
8
BLACK
6
CONTINUOUS
10
5.2476097244094486
20
-4.0824972834645665
11
5.2457349606299211
21
-4.0768729921259839
0
LINE
8
BLACK
6
CONTINUOUS
10
5.2457349606299211
20
-4.0768729921259839
11
5.2456699999999996
21
-4.0765874015748027
0
LINE
8
BLACK
6
CONTINUOUS
10
5.2456699999999996
20
-4.0765874015748027
11
5.2456401574803149
21
-4.0765153149606297
0
LINE
8
BLACK
6
CONTINUOUS
10
5.2456401574803149
20
-4.0765153149606297
11
5.2456298425196852
21
-4.0764107874015751
0
LINE
8
BLACK
6
CONTINUOUS
10
5.2456298425196852
20
-4.0764107874015751
11
5.2456066141732283
21
-4.0763085433070865
0
LINE
8
BLACK
6
CONTINUOUS
10
5.2456066141732283
20
-4.0763085433070865
11
5.2456121259842519
21
-4.0762307874015749
0
LINE
8
BLACK
6
CONTINUOUS
10
5.2456121259842519
20
-4.0762307874015749
11
5.2455834251968501
21
-4.0759392519685038
0
LINE
8
BLACK
6
CONTINUOUS
10
5.2455834251968501
20
-4.0759392519685038
11
5.2455834251968501
21
-4.0721897244094487
0
LINE
8
BLACK
6
CONTINUOUS
10
5.2455834251968501
20
-4.0721897244094487
11
5.2456121259842519
21
-4.0718981496062989
0
LINE
8
BLACK
6
CONTINUOUS
10
5.2456121259842519
20
-4.0718981496062989
11
5.2456066141732283
21
-4.0718204330708661
0
LINE
8
BLACK
6
CONTINUOUS
10
5.2456066141732283
20
-4.0718204330708661
11
5.2456298425196852
21
-4.0717181496062995
0
LINE
8
BLACK
6
CONTINUOUS
10
5.2456298425196852
20
-4.0717181496062995
11
5.2456401574803149
21
-4.0716136614173228
0
LINE
8
BLACK
6
CONTINUOUS
10
5.2456401574803149
20
-4.0716136614173228
11
5.2456699999999996
21
-4.0715415354330711
0
LINE
8
BLACK
6
CONTINUOUS
10
5.2456699999999996
20
-4.0715415354330711
11
5.2457349606299211
21
-4.0712559842519687
0
LINE
8
BLACK
6
CONTINUOUS
10
5.2457349606299211
20
-4.0712559842519687
11
5.2476097244094486
21
-4.065631692913386
0
LINE
8
BLACK
6
CONTINUOUS
10
5.2476097244094486
20
-4.065631692913386
11
5.2478457086614174
21
-4.0651031496062995
0
LINE
8
BLACK
6
CONTINUOUS
10
5.2478457086614174
20
-4.0651031496062995
11
5.2479151968503936
21
-4.0650229921259839
0
LINE
8
BLACK
6
CONTINUOUS
10
5.2479151968503936
20
-4.0650229921259839
11
5.2479558267716531
21
-4.0649249606299209
0
LINE
8
BLACK
6
CONTINUOUS
10
5.2479558267716531
20
-4.0649249606299209
11
5.2483230314960627
21
-4.0644775196850391
0
LINE
8
BLACK
6
CONTINUOUS
10
5.2483230314960627
20
-4.0644775196850391
11
5.2520725590551178
21
-4.060727992125984
0
LINE
8
BLACK
6
CONTINUOUS
10
5.2520725590551178
20
-4.060727992125984
11
5.2522989370078736
21
-4.0605421259842522
0
LINE
8
BLACK
6
CONTINUOUS
10
5.2522989370078736
20
-4.0605421259842522
11
5.2523500787401574
21
-4.0604832283464569
0
LINE
8
BLACK
6
CONTINUOUS
10
5.2523500787401574
20
-4.0604832283464569
11
5.2524388188976374
21
-4.0604273228346459
0
LINE
8
BLACK
6
CONTINUOUS
10
5.2524388188976374
20
-4.0604273228346459
11
5.2525199999999996
21
-4.0603607480314956
0
LINE
8
BLACK
6
CONTINUOUS
10
5.2525199999999996
20
-4.0603607480314956
11
5.2525921259842523
21
-4.0603308661417321
0
LINE
8
BLACK
6
CONTINUOUS
10
5.2525921259842523
20
-4.0603308661417321
11
5.2528399606299212
21
-4.0601748818897638
0
LINE
8
BLACK
6
CONTINUOUS
10
5.2528399606299212
20
-4.0601748818897638
11
5.2565894881889763
21
-4.0583001181102363
0
LINE
8
BLACK
6
CONTINUOUS
10
5.2565894881889763
20
-4.0583001181102363
11
5.2566315748031496
21
-4.058283976377953
0
LINE
8
BLACK
6
CONTINUOUS
10
5.2566315748031496
20
-4.058283976377953
11
5.2566487401574804
21
-4.0582712992125982
0
LINE
8
BLACK
6
CONTINUOUS
10
5.2566487401574804
20
-4.0582712992125982
11
5.2568903149606294
21
-4.0581849606299212
0
LINE
8
BLACK
6
CONTINUOUS
10
5.2568903149606294
20
-4.0581849606299212
11
5.2571300787401576
21
-4.0580932283464568
0
LINE
8
BLACK
6
CONTINUOUS
10
5.2571300787401576
20
-4.0580932283464568
11
5.2571513385826769
21
-4.0580916929133855
0
LINE
8
BLACK
6
CONTINUOUS
10
5.2571513385826769
20
-4.0580916929133855
11
5.2571938582677165
21
-4.058076535433071
0
LINE
8
BLACK
6
CONTINUOUS
10
5.2571938582677165
20
-4.058076535433071
11
5.2646929133858267
21
-4.0562017716535435
0
LINE
8
BLACK
6
CONTINUOUS
10
5.2646929133858267
20
-4.0562017716535435
11
5.2647927559055114
21
-4.0561869685039369
0
LINE
8
BLACK
6
CONTINUOUS
10
5.2647927559055114
20
-4.0561869685039369
11
5.2648329921259842
21
-4.0561703543307086
0
LINE
8
BLACK
6
CONTINUOUS
10
5.2648329921259842
20
-4.0561703543307086
11
5.2650499999999996
21
-4.056148976377953
0
LINE
8
BLACK
6
CONTINUOUS
10
5.2650499999999996
20
-4.056148976377953
11
5.2652655118110232
21
-4.0561171259842519
0
LINE
8
BLACK
6
CONTINUOUS
10
5.2652655118110232
20
-4.0561171259842519
11
5.2653085039370078
21
-4.056123503937008
0
LINE
8
BLACK
6
CONTINUOUS
10
5.2653085039370078
20
-4.056123503937008
11
5.2654090551181101
21
-4.0561136220472438
0
LINE
8
BLACK
6
CONTINUOUS
10
5.2654090551181101
20
-4.0561136220472438
11
5.2710333464566927
21
-4.0561136220472438
0
LINE
8
BLACK
6
CONTINUOUS
10
5.2710333464566927
20
-4.0561136220472438
11
5.2711338582677163
21
-4.056123503937008
0
LINE
8
BLACK
6
CONTINUOUS
10
6.4111894881889766
20
-4.0788805905511811
11
6.4124679133858269
21
-4.0801590157480314
0
LINE
8
BLACK
6
CONTINUOUS
10
6.4124679133858269
20
-4.0801590157480314
11
6.4124679133858269
21
-4.081966968503937
0
LINE
8
BLACK
6
CONTINUOUS
10
6.4124679133858269
20
-4.081966968503937
11
6.4111894881889766
21
-4.0832453937007873
0
LINE
8
BLACK
6
CONTINUOUS
10
6.4111894881889766
20
-4.0832453937007873
11
6.4102855118110238
21
-4.0834251968503938
0
LINE
8
BLACK
6
CONTINUOUS
10
6.4102855118110238
20
-4.0834251968503938
11
6.389714488188976
21
-4.0834251968503938
0
LINE
8
BLACK
6
CONTINUOUS
10
6.389714488188976
20
-4.0834251968503938
11
6.3888105118110232
21
-4.0832453937007873
0
LINE
8
BLACK
6
CONTINUOUS
10
6.3888105118110232
20
-4.0832453937007873
11
6.3875320866141729
21
-4.081966968503937
0
LINE
8
BLACK
6
CONTINUOUS
10
6.3875320866141729
20
-4.081966968503937
11
6.3875320866141729
21
-4.0801590157480314
0
LINE
8
BLACK
6
CONTINUOUS
10
6.3875320866141729
20
-4.0801590157480314
11
6.3888105118110232
21
-4.0788805905511811
0
LINE
8
BLACK
6
CONTINUOUS
10
6.3888105118110232
20
-4.0788805905511811
11
6.389714488188976
21
-4.0787007874015746
0
LINE
8
BLACK
6
CONTINUOUS
10
6.389714488188976
20
-4.0787007874015746
11
6.4102855118110238
21
-4.0787007874015746
0
LINE
8
BLACK
6
CONTINUOUS
10
6.4102855118110238
20
-4.0787007874015746
11
6.4111894881889766
21
-4.0788805905511811
0
LINE
8
BLACK
6
CONTINUOUS
10
4.8334823228346453
20
-4.0492974409448816
11
4.8345467322834645
21
-4.0497383464566932
0
LINE
8
BLACK
6
CONTINUOUS
10
4.8345467322834645
20
-4.0497383464566932
11
4.835361377952756
21
-4.0505529921259837
0
LINE
8
BLACK
6
CONTINUOUS
10
4.835361377952756
20
-4.0505529921259837
11
4.8358022834645666
21
-4.051617401574803
0
LINE
8
BLACK
6
CONTINUOUS
10
4.8358022834645666
20
-4.051617401574803
11
4.8358022834645666
21
-4.0527695275590547
0
LINE
8
BLACK
6
CONTINUOUS
10
4.8358022834645666
20
-4.0527695275590547
11
4.835361377952756
21
-4.053833937007874
0
LINE
8
BLACK
6
CONTINUOUS
10
4.835361377952756
20
-4.053833937007874
11
4.8345467322834645
21
-4.0546485826771654
0
LINE
8
BLACK
6
CONTINUOUS
10
4.8345467322834645
20
-4.0546485826771654
11
4.8334823228346453
21
-4.0550894881889761
0
LINE
8
BLACK
6
CONTINUOUS
10
4.8334823228346453
20
-4.0550894881889761
11
4.8329062598425194
21
-4.0551462204724409
0
LINE
8
BLACK
6
CONTINUOUS
10
4.8329062598425194
20
-4.0551462204724409
11
4.8171113385826771
21
-4.0551462204724409
0
LINE
8
BLACK
6
CONTINUOUS
10
4.8171113385826771
20
-4.0551462204724409
11
4.8171113385826771
21
-4.060029881889764
0
LINE
8
BLACK
6
CONTINUOUS
10
4.8171113385826771
20
-4.060029881889764
11
4.8345995669291337
21
-4.0722716535433072
0
LINE
8
BLACK
6
CONTINUOUS
10
4.8345995669291337
20
-4.0722716535433072
11
4.8350389370078739
21
-4.072648464566929
0
LINE
8
BLACK
6
CONTINUOUS
10
4.8350389370078739
20
-4.072648464566929
11
4.8356581102362206
21
-4.0736200787401575
0
LINE
8
BLACK
6
CONTINUOUS
10
4.8356581102362206
20
-4.0736200787401575
11
4.8358583464566927
21
-4.0747546062992122
0
LINE
8
BLACK
6
CONTINUOUS
10
4.8358583464566927
20
-4.0747546062992122
11
4.8356091338582674
21
-4.0758794488188972
0
LINE
8
BLACK
6
CONTINUOUS
10
4.8356091338582674
20
-4.0758794488188972
11
4.83494842519685
21
-4.076823307086614
0
LINE
8
BLACK
6
CONTINUOUS
10
4.83494842519685
20
-4.076823307086614
11
4.8339768503937011
21
-4.0774424803149607
0
LINE
8
BLACK
6
CONTINUOUS
10
4.8339768503937011
20
-4.0774424803149607
11
4.8328422834645668
21
-4.077642677165354
0
LINE
8
BLACK
6
CONTINUOUS
10
4.8328422834645668
20
-4.077642677165354
11
4.8317174409448818
21
-4.0773935039370075
0
LINE
8
BLACK
6
CONTINUOUS
10
4.8317174409448818
20
-4.0773935039370075
11
4.8312129921259839
21
-4.0771096456692915
0
LINE
8
BLACK
6
CONTINUOUS
10
4.8312129921259839
20
-4.0771096456692915
11
4.8171070078740152
21
-4.0672354724409452
0
LINE
8
BLACK
6
CONTINUOUS
10
4.8171070078740152
20
-4.0672354724409452
11
4.8170546062992123
21
-4.0677676377952752
0
LINE
8
BLACK
6
CONTINUOUS
10
4.8170546062992123
20
-4.0677676377952752
11
4.8170140157480317
21
-4.0678655905511807
0
LINE
8
BLACK
6
CONTINUOUS
10
4.8170140157480317
20
-4.0678655905511807
11
4.8170064960629917
21
-4.0679714960629925
0
LINE
8
BLACK
6
CONTINUOUS
10
4.8170064960629917
20
-4.0679714960629925
11
4.8167996062992122
21
-4.0685120866141729
0
LINE
8
BLACK
6
CONTINUOUS
10
4.8167996062992122
20
-4.0685120866141729
11
4.8149248425196847
21
-4.072261614173228
0
LINE
8
BLACK
6
CONTINUOUS
10
4.8149248425196847
20
-4.072261614173228
11
4.8147687401574801
21
-4.0725096062992128
0
LINE
8
BLACK
6
CONTINUOUS
10
4.8147687401574801
20
-4.0725096062992128
11
4.8147389370078741
21
-4.0725815748031495
0
LINE
8
BLACK
6
CONTINUOUS
10
4.8147389370078741
20
-4.0725815748031495
11
4.8146724409448813
21
-4.0726625196850392
0
LINE
8
BLACK
6
CONTINUOUS
10
4.8146724409448813
20
-4.0726625196850392
11
4.8146164960629916
21
-4.0727514960629918
0
LINE
8
BLACK
6
CONTINUOUS
10
4.8146164960629916
20
-4.0727514960629918
11
4.8145574803149609
21
-4.0728026377952755
0
LINE
8
BLACK
6
CONTINUOUS
10
4.8145574803149609
20
-4.0728026377952755
11
4.8143717322834645
21
-4.0730290157480313
0
LINE
8
BLACK
6
CONTINUOUS
10
4.8143717322834645
20
-4.0730290157480313
11
4.8124969685039369
21
-4.0749037795275589
0
LINE
8
BLACK
6
CONTINUOUS
10
4.8124969685039369
20
-4.0749037795275589
11
4.8122705905511811
21
-4.0750895275590553
0
LINE
8
BLACK
6
CONTINUOUS
10
4.8122705905511811
20
-4.0750895275590553
11
4.8122194488188974
21
-4.0751485433070869
0
LINE
8
BLACK
6
CONTINUOUS
10
4.8122194488188974
20
-4.0751485433070869
11
4.8121304724409448
21
-4.0752044881889766
0
LINE
8
BLACK
6
CONTINUOUS
10
4.8121304724409448
20
-4.0752044881889766
11
4.8120495275590551
21
-4.0752709842519685
0
LINE
8
BLACK
6
CONTINUOUS
10
4.8120495275590551
20
-4.0752709842519685
11
4.8119775590551184
21
-4.0753007874015745
0
LINE
8
BLACK
6
CONTINUOUS
10
4.8119775590551184
20
-4.0753007874015745
11
4.8117295669291336
21
-4.0754568897637791
0
LINE
8
BLACK
6
CONTINUOUS
10
4.8117295669291336
20
-4.0754568897637791
11
4.8079800393700785
21
-4.0773316535433066
0
LINE
8
BLACK
6
CONTINUOUS
10
4.8079800393700785
20
-4.0773316535433066
11
4.8074394094488184
21
-4.0775385433070861
0
LINE
8
BLACK
6
CONTINUOUS
10
4.8074394094488184
20
-4.0775385433070861
11
4.807333582677165
21
-4.0775460236220473
0
LINE
8
BLACK
6
CONTINUOUS
10
4.807333582677165
20
-4.0775460236220473
11
4.8072355905511808
21
-4.0775866535433067
0
LINE
8
BLACK
6
CONTINUOUS
10
4.8072355905511808
20
-4.0775866535433067
11
4.8066595275590549
21
-4.0776433858267715
0
LINE
8
BLACK
6
CONTINUOUS
10
4.8066595275590549
20
-4.0776433858267715
11
4.8010352362204722
21
-4.0776433858267715
0
LINE
8
BLACK
6
CONTINUOUS
10
4.8010352362204722
20
-4.0776433858267715
11
4.8004591732283464
21
-4.0775866535433067
0
LINE
8
BLACK
6
CONTINUOUS
10
4.8004591732283464
20
-4.0775866535433067
11
4.8003611811023621
21
-4.0775460629921261
0
LINE
8
BLACK
6
CONTINUOUS
10
4.8003611811023621
20
-4.0775460629921261
11
4.80025531496063
21
-4.0775385433070861
0
LINE
8
BLACK
6
CONTINUOUS
10
4.80025531496063
20
-4.0775385433070861
11
4.7997147244094487
21
-4.0773316535433066
0
LINE
8
BLACK
6
CONTINUOUS
10
4.7997147244094487
20
-4.0773316535433066
11
4.7959651968503936
21
-4.0754568897637791
0
LINE
8
BLACK
6
CONTINUOUS
10
4.7959651968503936
20
-4.0754568897637791
11
4.7957171653543309
21
-4.0753007874015745
0
LINE
8
BLACK
6
CONTINUOUS
10
4.7957171653543309
20
-4.0753007874015745
11
4.795645236220472
21
-4.0752709842519685
0
LINE
8
BLACK
6
CONTINUOUS
10
4.795645236220472
20
-4.0752709842519685
11
4.7955642519685036
21
-4.0752044881889766
0
LINE
8
BLACK
6
CONTINUOUS
10
4.7955642519685036
20
-4.0752044881889766
11
4.7954753149606297
21
-4.0751485433070869
0
LINE
8
BLACK
6
CONTINUOUS
10
4.7954753149606297
20
-4.0751485433070869
11
4.7954241338582673
21
-4.0750895275590553
0
LINE
8
BLACK
6
CONTINUOUS
10
4.7954241338582673
20
-4.0750895275590553
11
4.7951977952755902
21
-4.0749037795275589
0
LINE
8
BLACK
6
CONTINUOUS
10
4.7951977952755902
20
-4.0749037795275589
11
4.7933230314960626
21
-4.0730290157480313
0
LINE
8
BLACK
6
CONTINUOUS
10
4.7933230314960626
20
-4.0730290157480313
11
4.7931372440944884
21
-4.0728026377952755
0
LINE
8
BLACK
6
CONTINUOUS
10
4.7931372440944884
20
-4.0728026377952755
11
4.7930782677165356
21
-4.0727514960629918
0
LINE
8
BLACK
6
CONTINUOUS
10
4.7930782677165356
20
-4.0727514960629918
11
4.793022283464567
21
-4.0726625196850392
0
LINE
8
BLACK
6
CONTINUOUS
10
4.793022283464567
20
-4.0726625196850392
11
4.792955826771653
21
-4.0725815748031495
0
LINE
8
BLACK
6
CONTINUOUS
10
4.792955826771653
20
-4.0725815748031495
11
4.7929259842519683
21
-4.0725096062992128
0
LINE
8
BLACK
6
CONTINUOUS
10
4.7929259842519683
20
-4.0725096062992128
11
4.7927699212598425
21
-4.072261614173228
0
LINE
8
BLACK
6
CONTINUOUS
10
4.7927699212598425
20
-4.072261614173228
11
4.7908951574803149
21
-4.0685120866141729
0
LINE
8
BLACK
6
CONTINUOUS
10
4.7908951574803149
20
-4.0685120866141729
11
4.7906882677165354
21
-4.0679714566929137
0
LINE
8
BLACK
6
CONTINUOUS
10
4.7906882677165354
20
-4.0679714566929137
11
4.7906807480314963
21
-4.0678656299212594
0
LINE
8
BLACK
6
CONTINUOUS
10
4.7906807480314963
20
-4.0678656299212594
11
4.7906401574803148
21
-4.0677676377952752
0
LINE
8
BLACK
6
CONTINUOUS
10
4.7906401574803148
20
-4.0677676377952752
11
4.79058342519685
21
-4.0671915748031493
0
LINE
8
BLACK
6
CONTINUOUS
10
4.79058342519685
20
-4.0671915748031493
11
4.79058342519685
21
-4.0521934645669289
0
LINE
8
BLACK
6
CONTINUOUS
10
4.79058342519685
20
-4.0521934645669289
11
4.7906401574803148
21
-4.051617401574803
0
LINE
8
BLACK
6
CONTINUOUS
10
4.7906401574803148
20
-4.051617401574803
11
4.7910810629921254
21
-4.0505529921259837
0
LINE
8
BLACK
6
CONTINUOUS
10
4.7910810629921254
20
-4.0505529921259837
11
4.7918957086614169
21
-4.0497383464566932
0
LINE
8
BLACK
6
CONTINUOUS
10
4.7918957086614169
20
-4.0497383464566932
11
4.7929601181102361
21
-4.0492974409448816
0
LINE
8
BLACK
6
CONTINUOUS
10
4.7929601181102361
20
-4.0492974409448816
11
4.793536181102362
21
-4.0492407086614168
0
LINE
8
BLACK
6
CONTINUOUS
10
4.793536181102362
20
-4.0492407086614168
11
4.8329062598425194
21
-4.0492407086614168
0
LINE
8
BLACK
6
CONTINUOUS
10
4.8329062598425194
20
-4.0492407086614168
11
4.8334823228346453
21
-4.0492974409448816
0
LINE
8
BLACK
6
CONTINUOUS
10
4.796488937007874
20
-4.0664945275590547
11
4.7978376771653544
21
-4.0691920078740154
0
LINE
8
BLACK
6
CONTINUOUS
10
4.7978376771653544
20
-4.0691920078740154
11
4.7990348031496062
21
-4.0703891338582681
0
LINE
8
BLACK
6
CONTINUOUS
10
4.7990348031496062
20
-4.0703891338582681
11
4.8017322834645668
21
-4.0717378740157484
0
LINE
8
BLACK
6
CONTINUOUS
10
4.8017322834645668
20
-4.0717378740157484
11
4.8059624803149603
21
-4.0717378740157484
0
LINE
8
BLACK
6
CONTINUOUS
10
4.8059624803149603
20
-4.0717378740157484
11
4.808659960629921
21
-4.0703891338582681
0
LINE
8
BLACK
6
CONTINUOUS
10
4.808659960629921
20
-4.0703891338582681
11
4.8098570866141728
21
-4.0691920078740154
0
LINE
8
BLACK
6
CONTINUOUS
10
4.8098570866141728
20
-4.0691920078740154
11
4.8112058267716531
21
-4.0664945275590547
0
LINE
8
BLACK
6
CONTINUOUS
10
4.8112058267716531
20
-4.0664945275590547
11
4.8112058267716531
21
-4.0551462204724409
0
LINE
8
BLACK
6
CONTINUOUS
10
4.8112058267716531
20
-4.0551462204724409
11
4.796488937007874
21
-4.0551462204724409
0
LINE
8
BLACK
6
CONTINUOUS
10
4.796488937007874
20
-4.0551462204724409
11
4.796488937007874
21
-4.0664945275590547
0
LINE
8
BLACK
6
CONTINUOUS
10
6.5598435039370075
20
-4.0688805905511813
11
6.5611219291338578
21
-4.0701590157480316
0
LINE
8
BLACK
6
CONTINUOUS
10
6.5611219291338578
20
-4.0701590157480316
11
6.5611219291338578
21
-4.0719669685039372
0
LINE
8
BLACK
6
CONTINUOUS
10
6.5611219291338578
20
-4.0719669685039372
11
6.5598435039370075
21
-4.0732453937007875
0
LINE
8
BLACK
6
CONTINUOUS
10
6.5598435039370075
20
-4.0732453937007875
11
6.5589395275590547
21
-4.0734251968503932
0
LINE
8
BLACK
6
CONTINUOUS
10
6.5589395275590547
20
-4.0734251968503932
11
6.5410604724409449
21
-4.0734251968503932
0
LINE
8
BLACK
6
CONTINUOUS
10
6.5410604724409449
20
-4.0734251968503932
11
6.5401564960629921
21
-4.0732453937007875
0
LINE
8
BLACK
6
CONTINUOUS
10
6.5401564960629921
20
-4.0732453937007875
11
6.5388780708661418
21
-4.0719669685039372
0
LINE
8
BLACK
6
CONTINUOUS
10
6.5388780708661418
20
-4.0719669685039372
11
6.5388780708661418
21
-4.0701590157480316
0
LINE
8
BLACK
6
CONTINUOUS
10
6.5388780708661418
20
-4.0701590157480316
11
6.5401564960629921
21
-4.0688805905511813
0
LINE
8
BLACK
6
CONTINUOUS
10
6.5401564960629921
20
-4.0688805905511813
11
6.5410604724409449
21
-4.0687007874015748
0
LINE
8
BLACK
6
CONTINUOUS
10
6.5410604724409449
20
-4.0687007874015748
11
6.5589395275590547
21
-4.0687007874015748
0
LINE
8
BLACK
6
CONTINUOUS
10
6.5589395275590547
20
-4.0687007874015748
11
6.5598435039370075
21
-4.0688805905511813
0
LINE
8
BLACK
6
CONTINUOUS
10
6.0865152755905507
20
-4.0256401574803151
11
6.086613267716535
21
-4.0256807480314958
0
LINE
8
BLACK
6
CONTINUOUS
10
6.086613267716535
20
-4.0256807480314958
11
6.0867190944881893
21
-4.0256882677165358
0
LINE
8
BLACK
6
CONTINUOUS
10
6.0867190944881893
20
-4.0256882677165358
11
6.0872597244094484
21
-4.0258951574803152
0
LINE
8
BLACK
6
CONTINUOUS
10
6.0872597244094484
20
-4.0258951574803152
11
6.0910092519685035
21
-4.0277699212598428
0
LINE
8
BLACK
6
CONTINUOUS
10
6.0910092519685035
20
-4.0277699212598428
11
6.0912572440944883
21
-4.0279259842519686
0
LINE
8
BLACK
6
CONTINUOUS
10
6.0912572440944883
20
-4.0279259842519686
11
6.0913292125984251
21
-4.0279558267716533
0
LINE
8
BLACK
6
CONTINUOUS
10
6.0913292125984251
20
-4.0279558267716533
11
6.0914101574803148
21
-4.0280222834645665
0
LINE
8
BLACK
6
CONTINUOUS
10
6.0914101574803148
20
-4.0280222834645665
11
6.0914991338582674
21
-4.028078267716535
0
LINE
8
BLACK
6
CONTINUOUS
10
6.0914991338582674
20
-4.028078267716535
11
6.0915502755905511
21
-4.0281372440944878
0
LINE
8
BLACK
6
CONTINUOUS
10
6.0915502755905511
20
-4.0281372440944878
11
6.0917766535433069
21
-4.028323031496063
0
LINE
8
BLACK
6
CONTINUOUS
10
6.0917766535433069
20
-4.028323031496063
11
6.0936514173228344
21
-4.0301977952755905
0
LINE
8
BLACK
6
CONTINUOUS
10
6.0936514173228344
20
-4.0301977952755905
11
6.0940186220472441
21
-4.0306452362204723
0
LINE
8
BLACK
6
CONTINUOUS
10
6.0940186220472441
20
-4.0306452362204723
11
6.0944595275590547
21
-4.0317096456692916
0
LINE
8
BLACK
6
CONTINUOUS
10
6.0944595275590547
20
-4.0317096456692916
11
6.0944595275590547
21
-4.0328617322834646
0
LINE
8
BLACK
6
CONTINUOUS
10
6.0944595275590547
20
-4.0328617322834646
11
6.0940186220472441
21
-4.0339261417322838
0
LINE
8
BLACK
6
CONTINUOUS
10
6.0940186220472441
20
-4.0339261417322838
11
6.0932039370078739
21
-4.0347408267716531
0
LINE
8
BLACK
6
CONTINUOUS
10
6.0932039370078739
20
-4.0347408267716531
11
6.0921395275590546
21
-4.0351817322834647
0
LINE
8
BLACK
6
CONTINUOUS
10
6.0921395275590546
20
-4.0351817322834647
11
6.0909874409448816
21
-4.0351817322834647
0
LINE
8
BLACK
6
CONTINUOUS
10
6.0909874409448816
20
-4.0351817322834647
11
6.0899230314960633
21
-4.0347408267716531
0
LINE
8
BLACK
6
CONTINUOUS
10
6.0899230314960633
20
-4.0347408267716531
11
6.0894755905511806
21
-4.0343736220472444
0
LINE
8
BLACK
6
CONTINUOUS
10
6.0894755905511806
20
-4.0343736220472444
11
6.0879396456692909
21
-4.0328376771653538
0
LINE
8
BLACK
6
CONTINUOUS
10
6.0879396456692909
20
-4.0328376771653538
11
6.0852421653543303
21
-4.0314889370078744
0
LINE
8
BLACK
6
CONTINUOUS
10
6.0852421653543303
20
-4.0314889370078744
11
6.0772624409448817
21
-4.0314889370078744
0
LINE
8
BLACK
6
CONTINUOUS
10
6.0772624409448817
20
-4.0314889370078744
11
6.074564960629921
21
-4.0328376771653538
0
LINE
8
BLACK
6
CONTINUOUS
10
6.074564960629921
20
-4.0328376771653538
11
6.0733678346456692
21
-4.0340348031496065
0
LINE
8
BLACK
6
CONTINUOUS
10
6.0733678346456692
20
-4.0340348031496065
11
6.0720190944881889
21
-4.0367322834645671
0
LINE
8
BLACK
6
CONTINUOUS
10
6.0720190944881889
20
-4.0367322834645671
11
6.0720190944881889
21
-4.039305590551181
0
LINE
8
BLACK
6
CONTINUOUS
10
6.0720190944881889
20
-4.039305590551181
11
6.0735218897637795
21
-4.0438140157480316
0
LINE
8
BLACK
6
CONTINUOUS
10
6.0735218897637795
20
-4.0438140157480316
11
6.095526181102362
21
-4.0658183464566928
0
LINE
8
BLACK
6
CONTINUOUS
10
6.095526181102362
20
-4.0658183464566928
11
6.0958934251968504
21
-4.0662657874015746
0
LINE
8
BLACK
6
CONTINUOUS
10
6.0958934251968504
20
-4.0662657874015746
11
6.0963342913385823
21
-4.0673302362204726
0
LINE
8
BLACK
6
CONTINUOUS
10
6.0963342913385823
20
-4.0673302362204726
11
6.0963342913385823
21
-4.0684823228346456
0
LINE
8
BLACK
6
CONTINUOUS
10
6.0963342913385823
20
-4.0684823228346456
11
6.0958933858267716
21
-4.0695467322834649
0
LINE
8
BLACK
6
CONTINUOUS
10
6.0958933858267716
20
-4.0695467322834649
11
6.0950787401574802
21
-4.0703614173228342
0
LINE
8
BLACK
6
CONTINUOUS
10
6.0950787401574802
20
-4.0703614173228342
11
6.0943260629921259
21
-4.0706731496062991
0
LINE
8
BLACK
6
CONTINUOUS
10
6.0943260629921259
20
-4.0706731496062991
11
6.0940143307086609
21
-4.070802283464567
0
LINE
8
BLACK
6
CONTINUOUS
10
6.0940143307086609
20
-4.070802283464567
11
6.0934382677165351
21
-4.0708590157480318
0
LINE
8
BLACK
6
CONTINUOUS
10
6.0934382677165351
20
-4.0708590157480318
11
6.0690663385826769
21
-4.0708590157480318
0
LINE
8
BLACK
6
CONTINUOUS
10
6.0690663385826769
20
-4.0708590157480318
11
6.068490275590551
21
-4.070802283464567
0
LINE
8
BLACK
6
CONTINUOUS
10
6.068490275590551
20
-4.070802283464567
11
6.0674258661417317
21
-4.0703613779527554
0
LINE
8
BLACK
6
CONTINUOUS
10
6.0674258661417317
20
-4.0703613779527554
11
6.0666112204724412
21
-4.0695467322834649
0
LINE
8
BLACK
6
CONTINUOUS
10
6.0666112204724412
20
-4.0695467322834649
11
6.0661703149606296
21
-4.0684823228346456
0
LINE
8
BLACK
6
CONTINUOUS
10
6.0661703149606296
20
-4.0684823228346456
11
6.0661703149606296
21
-4.0673301968503939
0
LINE
8
BLACK
6
CONTINUOUS
10
6.0661703149606296
20
-4.0673301968503939
11
6.0666112204724412
21
-4.0662657874015746
0
LINE
8
BLACK
6
CONTINUOUS
10
6.0666112204724412
20
-4.0662657874015746
11
6.0674258661417317
21
-4.0654511417322832
0
LINE
8
BLACK
6
CONTINUOUS
10
6.0674258661417317
20
-4.0654511417322832
11
6.068490275590551
21
-4.0650102362204725
0
LINE
8
BLACK
6
CONTINUOUS
10
6.068490275590551
20
-4.0650102362204725
11
6.0690663385826769
21
-4.0649535039370077
0
LINE
8
BLACK
6
CONTINUOUS
10
6.0690663385826769
20
-4.0649535039370077
11
6.0863096850393701
21
-4.0649535039370077
0
LINE
8
BLACK
6
CONTINUOUS
10
6.0863096850393701
20
-4.0649535039370077
11
6.0688531889763775
21
-4.0474969685039373
0
LINE
8
BLACK
6
CONTINUOUS
10
6.0688531889763775
20
-4.0474969685039373
11
6.0684859842519687
21
-4.0470495275590554
0
LINE
8
BLACK
6
CONTINUOUS
10
6.0684859842519687
20
-4.0470495275590554
11
6.0684453543307084
21
-4.0469514566929137
0
LINE
8
BLACK
6
CONTINUOUS
10
6.0684453543307084
20
-4.0469514566929137
11
6.0683758661417322
21
-4.0468713385826769
0
LINE
8
BLACK
6
CONTINUOUS
10
6.0683758661417322
20
-4.0468713385826769
11
6.0681398818897634
21
-4.0463427952755904
0
LINE
8
BLACK
6
CONTINUOUS
10
6.0681398818897634
20
-4.0463427952755904
11
6.0662651181102358
21
-4.0407185039370077
0
LINE
8
BLACK
6
CONTINUOUS
10
6.0662651181102358
20
-4.0407185039370077
11
6.0662001574803144
21
-4.0404329133858266
0
LINE
8
BLACK
6
CONTINUOUS
10
6.0662001574803144
20
-4.0404329133858266
11
6.0661703149606296
21
-4.0403608267716535
0
LINE
8
BLACK
6
CONTINUOUS
10
6.0661703149606296
20
-4.0403608267716535
11
6.06616
21
-4.0402562992125981
0
LINE
8
BLACK
6
CONTINUOUS
10
6.06616
20
-4.0402562992125981
11
6.066136771653543
21
-4.0401540551181103
0
LINE
8
BLACK
6
CONTINUOUS
10
6.066136771653543
20
-4.0401540551181103
11
6.0661422834645666
21
-4.0400762992125987
0
LINE
8
BLACK
6
CONTINUOUS
10
6.0661422834645666
20
-4.0400762992125987
11
6.0661135826771648
21
-4.0397847637795277
0
LINE
8
BLACK
6
CONTINUOUS
10
6.0661135826771648
20
-4.0397847637795277
11
6.0661135826771648
21
-4.0360352362204726
0
LINE
8
BLACK
6
CONTINUOUS
10
6.0661135826771648
20
-4.0360352362204726
11
6.0661703149606296
21
-4.0354591732283467
0
LINE
8
BLACK
6
CONTINUOUS
10
6.0661703149606296
20
-4.0354591732283467
11
6.0662109055118112
21
-4.0353611417322837
0
LINE
8
BLACK
6
CONTINUOUS
10
6.0662109055118112
20
-4.0353611417322837
11
6.0662184251968503
21
-4.0352553543307081
0
LINE
8
BLACK
6
CONTINUOUS
10
6.0662184251968503
20
-4.0352553543307081
11
6.0664253149606298
21
-4.034714724409449
0
LINE
8
BLACK
6
CONTINUOUS
10
6.0664253149606298
20
-4.034714724409449
11
6.0683000787401573
21
-4.0309651968503939
0
LINE
8
BLACK
6
CONTINUOUS
10
6.0683000787401573
20
-4.0309651968503939
11
6.0684561417322831
21
-4.0307171653543303
0
LINE
8
BLACK
6
CONTINUOUS
10
6.0684561417322831
20
-4.0307171653543303
11
6.0684859842519687
21
-4.0306452362204723
0
LINE
8
BLACK
6
CONTINUOUS
10
6.0684859842519687
20
-4.0306452362204723
11
6.0685524409448819
21
-4.0305642519685039
0
LINE
8
BLACK
6
CONTINUOUS
10
6.0685524409448819
20
-4.0305642519685039
11
6.0686084251968504
21
-4.0304753149606301
0
LINE
8
BLACK
6
CONTINUOUS
10
6.0686084251968504
20
-4.0304753149606301
11
6.0686674015748032
21
-4.0304241338582676
0
LINE
8
BLACK
6
CONTINUOUS
10
6.0686674015748032
20
-4.0304241338582676
11
6.0688531889763775
21
-4.0301977952755905
0
LINE
8
BLACK
6
CONTINUOUS
10
6.0688531889763775
20
-4.0301977952755905
11
6.070727952755905
21
-4.028323031496063
0
LINE
8
BLACK
6
CONTINUOUS
10
6.070727952755905
20
-4.028323031496063
11
6.0709542913385821
21
-4.0281372440944878
0
LINE
8
BLACK
6
CONTINUOUS
10
6.0709542913385821
20
-4.0281372440944878
11
6.0710054724409446
21
-4.028078267716535
0
LINE
8
BLACK
6
CONTINUOUS
10
6.0710054724409446
20
-4.028078267716535
11
6.0710944094488184
21
-4.0280222834645665
0
LINE
8
BLACK
6
CONTINUOUS
10
6.0710944094488184
20
-4.0280222834645665
11
6.0711753937007868
21
-4.0279558267716533
0
LINE
8
BLACK
6
CONTINUOUS
10
6.0711753937007868
20
-4.0279558267716533
11
6.0712473228346457
21
-4.0279259842519686
0
LINE
8
BLACK
6
CONTINUOUS
10
6.0712473228346457
20
-4.0279259842519686
11
6.0714953543307084
21
-4.0277699212598428
0
LINE
8
BLACK
6
CONTINUOUS
10
6.0714953543307084
20
-4.0277699212598428
11
6.0752448818897635
21
-4.0258951574803152
0
LINE
8
BLACK
6
CONTINUOUS
10
6.0752448818897635
20
-4.0258951574803152
11
6.0757854724409448
21
-4.0256882677165358
0
LINE
8
BLACK
6
CONTINUOUS
10
6.0757854724409448
20
-4.0256882677165358
11
6.0758913385826769
21
-4.025680708661417
0
LINE
8
BLACK
6
CONTINUOUS
10
6.0758913385826769
20
-4.025680708661417
11
6.0759893307086612
21
-4.0256401574803151
0
LINE
8
BLACK
6
CONTINUOUS
10
6.0759893307086612
20
-4.0256401574803151
11
6.0765653937007871
21
-4.0255834251968503
0
LINE
8
BLACK
6
CONTINUOUS
10
6.0765653937007871
20
-4.0255834251968503
11
6.0859392125984249
21
-4.0255834251968503
0
LINE
8
BLACK
6
CONTINUOUS
10
6.0859392125984249
20
-4.0255834251968503
11
6.0865152755905507
21
-4.0256401574803151
0
LINE
8
BLACK
6
CONTINUOUS
10
6.1296348818897632
20
-4.0256401574803151
11
6.1306992913385825
21
-4.0260810629921258
0
LINE
8
BLACK
6
CONTINUOUS
10
6.1306992913385825
20
-4.0260810629921258
11
6.1315139370078739
21
-4.0268957086614172
0
LINE
8
BLACK
6
CONTINUOUS
10
6.1315139370078739
20
-4.0268957086614172
11
6.1319548425196846
21
-4.0279601181102365
0
LINE
8
BLACK
6
CONTINUOUS
10
6.1319548425196846
20
-4.0279601181102365
11
6.1320115748031494
21
-4.0285361811023623
0
LINE
8
BLACK
6
CONTINUOUS
10
6.1320115748031494
20
-4.0285361811023623
11
6.1320115748031494
21
-4.0679062598425197
0
LINE
8
BLACK
6
CONTINUOUS
10
6.1320115748031494
20
-4.0679062598425197
11
6.1319548425196846
21
-4.0684823228346456
0
LINE
8
BLACK
6
CONTINUOUS
10
6.1319548425196846
20
-4.0684823228346456
11
6.1315139370078739
21
-4.0695467322834649
0
LINE
8
BLACK
6
CONTINUOUS
10
6.1315139370078739
20
-4.0695467322834649
11
6.1306992913385825
21
-4.0703613779527554
0
LINE
8
BLACK
6
CONTINUOUS
10
6.1306992913385825
20
-4.0703613779527554
11
6.1296348818897632
21
-4.070802283464567
0
LINE
8
BLACK
6
CONTINUOUS
10
6.1296348818897632
20
-4.070802283464567
11
6.1290588188976374
21
-4.0708590157480318
0
LINE
8
BLACK
6
CONTINUOUS
10
6.1290588188976374
20
-4.0708590157480318
11
6.1196849999999996
21
-4.0708590157480318
0
LINE
8
BLACK
6
CONTINUOUS
10
6.1196849999999996
20
-4.0708590157480318
11
6.1193933858267719
21
-4.0708302755905512
0
LINE
8
BLACK
6
CONTINUOUS
10
6.1193933858267719
20
-4.0708302755905512
11
6.1193156692913382
21
-4.0708358267716536
0
LINE
8
BLACK
6
CONTINUOUS
10
6.1193156692913382
20
-4.0708358267716536
11
6.1192133858267717
21
-4.0708125590551179
0
LINE
8
BLACK
6
CONTINUOUS
10
6.1192133858267717
20
-4.0708125590551179
11
6.1191089370078737
21
-4.070802283464567
0
LINE
8
BLACK
6
CONTINUOUS
10
6.1191089370078737
20
-4.070802283464567
11
6.1190368503937007
21
-4.0707724015748035
0
LINE
8
BLACK
6
CONTINUOUS
10
6.1190368503937007
20
-4.0707724015748035
11
6.1187512204724408
21
-4.0707074803149608
0
LINE
8
BLACK
6
CONTINUOUS
10
6.1187512204724408
20
-4.0707074803149608
11
6.1131269685039369
21
-4.0688327165354332
0
LINE
8
BLACK
6
CONTINUOUS
10
6.1131269685039369
20
-4.0688327165354332
11
6.1125983858267716
21
-4.0685967322834644
0
LINE
8
BLACK
6
CONTINUOUS
10
6.1125983858267716
20
-4.0685967322834644
11
6.1125182677165357
21
-4.0685272440944882
0
LINE
8
BLACK
6
CONTINUOUS
10
6.1125182677165357
20
-4.0685272440944882
11
6.1124202362204727
21
-4.0684866535433066
0
LINE
8
BLACK
6
CONTINUOUS
10
6.1124202362204727
20
-4.0684866535433066
11
6.11197279527559
21
-4.0681194094488191
0
LINE
8
BLACK
6
CONTINUOUS
10
6.11197279527559
20
-4.0681194094488191
11
6.1082232677165349
21
-4.0643698425196852
0
LINE
8
BLACK
6
CONTINUOUS
10
6.1082232677165349
20
-4.0643698425196852
11
6.1080374803149606
21
-4.0641434645669294
0
LINE
8
BLACK
6
CONTINUOUS
10
6.1080374803149606
20
-4.0641434645669294
11
6.1079785039370078
21
-4.0640923228346457
0
LINE
8
BLACK
6
CONTINUOUS
10
6.1079785039370078
20
-4.0640923228346457
11
6.1079225196850393
21
-4.0640033858267719
0
LINE
8
BLACK
6
CONTINUOUS
10
6.1079225196850393
20
-4.0640033858267719
11
6.1078560236220474
21
-4.0639223622047247
0
LINE
8
BLACK
6
CONTINUOUS
10
6.1078560236220474
20
-4.0639223622047247
11
6.1078261811023618
21
-4.0638503149606295
0
LINE
8
BLACK
6
CONTINUOUS
10
6.1078261811023618
20
-4.0638503149606295
11
6.1076701574803147
21
-4.0636024409448819
0
LINE
8
BLACK
6
CONTINUOUS
10
6.1076701574803147
20
-4.0636024409448819
11
6.1057953937007872
21
-4.0598529133858268
0
LINE
8
BLACK
6
CONTINUOUS
10
6.1057953937007872
20
-4.0598529133858268
11
6.1057792519685039
21
-4.0598107874015747
0
LINE
8
BLACK
6
CONTINUOUS
10
6.1057792519685039
20
-4.0598107874015747
11
6.1057665748031491
21
-4.0597936614173227
0
LINE
8
BLACK
6
CONTINUOUS
10
6.1057665748031491
20
-4.0597936614173227
11
6.1056801181102358
21
-4.0595516929133861
0
LINE
8
BLACK
6
CONTINUOUS
10
6.1056801181102358
20
-4.0595516929133861
11
6.1055885039370077
21
-4.0593122834645667
0
LINE
8
BLACK
6
CONTINUOUS
10
6.1055885039370077
20
-4.0593122834645667
11
6.1055869685039372
21
-4.0592910236220474
0
LINE
8
BLACK
6
CONTINUOUS
10
6.1055869685039372
20
-4.0592910236220474
11
6.1055718110236219
21
-4.0592485433070866
0
LINE
8
BLACK
6
CONTINUOUS
10
6.1055718110236219
20
-4.0592485433070866
11
6.1036970472440943
21
-4.0517494881889764
0
LINE
8
BLACK
6
CONTINUOUS
10
6.1036970472440943
20
-4.0517494881889764
11
6.1036822440944878
21
-4.0516496062992129
0
LINE
8
BLACK
6
CONTINUOUS
10
6.1036822440944878
20
-4.0516496062992129
11
6.1036656299212595
21
-4.0516094094488189
0
LINE
8
BLACK
6
CONTINUOUS
10
6.1036656299212595
20
-4.0516094094488189
11
6.1036442519685039
21
-4.0513923622047239
0
LINE
8
BLACK
6
CONTINUOUS
10
6.1036442519685039
20
-4.0513923622047239
11
6.1036124015748028
21
-4.0511768897637799
0
LINE
8
BLACK
6
CONTINUOUS
10
6.1036124015748028
20
-4.0511768897637799
11
6.1036187795275589
21
-4.0511338582677165
0
LINE
8
BLACK
6
CONTINUOUS
10
6.1036187795275589
20
-4.0511338582677165
11
6.1036088976377956
21
-4.051033346456693
0
LINE
8
BLACK
6
CONTINUOUS
10
6.1036088976377956
20
-4.051033346456693
11
6.1036088976377956
21
-4.0454090551181103
0
LINE
8
BLACK
6
CONTINUOUS
10
6.1036088976377956
20
-4.0454090551181103
11
6.1036187795275589
21
-4.045308503937008
0
LINE
8
BLACK
6
CONTINUOUS
10
6.1036187795275589
20
-4.045308503937008
11
6.1036124015748028
21
-4.0452655118110235
0
LINE
8
BLACK
6
CONTINUOUS
10
6.1036124015748028
20
-4.0452655118110235
11
6.1036442519685039
21
-4.0450499999999998
0
LINE
8
BLACK
6
CONTINUOUS
10
6.1036442519685039
20
-4.0450499999999998
11
6.1036656299212595
21
-4.0448329921259845
0
LINE
8
BLACK
6
CONTINUOUS
10
6.1036656299212595
20
-4.0448329921259845
11
6.1036822440944878
21
-4.0447927559055117
0
LINE
8
BLACK
6
CONTINUOUS
10
6.1036822440944878
20
-4.0447927559055117
11
6.1036970472440943
21
-4.0446929133858269
0
LINE
8
BLACK
6
CONTINUOUS
10
6.1036970472440943
20
-4.0446929133858269
11
6.1055718110236219
21
-4.0371938582677167
0
LINE
8
BLACK
6
CONTINUOUS
10
6.1055718110236219
20
-4.0371938582677167
11
6.1055869685039372
21
-4.0371513385826772
0
LINE
8
BLACK
6
CONTINUOUS
10
6.1055869685039372
20
-4.0371513385826772
11
6.1055885039370077
21
-4.0371301181102357
0
LINE
8
BLACK
6
CONTINUOUS
10
6.1055885039370077
20
-4.0371301181102357
11
6.1056801181102358
21
-4.0368906692913384
0
LINE
8
BLACK
6
CONTINUOUS
10
6.1056801181102358
20
-4.0368906692913384
11
6.1057665748031491
21
-4.0366487401574807
0
LINE
8
BLACK
6
CONTINUOUS
10
6.1057665748031491
20
-4.0366487401574807
11
6.1057792519685039
21
-4.0366315748031498
0
LINE
8
BLACK
6
CONTINUOUS
10
6.1057792519685039
20
-4.0366315748031498
11
6.1057953937007872
21
-4.0365894881889766
0
LINE
8
BLACK
6
CONTINUOUS
10
6.1057953937007872
20
-4.0365894881889766
11
6.1076701574803147
21
-4.0328399606299214
0
LINE
8
BLACK
6
CONTINUOUS
10
6.1076701574803147
20
-4.0328399606299214
11
6.1078262204724405
21
-4.0325919291338579
0
LINE
8
BLACK
6
CONTINUOUS
10
6.1078262204724405
20
-4.0325919291338579
11
6.1078560629921261
21
-4.0325199999999999
0
LINE
8
BLACK
6
CONTINUOUS
10
6.1078560629921261
20
-4.0325199999999999
11
6.1079225196850393
21
-4.0324390157480314
0
LINE
8
BLACK
6
CONTINUOUS
10
6.1079225196850393
20
-4.0324390157480314
11
6.1079785039370078
21
-4.0323500787401576
0
LINE
8
BLACK
6
CONTINUOUS
10
6.1079785039370078
20
-4.0323500787401576
11
6.1080374803149606
21
-4.0322988976377951
0
LINE
8
BLACK
6
CONTINUOUS
10
6.1080374803149606
20
-4.0322988976377951
11
6.1082232677165349
21
-4.0320725590551181
0
LINE
8
BLACK
6
CONTINUOUS
10
6.1082232677165349
20
-4.0320725590551181
11
6.11197279527559
21
-4.028323031496063
0
LINE
8
BLACK
6
CONTINUOUS
10
6.11197279527559
20
-4.028323031496063
11
6.1124202362204727
21
-4.0279557874015746
0
LINE
8
BLACK
6
CONTINUOUS
10
6.1124202362204727
20
-4.0279557874015746
11
6.1125182677165357
21
-4.0279151574803151
0
LINE
8
BLACK
6
CONTINUOUS
10
6.1125182677165357
20
-4.0279151574803151
11
6.1125983858267716
21
-4.0278457086614177
0
LINE
8
BLACK
6
CONTINUOUS
10
6.1125983858267716
20
-4.0278457086614177
11
6.1131269685039369
21
-4.0276097244094489
0
LINE
8
BLACK
6
CONTINUOUS
10
6.1131269685039369
20
-4.0276097244094489
11
6.1187512204724408
21
-4.0257349606299213
0
LINE
8
BLACK
6
CONTINUOUS
10
6.1187512204724408
20
-4.0257349606299213
11
6.1190368503937007
21
-4.0256699999999999
0
LINE
8
BLACK
6
CONTINUOUS
10
6.1190368503937007
20
-4.0256699999999999
11
6.1191089370078737
21
-4.0256401574803151
0
LINE
8
BLACK
6
CONTINUOUS
10
6.1191089370078737
20
-4.0256401574803151
11
6.1192133858267717
21
-4.0256298425196846
0
LINE
8
BLACK
6
CONTINUOUS
10
6.1192133858267717
20
-4.0256298425196846
11
6.1193156692913382
21
-4.0256066141732285
0
LINE
8
BLACK
6
CONTINUOUS
10
6.1193156692913382
20
-4.0256066141732285
11
6.1193933858267719
21
-4.0256121259842521
0
LINE
8
BLACK
6
CONTINUOUS
10
6.1193933858267719
20
-4.0256121259842521
11
6.1196849999999996
21
-4.0255834251968503
0
LINE
8
BLACK
6
CONTINUOUS
10
6.1196849999999996
20
-4.0255834251968503
11
6.1290588188976374
21
-4.0255834251968503
0
LINE
8
BLACK
6
CONTINUOUS
10
6.1290588188976374
20
-4.0255834251968503
11
6.1296348818897632
21
-4.0256401574803151
0
LINE
8
BLACK
6
CONTINUOUS
10
6.1156557480314957
20
-4.0329917322834641
11
6.1127379133858266
21
-4.0359095669291341
0
LINE
8
BLACK
6
CONTINUOUS
10
6.1127379133858266
20
-4.0359095669291341
11
6.1112224015748033
21
-4.0389405511811018
0
LINE
8
BLACK
6
CONTINUOUS
10
6.1112224015748033
20
-4.0389405511811018
11
6.1095144094488187
21
-4.0457725984251969
0
LINE
8
BLACK
6
CONTINUOUS
10
6.1095144094488187
20
-4.0457725984251969
11
6.1095144094488187
21
-4.0506698031496065
0
LINE
8
BLACK
6
CONTINUOUS
10
6.1095144094488187
20
-4.0506698031496065
11
6.1112224015748033
21
-4.0575018503937006
0
LINE
8
BLACK
6
CONTINUOUS
10
6.1112224015748033
20
-4.0575018503937006
11
6.1127379133858266
21
-4.0605328346456693
0
LINE
8
BLACK
6
CONTINUOUS
10
6.1127379133858266
20
-4.0605328346456693
11
6.1156557480314957
21
-4.0634507086614171
0
LINE
8
BLACK
6
CONTINUOUS
10
6.1156557480314957
20
-4.0634507086614171
11
6.1201641338582675
21
-4.0649535039370077
0
LINE
8
BLACK
6
CONTINUOUS
10
6.1201641338582675
20
-4.0649535039370077
11
6.1261060629921262
21
-4.0649535039370077
0
LINE
8
BLACK
6
CONTINUOUS
10
6.1261060629921262
20
-4.0649535039370077
11
6.1261060629921262
21
-4.0314889370078744
0
LINE
8
BLACK
6
CONTINUOUS
10
6.1261060629921262
20
-4.0314889370078744
11
6.1201641338582675
21
-4.0314889370078744
0
LINE
8
BLACK
6
CONTINUOUS
10
6.1201641338582675
20
-4.0314889370078744
11
6.1156557480314957
21
-4.0329917322834641
0
LINE
8
BLACK
6
CONTINUOUS
10
6.4563370472440944
20
-4.0412034251968505
11
6.4576154724409447
21
-4.0424818503937008
0
LINE
8
BLACK
6
CONTINUOUS
10
6.4576154724409447
20
-4.0424818503937008
11
6.4576154724409447
21
-4.0442898031496064
0
LINE
8
BLACK
6
CONTINUOUS
10
6.4576154724409447
20
-4.0442898031496064
11
6.4563370472440944
21
-4.0455682283464567
0
LINE
8
BLACK
6
CONTINUOUS
10
6.4563370472440944
20
-4.0455682283464567
11
6.4554330708661416
21
-4.0457480314960632
0
LINE
8
BLACK
6
CONTINUOUS
10
6.4554330708661416
20
-4.0457480314960632
11
6.3845669291338583
21
-4.0457480314960632
0
LINE
8
BLACK
6
CONTINUOUS
10
6.3845669291338583
20
-4.0457480314960632
11
6.3836629527559055
21
-4.0455682283464567
0
LINE
8
BLACK
6
CONTINUOUS
10
6.3836629527559055
20
-4.0455682283464567
11
6.3823845275590552
21
-4.0442898031496064
0
LINE
8
BLACK
6
CONTINUOUS
10
6.3823845275590552
20
-4.0442898031496064
11
6.3823845275590552
21
-4.0424818503937008
0
LINE
8
BLACK
6
CONTINUOUS
10
6.3823845275590552
20
-4.0424818503937008
11
6.3836629527559055
21
-4.0412034251968505
0
LINE
8
BLACK
6
CONTINUOUS
10
6.3836629527559055
20
-4.0412034251968505
11
6.3845669291338583
21
-4.041023622047244
0
LINE
8
BLACK
6
CONTINUOUS
10
6.3845669291338583
20
-4.041023622047244
11
6.4554330708661416
21
-4.041023622047244
0
LINE
8
BLACK
6
CONTINUOUS
10
6.4554330708661416
20
-4.041023622047244
11
6.4563370472440944
21
-4.0412034251968505
0
LINE
8
BLACK
6
CONTINUOUS
10
4.9057687007874016
20
-4.0367546062992128
11
4.9070471259842519
21
-4.0380330314960631
0
LINE
8
BLACK
6
CONTINUOUS
10
4.9070471259842519
20
-4.0380330314960631
11
4.9070471259842519
21
-4.0398409842519687
0
LINE
8
BLACK
6
CONTINUOUS
10
4.9070471259842519
20
-4.0398409842519687
11
4.9057687007874016
21
-4.041119409448819
0
LINE
8
BLACK
6
CONTINUOUS
10
4.9057687007874016
20
-4.041119409448819
11
4.9048647244094488
21
-4.0412992125984255
0
LINE
8
BLACK
6
CONTINUOUS
10
4.9048647244094488
20
-4.0412992125984255
11
4.886985669291338
21
-4.0412992125984255
0
LINE
8
BLACK
6
CONTINUOUS
10
4.886985669291338
20
-4.0412992125984255
11
4.8860816929133861
21
-4.041119409448819
0
LINE
8
BLACK
6
CONTINUOUS
10
4.8860816929133861
20
-4.041119409448819
11
4.8848032677165349
21
-4.0398409842519687
0
LINE
8
BLACK
6
CONTINUOUS
10
4.8848032677165349
20
-4.0398409842519687
11
4.8848032677165349
21
-4.0380330314960631
0
LINE
8
BLACK
6
CONTINUOUS
10
4.8848032677165349
20
-4.0380330314960631
11
4.8860816929133861
21
-4.0367546062992128
0
LINE
8
BLACK
6
CONTINUOUS
10
4.8860816929133861
20
-4.0367546062992128
11
4.886985669291338
21
-4.0365748031496063
0
LINE
8
BLACK
6
CONTINUOUS
10
4.886985669291338
20
-4.0365748031496063
11
4.9048647244094488
21
-4.0365748031496063
0
LINE
8
BLACK
6
CONTINUOUS
10
4.9048647244094488
20
-4.0365748031496063
11
4.9057687007874016
21
-4.0367546062992128
0
LINE
8
BLACK
6
CONTINUOUS
10
5.1598435039370081
20
-4.0367546062992128
11
5.1611219291338584
21
-4.0380330314960631
0
LINE
8
BLACK
6
CONTINUOUS
10
5.1611219291338584
20
-4.0380330314960631
11
5.1611219291338584
21
-4.0398409842519687
0
LINE
8
BLACK
6
CONTINUOUS
10
5.1611219291338584
20
-4.0398409842519687
11
5.1598435039370081
21
-4.041119409448819
0
LINE
8
BLACK
6
CONTINUOUS
10
5.1598435039370081
20
-4.041119409448819
11
5.1589395275590553
21
-4.0412992125984255
0
LINE
8
BLACK
6
CONTINUOUS
10
5.1589395275590553
20
-4.0412992125984255
11
5.1410604724409446
21
-4.0412992125984255
0
LINE
8
BLACK
6
CONTINUOUS
10
5.1410604724409446
20
-4.0412992125984255
11
5.1401564960629917
21
-4.041119409448819
0
LINE
8
BLACK
6
CONTINUOUS
10
5.1401564960629917
20
-4.041119409448819
11
5.1388780708661415
21
-4.0398409842519687
0
LINE
8
BLACK
6
CONTINUOUS
10
5.1388780708661415
20
-4.0398409842519687
11
5.1388780708661415
21
-4.0380330314960631
0
LINE
8
BLACK
6
CONTINUOUS
10
5.1388780708661415
20
-4.0380330314960631
11
5.1401564960629917
21
-4.0367546062992128
0
LINE
8
BLACK
6
CONTINUOUS
10
5.1401564960629917
20
-4.0367546062992128
11
5.1410604724409446
21
-4.0365748031496063
0
LINE
8
BLACK
6
CONTINUOUS
10
5.1410604724409446
20
-4.0365748031496063
11
5.1589395275590553
21
-4.0365748031496063
0
LINE
8
BLACK
6
CONTINUOUS
10
5.1589395275590553
20
-4.0365748031496063
11
5.1598435039370081
21
-4.0367546062992128
0
LINE
8
BLACK
6
CONTINUOUS
10
5.4098435039370081
20
-4.0367546062992128
11
5.4111219291338584
21
-4.0380330314960631
0
LINE
8
BLACK
6
CONTINUOUS
10
5.4111219291338584
20
-4.0380330314960631
11
5.4111219291338584
21
-4.0398409842519687
0
LINE
8
BLACK
6
CONTINUOUS
10
5.4111219291338584
20
-4.0398409842519687
11
5.4098435039370081
21
-4.041119409448819
0
LINE
8
BLACK
6
CONTINUOUS
10
5.4098435039370081
20
-4.041119409448819
11
5.4089395275590553
21
-4.0412992125984255
0
LINE
8
BLACK
6
CONTINUOUS
10
5.4089395275590553
20
-4.0412992125984255
11
5.3910604724409446
21
-4.0412992125984255
0
LINE
8
BLACK
6
CONTINUOUS
10
5.3910604724409446
20
-4.0412992125984255
11
5.3901564960629917
21
-4.041119409448819
0
LINE
8
BLACK
6
CONTINUOUS
10
5.3901564960629917
20
-4.041119409448819
11
5.3888780708661415
21
-4.0398409842519687
0
LINE
8
BLACK
6
CONTINUOUS
10
5.3888780708661415
20
-4.0398409842519687
11
5.3888780708661415
21
-4.0380330314960631
0
LINE
8
BLACK
6
CONTINUOUS
10
5.3888780708661415
20
-4.0380330314960631
11
5.3901564960629917
21
-4.0367546062992128
0
LINE
8
BLACK
6
CONTINUOUS
10
5.3901564960629917
20
-4.0367546062992128
11
5.3910604724409446
21
-4.0365748031496063
0
LINE
8
BLACK
6
CONTINUOUS
10
5.3910604724409446
20
-4.0365748031496063
11
5.4089395275590553
21
-4.0365748031496063
0
LINE
8
BLACK
6
CONTINUOUS
10
5.4089395275590553
20
-4.0365748031496063
11
5.4098435039370081
21
-4.0367546062992128
0
LINE
8
BLACK
6
CONTINUOUS
10
5.7698435039370075
20
-4.0367546062992128
11
5.7711219291338578
21
-4.0380330314960631
0
LINE
8
BLACK
6
CONTINUOUS
10
5.7711219291338578
20
-4.0380330314960631
11
5.7711219291338578
21
-4.0398409842519687
0
LINE
8
BLACK
6
CONTINUOUS
10
5.7711219291338578
20
-4.0398409842519687
11
5.7698435039370075
21
-4.041119409448819
0
LINE
8
BLACK
6
CONTINUOUS
10
5.7698435039370075
20
-4.041119409448819
11
5.7689395275590547
21
-4.0412992125984255
0
LINE
8
BLACK
6
CONTINUOUS
10
5.7689395275590547
20
-4.0412992125984255
11
5.7510604724409449
21
-4.0412992125984255
0
LINE
8
BLACK
6
CONTINUOUS
10
5.7510604724409449
20
-4.0412992125984255
11
5.7501564960629921
21
-4.041119409448819
0
LINE
8
BLACK
6
CONTINUOUS
10
5.7501564960629921
20
-4.041119409448819
11
5.7488780708661418
21
-4.0398409842519687
0
LINE
8
BLACK
6
CONTINUOUS
10
5.7488780708661418
20
-4.0398409842519687
11
5.7488780708661418
21
-4.0380330314960631
0
LINE
8
BLACK
6
CONTINUOUS
10
5.7488780708661418
20
-4.0380330314960631
11
5.7501564960629921
21
-4.0367546062992128
0
LINE
8
BLACK
6
CONTINUOUS
10
5.7501564960629921
20
-4.0367546062992128
11
5.7510604724409449
21
-4.0365748031496063
0
LINE
8
BLACK
6
CONTINUOUS
10
5.7510604724409449
20
-4.0365748031496063
11
5.7689395275590547
21
-4.0365748031496063
0
LINE
8
BLACK
6
CONTINUOUS
10
5.7689395275590547
20
-4.0365748031496063
11
5.7698435039370075
21
-4.0367546062992128
0
LINE
8
BLACK
6
CONTINUOUS
10
6.1886390944881891
20
-3.9853927165354328
11
6.1888188976377947
21
-3.9862966929133856
0
LINE
8
BLACK
6
CONTINUOUS
10
6.1888188976377947
20
-3.9862966929133856
11
6.1888188976377947
21
-4.033703307086614
0
LINE
8
BLACK
6
CONTINUOUS
10
6.1888188976377947
20
-4.033703307086614
11
6.1886390944881891
21
-4.0346072834645668
0
LINE
8
BLACK
6
CONTINUOUS
10
6.1886390944881891
20
-4.0346072834645668
11
6.1873606692913388
21
-4.035885708661417
0
LINE
8
BLACK
6
CONTINUOUS
10
6.1873606692913388
20
-4.035885708661417
11
6.1855527165354331
21
-4.035885708661417
0
LINE
8
BLACK
6
CONTINUOUS
10
6.1855527165354331
20
-4.035885708661417
11
6.1842742913385829
21
-4.0346072834645668
0
LINE
8
BLACK
6
CONTINUOUS
10
6.1842742913385829
20
-4.0346072834645668
11
6.1840944881889763
21
-4.033703307086614
0
LINE
8
BLACK
6
CONTINUOUS
10
6.1840944881889763
20
-4.033703307086614
11
6.1840944881889763
21
-3.9862966929133856
0
LINE
8
BLACK
6
CONTINUOUS
10
6.1840944881889763
20
-3.9862966929133856
11
6.1842742913385829
21
-3.9853927165354328
0
LINE
8
BLACK
6
CONTINUOUS
10
6.1842742913385829
20
-3.9853927165354328
11
6.1855527165354331
21
-3.9841142913385825
0
LINE
8
BLACK
6
CONTINUOUS
10
6.1855527165354331
20
-3.9841142913385825
11
6.1873606692913388
21
-3.9841142913385825
0
LINE
8
BLACK
6
CONTINUOUS
10
6.1873606692913388
20
-3.9841142913385825
11
6.1886390944881891
21
-3.9853927165354328
0
LINE
8
BLACK
6
CONTINUOUS
10
6.2957257086614176
20
-3.9853927165354328
11
6.2959055118110232
21
-3.9862966929133856
0
LINE
8
BLACK
6
CONTINUOUS
10
6.2959055118110232
20
-3.9862966929133856
11
6.2959055118110232
21
-4.033703307086614
0
LINE
8
BLACK
6
CONTINUOUS
10
6.2959055118110232
20
-4.033703307086614
11
6.2957257086614176
21
-4.0346072834645668
0
LINE
8
BLACK
6
CONTINUOUS
10
6.2957257086614176
20
-4.0346072834645668
11
6.2944472834645664
21
-4.035885708661417
0
LINE
8
BLACK
6
CONTINUOUS
10
6.2944472834645664
20
-4.035885708661417
11
6.2926393307086617
21
-4.035885708661417
0
LINE
8
BLACK
6
CONTINUOUS
10
6.2926393307086617
20
-4.035885708661417
11
6.2913609055118105
21
-4.0346072834645668
0
LINE
8
BLACK
6
CONTINUOUS
10
6.2913609055118105
20
-4.0346072834645668
11
6.2911811023622048
21
-4.033703307086614
0
LINE
8
BLACK
6
CONTINUOUS
10
6.2911811023622048
20
-4.033703307086614
11
6.2911811023622048
21
-3.9862966929133856
0
LINE
8
BLACK
6
CONTINUOUS
10
6.2911811023622048
20
-3.9862966929133856
11
6.2913609055118105
21
-3.9853927165354328
0
LINE
8
BLACK
6
CONTINUOUS
10
6.2913609055118105
20
-3.9853927165354328
11
6.2926393307086617
21
-3.9841142913385825
0
LINE
8
BLACK
6
CONTINUOUS
10
6.2926393307086617
20
-3.9841142913385825
11
6.2944472834645664
21
-3.9841142913385825
0
LINE
8
BLACK
6
CONTINUOUS
10
6.2944472834645664
20
-3.9841142913385825
11
6.2957257086614176
21
-3.9853927165354328
0
LINE
8
BLACK
6
CONTINUOUS
10
6.1284630314960626
20
-3.9641955511811022
11
6.1297414566929129
21
-3.9654739763779525
0
LINE
8
BLACK
6
CONTINUOUS
10
6.1297414566929129
20
-3.9654739763779525
11
6.1297414566929129
21
-3.9672819291338581
0
LINE
8
BLACK
6
CONTINUOUS
10
6.1297414566929129
20
-3.9672819291338581
11
6.1284630314960626
21
-3.9685603543307084
0
LINE
8
BLACK
6
CONTINUOUS
10
6.1284630314960626
20
-3.9685603543307084
11
6.1275590551181098
21
-3.9687401574803149
0
LINE
8
BLACK
6
CONTINUOUS
10
6.1275590551181098
20
-3.9687401574803149
11
6.0570866141732278
21
-3.9687401574803149
0
LINE
8
BLACK
6
CONTINUOUS
10
6.0570866141732278
20
-3.9687401574803149
11
6.0570866141732278
21
-4.011259842519685
0
LINE
8
BLACK
6
CONTINUOUS
10
6.0570866141732278
20
-4.011259842519685
11
6.1275590551181098
21
-4.011259842519685
0
LINE
8
BLACK
6
CONTINUOUS
10
6.1275590551181098
20
-4.011259842519685
11
6.1284630314960626
21
-4.0114396456692916
0
LINE
8
BLACK
6
CONTINUOUS
10
6.1284630314960626
20
-4.0114396456692916
11
6.1297414566929129
21
-4.0127180708661419
0
LINE
8
BLACK
6
CONTINUOUS
10
6.1297414566929129
20
-4.0127180708661419
11
6.1297414566929129
21
-4.0145260236220475
0
LINE
8
BLACK
6
CONTINUOUS
10
6.1297414566929129
20
-4.0145260236220475
11
6.1284630314960626
21
-4.0158044488188978
0
LINE
8
BLACK
6
CONTINUOUS
10
6.1284630314960626
20
-4.0158044488188978
11
6.1275590551181098
21
-4.0159842519685043
0
LINE
8
BLACK
6
CONTINUOUS
10
6.1275590551181098
20
-4.0159842519685043
11
6.0547244094488191
21
-4.0159842519685043
0
LINE
8
BLACK
6
CONTINUOUS
10
6.0547244094488191
20
-4.0159842519685043
11
6.0538204330708663
21
-4.0158044488188978
0
LINE
8
BLACK
6
CONTINUOUS
10
6.0538204330708663
20
-4.0158044488188978
11
6.052542007874016
21
-4.0145260236220475
0
LINE
8
BLACK
6
CONTINUOUS
10
6.052542007874016
20
-4.0145260236220475
11
6.0523622047244094
21
-4.0136220472440947
0
LINE
8
BLACK
6
CONTINUOUS
10
6.0523622047244094
20
-4.0136220472440947
11
6.0523622047244094
21
-3.9663779527559053
0
LINE
8
BLACK
6
CONTINUOUS
10
6.0523622047244094
20
-3.9663779527559053
11
6.052542007874016
21
-3.9654739763779525
0
LINE
8
BLACK
6
CONTINUOUS
10
6.052542007874016
20
-3.9654739763779525
11
6.0538204330708663
21
-3.9641955511811022
0
LINE
8
BLACK
6
CONTINUOUS
10
6.0538204330708663
20
-3.9641955511811022
11
6.0547244094488191
21
-3.9640157480314961
0
LINE
8
BLACK
6
CONTINUOUS
10
6.0547244094488191
20
-3.9640157480314961
11
6.1275590551181098
21
-3.9640157480314961
0
LINE
8
BLACK
6
CONTINUOUS
10
6.1275590551181098
20
-3.9640157480314961
11
6.1284630314960626
21
-3.9641955511811022
0
LINE
8
BLACK
6
CONTINUOUS
10
4.6332453937007871
20
-3.9688105118110237
11
4.6334251968503937
21
-3.9697144881889761
0
LINE
8
BLACK
6
CONTINUOUS
10
4.6334251968503937
20
-3.9697144881889761
11
4.6334251968503937
21
-3.9902855118110234
0
LINE
8
BLACK
6
CONTINUOUS
10
4.6334251968503937
20
-3.9902855118110234
11
4.6332453937007871
21
-3.9911894881889762
0
LINE
8
BLACK
6
CONTINUOUS
10
4.6332453937007871
20
-3.9911894881889762
11
4.6319669685039369
21
-3.9924679133858265
0
LINE
8
BLACK
6
CONTINUOUS
10
4.6319669685039369
20
-3.9924679133858265
11
4.6301590157480312
21
-3.9924679133858265
0
LINE
8
BLACK
6
CONTINUOUS
10
4.6301590157480312
20
-3.9924679133858265
11
4.628880590551181
21
-3.9911894881889762
0
LINE
8
BLACK
6
CONTINUOUS
10
4.628880590551181
20
-3.9911894881889762
11
4.6287007874015744
21
-3.9902855118110234
0
LINE
8
BLACK
6
CONTINUOUS
10
4.6287007874015744
20
-3.9902855118110234
11
4.6287007874015744
21
-3.9697144881889761
0
LINE
8
BLACK
6
CONTINUOUS
10
4.6287007874015744
20
-3.9697144881889761
11
4.628880590551181
21
-3.9688105118110237
0
LINE
8
BLACK
6
CONTINUOUS
10
4.628880590551181
20
-3.9688105118110237
11
4.6301590157480312
21
-3.967532086614173
0
LINE
8
BLACK
6
CONTINUOUS
10
4.6301590157480312
20
-3.967532086614173
11
4.6319669685039369
21
-3.967532086614173
0
LINE
8
BLACK
6
CONTINUOUS
10
4.6319669685039369
20
-3.967532086614173
11
4.6332453937007871
21
-3.9688105118110237
0
LINE
8
BLACK
6
CONTINUOUS
10
4.6911194094488184
20
-3.9688105118110237
11
4.691299212598425
21
-3.9697144881889761
0
LINE
8
BLACK
6
CONTINUOUS
10
4.691299212598425
20
-3.9697144881889761
11
4.691299212598425
21
-3.9902855118110234
0
LINE
8
BLACK
6
CONTINUOUS
10
4.691299212598425
20
-3.9902855118110234
11
4.6911194094488184
21
-3.9911894881889762
0
LINE
8
BLACK
6
CONTINUOUS
10
4.6911194094488184
20
-3.9911894881889762
11
4.6898409842519682
21
-3.9924679133858265
0
LINE
8
BLACK
6
CONTINUOUS
10
4.6898409842519682
20
-3.9924679133858265
11
4.6880330314960625
21
-3.9924679133858265
0
LINE
8
BLACK
6
CONTINUOUS
10
4.6880330314960625
20
-3.9924679133858265
11
4.6867546062992123
21
-3.9911894881889762
0
LINE
8
BLACK
6
CONTINUOUS
10
4.6867546062992123
20
-3.9911894881889762
11
4.6865748031496066
21
-3.9902855118110234
0
LINE
8
BLACK
6
CONTINUOUS
10
4.6865748031496066
20
-3.9902855118110234
11
4.6865748031496066
21
-3.9697144881889761
0
LINE
8
BLACK
6
CONTINUOUS
10
4.6865748031496066
20
-3.9697144881889761
11
4.6867546062992123
21
-3.9688105118110237
0
LINE
8
BLACK
6
CONTINUOUS
10
4.6867546062992123
20
-3.9688105118110237
11
4.6880330314960625
21
-3.967532086614173
0
LINE
8
BLACK
6
CONTINUOUS
10
4.6880330314960625
20
-3.967532086614173
11
4.6898409842519682
21
-3.967532086614173
0
LINE
8
BLACK
6
CONTINUOUS
10
4.6898409842519682
20
-3.967532086614173
11
4.6911194094488184
21
-3.9688105118110237
0
LINE
8
BLACK
6
CONTINUOUS
10
4.7332453937007877
20
-3.9688105118110237
11
4.7334251968503933
21
-3.9697144881889761
0
LINE
8
BLACK
6
CONTINUOUS
10
4.7334251968503933
20
-3.9697144881889761
11
4.7334251968503933
21
-3.9902855118110234
0
LINE
8
BLACK
6
CONTINUOUS
10
4.7334251968503933
20
-3.9902855118110234
11
4.7332453937007877
21
-3.9911894881889762
0
LINE
8
BLACK
6
CONTINUOUS
10
4.7332453937007877
20
-3.9911894881889762
11
4.7319669685039365
21
-3.9924679133858265
0
LINE
8
BLACK
6
CONTINUOUS
10
4.7319669685039365
20
-3.9924679133858265
11
4.7301590157480318
21
-3.9924679133858265
0
LINE
8
BLACK
6
CONTINUOUS
10
4.7301590157480318
20
-3.9924679133858265
11
4.7288805905511806
21
-3.9911894881889762
0
LINE
8
BLACK
6
CONTINUOUS
10
4.7288805905511806
20
-3.9911894881889762
11
4.728700787401575
21
-3.9902855118110234
0
LINE
8
BLACK
6
CONTINUOUS
10
4.728700787401575
20
-3.9902855118110234
11
4.728700787401575
21
-3.9697144881889761
0
LINE
8
BLACK
6
CONTINUOUS
10
4.728700787401575
20
-3.9697144881889761
11
4.7288805905511806
21
-3.9688105118110237
0
LINE
8
BLACK
6
CONTINUOUS
10
4.7288805905511806
20
-3.9688105118110237
11
4.7301590157480318
21
-3.967532086614173
0
LINE
8
BLACK
6
CONTINUOUS
10
4.7301590157480318
20
-3.967532086614173
11
4.7319669685039365
21
-3.967532086614173
0
LINE
8
BLACK
6
CONTINUOUS
10
4.7319669685039365
20
-3.967532086614173
11
4.7332453937007877
21
-3.9688105118110237
0
LINE
8
BLACK
6
CONTINUOUS
10
4.791119409448819
20
-3.9688105118110237
11
4.7912992125984255
21
-3.9697144881889761
0
LINE
8
BLACK
6
CONTINUOUS
10
4.7912992125984255
20
-3.9697144881889761
11
4.7912992125984255
21
-3.9902855118110234
0
LINE
8
BLACK
6
CONTINUOUS
10
4.7912992125984255
20
-3.9902855118110234
11
4.791119409448819
21
-3.9911894881889762
0
LINE
8
BLACK
6
CONTINUOUS
10
4.791119409448819
20
-3.9911894881889762
11
4.7898409842519687
21
-3.9924679133858265
0
LINE
8
BLACK
6
CONTINUOUS
10
4.7898409842519687
20
-3.9924679133858265
11
4.7880330314960631
21
-3.9924679133858265
0
LINE
8
BLACK
6
CONTINUOUS
10
4.7880330314960631
20
-3.9924679133858265
11
4.7867546062992128
21
-3.9911894881889762
0
LINE
8
BLACK
6
CONTINUOUS
10
4.7867546062992128
20
-3.9911894881889762
11
4.7865748031496063
21
-3.9902855118110234
0
LINE
8
BLACK
6
CONTINUOUS
10
4.7865748031496063
20
-3.9902855118110234
11
4.7865748031496063
21
-3.9697144881889761
0
LINE
8
BLACK
6
CONTINUOUS
10
4.7865748031496063
20
-3.9697144881889761
11
4.7867546062992128
21
-3.9688105118110237
0
LINE
8
BLACK
6
CONTINUOUS
10
4.7867546062992128
20
-3.9688105118110237
11
4.7880330314960631
21
-3.967532086614173
0
LINE
8
BLACK
6
CONTINUOUS
10
4.7880330314960631
20
-3.967532086614173
11
4.7898409842519687
21
-3.967532086614173
0
LINE
8
BLACK
6
CONTINUOUS
10
4.7898409842519687
20
-3.967532086614173
11
4.791119409448819
21
-3.9688105118110237
0
LINE
8
BLACK
6
CONTINUOUS
10
4.9932453937007875
20
-3.9688105118110237
11
4.993425196850394
21
-3.9697144881889761
0
LINE
8
BLACK
6
CONTINUOUS
10
4.993425196850394
20
-3.9697144881889761
11
4.993425196850394
21
-3.9902855118110234
0
LINE
8
BLACK
6
CONTINUOUS
10
4.993425196850394
20
-3.9902855118110234
11
4.9932453937007875
21
-3.9911894881889762
0
LINE
8
BLACK
6
CONTINUOUS
10
4.9932453937007875
20
-3.9911894881889762
11
4.9919669685039372
21
-3.9924679133858265
0
LINE
8
BLACK
6
CONTINUOUS
10
4.9919669685039372
20
-3.9924679133858265
11
4.9901590157480316
21
-3.9924679133858265
0
LINE
8
BLACK
6
CONTINUOUS
10
4.9901590157480316
20
-3.9924679133858265
11
4.9888805905511813
21
-3.9911894881889762
0
LINE
8
BLACK
6
CONTINUOUS
10
4.9888805905511813
20
-3.9911894881889762
11
4.9887007874015747
21
-3.9902855118110234
0
LINE
8
BLACK
6
CONTINUOUS
10
4.9887007874015747
20
-3.9902855118110234
11
4.9887007874015747
21
-3.9697144881889761
0
LINE
8
BLACK
6
CONTINUOUS
10
4.9887007874015747
20
-3.9697144881889761
11
4.9888805905511813
21
-3.9688105118110237
0
LINE
8
BLACK
6
CONTINUOUS
10
4.9888805905511813
20
-3.9688105118110237
11
4.9901590157480316
21
-3.967532086614173
0
LINE
8
BLACK
6
CONTINUOUS
10
4.9901590157480316
20
-3.967532086614173
11
4.9919669685039372
21
-3.967532086614173
0
LINE
8
BLACK
6
CONTINUOUS
10
4.9919669685039372
20
-3.967532086614173
11
4.9932453937007875
21
-3.9688105118110237
0
LINE
8
BLACK
6
CONTINUOUS
10
5.0511194094488188
20
-3.9688105118110237
11
5.0512992125984253
21
-3.9697144881889761
0
LINE
8
BLACK
6
CONTINUOUS
10
5.0512992125984253
20
-3.9697144881889761
11
5.0512992125984253
21
-3.9902855118110234
0
LINE
8
BLACK
6
CONTINUOUS
10
5.0512992125984253
20
-3.9902855118110234
11
5.0511194094488188
21
-3.9911894881889762
0
LINE
8
BLACK
6
CONTINUOUS
10
5.0511194094488188
20
-3.9911894881889762
11
5.0498409842519685
21
-3.9924679133858265
0
LINE
8
BLACK
6
CONTINUOUS
10
5.0498409842519685
20
-3.9924679133858265
11
5.0480330314960629
21
-3.9924679133858265
0
LINE
8
BLACK
6
CONTINUOUS
10
5.0480330314960629
20
-3.9924679133858265
11
5.0467546062992126
21
-3.9911894881889762
0
LINE
8
BLACK
6
CONTINUOUS
10
5.0467546062992126
20
-3.9911894881889762
11
5.046574803149606
21
-3.9902855118110234
0
LINE
8
BLACK
6
CONTINUOUS
10
5.046574803149606
20
-3.9902855118110234
11
5.046574803149606
21
-3.9697144881889761
0
LINE
8
BLACK
6
CONTINUOUS
10
5.046574803149606
20
-3.9697144881889761
11
5.0467546062992126
21
-3.9688105118110237
0
LINE
8
BLACK
6
CONTINUOUS
10
5.0467546062992126
20
-3.9688105118110237
11
5.0480330314960629
21
-3.967532086614173
0
LINE
8
BLACK
6
CONTINUOUS
10
5.0480330314960629
20
-3.967532086614173
11
5.0498409842519685
21
-3.967532086614173
0
LINE
8
BLACK
6
CONTINUOUS
10
5.0498409842519685
20
-3.967532086614173
11
5.0511194094488188
21
-3.9688105118110237
0
LINE
8
BLACK
6
CONTINUOUS
10
5.2432453937007875
20
-3.9688105118110237
11
5.243425196850394
21
-3.9697144881889761
0
LINE
8
BLACK
6
CONTINUOUS
10
5.243425196850394
20
-3.9697144881889761
11
5.243425196850394
21
-3.9902855118110234
0
LINE
8
BLACK
6
CONTINUOUS
10
5.243425196850394
20
-3.9902855118110234
11
5.2432453937007875
21
-3.9911894881889762
0
LINE
8
BLACK
6
CONTINUOUS
10
5.2432453937007875
20
-3.9911894881889762
11
5.2419669685039372
21
-3.9924679133858265
0
LINE
8
BLACK
6
CONTINUOUS
10
5.2419669685039372
20
-3.9924679133858265
11
5.2401590157480316
21
-3.9924679133858265
0
LINE
8
BLACK
6
CONTINUOUS
10
5.2401590157480316
20
-3.9924679133858265
11
5.2388805905511813
21
-3.9911894881889762
0
LINE
8
BLACK
6
CONTINUOUS
10
5.2388805905511813
20
-3.9911894881889762
11
5.2387007874015747
21
-3.9902855118110234
0
LINE
8
BLACK
6
CONTINUOUS
10
5.2387007874015747
20
-3.9902855118110234
11
5.2387007874015747
21
-3.9697144881889761
0
LINE
8
BLACK
6
CONTINUOUS
10
5.2387007874015747
20
-3.9697144881889761
11
5.2388805905511813
21
-3.9688105118110237
0
LINE
8
BLACK
6
CONTINUOUS
10
5.2388805905511813
20
-3.9688105118110237
11
5.2401590157480316
21
-3.967532086614173
0
LINE
8
BLACK
6
CONTINUOUS
10
5.2401590157480316
20
-3.967532086614173
11
5.2419669685039372
21
-3.967532086614173
0
LINE
8
BLACK
6
CONTINUOUS
10
5.2419669685039372
20
-3.967532086614173
11
5.2432453937007875
21
-3.9688105118110237
0
LINE
8
BLACK
6
CONTINUOUS
10
5.3011194094488188
20
-3.9688105118110237
11
5.3012992125984253
21
-3.9697144881889761
0
LINE
8
BLACK
6
CONTINUOUS
10
5.3012992125984253
20
-3.9697144881889761
11
5.3012992125984253
21
-3.9902855118110234
0
LINE
8
BLACK
6
CONTINUOUS
10
5.3012992125984253
20
-3.9902855118110234
11
5.3011194094488188
21
-3.9911894881889762
0
LINE
8
BLACK
6
CONTINUOUS
10
5.3011194094488188
20
-3.9911894881889762
11
5.2998409842519685
21
-3.9924679133858265
0
LINE
8
BLACK
6
CONTINUOUS
10
5.2998409842519685
20
-3.9924679133858265
11
5.2980330314960629
21
-3.9924679133858265
0
LINE
8
BLACK
6
CONTINUOUS
10
5.2980330314960629
20
-3.9924679133858265
11
5.2967546062992126
21
-3.9911894881889762
0
LINE
8
BLACK
6
CONTINUOUS
10
5.2967546062992126
20
-3.9911894881889762
11
5.296574803149606
21
-3.9902855118110234
0
LINE
8
BLACK
6
CONTINUOUS
10
5.296574803149606
20
-3.9902855118110234
11
5.296574803149606
21
-3.9697144881889761
0
LINE
8
BLACK
6
CONTINUOUS
10
5.296574803149606
20
-3.9697144881889761
11
5.2967546062992126
21
-3.9688105118110237
0
LINE
8
BLACK
6
CONTINUOUS
10
5.2967546062992126
20
-3.9688105118110237
11
5.2980330314960629
21
-3.967532086614173
0
LINE
8
BLACK
6
CONTINUOUS
10
5.2980330314960629
20
-3.967532086614173
11
5.2998409842519685
21
-3.967532086614173
0
LINE
8
BLACK
6
CONTINUOUS
10
5.2998409842519685
20
-3.967532086614173
11
5.3011194094488188
21
-3.9688105118110237
0
LINE
8
BLACK
6
CONTINUOUS
10
5.5032453937007872
20
-3.9688105118110237
11
5.5034251968503938
21
-3.9697144881889761
0
LINE
8
BLACK
6
CONTINUOUS
10
5.5034251968503938
20
-3.9697144881889761
11
5.5034251968503938
21
-3.9902855118110234
0
LINE
8
BLACK
6
CONTINUOUS
10
5.5034251968503938
20
-3.9902855118110234
11
5.5032453937007872
21
-3.9911894881889762
0
LINE
8
BLACK
6
CONTINUOUS
10
5.5032453937007872
20
-3.9911894881889762
11
5.501966968503937
21
-3.9924679133858265
0
LINE
8
BLACK
6
CONTINUOUS
10
5.501966968503937
20
-3.9924679133858265
11
5.5001590157480313
21
-3.9924679133858265
0
LINE
8
BLACK
6
CONTINUOUS
10
5.5001590157480313
20
-3.9924679133858265
11
5.4988805905511811
21
-3.9911894881889762
0
LINE
8
BLACK
6
CONTINUOUS
10
5.4988805905511811
20
-3.9911894881889762
11
5.4987007874015745
21
-3.9902855118110234
0
LINE
8
BLACK
6
CONTINUOUS
10
5.4987007874015745
20
-3.9902855118110234
11
5.4987007874015745
21
-3.9697144881889761
0
LINE
8
BLACK
6
CONTINUOUS
10
5.4987007874015745
20
-3.9697144881889761
11
5.4988805905511811
21
-3.9688105118110237
0
LINE
8
BLACK
6
CONTINUOUS
10
5.4988805905511811
20
-3.9688105118110237
11
5.5001590157480313
21
-3.967532086614173
0
LINE
8
BLACK
6
CONTINUOUS
10
5.5001590157480313
20
-3.967532086614173
11
5.501966968503937
21
-3.967532086614173
0
LINE
8
BLACK
6
CONTINUOUS
10
5.501966968503937
20
-3.967532086614173
11
5.5032453937007872
21
-3.9688105118110237
0
LINE
8
BLACK
6
CONTINUOUS
10
5.5611194094488186
20
-3.9688105118110237
11
5.5612992125984251
21
-3.9697144881889761
0
LINE
8
BLACK
6
CONTINUOUS
10
5.5612992125984251
20
-3.9697144881889761
11
5.5612992125984251
21
-3.9902855118110234
0
LINE
8
BLACK
6
CONTINUOUS
10
5.5612992125984251
20
-3.9902855118110234
11
5.5611194094488186
21
-3.9911894881889762
0
LINE
8
BLACK
6
CONTINUOUS
10
5.5611194094488186
20
-3.9911894881889762
11
5.5598409842519683
21
-3.9924679133858265
0
LINE
8
BLACK
6
CONTINUOUS
10
5.5598409842519683
20
-3.9924679133858265
11
5.5580330314960626
21
-3.9924679133858265
0
LINE
8
BLACK
6
CONTINUOUS
10
5.5580330314960626
20
-3.9924679133858265
11
5.5567546062992124
21
-3.9911894881889762
0
LINE
8
BLACK
6
CONTINUOUS
10
5.5567546062992124
20
-3.9911894881889762
11
5.5565748031496058
21
-3.9902855118110234
0
LINE
8
BLACK
6
CONTINUOUS
10
5.5565748031496058
20
-3.9902855118110234
11
5.5565748031496058
21
-3.9697144881889761
0
LINE
8
BLACK
6
CONTINUOUS
10
5.5565748031496058
20
-3.9697144881889761
11
5.5567546062992124
21
-3.9688105118110237
0
LINE
8
BLACK
6
CONTINUOUS
10
5.5567546062992124
20
-3.9688105118110237
11
5.5580330314960626
21
-3.967532086614173
0
LINE
8
BLACK
6
CONTINUOUS
10
5.5580330314960626
20
-3.967532086614173
11
5.5598409842519683
21
-3.967532086614173
0
LINE
8
BLACK
6
CONTINUOUS
10
5.5598409842519683
20
-3.967532086614173
11
5.5611194094488186
21
-3.9688105118110237
0
LINE
8
BLACK
6
CONTINUOUS
10
5.6132453937007876
20
-3.9688105118110237
11
5.6134251968503932
21
-3.9697144881889761
0
LINE
8
BLACK
6
CONTINUOUS
10
5.6134251968503932
20
-3.9697144881889761
11
5.6134251968503932
21
-3.9902855118110234
0
LINE
8
BLACK
6
CONTINUOUS
10
5.6134251968503932
20
-3.9902855118110234
11
5.6132453937007876
21
-3.9911894881889762
0
LINE
8
BLACK
6
CONTINUOUS
10
5.6132453937007876
20
-3.9911894881889762
11
5.6119669685039373
21
-3.9924679133858265
0
LINE
8
BLACK
6
CONTINUOUS
10
5.6119669685039373
20
-3.9924679133858265
11
5.6101590157480317
21
-3.9924679133858265
0
LINE
8
BLACK
6
CONTINUOUS
10
5.6101590157480317
20
-3.9924679133858265
11
5.6088805905511814
21
-3.9911894881889762
0
LINE
8
BLACK
6
CONTINUOUS
10
5.6088805905511814
20
-3.9911894881889762
11
5.6087007874015748
21
-3.9902855118110234
0
LINE
8
BLACK
6
CONTINUOUS
10
5.6087007874015748
20
-3.9902855118110234
11
5.6087007874015748
21
-3.9697144881889761
0
LINE
8
BLACK
6
CONTINUOUS
10
5.6087007874015748
20
-3.9697144881889761
11
5.6088805905511814
21
-3.9688105118110237
0
LINE
8
BLACK
6
CONTINUOUS
10
5.6088805905511814
20
-3.9688105118110237
11
5.6101590157480317
21
-3.967532086614173
0
LINE
8
BLACK
6
CONTINUOUS
10
5.6101590157480317
20
-3.967532086614173
11
5.6119669685039373
21
-3.967532086614173
0
LINE
8
BLACK
6
CONTINUOUS
10
5.6119669685039373
20
-3.967532086614173
11
5.6132453937007876
21
-3.9688105118110237
0
LINE
8
BLACK
6
CONTINUOUS
10
5.6711194094488189
20
-3.9688105118110237
11
5.6712992125984254
21
-3.9697144881889761
0
LINE
8
BLACK
6
CONTINUOUS
10
5.6712992125984254
20
-3.9697144881889761
11
5.6712992125984254
21
-3.9902855118110234
0
LINE
8
BLACK
6
CONTINUOUS
10
5.6712992125984254
20
-3.9902855118110234
11
5.6711194094488189
21
-3.9911894881889762
0
LINE
8
BLACK
6
CONTINUOUS
10
5.6711194094488189
20
-3.9911894881889762
11
5.6698409842519686
21
-3.9924679133858265
0
LINE
8
BLACK
6
CONTINUOUS
10
5.6698409842519686
20
-3.9924679133858265
11
5.668033031496063
21
-3.9924679133858265
0
LINE
8
BLACK
6
CONTINUOUS
10
5.668033031496063
20
-3.9924679133858265
11
5.6667546062992127
21
-3.9911894881889762
0
LINE
8
BLACK
6
CONTINUOUS
10
5.6667546062992127
20
-3.9911894881889762
11
5.6665748031496062
21
-3.9902855118110234
0
LINE
8
BLACK
6
CONTINUOUS
10
5.6665748031496062
20
-3.9902855118110234
11
5.6665748031496062
21
-3.9697144881889761
0
LINE
8
BLACK
6
CONTINUOUS
10
5.6665748031496062
20
-3.9697144881889761
11
5.6667546062992127
21
-3.9688105118110237
0
LINE
8
BLACK
6
CONTINUOUS
10
5.6667546062992127
20
-3.9688105118110237
11
5.668033031496063
21
-3.967532086614173
0
LINE
8
BLACK
6
CONTINUOUS
10
5.668033031496063
20
-3.967532086614173
11
5.6698409842519686
21
-3.967532086614173
0
LINE
8
BLACK
6
CONTINUOUS
10
5.6698409842519686
20
-3.967532086614173
11
5.6711194094488189
21
-3.9688105118110237
0
LINE
8
BLACK
6
CONTINUOUS
10
5.8532453937007869
20
-3.9688105118110237
11
5.8534251968503934
21
-3.9697144881889761
0
LINE
8
BLACK
6
CONTINUOUS
10
5.8534251968503934
20
-3.9697144881889761
11
5.8534251968503934
21
-3.9902855118110234
0
LINE
8
BLACK
6
CONTINUOUS
10
5.8534251968503934
20
-3.9902855118110234
11
5.8532453937007869
21
-3.9911894881889762
0
LINE
8
BLACK
6
CONTINUOUS
10
5.8532453937007869
20
-3.9911894881889762
11
5.8519669685039366
21
-3.9924679133858265
0
LINE
8
BLACK
6
CONTINUOUS
10
5.8519669685039366
20
-3.9924679133858265
11
5.850159015748031
21
-3.9924679133858265
0
LINE
8
BLACK
6
CONTINUOUS
10
5.850159015748031
20
-3.9924679133858265
11
5.8488805905511807
21
-3.9911894881889762
0
LINE
8
BLACK
6
CONTINUOUS
10
5.8488805905511807
20
-3.9911894881889762
11
5.8487007874015751
21
-3.9902855118110234
0
LINE
8
BLACK
6
CONTINUOUS
10
5.8487007874015751
20
-3.9902855118110234
11
5.8487007874015751
21
-3.9697144881889761
0
LINE
8
BLACK
6
CONTINUOUS
10
5.8487007874015751
20
-3.9697144881889761
11
5.8488805905511807
21
-3.9688105118110237
0
LINE
8
BLACK
6
CONTINUOUS
10
5.8488805905511807
20
-3.9688105118110237
11
5.850159015748031
21
-3.967532086614173
0
LINE
8
BLACK
6
CONTINUOUS
10
5.850159015748031
20
-3.967532086614173
11
5.8519669685039366
21
-3.967532086614173
0
LINE
8
BLACK
6
CONTINUOUS
10
5.8519669685039366
20
-3.967532086614173
11
5.8532453937007869
21
-3.9688105118110237
0
LINE
8
BLACK
6
CONTINUOUS
10
5.9111194094488191
20
-3.9688105118110237
11
5.9112992125984247
21
-3.9697144881889761
0
LINE
8
BLACK
6
CONTINUOUS
10
5.9112992125984247
20
-3.9697144881889761
11
5.9112992125984247
21
-3.9902855118110234
0
LINE
8
BLACK
6
CONTINUOUS
10
5.9112992125984247
20
-3.9902855118110234
11
5.9111194094488191
21
-3.9911894881889762
0
LINE
8
BLACK
6
CONTINUOUS
10
5.9111194094488191
20
-3.9911894881889762
11
5.9098409842519688
21
-3.9924679133858265
0
LINE
8
BLACK
6
CONTINUOUS
10
5.9098409842519688
20
-3.9924679133858265
11
5.9080330314960632
21
-3.9924679133858265
0
LINE
8
BLACK
6
CONTINUOUS
10
5.9080330314960632
20
-3.9924679133858265
11
5.9067546062992129
21
-3.9911894881889762
0
LINE
8
BLACK
6
CONTINUOUS
10
5.9067546062992129
20
-3.9911894881889762
11
5.9065748031496064
21
-3.9902855118110234
0
LINE
8
BLACK
6
CONTINUOUS
10
5.9065748031496064
20
-3.9902855118110234
11
5.9065748031496064
21
-3.9697144881889761
0
LINE
8
BLACK
6
CONTINUOUS
10
5.9065748031496064
20
-3.9697144881889761
11
5.9067546062992129
21
-3.9688105118110237
0
LINE
8
BLACK
6
CONTINUOUS
10
5.9067546062992129
20
-3.9688105118110237
11
5.9080330314960632
21
-3.967532086614173
0
LINE
8
BLACK
6
CONTINUOUS
10
5.9080330314960632
20
-3.967532086614173
11
5.9098409842519688
21
-3.967532086614173
0
LINE
8
BLACK
6
CONTINUOUS
10
5.9098409842519688
20
-3.967532086614173
11
5.9111194094488191
21
-3.9688105118110237
0
LINE
8
BLACK
6
CONTINUOUS
10
5.9532453937007874
20
-3.9688105118110237
11
5.953425196850394
21
-3.9697144881889761
0
LINE
8
BLACK
6
CONTINUOUS
10
5.953425196850394
20
-3.9697144881889761
11
5.953425196850394
21
-3.9902855118110234
0
LINE
8
BLACK
6
CONTINUOUS
10
5.953425196850394
20
-3.9902855118110234
11
5.9532453937007874
21
-3.9911894881889762
0
LINE
8
BLACK
6
CONTINUOUS
10
5.9532453937007874
20
-3.9911894881889762
11
5.9519669685039371
21
-3.9924679133858265
0
LINE
8
BLACK
6
CONTINUOUS
10
5.9519669685039371
20
-3.9924679133858265
11
5.9501590157480315
21
-3.9924679133858265
0
LINE
8
BLACK
6
CONTINUOUS
10
5.9501590157480315
20
-3.9924679133858265
11
5.9488805905511812
21
-3.9911894881889762
0
LINE
8
BLACK
6
CONTINUOUS
10
5.9488805905511812
20
-3.9911894881889762
11
5.9487007874015747
21
-3.9902855118110234
0
LINE
8
BLACK
6
CONTINUOUS
10
5.9487007874015747
20
-3.9902855118110234
11
5.9487007874015747
21
-3.9697144881889761
0
LINE
8
BLACK
6
CONTINUOUS
10
5.9487007874015747
20
-3.9697144881889761
11
5.9488805905511812
21
-3.9688105118110237
0
LINE
8
BLACK
6
CONTINUOUS
10
5.9488805905511812
20
-3.9688105118110237
11
5.9501590157480315
21
-3.967532086614173
0
LINE
8
BLACK
6
CONTINUOUS
10
5.9501590157480315
20
-3.967532086614173
11
5.9519669685039371
21
-3.967532086614173
0
LINE
8
BLACK
6
CONTINUOUS
10
5.9519669685039371
20
-3.967532086614173
11
5.9532453937007874
21
-3.9688105118110237
0
LINE
8
BLACK
6
CONTINUOUS
10
6.0111194094488187
20
-3.9688105118110237
11
6.0112992125984253
21
-3.9697144881889761
0
LINE
8
BLACK
6
CONTINUOUS
10
6.0112992125984253
20
-3.9697144881889761
11
6.0112992125984253
21
-3.9902855118110234
0
LINE
8
BLACK
6
CONTINUOUS
10
6.0112992125984253
20
-3.9902855118110234
11
6.0111194094488187
21
-3.9911894881889762
0
LINE
8
BLACK
6
CONTINUOUS
10
6.0111194094488187
20
-3.9911894881889762
11
6.0098409842519684
21
-3.9924679133858265
0
LINE
8
BLACK
6
CONTINUOUS
10
6.0098409842519684
20
-3.9924679133858265
11
6.0080330314960628
21
-3.9924679133858265
0
LINE
8
BLACK
6
CONTINUOUS
10
6.0080330314960628
20
-3.9924679133858265
11
6.0067546062992125
21
-3.9911894881889762
0
LINE
8
BLACK
6
CONTINUOUS
10
6.0067546062992125
20
-3.9911894881889762
11
6.006574803149606
21
-3.9902855118110234
0
LINE
8
BLACK
6
CONTINUOUS
10
6.006574803149606
20
-3.9902855118110234
11
6.006574803149606
21
-3.9697144881889761
0
LINE
8
BLACK
6
CONTINUOUS
10
6.006574803149606
20
-3.9697144881889761
11
6.0067546062992125
21
-3.9688105118110237
0
LINE
8
BLACK
6
CONTINUOUS
10
6.0067546062992125
20
-3.9688105118110237
11
6.0080330314960628
21
-3.967532086614173
0
LINE
8
BLACK
6
CONTINUOUS
10
6.0080330314960628
20
-3.967532086614173
11
6.0098409842519684
21
-3.967532086614173
0
LINE
8
BLACK
6
CONTINUOUS
10
6.0098409842519684
20
-3.967532086614173
11
6.0111194094488187
21
-3.9688105118110237
0
LINE
8
BLACK
6
CONTINUOUS
10
6.5632453937007869
20
-3.9701564960629923
11
6.5634251968503934
21
-3.9710604724409446
0
LINE
8
BLACK
6
CONTINUOUS
10
6.5634251968503934
20
-3.9710604724409446
11
6.5634251968503934
21
-3.9889395275590549
0
LINE
8
BLACK
6
CONTINUOUS
10
6.5634251968503934
20
-3.9889395275590549
11
6.5632453937007869
21
-3.9898435039370077
0
LINE
8
BLACK
6
CONTINUOUS
10
6.5632453937007869
20
-3.9898435039370077
11
6.5619669685039366
21
-3.991121929133858
0
LINE
8
BLACK
6
CONTINUOUS
10
6.5619669685039366
20
-3.991121929133858
11
6.560159015748031
21
-3.991121929133858
0
LINE
8
BLACK
6
CONTINUOUS
10
6.560159015748031
20
-3.991121929133858
11
6.5588805905511807
21
-3.9898435039370077
0
LINE
8
BLACK
6
CONTINUOUS
10
6.5588805905511807
20
-3.9898435039370077
11
6.558700787401575
21
-3.9889395275590549
0
LINE
8
BLACK
6
CONTINUOUS
10
6.558700787401575
20
-3.9889395275590549
11
6.558700787401575
21
-3.9710604724409446
0
LINE
8
BLACK
6
CONTINUOUS
10
6.558700787401575
20
-3.9710604724409446
11
6.5588805905511807
21
-3.9701564960629923
0
LINE
8
BLACK
6
CONTINUOUS
10
6.5588805905511807
20
-3.9701564960629923
11
6.560159015748031
21
-3.9688780708661415
0
LINE
8
BLACK
6
CONTINUOUS
10
6.560159015748031
20
-3.9688780708661415
11
6.5619669685039366
21
-3.9688780708661415
0
LINE
8
BLACK
6
CONTINUOUS
10
6.5619669685039366
20
-3.9688780708661415
11
6.5632453937007869
21
-3.9701564960629923
0
LINE
8
BLACK
6
CONTINUOUS
10
6.621119409448819
20
-3.9701564960629923
11
6.6212992125984247
21
-3.9710604724409446
0
LINE
8
BLACK
6
CONTINUOUS
10
6.6212992125984247
20
-3.9710604724409446
11
6.6212992125984247
21
-3.9889395275590549
0
LINE
8
BLACK
6
CONTINUOUS
10
6.6212992125984247
20
-3.9889395275590549
11
6.621119409448819
21
-3.9898435039370077
0
LINE
8
BLACK
6
CONTINUOUS
10
6.621119409448819
20
-3.9898435039370077
11
6.6198409842519688
21
-3.991121929133858
0
LINE
8
BLACK
6
CONTINUOUS
10
6.6198409842519688
20
-3.991121929133858
11
6.6180330314960631
21
-3.991121929133858
0
LINE
8
BLACK
6
CONTINUOUS
10
6.6180330314960631
20
-3.991121929133858
11
6.6167546062992129
21
-3.9898435039370077
0
LINE
8
BLACK
6
CONTINUOUS
10
6.6167546062992129
20
-3.9898435039370077
11
6.6165748031496063
21
-3.9889395275590549
0
LINE
8
BLACK
6
CONTINUOUS
10
6.6165748031496063
20
-3.9889395275590549
11
6.6165748031496063
21
-3.9710604724409446
0
LINE
8
BLACK
6
CONTINUOUS
10
6.6165748031496063
20
-3.9710604724409446
11
6.6167546062992129
21
-3.9701564960629923
0
LINE
8
BLACK
6
CONTINUOUS
10
6.6167546062992129
20
-3.9701564960629923
11
6.6180330314960631
21
-3.9688780708661415
0
LINE
8
BLACK
6
CONTINUOUS
10
6.6180330314960631
20
-3.9688780708661415
11
6.6198409842519688
21
-3.9688780708661415
0
LINE
8
BLACK
6
CONTINUOUS
10
6.6198409842519688
20
-3.9688780708661415
11
6.621119409448819
21
-3.9701564960629923
0
LINE
8
BLACK
6
CONTINUOUS
10
4.9057687007874016
20
-3.978880590551181
11
4.9070471259842519
21
-3.9801590157480313
0
LINE
8
BLACK
6
CONTINUOUS
10
4.9070471259842519
20
-3.9801590157480313
11
4.9070471259842519
21
-3.9819669685039369
0
LINE
8
BLACK
6
CONTINUOUS
10
4.9070471259842519
20
-3.9819669685039369
11
4.9057687007874016
21
-3.9832453937007872
0
LINE
8
BLACK
6
CONTINUOUS
10
4.9057687007874016
20
-3.9832453937007872
11
4.9048647244094488
21
-3.9834251968503938
0
LINE
8
BLACK
6
CONTINUOUS
10
4.9048647244094488
20
-3.9834251968503938
11
4.886985669291338
21
-3.9834251968503938
0
LINE
8
BLACK
6
CONTINUOUS
10
4.886985669291338
20
-3.9834251968503938
11
4.8860816929133861
21
-3.9832453937007872
0
LINE
8
BLACK
6
CONTINUOUS
10
4.8860816929133861
20
-3.9832453937007872
11
4.8848032677165349
21
-3.9819669685039369
0
LINE
8
BLACK
6
CONTINUOUS
10
4.8848032677165349
20
-3.9819669685039369
11
4.8848032677165349
21
-3.9801590157480313
0
LINE
8
BLACK
6
CONTINUOUS
10
4.8848032677165349
20
-3.9801590157480313
11
4.8860816929133861
21
-3.978880590551181
0
LINE
8
BLACK
6
CONTINUOUS
10
4.8860816929133861
20
-3.978880590551181
11
4.886985669291338
21
-3.9787007874015745
0
LINE
8
BLACK
6
CONTINUOUS
10
4.886985669291338
20
-3.9787007874015745
11
4.9048647244094488
21
-3.9787007874015745
0
LINE
8
BLACK
6
CONTINUOUS
10
4.9048647244094488
20
-3.9787007874015745
11
4.9057687007874016
21
-3.978880590551181
0
LINE
8
BLACK
6
CONTINUOUS
10
5.1598435039370081
20
-3.978880590551181
11
5.1611219291338584
21
-3.9801590157480313
0
LINE
8
BLACK
6
CONTINUOUS
10
5.1611219291338584
20
-3.9801590157480313
11
5.1611219291338584
21
-3.9819669685039369
0
LINE
8
BLACK
6
CONTINUOUS
10
5.1611219291338584
20
-3.9819669685039369
11
5.1598435039370081
21
-3.9832453937007872
0
LINE
8
BLACK
6
CONTINUOUS
10
5.1598435039370081
20
-3.9832453937007872
11
5.1589395275590553
21
-3.9834251968503938
0
LINE
8
BLACK
6
CONTINUOUS
10
5.1589395275590553
20
-3.9834251968503938
11
5.1410604724409446
21
-3.9834251968503938
0
LINE
8
BLACK
6
CONTINUOUS
10
5.1410604724409446
20
-3.9834251968503938
11
5.1401564960629917
21
-3.9832453937007872
0
LINE
8
BLACK
6
CONTINUOUS
10
5.1401564960629917
20
-3.9832453937007872
11
5.1388780708661415
21
-3.9819669685039369
0
LINE
8
BLACK
6
CONTINUOUS
10
5.1388780708661415
20
-3.9819669685039369
11
5.1388780708661415
21
-3.9801590157480313
0
LINE
8
BLACK
6
CONTINUOUS
10
5.1388780708661415
20
-3.9801590157480313
11
5.1401564960629917
21
-3.978880590551181
0
LINE
8
BLACK
6
CONTINUOUS
10
5.1401564960629917
20
-3.978880590551181
11
5.1410604724409446
21
-3.9787007874015745
0
LINE
8
BLACK
6
CONTINUOUS
10
5.1410604724409446
20
-3.9787007874015745
11
5.1589395275590553
21
-3.9787007874015745
0
LINE
8
BLACK
6
CONTINUOUS
10
5.1589395275590553
20
-3.9787007874015745
11
5.1598435039370081
21
-3.978880590551181
0
LINE
8
BLACK
6
CONTINUOUS
10
5.4098435039370081
20
-3.978880590551181
11
5.4111219291338584
21
-3.9801590157480313
0
LINE
8
BLACK
6
CONTINUOUS
10
5.4111219291338584
20
-3.9801590157480313
11
5.4111219291338584
21
-3.9819669685039369
0
LINE
8
BLACK
6
CONTINUOUS
10
5.4111219291338584
20
-3.9819669685039369
11
5.4098435039370081
21
-3.9832453937007872
0
LINE
8
BLACK
6
CONTINUOUS
10
5.4098435039370081
20
-3.9832453937007872
11
5.4089395275590553
21
-3.9834251968503938
0
LINE
8
BLACK
6
CONTINUOUS
10
5.4089395275590553
20
-3.9834251968503938
11
5.3910604724409446
21
-3.9834251968503938
0
LINE
8
BLACK
6
CONTINUOUS
10
5.3910604724409446
20
-3.9834251968503938
11
5.3901564960629917
21
-3.9832453937007872
0
LINE
8
BLACK
6
CONTINUOUS
10
5.3901564960629917
20
-3.9832453937007872
11
5.3888780708661415
21
-3.9819669685039369
0
LINE
8
BLACK
6
CONTINUOUS
10
5.3888780708661415
20
-3.9819669685039369
11
5.3888780708661415
21
-3.9801590157480313
0
LINE
8
BLACK
6
CONTINUOUS
10
5.3888780708661415
20
-3.9801590157480313
11
5.3901564960629917
21
-3.978880590551181
0
LINE
8
BLACK
6
CONTINUOUS
10
5.3901564960629917
20
-3.978880590551181
11
5.3910604724409446
21
-3.9787007874015745
0
LINE
8
BLACK
6
CONTINUOUS
10
5.3910604724409446
20
-3.9787007874015745
11
5.4089395275590553
21
-3.9787007874015745
0
LINE
8
BLACK
6
CONTINUOUS
10
5.4089395275590553
20
-3.9787007874015745
11
5.4098435039370081
21
-3.978880590551181
0
LINE
8
BLACK
6
CONTINUOUS
10
5.7698435039370075
20
-3.978880590551181
11
5.7711219291338578
21
-3.9801590157480313
0
LINE
8
BLACK
6
CONTINUOUS
10
5.7711219291338578
20
-3.9801590157480313
11
5.7711219291338578
21
-3.9819669685039369
0
LINE
8
BLACK
6
CONTINUOUS
10
5.7711219291338578
20
-3.9819669685039369
11
5.7698435039370075
21
-3.9832453937007872
0
LINE
8
BLACK
6
CONTINUOUS
10
5.7698435039370075
20
-3.9832453937007872
11
5.7689395275590547
21
-3.9834251968503938
0
LINE
8
BLACK
6
CONTINUOUS
10
5.7689395275590547
20
-3.9834251968503938
11
5.7510604724409449
21
-3.9834251968503938
0
LINE
8
BLACK
6
CONTINUOUS
10
5.7510604724409449
20
-3.9834251968503938
11
5.7501564960629921
21
-3.9832453937007872
0
LINE
8
BLACK
6
CONTINUOUS
10
5.7501564960629921
20
-3.9832453937007872
11
5.7488780708661418
21
-3.9819669685039369
0
LINE
8
BLACK
6
CONTINUOUS
10
5.7488780708661418
20
-3.9819669685039369
11
5.7488780708661418
21
-3.9801590157480313
0
LINE
8
BLACK
6
CONTINUOUS
10
5.7488780708661418
20
-3.9801590157480313
11
5.7501564960629921
21
-3.978880590551181
0
LINE
8
BLACK
6
CONTINUOUS
10
5.7501564960629921
20
-3.978880590551181
11
5.7510604724409449
21
-3.9787007874015745
0
LINE
8
BLACK
6
CONTINUOUS
10
5.7510604724409449
20
-3.9787007874015745
11
5.7689395275590547
21
-3.9787007874015745
0
LINE
8
BLACK
6
CONTINUOUS
10
5.7689395275590547
20
-3.9787007874015745
11
5.7698435039370075
21
-3.978880590551181
0
LINE
8
BLACK
6
CONTINUOUS
10
6.1375646456692916
20
-3.9288390157480313
11
6.1385951574803146
21
-3.9293542913385826
0
LINE
8
BLACK
6
CONTINUOUS
10
6.1385951574803146
20
-3.9293542913385826
11
6.1393499999999994
21
-3.9302246456692913
0
LINE
8
BLACK
6
CONTINUOUS
10
6.1393499999999994
20
-3.9302246456692913
11
6.139714330708661
21
-3.9313176377952757
0
LINE
8
BLACK
6
CONTINUOUS
10
6.139714330708661
20
-3.9313176377952757
11
6.1396326771653538
21
-3.9324668503937006
0
LINE
8
BLACK
6
CONTINUOUS
10
6.1396326771653538
20
-3.9324668503937006
11
6.1394257874015743
21
-3.9330074409448819
0
LINE
8
BLACK
6
CONTINUOUS
10
6.1394257874015743
20
-3.9330074409448819
11
6.1375510236220467
21
-3.936756968503937
0
LINE
8
BLACK
6
CONTINUOUS
10
6.1375510236220467
20
-3.936756968503937
11
6.1373949999999997
21
-3.9370047637795276
0
LINE
8
BLACK
6
CONTINUOUS
10
6.1373949999999997
20
-3.9370047637795276
11
6.137365157480315
21
-3.9370769291338581
0
LINE
8
BLACK
6
CONTINUOUS
10
6.137365157480315
20
-3.9370769291338581
11
6.1372985433070868
21
-3.9371580708661416
0
LINE
8
BLACK
6
CONTINUOUS
10
6.1372985433070868
20
-3.9371580708661416
11
6.1372426771653545
21
-3.9372468503937008
0
LINE
8
BLACK
6
CONTINUOUS
10
6.1372426771653545
20
-3.9372468503937008
11
6.1371837401574805
21
-3.9372979527559053
0
LINE
8
BLACK
6
CONTINUOUS
10
6.1371837401574805
20
-3.9372979527559053
11
6.1369979133858266
21
-3.9375243700787399
0
LINE
8
BLACK
6
CONTINUOUS
10
6.1369979133858266
20
-3.9375243700787399
11
6.1345395275590553
21
-3.9399827559055116
0
LINE
8
BLACK
6
CONTINUOUS
10
6.1345395275590553
20
-3.9399827559055116
11
6.1619535039370081
21
-3.9399827559055116
0
LINE
8
BLACK
6
CONTINUOUS
10
6.1619535039370081
20
-3.9399827559055116
11
6.1619535039370081
21
-3.9316869291338583
0
LINE
8
BLACK
6
CONTINUOUS
10
6.1619535039370081
20
-3.9316869291338583
11
6.1620102362204721
21
-3.931110866141732
0
LINE
8
BLACK
6
CONTINUOUS
10
6.1620102362204721
20
-3.931110866141732
11
6.1624511417322836
21
-3.9300464566929132
0
LINE
8
BLACK
6
CONTINUOUS
10
6.1624511417322836
20
-3.9300464566929132
11
6.163265787401575
21
-3.9292318110236222
0
LINE
8
BLACK
6
CONTINUOUS
10
6.163265787401575
20
-3.9292318110236222
11
6.1643301968503934
21
-3.9287909055118111
0
LINE
8
BLACK
6
CONTINUOUS
10
6.1643301968503934
20
-3.9287909055118111
11
6.1654823228346451
21
-3.9287909055118111
0
LINE
8
BLACK
6
CONTINUOUS
10
6.1654823228346451
20
-3.9287909055118111
11
6.1665467322834644
21
-3.9292318110236222
0
LINE
8
BLACK
6
CONTINUOUS
10
6.1665467322834644
20
-3.9292318110236222
11
6.1673613779527559
21
-3.9300464566929132
0
LINE
8
BLACK
6
CONTINUOUS
10
6.1673613779527559
20
-3.9300464566929132
11
6.1678022834645665
21
-3.931110866141732
0
LINE
8
BLACK
6
CONTINUOUS
10
6.1678022834645665
20
-3.931110866141732
11
6.1678590157480313
21
-3.9316869291338583
0
LINE
8
BLACK
6
CONTINUOUS
10
6.1678590157480313
20
-3.9316869291338583
11
6.1678590157480313
21
-3.954184094488189
0
LINE
8
BLACK
6
CONTINUOUS
10
6.1678590157480313
20
-3.954184094488189
11
6.1678022834645665
21
-3.9547601574803148
0
LINE
8
BLACK
6
CONTINUOUS
10
6.1678022834645665
20
-3.9547601574803148
11
6.1673613779527559
21
-3.9558245669291336
0
LINE
8
BLACK
6
CONTINUOUS
10
6.1673613779527559
20
-3.9558245669291336
11
6.1665467322834644
21
-3.9566392125984251
0
LINE
8
BLACK
6
CONTINUOUS
10
6.1665467322834644
20
-3.9566392125984251
11
6.1654823228346451
21
-3.9570801181102362
0
LINE
8
BLACK
6
CONTINUOUS
10
6.1654823228346451
20
-3.9570801181102362
11
6.1643301968503934
21
-3.9570801181102362
0
LINE
8
BLACK
6
CONTINUOUS
10
6.1643301968503934
20
-3.9570801181102362
11
6.163265787401575
21
-3.9566392125984251
0
LINE
8
BLACK
6
CONTINUOUS
10
6.163265787401575
20
-3.9566392125984251
11
6.1624511417322836
21
-3.9558245669291336
0
LINE
8
BLACK
6
CONTINUOUS
10
6.1624511417322836
20
-3.9558245669291336
11
6.1620102362204721
21
-3.9547601574803148
0
LINE
8
BLACK
6
CONTINUOUS
10
6.1620102362204721
20
-3.9547601574803148
11
6.1619535039370081
21
-3.954184094488189
0
LINE
8
BLACK
6
CONTINUOUS
10
6.1619535039370081
20
-3.954184094488189
11
6.1619535039370081
21
-3.9458882677165352
0
LINE
8
BLACK
6
CONTINUOUS
10
6.1619535039370081
20
-3.9458882677165352
11
6.1255361811023619
21
-3.9458882677165352
0
LINE
8
BLACK
6
CONTINUOUS
10
6.1255361811023619
20
-3.9458882677165352
11
6.1255340944881889
21
-3.9458880314960627
0
LINE
8
BLACK
6
CONTINUOUS
10
6.1255340944881889
20
-3.9458880314960627
11
6.1255330708661413
21
-3.9458882677165352
0
LINE
8
BLACK
6
CONTINUOUS
10
6.1255330708661413
20
-3.9458882677165352
11
6.1255300393700782
21
-3.9458876377952756
0
LINE
8
BLACK
6
CONTINUOUS
10
6.1255300393700782
20
-3.9458876377952756
11
6.124960118110236
21
-3.9458315354330709
0
LINE
8
BLACK
6
CONTINUOUS
10
6.124960118110236
20
-3.9458315354330709
11
6.1246900000000002
21
-3.9457196456692913
0
LINE
8
BLACK
6
CONTINUOUS
10
6.1246900000000002
20
-3.9457196456692913
11
6.1244033858267715
21
-3.9456623228346457
0
LINE
8
BLACK
6
CONTINUOUS
10
6.1244033858267715
20
-3.9456623228346457
11
6.1241629921259841
21
-3.9455013385826772
0
LINE
8
BLACK
6
CONTINUOUS
10
6.1241629921259841
20
-3.9455013385826772
11
6.1238957086614167
21
-3.9453906299212598
0
LINE
8
BLACK
6
CONTINUOUS
10
6.1238957086614167
20
-3.9453906299212598
11
6.1236889763779523
21
-3.9451838976377953
0
LINE
8
BLACK
6
CONTINUOUS
10
6.1236889763779523
20
-3.9451838976377953
11
6.1234461023622044
21
-3.9450212598425196
0
LINE
8
BLACK
6
CONTINUOUS
10
6.1234461023622044
20
-3.9450212598425196
11
6.1232855905511814
21
-3.9447805118110235
0
LINE
8
BLACK
6
CONTINUOUS
10
6.1232855905511814
20
-3.9447805118110235
11
6.1230810629921262
21
-3.9445759842519683
0
LINE
8
BLACK
6
CONTINUOUS
10
6.1230810629921262
20
-3.9445759842519683
11
6.1229691732283467
21
-3.9443058661417321
0
LINE
8
BLACK
6
CONTINUOUS
10
6.1229691732283467
20
-3.9443058661417321
11
6.122807007874016
21
-3.9440626377952754
0
LINE
8
BLACK
6
CONTINUOUS
10
6.122807007874016
20
-3.9440626377952754
11
6.1227508661417325
21
-3.9437788188976377
0
LINE
8
BLACK
6
CONTINUOUS
10
6.1227508661417325
20
-3.9437788188976377
11
6.1226401574803146
21
-3.9435115748031495
0
LINE
8
BLACK
6
CONTINUOUS
10
6.1226401574803146
20
-3.9435115748031495
11
6.1226401574803146
21
-3.9432191732283464
0
LINE
8
BLACK
6
CONTINUOUS
10
6.1226401574803146
20
-3.9432191732283464
11
6.1225834251968498
21
-3.9429324015748031
0
LINE
8
BLACK
6
CONTINUOUS
10
6.1225834251968498
20
-3.9429324015748031
11
6.1226401574803146
21
-3.9426487401574803
0
LINE
8
BLACK
6
CONTINUOUS
10
6.1226401574803146
20
-3.9426487401574803
11
6.1226401574803146
21
-3.9423594488188973
0
LINE
8
BLACK
6
CONTINUOUS
10
6.1226401574803146
20
-3.9423594488188973
11
6.1227520078740154
21
-3.9420893307086615
0
LINE
8
BLACK
6
CONTINUOUS
10
6.1227520078740154
20
-3.9420893307086615
11
6.1228093700787403
21
-3.9418027165354328
0
LINE
8
BLACK
6
CONTINUOUS
10
6.1228093700787403
20
-3.9418027165354328
11
6.1229703149606296
21
-3.9415623228346455
0
LINE
8
BLACK
6
CONTINUOUS
10
6.1229703149606296
20
-3.9415623228346455
11
6.1230810629921262
21
-3.9412950393700785
0
LINE
8
BLACK
6
CONTINUOUS
10
6.1230810629921262
20
-3.9412950393700785
11
6.1232877559055119
21
-3.9410883070866141
0
LINE
8
BLACK
6
CONTINUOUS
10
6.1232877559055119
20
-3.9410883070866141
11
6.1234504330708663
21
-3.9408454330708662
0
LINE
8
BLACK
6
CONTINUOUS
10
6.1234504330708663
20
-3.9408454330708662
11
6.1238936614173225
21
-3.940482401574803
0
LINE
8
BLACK
6
CONTINUOUS
10
6.1238936614173225
20
-3.940482401574803
11
6.1238957086614167
21
-3.9404803937007875
0
LINE
8
BLACK
6
CONTINUOUS
10
6.1238957086614167
20
-3.9404803937007875
11
6.1238965748031493
21
-3.94048
0
LINE
8
BLACK
6
CONTINUOUS
10
6.1238965748031493
20
-3.94048
11
6.1238982677165357
21
-3.9404786614173228
0
LINE
8
BLACK
6
CONTINUOUS
10
6.1238982677165357
20
-3.9404786614173228
11
6.129279291338583
21
-3.9368912992125984
0
LINE
8
BLACK
6
CONTINUOUS
10
6.129279291338583
20
-3.9368912992125984
11
6.1324832677165357
21
-3.9336873622047244
0
LINE
8
BLACK
6
CONTINUOUS
10
6.1324832677165357
20
-3.9336873622047244
11
6.1341437401574801
21
-3.9303664173228348
0
LINE
8
BLACK
6
CONTINUOUS
10
6.1341437401574801
20
-3.9303664173228348
11
6.1344520866141732
21
-3.9298765354330709
0
LINE
8
BLACK
6
CONTINUOUS
10
6.1344520866141732
20
-3.9298765354330709
11
6.1353224803149606
21
-3.9291216929133856
0
LINE
8
BLACK
6
CONTINUOUS
10
6.1353224803149606
20
-3.9291216929133856
11
6.1364154330708658
21
-3.9287573622047245
0
LINE
8
BLACK
6
CONTINUOUS
10
6.1364154330708658
20
-3.9287573622047245
11
6.1375646456692916
21
-3.9288390157480313
0
LINE
8
BLACK
6
CONTINUOUS
10
6.1654823228346451
20
-3.8987946456692915
11
6.1665467322834644
21
-3.8992355511811021
0
LINE
8
BLACK
6
CONTINUOUS
10
6.1665467322834644
20
-3.8992355511811021
11
6.1673613779527559
21
-3.9000501968503936
0
LINE
8
BLACK
6
CONTINUOUS
10
6.1673613779527559
20
-3.9000501968503936
11
6.1678022834645665
21
-3.9011146062992124
0
LINE
8
BLACK
6
CONTINUOUS
10
6.1678022834645665
20
-3.9011146062992124
11
6.1678590157480313
21
-3.9016906692913387
0
LINE
8
BLACK
6
CONTINUOUS
10
6.1678590157480313
20
-3.9016906692913387
11
6.1678590157480313
21
-3.9204383070866142
0
LINE
8
BLACK
6
CONTINUOUS
10
6.1678590157480313
20
-3.9204383070866142
11
6.1678022834645665
21
-3.9210143700787401
0
LINE
8
BLACK
6
CONTINUOUS
10
6.1678022834645665
20
-3.9210143700787401
11
6.1673613779527559
21
-3.9220787795275589
0
LINE
8
BLACK
6
CONTINUOUS
10
6.1673613779527559
20
-3.9220787795275589
11
6.1665467322834644
21
-3.9228934251968504
0
LINE
8
BLACK
6
CONTINUOUS
10
6.1665467322834644
20
-3.9228934251968504
11
6.1654823228346451
21
-3.9233343307086614
0
LINE
8
BLACK
6
CONTINUOUS
10
6.1654823228346451
20
-3.9233343307086614
11
6.1643301968503934
21
-3.9233343307086614
0
LINE
8
BLACK
6
CONTINUOUS
10
6.1643301968503934
20
-3.9233343307086614
11
6.163265787401575
21
-3.9228934251968504
0
LINE
8
BLACK
6
CONTINUOUS
10
6.163265787401575
20
-3.9228934251968504
11
6.1624511417322836
21
-3.9220787795275589
0
LINE
8
BLACK
6
CONTINUOUS
10
6.1624511417322836
20
-3.9220787795275589
11
6.1620102362204721
21
-3.9210143700787401
0
LINE
8
BLACK
6
CONTINUOUS
10
6.1620102362204721
20
-3.9210143700787401
11
6.1619535039370081
21
-3.9204383070866142
0
LINE
8
BLACK
6
CONTINUOUS
10
6.1619535039370081
20
-3.9204383070866142
11
6.1619535039370081
21
-3.9046434251968503
0
LINE
8
BLACK
6
CONTINUOUS
10
6.1619535039370081
20
-3.9046434251968503
11
6.1255361811023619
21
-3.9046434251968503
0
LINE
8
BLACK
6
CONTINUOUS
10
6.1255361811023619
20
-3.9046434251968503
11
6.124960118110236
21
-3.9045866929133859
0
LINE
8
BLACK
6
CONTINUOUS
10
6.124960118110236
20
-3.9045866929133859
11
6.1238957086614167
21
-3.9041457874015748
0
LINE
8
BLACK
6
CONTINUOUS
10
6.1238957086614167
20
-3.9041457874015748
11
6.1230810629921262
21
-3.9033311417322833
0
LINE
8
BLACK
6
CONTINUOUS
10
6.1230810629921262
20
-3.9033311417322833
11
6.1226401574803146
21
-3.9022667322834645
0
LINE
8
BLACK
6
CONTINUOUS
10
6.1226401574803146
20
-3.9022667322834645
11
6.1226401574803146
21
-3.9011146062992124
0
LINE
8
BLACK
6
CONTINUOUS
10
6.1226401574803146
20
-3.9011146062992124
11
6.1230810629921262
21
-3.9000501968503936
0
LINE
8
BLACK
6
CONTINUOUS
10
6.1230810629921262
20
-3.9000501968503936
11
6.1238957086614167
21
-3.8992355511811021
0
LINE
8
BLACK
6
CONTINUOUS
10
6.1238957086614167
20
-3.8992355511811021
11
6.124960118110236
21
-3.8987946456692915
0
LINE
8
BLACK
6
CONTINUOUS
10
6.124960118110236
20
-3.8987946456692915
11
6.1255361811023619
21
-3.8987379133858266
0
LINE
8
BLACK
6
CONTINUOUS
10
6.1255361811023619
20
-3.8987379133858266
11
6.1649062598425193
21
-3.8987379133858266
0
LINE
8
BLACK
6
CONTINUOUS
10
6.1649062598425193
20
-3.8987379133858266
11
6.1654823228346451
21
-3.8987946456692915
0
LINE
8
BLACK
6
CONTINUOUS
10
6.5016126377952759
20
-3.9144317716535433
11
6.5028910629921262
21
-3.9157101968503936
0
LINE
8
BLACK
6
CONTINUOUS
10
6.5028910629921262
20
-3.9157101968503936
11
6.5028910629921262
21
-3.9175181496062992
0
LINE
8
BLACK
6
CONTINUOUS
10
6.5028910629921262
20
-3.9175181496062992
11
6.5016126377952759
21
-3.9187965748031495
0
LINE
8
BLACK
6
CONTINUOUS
10
6.5016126377952759
20
-3.9187965748031495
11
6.5007086614173231
21
-3.918976377952756
0
LINE
8
BLACK
6
CONTINUOUS
10
6.5007086614173231
20
-3.918976377952756
11
6.3845669291338583
21
-3.918976377952756
0
LINE
8
BLACK
6
CONTINUOUS
10
6.3845669291338583
20
-3.918976377952756
11
6.3836629527559055
21
-3.9187965748031495
0
LINE
8
BLACK
6
CONTINUOUS
10
6.3836629527559055
20
-3.9187965748031495
11
6.3823845275590552
21
-3.9175181496062992
0
LINE
8
BLACK
6
CONTINUOUS
10
6.3823845275590552
20
-3.9175181496062992
11
6.3823845275590552
21
-3.9157101968503936
0
LINE
8
BLACK
6
CONTINUOUS
10
6.3823845275590552
20
-3.9157101968503936
11
6.3836629527559055
21
-3.9144317716535433
0
LINE
8
BLACK
6
CONTINUOUS
10
6.3836629527559055
20
-3.9144317716535433
11
6.3845669291338583
21
-3.9142519685039368
0
LINE
8
BLACK
6
CONTINUOUS
10
6.3845669291338583
20
-3.9142519685039368
11
6.5007086614173231
21
-3.9142519685039368
0
LINE
8
BLACK
6
CONTINUOUS
10
6.5007086614173231
20
-3.9142519685039368
11
6.5016126377952759
21
-3.9144317716535433
0
CIRCLE
8
BLACK
10
6.71
20
-4.1647244094488185
40
0.0068897637795276
0
CIRCLE
8
BLACK
10
6.8099999999999996
20
-4.1647244094488185
40
0.0068897637795276
0
CIRCLE
8
BLACK
10
6.71
20
-3.9647244094488188
40
0.0068897637795276
0
CIRCLE
8
BLACK
10
6.8099999999999996
20
-3.9647244094488188
40
0.0068897637795276
0
CIRCLE
8
BLACK
10
6.71
20
-4.0647244094488189
40
0.0068897637795276
0
CIRCLE
8
BLACK
10
6.8099999999999996
20
-4.0647244094488189
40
0.0068897637795276
0
CIRCLE
8
BLACK
10
6.71
20
-4.264724409448819
40
0.0068897637795276
0
CIRCLE
8
BLACK
10
6.8099999999999996
20
-4.264724409448819
40
0.0068897637795276
0
CIRCLE
8
BLACK
10
6.71
20
-4.3647244094488187
40
0.0068897637795276
0
CIRCLE
8
BLACK
10
6.8099999999999996
20
-4.3647244094488187
40
0.0068897637795276
  0
ENDSEC
  0
EOF
