  0
SECTION
  2
HEADER
  9
$ANGBASE
  50
0.0
  9
$ANGDIR
  70
1
  9
$MEASUREMENT
  70
0
  0
ENDSEC
  0
SECTION
  2
TABLES
  0
TABLE
  2
LTYPE
  70
4
  0
LTYPE
  5
40F
  2
CONTINUOUS
  70
0
  3
Solid line
  72
65
  73
0
  40
0.0
  0
LTYPE
  5
410
  2
DASHDOT
 70
0
  3
Dash Dot ____ _ ____ _
 72
65
 73
4
 40
2.0
 49
1.25
 49
-0.25
 49
0.25
 49
-0.25
  0
LTYPE
  5
411
  2
DASHED
 70
0
  3
Dashed __ __ __ __ __
 72
65
 73
2
 40
0.75
 49
0.5
 49
-0.25
  0
LTYPE
  5
43B
  2
DOTTED
 70
0
  3
Dotted .  .  .  .
 72
65
 73
2
 40
0.2
 49
0.0
 49
-0.2
  0
ENDTAB
  0
TABLE
  2
STYLE
  70
4
  0
STYLE
  2
KICAD
  70
0
  40
0
  41
1
  42
1
  50
0
  71
0
  3
isocp.shx
  0
STYLE
  2
KICADB
  70
0
  40
0
  41
1
  42
1
  50
0
  71
0
  3
isocp.shx
  0
STYLE
  2
KICADI
  70
0
  40
0
  41
1
  42
1
  50
15
  71
0
  3
isocp.shx
  0
STYLE
  2
KICADBI
  70
0
  40
0
  41
1
  42
1
  50
15
  71
0
  3
isocp.shx
  0
ENDTAB
  0
TABLE
  2
LAYER
  70
1
  0
LAYER
  2
BLACK
  70
0
  62
7
  6
CONTINUOUS
  0
ENDTAB
  0
ENDSEC
  0
SECTION
  2
ENTITIES
0
LINE
8
BLACK
6
CONTINUOUS
10
4.8203977952755901
20
-4.3720519685039365
11
4.8203977952755901
21
-4.3720520078740153
0
LINE
8
BLACK
6
CONTINUOUS
10
4.8203977952755901
20
-4.3720520078740153
11
4.8205176771653546
21
-4.3726546456692912
0
LINE
8
BLACK
6
CONTINUOUS
10
4.8205176771653546
20
-4.3726546456692912
11
4.8205176771653546
21
-4.3848406299212597
0
LINE
8
BLACK
6
CONTINUOUS
10
4.8205176771653546
20
-4.3848406299212597
11
4.8203977952755901
21
-4.3854432677165356
0
LINE
8
BLACK
6
CONTINUOUS
10
4.8203977952755901
20
-4.3854432677165356
11
4.8195455118110235
21
-4.3862955511811021
0
LINE
8
BLACK
6
CONTINUOUS
10
4.8195455118110235
20
-4.3862955511811021
11
4.8183402362204726
21
-4.3862955511811021
0
LINE
8
BLACK
6
CONTINUOUS
10
4.8183402362204726
20
-4.3862955511811021
11
4.8174879527559051
21
-4.3854432677165356
0
LINE
8
BLACK
6
CONTINUOUS
10
4.8174879527559051
20
-4.3854432677165356
11
4.8173680708661415
21
-4.3848406299212597
0
LINE
8
BLACK
6
CONTINUOUS
10
4.8173680708661415
20
-4.3848406299212597
11
4.8173680708661415
21
-4.3764565354330704
0
LINE
8
BLACK
6
CONTINUOUS
10
4.8173680708661415
20
-4.3764565354330704
11
4.8088078346456689
21
-4.3850167716535431
0
LINE
8
BLACK
6
CONTINUOUS
10
4.8088078346456689
20
-4.3850167716535431
11
4.8087422440944882
21
-4.3850605511811018
0
LINE
8
BLACK
6
CONTINUOUS
10
4.8087422440944882
20
-4.3850605511811018
11
4.808726102362205
21
-4.3850929133858267
0
LINE
8
BLACK
6
CONTINUOUS
10
4.808726102362205
20
-4.3850929133858267
11
4.8085067322834645
21
-4.3852179133858264
0
LINE
8
BLACK
6
CONTINUOUS
10
4.8085067322834645
20
-4.3852179133858264
11
4.8082969291338582
21
-4.385358149606299
0
LINE
8
BLACK
6
CONTINUOUS
10
4.8082969291338582
20
-4.385358149606299
11
4.8082607874015748
21
-4.385358149606299
0
LINE
8
BLACK
6
CONTINUOUS
10
4.8082607874015748
20
-4.385358149606299
11
4.8081922834645665
21
-4.3853972047244092
0
LINE
8
BLACK
6
CONTINUOUS
10
4.8081922834645665
20
-4.3853972047244092
11
4.8053801181102358
21
-4.3863346062992123
0
LINE
8
BLACK
6
CONTINUOUS
10
4.8053801181102358
20
-4.3863346062992123
11
4.8051298031496064
21
-4.3863661417322835
0
LINE
8
BLACK
6
CONTINUOUS
10
4.8051298031496064
20
-4.3863661417322835
11
4.8048821259842516
21
-4.3864154330708658
0
LINE
8
BLACK
6
CONTINUOUS
10
4.8048821259842516
20
-4.3864154330708658
11
4.803007362204724
21
-4.3864154330708658
0
LINE
8
BLACK
6
CONTINUOUS
10
4.803007362204724
20
-4.3864154330708658
11
4.8029299606299212
21
-4.3864000000000001
0
LINE
8
BLACK
6
CONTINUOUS
10
4.8029299606299212
20
-4.3864000000000001
11
4.802895708661417
21
-4.3864114566929135
0
LINE
8
BLACK
6
CONTINUOUS
10
4.802895708661417
20
-4.3864114566929135
11
4.8026522440944879
21
-4.3863447637795279
0
LINE
8
BLACK
6
CONTINUOUS
10
4.8026522440944879
20
-4.3863447637795279
11
4.802404724409449
21
-4.3862955511811021
0
LINE
8
BLACK
6
CONTINUOUS
10
4.802404724409449
20
-4.3862955511811021
11
4.8023791732283465
21
-4.3862699999999997
0
LINE
8
BLACK
6
CONTINUOUS
10
4.8023791732283465
20
-4.3862699999999997
11
4.8023030708661416
21
-4.3862491732283466
0
LINE
8
BLACK
6
CONTINUOUS
10
4.8023030708661416
20
-4.3862491732283466
11
4.8004283070866141
21
-4.3853117716535435
0
LINE
8
BLACK
6
CONTINUOUS
10
4.8004283070866141
20
-4.3853117716535435
11
4.8002287007874012
21
-4.3851568503937006
0
LINE
8
BLACK
6
CONTINUOUS
10
4.8002287007874012
20
-4.3851568503937006
11
4.8000190551181099
21
-4.3850167716535431
0
LINE
8
BLACK
6
CONTINUOUS
10
4.8000190551181099
20
-4.3850167716535431
11
4.7990816929133855
21
-4.3840794094488187
0
LINE
8
BLACK
6
CONTINUOUS
10
4.7990816929133855
20
-4.3840794094488187
11
4.7989415748031492
21
-4.3838697244094487
0
LINE
8
BLACK
6
CONTINUOUS
10
4.7989415748031492
20
-4.3838697244094487
11
4.798786692913386
21
-4.3836701574803145
0
LINE
8
BLACK
6
CONTINUOUS
10
4.798786692913386
20
-4.3836701574803145
11
4.7978492913385828
21
-4.381795393700787
0
LINE
8
BLACK
6
CONTINUOUS
10
4.7978492913385828
20
-4.381795393700787
11
4.7978284251968502
21
-4.3817192519685042
0
LINE
8
BLACK
6
CONTINUOUS
10
4.7978284251968502
20
-4.3817192519685042
11
4.7978029133858264
21
-4.3816937401574805
0
LINE
8
BLACK
6
CONTINUOUS
10
4.7978029133858264
20
-4.3816937401574805
11
4.7977536614173228
21
-4.3814461811023619
0
LINE
8
BLACK
6
CONTINUOUS
10
4.7977536614173228
20
-4.3814461811023619
11
4.7976870078740159
21
-4.3812027559055116
0
LINE
8
BLACK
6
CONTINUOUS
10
4.7976870078740159
20
-4.3812027559055116
11
4.7976984251968506
21
-4.3811684645669287
0
LINE
8
BLACK
6
CONTINUOUS
10
4.7976984251968506
20
-4.3811684645669287
11
4.7976830314960628
21
-4.3810911023622046
0
LINE
8
BLACK
6
CONTINUOUS
10
4.7976830314960628
20
-4.3810911023622046
11
4.7976830314960628
21
-4.3764041732283463
0
LINE
8
BLACK
6
CONTINUOUS
10
4.7976830314960628
20
-4.3764041732283463
11
4.7976984251968506
21
-4.3763267716535434
0
LINE
8
BLACK
6
CONTINUOUS
10
4.7976984251968506
20
-4.3763267716535434
11
4.7976870078740159
21
-4.3762925196850393
0
LINE
8
BLACK
6
CONTINUOUS
10
4.7976870078740159
20
-4.3762925196850393
11
4.7977536614173228
21
-4.3760490551181102
0
LINE
8
BLACK
6
CONTINUOUS
10
4.7977536614173228
20
-4.3760490551181102
11
4.7978029133858264
21
-4.3758015354330704
0
LINE
8
BLACK
6
CONTINUOUS
10
4.7978029133858264
20
-4.3758015354330704
11
4.7978284251968502
21
-4.3757759842519688
0
LINE
8
BLACK
6
CONTINUOUS
10
4.7978284251968502
20
-4.3757759842519688
11
4.7978492913385828
21
-4.3756998818897639
0
LINE
8
BLACK
6
CONTINUOUS
10
4.7978492913385828
20
-4.3756998818897639
11
4.798786692913386
21
-4.3738251181102363
0
LINE
8
BLACK
6
CONTINUOUS
10
4.798786692913386
20
-4.3738251181102363
11
4.7989415748031492
21
-4.3736255118110234
0
LINE
8
BLACK
6
CONTINUOUS
10
4.7989415748031492
20
-4.3736255118110234
11
4.7990816929133855
21
-4.3734158661417322
0
LINE
8
BLACK
6
CONTINUOUS
10
4.7990816929133855
20
-4.3734158661417322
11
4.8000190551181099
21
-4.3724785039370078
0
LINE
8
BLACK
6
CONTINUOUS
10
4.8000190551181099
20
-4.3724785039370078
11
4.8005299606299214
21
-4.3721371259842519
0
LINE
8
BLACK
6
CONTINUOUS
10
4.8005299606299214
20
-4.3721371259842519
11
4.8017352362204724
21
-4.3721371259842519
0
LINE
8
BLACK
6
CONTINUOUS
10
4.8017352362204724
20
-4.3721371259842519
11
4.8025875196850389
21
-4.3729894094488184
0
LINE
8
BLACK
6
CONTINUOUS
10
4.8025875196850389
20
-4.3729894094488184
11
4.8025875196850389
21
-4.3741946850393703
0
LINE
8
BLACK
6
CONTINUOUS
10
4.8025875196850389
20
-4.3741946850393703
11
4.802246141732283
21
-4.3747055905511809
0
LINE
8
BLACK
6
CONTINUOUS
10
4.802246141732283
20
-4.3747055905511809
11
4.8014894881889765
21
-4.3754622047244096
0
LINE
8
BLACK
6
CONTINUOUS
10
4.8014894881889765
20
-4.3754622047244096
11
4.8008326377952759
21
-4.3767759448818895
0
LINE
8
BLACK
6
CONTINUOUS
10
4.8008326377952759
20
-4.3767759448818895
11
4.8008326377952759
21
-4.3807192913385826
0
LINE
8
BLACK
6
CONTINUOUS
10
4.8008326377952759
20
-4.3807192913385826
11
4.8014894881889765
21
-4.3820330314960625
0
LINE
8
BLACK
6
CONTINUOUS
10
4.8014894881889765
20
-4.3820330314960625
11
4.8020653937007873
21
-4.3826089370078742
0
LINE
8
BLACK
6
CONTINUOUS
10
4.8020653937007873
20
-4.3826089370078742
11
4.8033791338582672
21
-4.3832658267716536
0
LINE
8
BLACK
6
CONTINUOUS
10
4.8033791338582672
20
-4.3832658267716536
11
4.8046266141732286
21
-4.3832658267716536
0
LINE
8
BLACK
6
CONTINUOUS
10
4.8046266141732286
20
-4.3832658267716536
11
4.8068435826771649
21
-4.382526811023622
0
LINE
8
BLACK
6
CONTINUOUS
10
4.8068435826771649
20
-4.382526811023622
11
4.817829330708661
21
-4.3715410629921259
0
LINE
8
BLACK
6
CONTINUOUS
10
4.817829330708661
20
-4.3715410629921259
11
4.8183402362204726
21
-4.3711997244094487
0
LINE
8
BLACK
6
CONTINUOUS
10
4.8183402362204726
20
-4.3711997244094487
11
4.8195455511811023
21
-4.3711997244094487
0
LINE
8
BLACK
6
CONTINUOUS
10
4.8195455511811023
20
-4.3711997244094487
11
4.8203977952755901
21
-4.3720519685039365
0
LINE
8
BLACK
6
CONTINUOUS
10
4.806071771653543
20
-4.353812598425197
11
4.8064529527559055
21
-4.3549560629921258
0
LINE
8
BLACK
6
CONTINUOUS
10
4.8064529527559055
20
-4.3549560629921258
11
4.8062906692913385
21
-4.3555487007874012
0
LINE
8
BLACK
6
CONTINUOUS
10
4.8062906692913385
20
-4.3555487007874012
11
4.8053533070866141
21
-4.35742342519685
0
LINE
8
BLACK
6
CONTINUOUS
10
4.8053533070866141
20
-4.35742342519685
11
4.8051987007874013
21
-4.3576225984251966
0
LINE
8
BLACK
6
CONTINUOUS
10
4.8051987007874013
20
-4.3576225984251966
11
4.8050583070866137
21
-4.3578327559055117
0
LINE
8
BLACK
6
CONTINUOUS
10
4.8050583070866137
20
-4.3578327559055117
11
4.8039971259842522
21
-4.3588938976377953
0
LINE
8
BLACK
6
CONTINUOUS
10
4.8039971259842522
20
-4.3588938976377953
11
4.8173680708661415
21
-4.3588938976377953
0
LINE
8
BLACK
6
CONTINUOUS
10
4.8173680708661415
20
-4.3588938976377953
11
4.8173680708661415
21
-4.3548444094488188
0
LINE
8
BLACK
6
CONTINUOUS
10
4.8173680708661415
20
-4.3548444094488188
11
4.8174879527559051
21
-4.3542417716535429
0
LINE
8
BLACK
6
CONTINUOUS
10
4.8174879527559051
20
-4.3542417716535429
11
4.8183402362204726
21
-4.3533894881889763
0
LINE
8
BLACK
6
CONTINUOUS
10
4.8183402362204726
20
-4.3533894881889763
11
4.8195455118110235
21
-4.3533894881889763
0
LINE
8
BLACK
6
CONTINUOUS
10
4.8195455118110235
20
-4.3533894881889763
11
4.8203977952755901
21
-4.3542417716535429
0
LINE
8
BLACK
6
CONTINUOUS
10
4.8203977952755901
20
-4.3542417716535429
11
4.8205176771653546
21
-4.3548444094488188
0
LINE
8
BLACK
6
CONTINUOUS
10
4.8205176771653546
20
-4.3548444094488188
11
4.8205176771653546
21
-4.3660929921259841
0
LINE
8
BLACK
6
CONTINUOUS
10
4.8205176771653546
20
-4.3660929921259841
11
4.8203977952755901
21
-4.36669562992126
0
LINE
8
BLACK
6
CONTINUOUS
10
4.8203977952755901
20
-4.36669562992126
11
4.8195455118110235
21
-4.3675479133858266
0
LINE
8
BLACK
6
CONTINUOUS
10
4.8195455118110235
20
-4.3675479133858266
11
4.8183402362204726
21
-4.3675479133858266
0
LINE
8
BLACK
6
CONTINUOUS
10
4.8183402362204726
20
-4.3675479133858266
11
4.8174879527559051
21
-4.36669562992126
0
LINE
8
BLACK
6
CONTINUOUS
10
4.8174879527559051
20
-4.36669562992126
11
4.8173680708661415
21
-4.3660929921259841
0
LINE
8
BLACK
6
CONTINUOUS
10
4.8173680708661415
20
-4.3660929921259841
11
4.8173680708661415
21
-4.3620435039370076
0
LINE
8
BLACK
6
CONTINUOUS
10
4.8173680708661415
20
-4.3620435039370076
11
4.7992578346456689
21
-4.3620435039370076
0
LINE
8
BLACK
6
CONTINUOUS
10
4.7992578346456689
20
-4.3620435039370076
11
4.7986551968503939
21
-4.3619236220472439
0
LINE
8
BLACK
6
CONTINUOUS
10
4.7986551968503939
20
-4.3619236220472439
11
4.7985405118110238
21
-4.3618089370078739
0
LINE
8
BLACK
6
CONTINUOUS
10
4.7985405118110238
20
-4.3618089370078739
11
4.7983815354330703
21
-4.3617771653543302
0
LINE
8
BLACK
6
CONTINUOUS
10
4.7983815354330703
20
-4.3617771653543302
11
4.7981271259842515
21
-4.3613955511811024
0
LINE
8
BLACK
6
CONTINUOUS
10
4.7981271259842515
20
-4.3613955511811024
11
4.7978029133858264
21
-4.3610713385826774
0
LINE
8
BLACK
6
CONTINUOUS
10
4.7978029133858264
20
-4.3610713385826774
11
4.7978029133858264
21
-4.3609092125984255
0
LINE
8
BLACK
6
CONTINUOUS
10
4.7978029133858264
20
-4.3609092125984255
11
4.7977129921259838
21
-4.3607743307086615
0
LINE
8
BLACK
6
CONTINUOUS
10
4.7977129921259838
20
-4.3607743307086615
11
4.7978029133858264
21
-4.3603246850393695
0
LINE
8
BLACK
6
CONTINUOUS
10
4.7978029133858264
20
-4.3603246850393695
11
4.7978029133858264
21
-4.3598660629921255
0
LINE
8
BLACK
6
CONTINUOUS
10
4.7978029133858264
20
-4.3598660629921255
11
4.7979175590551177
21
-4.3597513779527555
0
LINE
8
BLACK
6
CONTINUOUS
10
4.7979175590551177
20
-4.3597513779527555
11
4.7979493700787401
21
-4.3595924015748029
0
LINE
8
BLACK
6
CONTINUOUS
10
4.7979493700787401
20
-4.3595924015748029
11
4.7983842913385821
21
-4.3591583858267713
0
LINE
8
BLACK
6
CONTINUOUS
10
4.7983842913385821
20
-4.3591583858267713
11
4.8010667322834646
21
-4.357370078740157
0
LINE
8
BLACK
6
CONTINUOUS
10
4.8010667322834646
20
-4.357370078740157
11
4.8026505118110236
21
-4.3557862598425192
0
LINE
8
BLACK
6
CONTINUOUS
10
4.8026505118110236
20
-4.3557862598425192
11
4.8034735826771655
21
-4.3541401574803151
0
LINE
8
BLACK
6
CONTINUOUS
10
4.8034735826771655
20
-4.3541401574803151
11
4.803850275590551
21
-4.3536547637795273
0
LINE
8
BLACK
6
CONTINUOUS
10
4.803850275590551
20
-4.3536547637795273
11
4.8049937401574798
21
-4.3532735826771649
0
LINE
8
BLACK
6
CONTINUOUS
10
4.8049937401574798
20
-4.3532735826771649
11
4.806071771653543
21
-4.353812598425197
0
LINE
8
BLACK
6
CONTINUOUS
10
4.8195455118110235
20
-4.334641811023622
11
4.8203977952755901
21
-4.3354940944881886
0
LINE
8
BLACK
6
CONTINUOUS
10
4.8203977952755901
20
-4.3354940944881886
11
4.8203977952755901
21
-4.3366993700787404
0
LINE
8
BLACK
6
CONTINUOUS
10
4.8203977952755901
20
-4.3366993700787404
11
4.8195455118110235
21
-4.337551653543307
0
LINE
8
BLACK
6
CONTINUOUS
10
4.8195455118110235
20
-4.337551653543307
11
4.8189428740157476
21
-4.3376715354330706
0
LINE
8
BLACK
6
CONTINUOUS
10
4.8189428740157476
20
-4.3376715354330706
11
4.8111438582677168
21
-4.3376715354330706
0
LINE
8
BLACK
6
CONTINUOUS
10
4.8111438582677168
20
-4.3376715354330706
11
4.8111438582677168
21
-4.3399637401574802
0
LINE
8
BLACK
6
CONTINUOUS
10
4.8111438582677168
20
-4.3399637401574802
11
4.8198459842519688
21
-4.3460551968503935
0
LINE
8
BLACK
6
CONTINUOUS
10
4.8198459842519688
20
-4.3460551968503935
11
4.8202709448818899
21
-4.3464989763779522
0
LINE
8
BLACK
6
CONTINUOUS
10
4.8202709448818899
20
-4.3464989763779522
11
4.8204803937007874
21
-4.3476859448818894
0
LINE
8
BLACK
6
CONTINUOUS
10
4.8204803937007874
20
-4.3476859448818894
11
4.8197892125984252
21
-4.3486733464566925
0
LINE
8
BLACK
6
CONTINUOUS
10
4.8197892125984252
20
-4.3486733464566925
11
4.818602244094488
21
-4.3488828346456696
0
LINE
8
BLACK
6
CONTINUOUS
10
4.818602244094488
20
-4.3488828346456696
11
4.8180398031496061
21
-4.3486354330708661
0
LINE
8
BLACK
6
CONTINUOUS
10
4.8180398031496061
20
-4.3486354330708661
11
4.8111173228346455
21
-4.343789724409449
0
LINE
8
BLACK
6
CONTINUOUS
10
4.8111173228346455
20
-4.343789724409449
11
4.811073188976378
21
-4.3439508661417321
0
LINE
8
BLACK
6
CONTINUOUS
10
4.811073188976378
20
-4.3439508661417321
11
4.8110239763779523
21
-4.3441984251968506
0
LINE
8
BLACK
6
CONTINUOUS
10
4.8110239763779523
20
-4.3441984251968506
11
4.8109984251968507
21
-4.3442239370078743
0
LINE
8
BLACK
6
CONTINUOUS
10
4.8109984251968507
20
-4.3442239370078743
11
4.8109775984251968
21
-4.3443000787401571
0
LINE
8
BLACK
6
CONTINUOUS
10
4.8109775984251968
20
-4.3443000787401571
11
4.8100401968503936
21
-4.3461748425196847
0
LINE
8
BLACK
6
CONTINUOUS
10
4.8100401968503936
20
-4.3461748425196847
11
4.8098852755905508
21
-4.3463744094488188
0
LINE
8
BLACK
6
CONTINUOUS
10
4.8098852755905508
20
-4.3463744094488188
11
4.809745236220472
21
-4.3465840551181101
0
LINE
8
BLACK
6
CONTINUOUS
10
4.809745236220472
20
-4.3465840551181101
11
4.8088078740157476
21
-4.347521496062992
0
LINE
8
BLACK
6
CONTINUOUS
10
4.8088078740157476
20
-4.347521496062992
11
4.8085979133858263
21
-4.3476617322834645
0
LINE
8
BLACK
6
CONTINUOUS
10
4.8085979133858263
20
-4.3476617322834645
11
4.8083985433070868
21
-4.3478164960629924
0
LINE
8
BLACK
6
CONTINUOUS
10
4.8083985433070868
20
-4.3478164960629924
11
4.8065237795275593
21
-4.3487538582677168
0
LINE
8
BLACK
6
CONTINUOUS
10
4.8065237795275593
20
-4.3487538582677168
11
4.8064476771653544
21
-4.3487746850393698
0
LINE
8
BLACK
6
CONTINUOUS
10
4.8064476771653544
20
-4.3487746850393698
11
4.8064221653543306
21
-4.3488002362204723
0
LINE
8
BLACK
6
CONTINUOUS
10
4.8064221653543306
20
-4.3488002362204723
11
4.8061744488188971
21
-4.3488494881889759
0
LINE
8
BLACK
6
CONTINUOUS
10
4.8061744488188971
20
-4.3488494881889759
11
4.805931141732283
21
-4.3489161417322837
0
LINE
8
BLACK
6
CONTINUOUS
10
4.805931141732283
20
-4.3489161417322837
11
4.8058968897637797
21
-4.348904724409449
0
LINE
8
BLACK
6
CONTINUOUS
10
4.8058968897637797
20
-4.348904724409449
11
4.8058195275590547
21
-4.3489201181102359
0
LINE
8
BLACK
6
CONTINUOUS
10
4.8058195275590547
20
-4.3489201181102359
11
4.803007362204724
21
-4.3489201181102359
0
LINE
8
BLACK
6
CONTINUOUS
10
4.803007362204724
20
-4.3489201181102359
11
4.8029299606299212
21
-4.3489046850393702
0
LINE
8
BLACK
6
CONTINUOUS
10
4.8029299606299212
20
-4.3489046850393702
11
4.802895708661417
21
-4.3489161417322837
0
LINE
8
BLACK
6
CONTINUOUS
10
4.802895708661417
20
-4.3489161417322837
11
4.8026522440944879
21
-4.3488494488188971
0
LINE
8
BLACK
6
CONTINUOUS
10
4.8026522440944879
20
-4.3488494488188971
11
4.802404724409449
21
-4.3488002362204723
0
LINE
8
BLACK
6
CONTINUOUS
10
4.802404724409449
20
-4.3488002362204723
11
4.8023791732283465
21
-4.3487746850393698
0
LINE
8
BLACK
6
CONTINUOUS
10
4.8023791732283465
20
-4.3487746850393698
11
4.8023030708661416
21
-4.3487538582677168
0
LINE
8
BLACK
6
CONTINUOUS
10
4.8023030708661416
20
-4.3487538582677168
11
4.8004283464566928
21
-4.3478164960629924
0
LINE
8
BLACK
6
CONTINUOUS
10
4.8004283464566928
20
-4.3478164960629924
11
4.8002291338582674
21
-4.3476618897637795
0
LINE
8
BLACK
6
CONTINUOUS
10
4.8002291338582674
20
-4.3476618897637795
11
4.8000190157480311
21
-4.347521496062992
0
LINE
8
BLACK
6
CONTINUOUS
10
4.8000190157480311
20
-4.347521496062992
11
4.7990816535433067
21
-4.3465840944881888
0
LINE
8
BLACK
6
CONTINUOUS
10
4.7990816535433067
20
-4.3465840944881888
11
4.7989414173228342
21
-4.3463741732283463
0
LINE
8
BLACK
6
CONTINUOUS
10
4.7989414173228342
20
-4.3463741732283463
11
4.798786692913386
21
-4.3461748425196847
0
LINE
8
BLACK
6
CONTINUOUS
10
4.798786692913386
20
-4.3461748425196847
11
4.7978492913385828
21
-4.3443000787401571
0
LINE
8
BLACK
6
CONTINUOUS
10
4.7978492913385828
20
-4.3443000787401571
11
4.7978284251968502
21
-4.3442239370078743
0
LINE
8
BLACK
6
CONTINUOUS
10
4.7978284251968502
20
-4.3442239370078743
11
4.7978029133858264
21
-4.3441984251968506
0
LINE
8
BLACK
6
CONTINUOUS
10
4.7978029133858264
20
-4.3441984251968506
11
4.7977536614173228
21
-4.3439508661417321
0
LINE
8
BLACK
6
CONTINUOUS
10
4.7977536614173228
20
-4.3439508661417321
11
4.7976870078740159
21
-4.3437074409448817
0
LINE
8
BLACK
6
CONTINUOUS
10
4.7976870078740159
20
-4.3437074409448817
11
4.7976984251968506
21
-4.3436731496062988
0
LINE
8
BLACK
6
CONTINUOUS
10
4.7976984251968506
20
-4.3436731496062988
11
4.7976830314960628
21
-4.3435957874015747
0
LINE
8
BLACK
6
CONTINUOUS
10
4.7976830314960628
20
-4.3435957874015747
11
4.7976830314960628
21
-4.3360967322834645
0
LINE
8
BLACK
6
CONTINUOUS
10
4.7976830314960628
20
-4.3360967322834645
11
4.7978029133858264
21
-4.3354940944881886
0
LINE
8
BLACK
6
CONTINUOUS
10
4.7978029133858264
20
-4.3354940944881886
11
4.7986551968503939
21
-4.334641811023622
0
LINE
8
BLACK
6
CONTINUOUS
10
4.7986551968503939
20
-4.334641811023622
11
4.7992578346456689
21
-4.3345219291338584
0
LINE
8
BLACK
6
CONTINUOUS
10
4.7992578346456689
20
-4.3345219291338584
11
4.8189428740157476
21
-4.3345219291338584
0
LINE
8
BLACK
6
CONTINUOUS
10
4.8189428740157476
20
-4.3345219291338584
11
4.8195455118110235
21
-4.334641811023622
0
LINE
8
BLACK
6
CONTINUOUS
10
4.8008326377952759
20
-4.3432239763779528
11
4.8014894881889765
21
-4.3445376771653539
0
LINE
8
BLACK
6
CONTINUOUS
10
4.8014894881889765
20
-4.3445376771653539
11
4.8020654330708661
21
-4.3451137007874019
0
LINE
8
BLACK
6
CONTINUOUS
10
4.8020654330708661
20
-4.3451137007874019
11
4.8033790944881884
21
-4.3457705118110237
0
LINE
8
BLACK
6
CONTINUOUS
10
4.8033790944881884
20
-4.3457705118110237
11
4.8054477952755903
21
-4.3457705118110237
0
LINE
8
BLACK
6
CONTINUOUS
10
4.8054477952755903
20
-4.3457705118110237
11
4.806761377952756
21
-4.3451137007874019
0
LINE
8
BLACK
6
CONTINUOUS
10
4.806761377952756
20
-4.3451137007874019
11
4.8073373622047244
21
-4.3445376771653539
0
LINE
8
BLACK
6
CONTINUOUS
10
4.8073373622047244
20
-4.3445376771653539
11
4.8079942519685037
21
-4.3432239763779528
0
LINE
8
BLACK
6
CONTINUOUS
10
4.8079942519685037
20
-4.3432239763779528
11
4.8079942519685037
21
-4.3376715354330706
0
LINE
8
BLACK
6
CONTINUOUS
10
4.8079942519685037
20
-4.3376715354330706
11
4.8008326377952759
21
-4.3376715354330706
0
LINE
8
BLACK
6
CONTINUOUS
10
4.8008326377952759
20
-4.3376715354330706
11
4.8008326377952759
21
-4.3432239763779528
0
LINE
8
BLACK
6
CONTINUOUS
10
4.8353596062992121
20
-4.3188112598425192
11
4.8364249606299214
21
-4.3198766141732285
0
LINE
8
BLACK
6
CONTINUOUS
10
4.8364249606299214
20
-4.3198766141732285
11
4.8365748031496061
21
-4.320629921259842
0
LINE
8
BLACK
6
CONTINUOUS
10
4.8365748031496061
20
-4.320629921259842
11
4.8365748031496061
21
-4.3993700787401577
0
LINE
8
BLACK
6
CONTINUOUS
10
4.8365748031496061
20
-4.3993700787401577
11
4.8364249606299214
21
-4.4001233858267712
0
LINE
8
BLACK
6
CONTINUOUS
10
4.8364249606299214
20
-4.4001233858267712
11
4.8353596062992121
21
-4.4011887401574805
0
LINE
8
BLACK
6
CONTINUOUS
10
4.8353596062992121
20
-4.4011887401574805
11
4.8346062992125987
21
-4.4013385826771652
0
LINE
8
BLACK
6
CONTINUOUS
10
4.8346062992125987
20
-4.4013385826771652
11
4.7853937007874014
21
-4.4013385826771652
0
LINE
8
BLACK
6
CONTINUOUS
10
4.7853937007874014
20
-4.4013385826771652
11
4.7846403937007871
21
-4.4011887401574805
0
LINE
8
BLACK
6
CONTINUOUS
10
4.7846403937007871
20
-4.4011887401574805
11
4.7835750393700787
21
-4.4001233858267712
0
LINE
8
BLACK
6
CONTINUOUS
10
4.7835750393700787
20
-4.4001233858267712
11
4.783425196850394
21
-4.3993700787401577
0
LINE
8
BLACK
6
CONTINUOUS
10
4.783425196850394
20
-4.3993700787401577
11
4.783425196850394
21
-4.320629921259842
0
LINE
8
BLACK
6
CONTINUOUS
10
4.783425196850394
20
-4.320629921259842
11
4.7835750393700787
21
-4.3198766141732285
0
LINE
8
BLACK
6
CONTINUOUS
10
4.7835750393700787
20
-4.3198766141732285
11
4.7846403937007871
21
-4.3188112598425192
0
LINE
8
BLACK
6
CONTINUOUS
10
4.7846403937007871
20
-4.3188112598425192
11
4.7853937007874014
21
-4.3186614173228346
0
LINE
8
BLACK
6
CONTINUOUS
10
4.7853937007874014
20
-4.3186614173228346
11
4.8346062992125987
21
-4.3186614173228346
0
LINE
8
BLACK
6
CONTINUOUS
10
4.8346062992125987
20
-4.3186614173228346
11
4.8353596062992121
21
-4.3188112598425192
0
LINE
8
BLACK
6
CONTINUOUS
10
4.7873622047244098
20
-4.3225984251968503
11
4.7873622047244098
21
-4.3974015748031494
0
LINE
8
BLACK
6
CONTINUOUS
10
4.7873622047244098
20
-4.3974015748031494
11
4.8326377952755903
21
-4.3974015748031494
0
LINE
8
BLACK
6
CONTINUOUS
10
4.8326377952755903
20
-4.3974015748031494
11
4.8326377952755903
21
-4.3225984251968503
0
LINE
8
BLACK
6
CONTINUOUS
10
4.8326377952755903
20
-4.3225984251968503
11
4.7873622047244098
21
-4.3225984251968503
0
LINE
8
BLACK
6
CONTINUOUS
10
4.9733205511811018
20
-4.2635814960629919
11
4.9733462204724406
21
-4.2635729527559052
0
LINE
8
BLACK
6
CONTINUOUS
10
4.9733462204724406
20
-4.2635729527559052
11
4.9735287401574801
21
-4.2636229133858263
0
LINE
8
BLACK
6
CONTINUOUS
10
4.9735287401574801
20
-4.2636229133858263
11
4.9737145275590553
21
-4.2636598818897635
0
LINE
8
BLACK
6
CONTINUOUS
10
4.9737145275590553
20
-4.2636598818897635
11
4.9737336614173229
21
-4.2636790157480311
0
LINE
8
BLACK
6
CONTINUOUS
10
4.9737336614173229
20
-4.2636790157480311
11
4.9737907480314956
21
-4.2636946456692915
0
LINE
8
BLACK
6
CONTINUOUS
10
4.9737907480314956
20
-4.2636946456692915
11
4.9752905511811019
21
-4.264444566929134
0
LINE
8
BLACK
6
CONTINUOUS
10
4.9752905511811019
20
-4.264444566929134
11
4.9754399999999999
21
-4.2645605905511808
0
LINE
8
BLACK
6
CONTINUOUS
10
4.9754399999999999
20
-4.2645605905511808
11
4.9755974803149607
21
-4.264665787401575
0
LINE
8
BLACK
6
CONTINUOUS
10
4.9755974803149607
20
-4.264665787401575
11
4.9763473622047245
21
-4.2654156692913388
0
LINE
8
BLACK
6
CONTINUOUS
10
4.9763473622047245
20
-4.2654156692913388
11
4.9766034251968501
21
-4.2657988582677167
0
LINE
8
BLACK
6
CONTINUOUS
10
4.9766034251968501
20
-4.2657988582677167
11
4.9766034645669288
21
-4.2667027952755907
0
LINE
8
BLACK
6
CONTINUOUS
10
4.9766034645669288
20
-4.2667027952755907
11
4.9759642125984254
21
-4.2673420472440942
0
LINE
8
BLACK
6
CONTINUOUS
10
4.9759642125984254
20
-4.2673420472440942
11
4.9750603149606301
21
-4.2673420866141729
0
LINE
8
BLACK
6
CONTINUOUS
10
4.9750603149606301
20
-4.2673420866141729
11
4.9746770866141734
21
-4.2670860629921261
0
LINE
8
BLACK
6
CONTINUOUS
10
4.9746770866141734
20
-4.2670860629921261
11
4.9740626377952752
21
-4.2664716535433067
0
LINE
8
BLACK
6
CONTINUOUS
10
4.9740626377952752
20
-4.2664716535433067
11
4.9729836614173228
21
-4.2659321653543305
0
LINE
8
BLACK
6
CONTINUOUS
10
4.9729836614173228
20
-4.2659321653543305
11
4.9697918503937011
21
-4.2659321653543305
0
LINE
8
BLACK
6
CONTINUOUS
10
4.9697918503937011
20
-4.2659321653543305
11
4.9687127559055115
21
-4.2664716929133855
0
LINE
8
BLACK
6
CONTINUOUS
10
4.9687127559055115
20
-4.2664716929133855
11
4.9682339370078736
21
-4.2669505118110234
0
LINE
8
BLACK
6
CONTINUOUS
10
4.9682339370078736
20
-4.2669505118110234
11
4.9676944881889762
21
-4.2680294881889767
0
LINE
8
BLACK
6
CONTINUOUS
10
4.9676944881889762
20
-4.2680294881889767
11
4.9676944881889762
21
-4.2690587795275592
0
LINE
8
BLACK
6
CONTINUOUS
10
4.9676944881889762
20
-4.2690587795275592
11
4.9682955905511808
21
-4.2708622440944879
0
LINE
8
BLACK
6
CONTINUOUS
10
4.9682955905511808
20
-4.2708622440944879
11
4.9770973228346458
21
-4.2796639370078742
0
LINE
8
BLACK
6
CONTINUOUS
10
4.9770973228346458
20
-4.2796639370078742
11
4.9773532283464563
21
-4.2800469685039371
0
LINE
8
BLACK
6
CONTINUOUS
10
4.9773532283464563
20
-4.2800469685039371
11
4.9773533464566926
21
-4.2800470866141733
0
LINE
8
BLACK
6
CONTINUOUS
10
4.9773533464566926
20
-4.2800470866141733
11
4.9773533464566926
21
-4.2800471259842521
0
LINE
8
BLACK
6
CONTINUOUS
10
4.9773533464566926
20
-4.2800471259842521
11
4.9773533858267713
21
-4.2809510629921261
0
LINE
8
BLACK
6
CONTINUOUS
10
4.9773533858267713
20
-4.2809510629921261
11
4.9773533464566926
21
-4.2809510629921261
0
LINE
8
BLACK
6
CONTINUOUS
10
4.9773533464566926
20
-4.2809510629921261
11
4.9773533464566926
21
-4.2809511023622049
0
LINE
8
BLACK
6
CONTINUOUS
10
4.9773533464566926
20
-4.2809511023622049
11
4.9767141732283466
21
-4.2815902755905508
0
LINE
8
BLACK
6
CONTINUOUS
10
4.9767141732283466
20
-4.2815902755905508
11
4.9762621653543304
21
-4.2816801968503935
0
LINE
8
BLACK
6
CONTINUOUS
10
4.9762621653543304
20
-4.2816801968503935
11
4.9665133858267714
21
-4.2816801968503935
0
LINE
8
BLACK
6
CONTINUOUS
10
4.9665133858267714
20
-4.2816801968503935
11
4.966061377952756
21
-4.2815902755905508
0
LINE
8
BLACK
6
CONTINUOUS
10
4.966061377952756
20
-4.2815902755905508
11
4.9654222047244092
21
-4.2809511023622049
0
LINE
8
BLACK
6
CONTINUOUS
10
4.9654222047244092
20
-4.2809511023622049
11
4.9654222047244092
21
-4.2800470866141733
0
LINE
8
BLACK
6
CONTINUOUS
10
4.9654222047244092
20
-4.2800470866141733
11
4.966061377952756
21
-4.2794079133858265
0
LINE
8
BLACK
6
CONTINUOUS
10
4.966061377952756
20
-4.2794079133858265
11
4.9665133858267714
21
-4.2793179921259838
0
LINE
8
BLACK
6
CONTINUOUS
10
4.9665133858267714
20
-4.2793179921259838
11
4.9734107480314957
21
-4.2793179921259838
0
LINE
8
BLACK
6
CONTINUOUS
10
4.9734107480314957
20
-4.2793179921259838
11
4.9664281102362207
21
-4.2723353937007875
0
LINE
8
BLACK
6
CONTINUOUS
10
4.9664281102362207
20
-4.2723353937007875
11
4.966395236220472
21
-4.2722861811023618
0
LINE
8
BLACK
6
CONTINUOUS
10
4.966395236220472
20
-4.2722861811023618
11
4.9663710236220471
21
-4.2722740944881892
0
LINE
8
BLACK
6
CONTINUOUS
10
4.9663710236220471
20
-4.2722740944881892
11
4.9662771259842522
21
-4.272109448818898
0
LINE
8
BLACK
6
CONTINUOUS
10
4.9662771259842522
20
-4.272109448818898
11
4.966172086614173
21
-4.2719522047244096
0
LINE
8
BLACK
6
CONTINUOUS
10
4.966172086614173
20
-4.2719522047244096
11
4.966172086614173
21
-4.2719251574803145
0
LINE
8
BLACK
6
CONTINUOUS
10
4.966172086614173
20
-4.2719251574803145
11
4.966142755905512
21
-4.2718737401574804
0
LINE
8
BLACK
6
CONTINUOUS
10
4.966142755905512
20
-4.2718737401574804
11
4.9653928740157482
21
-4.2696240157480316
0
LINE
8
BLACK
6
CONTINUOUS
10
4.9653928740157482
20
-4.2696240157480316
11
4.9653691732283463
21
-4.2694361023622047
0
LINE
8
BLACK
6
CONTINUOUS
10
4.9653691732283463
20
-4.2694361023622047
11
4.9653322834645666
21
-4.2692505118110233
0
LINE
8
BLACK
6
CONTINUOUS
10
4.9653322834645666
20
-4.2692505118110233
11
4.9653322834645666
21
-4.267750708661417
0
LINE
8
BLACK
6
CONTINUOUS
10
4.9653322834645666
20
-4.267750708661417
11
4.9653438188976375
21
-4.2676926771653543
0
LINE
8
BLACK
6
CONTINUOUS
10
4.9653438188976375
20
-4.2676926771653543
11
4.9653352755905509
21
-4.2676670472440943
0
LINE
8
BLACK
6
CONTINUOUS
10
4.9653352755905509
20
-4.2676670472440943
11
4.9653851968503933
21
-4.2674845669291335
0
LINE
8
BLACK
6
CONTINUOUS
10
4.9653851968503933
20
-4.2674845669291335
11
4.9654222047244092
21
-4.2672987007874017
0
LINE
8
BLACK
6
CONTINUOUS
10
4.9654222047244092
20
-4.2672987007874017
11
4.9654413385826768
21
-4.2672795275590554
0
LINE
8
BLACK
6
CONTINUOUS
10
4.9654413385826768
20
-4.2672795275590554
11
4.9654569685039371
21
-4.2672225196850393
0
LINE
8
BLACK
6
CONTINUOUS
10
4.9654569685039371
20
-4.2672225196850393
11
4.9662068503937009
21
-4.2657226771653542
0
LINE
8
BLACK
6
CONTINUOUS
10
4.9662068503937009
20
-4.2657226771653542
11
4.9663227952755902
21
-4.265573267716535
0
LINE
8
BLACK
6
CONTINUOUS
10
4.9663227952755902
20
-4.265573267716535
11
4.9664281102362207
21
-4.2654156692913388
0
LINE
8
BLACK
6
CONTINUOUS
10
4.9664281102362207
20
-4.2654156692913388
11
4.9671780314960632
21
-4.264665787401575
0
LINE
8
BLACK
6
CONTINUOUS
10
4.9671780314960632
20
-4.264665787401575
11
4.9673354724409444
21
-4.2645605905511808
0
LINE
8
BLACK
6
CONTINUOUS
10
4.9673354724409444
20
-4.2645605905511808
11
4.9674849606299212
21
-4.264444566929134
0
LINE
8
BLACK
6
CONTINUOUS
10
4.9674849606299212
20
-4.264444566929134
11
4.9689848031496062
21
-4.2636946456692915
0
LINE
8
BLACK
6
CONTINUOUS
10
4.9689848031496062
20
-4.2636946456692915
11
4.9690418110236223
21
-4.2636790157480311
0
LINE
8
BLACK
6
CONTINUOUS
10
4.9690418110236223
20
-4.2636790157480311
11
4.9690609842519686
21
-4.2636598818897635
0
LINE
8
BLACK
6
CONTINUOUS
10
4.9690609842519686
20
-4.2636598818897635
11
4.9692464566929129
21
-4.2636229527559051
0
LINE
8
BLACK
6
CONTINUOUS
10
4.9692464566929129
20
-4.2636229527559051
11
4.9694292913385825
21
-4.2635729133858264
0
LINE
8
BLACK
6
CONTINUOUS
10
4.9694292913385825
20
-4.2635729133858264
11
4.969455
21
-4.2635814566929131
0
LINE
8
BLACK
6
CONTINUOUS
10
4.969455
20
-4.2635814566929131
11
4.969512992125984
21
-4.2635699606299209
0
LINE
8
BLACK
6
CONTINUOUS
10
4.969512992125984
20
-4.2635699606299209
11
4.9732625196850391
21
-4.2635699606299209
0
LINE
8
BLACK
6
CONTINUOUS
10
4.9732625196850391
20
-4.2635699606299209
11
4.9733205511811018
21
-4.2635814960629919
0
LINE
8
BLACK
6
CONTINUOUS
10
4.9833525984251965
20
-4.2642990551181104
11
4.9834425196850392
21
-4.2647510629921257
0
LINE
8
BLACK
6
CONTINUOUS
10
4.9834425196850392
20
-4.2647510629921257
11
4.9834425196850392
21
-4.2772206299212598
0
LINE
8
BLACK
6
CONTINUOUS
10
4.9834425196850392
20
-4.2772206299212598
11
4.9839820078740154
21
-4.2782996062992122
0
LINE
8
BLACK
6
CONTINUOUS
10
4.9839820078740154
20
-4.2782996062992122
11
4.9844609055118108
21
-4.2787785433070864
0
LINE
8
BLACK
6
CONTINUOUS
10
4.9844609055118108
20
-4.2787785433070864
11
4.9855398425196853
21
-4.2793179921259838
0
LINE
8
BLACK
6
CONTINUOUS
10
4.9855398425196853
20
-4.2793179921259838
11
4.9879818503937008
21
-4.2793179921259838
0
LINE
8
BLACK
6
CONTINUOUS
10
4.9879818503937008
20
-4.2793179921259838
11
4.9890608661417319
21
-4.2787784645669289
0
LINE
8
BLACK
6
CONTINUOUS
10
4.9890608661417319
20
-4.2787784645669289
11
4.9895396456692911
21
-4.2782996850393697
0
LINE
8
BLACK
6
CONTINUOUS
10
4.9895396456692911
20
-4.2782996850393697
11
4.990079173228346
21
-4.2772206692913386
0
LINE
8
BLACK
6
CONTINUOUS
10
4.990079173228346
20
-4.2772206692913386
11
4.990079173228346
21
-4.2647510629921257
0
LINE
8
BLACK
6
CONTINUOUS
10
4.990079173228346
20
-4.2647510629921257
11
4.9901690944881887
21
-4.2642990551181104
0
LINE
8
BLACK
6
CONTINUOUS
10
4.9901690944881887
20
-4.2642990551181104
11
4.9908082677165355
21
-4.2636598818897635
0
LINE
8
BLACK
6
CONTINUOUS
10
4.9908082677165355
20
-4.2636598818897635
11
4.9917122834645671
21
-4.2636598818897635
0
LINE
8
BLACK
6
CONTINUOUS
10
4.9917122834645671
20
-4.2636598818897635
11
4.992351456692913
21
-4.2642990551181104
0
LINE
8
BLACK
6
CONTINUOUS
10
4.992351456692913
20
-4.2642990551181104
11
4.9924413779527557
21
-4.2647510629921257
0
LINE
8
BLACK
6
CONTINUOUS
10
4.9924413779527557
20
-4.2647510629921257
11
4.9924413779527557
21
-4.2774994881889761
0
LINE
8
BLACK
6
CONTINUOUS
10
4.9924413779527557
20
-4.2774994881889761
11
4.9924298031496059
21
-4.2775575196850388
0
LINE
8
BLACK
6
CONTINUOUS
10
4.9924298031496059
20
-4.2775575196850388
11
4.9924383858267714
21
-4.2775831889763776
0
LINE
8
BLACK
6
CONTINUOUS
10
4.9924383858267714
20
-4.2775831889763776
11
4.9923883858267715
21
-4.2777656692913384
0
LINE
8
BLACK
6
CONTINUOUS
10
4.9923883858267715
20
-4.2777656692913384
11
4.992351456692913
21
-4.2779514960629923
0
LINE
8
BLACK
6
CONTINUOUS
10
4.992351456692913
20
-4.2779514960629923
11
4.9923322834645667
21
-4.2779706299212599
0
LINE
8
BLACK
6
CONTINUOUS
10
4.9923322834645667
20
-4.2779706299212599
11
4.992316692913386
21
-4.2780276771653538
0
LINE
8
BLACK
6
CONTINUOUS
10
4.992316692913386
20
-4.2780276771653538
11
4.9915668110236222
21
-4.2795274803149601
0
LINE
8
BLACK
6
CONTINUOUS
10
4.9915668110236222
20
-4.2795274803149601
11
4.9914506692913383
21
-4.2796770866141731
0
LINE
8
BLACK
6
CONTINUOUS
10
4.9914506692913383
20
-4.2796770866141731
11
4.9913455511811025
21
-4.2798344488188977
0
LINE
8
BLACK
6
CONTINUOUS
10
4.9913455511811025
20
-4.2798344488188977
11
4.9905956299212599
21
-4.2805843700787403
0
LINE
8
BLACK
6
CONTINUOUS
10
4.9905956299212599
20
-4.2805843700787403
11
4.9904382677165353
21
-4.2806894488188973
0
LINE
8
BLACK
6
CONTINUOUS
10
4.9904382677165353
20
-4.2806894488188973
11
4.9902886614173223
21
-4.28080562992126
0
LINE
8
BLACK
6
CONTINUOUS
10
4.9902886614173223
20
-4.28080562992126
11
4.988788858267716
21
-4.2815555118110238
0
LINE
8
BLACK
6
CONTINUOUS
10
4.988788858267716
20
-4.2815555118110238
11
4.9887318110236221
21
-4.2815711023622045
0
LINE
8
BLACK
6
CONTINUOUS
10
4.9887318110236221
20
-4.2815711023622045
11
4.9887126771653545
21
-4.2815902755905508
0
LINE
8
BLACK
6
CONTINUOUS
10
4.9887126771653545
20
-4.2815902755905508
11
4.9885268503937006
21
-4.2816272047244093
0
LINE
8
BLACK
6
CONTINUOUS
10
4.9885268503937006
20
-4.2816272047244093
11
4.9883443700787398
21
-4.2816772047244092
0
LINE
8
BLACK
6
CONTINUOUS
10
4.9883443700787398
20
-4.2816772047244092
11
4.988318700787401
21
-4.2816686220472437
0
LINE
8
BLACK
6
CONTINUOUS
10
4.988318700787401
20
-4.2816686220472437
11
4.9882606692913383
21
-4.2816801968503935
0
LINE
8
BLACK
6
CONTINUOUS
10
4.9882606692913383
20
-4.2816801968503935
11
4.9852610236220469
21
-4.2816801968503935
0
LINE
8
BLACK
6
CONTINUOUS
10
4.9852610236220469
20
-4.2816801968503935
11
4.9852029527559054
21
-4.2816686220472437
0
LINE
8
BLACK
6
CONTINUOUS
10
4.9852029527559054
20
-4.2816686220472437
11
4.9851773228346454
21
-4.2816772047244092
0
LINE
8
BLACK
6
CONTINUOUS
10
4.9851773228346454
20
-4.2816772047244092
11
4.9849948031496059
21
-4.2816272047244093
0
LINE
8
BLACK
6
CONTINUOUS
10
4.9849948031496059
20
-4.2816272047244093
11
4.9848090157480316
21
-4.2815902755905508
0
LINE
8
BLACK
6
CONTINUOUS
10
4.9848090157480316
20
-4.2815902755905508
11
4.9847898425196853
21
-4.2815711023622045
0
LINE
8
BLACK
6
CONTINUOUS
10
4.9847898425196853
20
-4.2815711023622045
11
4.9847328346456692
21
-4.2815555118110238
0
LINE
8
BLACK
6
CONTINUOUS
10
4.9847328346456692
20
-4.2815555118110238
11
4.9832330314960629
21
-4.28080562992126
0
LINE
8
BLACK
6
CONTINUOUS
10
4.9832330314960629
20
-4.28080562992126
11
4.9830832677165358
21
-4.2806894094488186
0
LINE
8
BLACK
6
CONTINUOUS
10
4.9830832677165358
20
-4.2806894094488186
11
4.9829260236220474
21
-4.2805843307086615
0
LINE
8
BLACK
6
CONTINUOUS
10
4.9829260236220474
20
-4.2805843307086615
11
4.9821761417322836
21
-4.2798344488188977
0
LINE
8
BLACK
6
CONTINUOUS
10
4.9821761417322836
20
-4.2798344488188977
11
4.9820709448818894
21
-4.2796769685039369
0
LINE
8
BLACK
6
CONTINUOUS
10
4.9820709448818894
20
-4.2796769685039369
11
4.9819549212598426
21
-4.2795275196850389
0
LINE
8
BLACK
6
CONTINUOUS
10
4.9819549212598426
20
-4.2795275196850389
11
4.9812050000000001
21
-4.2780277165354326
0
LINE
8
BLACK
6
CONTINUOUS
10
4.9812050000000001
20
-4.2780277165354326
11
4.9811893700787397
21
-4.2779706299212599
0
LINE
8
BLACK
6
CONTINUOUS
10
4.9811893700787397
20
-4.2779706299212599
11
4.9811702362204722
21
-4.2779514960629923
0
LINE
8
BLACK
6
CONTINUOUS
10
4.9811702362204722
20
-4.2779514960629923
11
4.981133267716535
21
-4.2777657086614171
0
LINE
8
BLACK
6
CONTINUOUS
10
4.981133267716535
20
-4.2777657086614171
11
4.9810833070866138
21
-4.2775831889763776
0
LINE
8
BLACK
6
CONTINUOUS
10
4.9810833070866138
20
-4.2775831889763776
11
4.9810918503937005
21
-4.2775575196850388
0
LINE
8
BLACK
6
CONTINUOUS
10
4.9810918503937005
20
-4.2775575196850388
11
4.9810803149606295
21
-4.2774994881889761
0
LINE
8
BLACK
6
CONTINUOUS
10
4.9810803149606295
20
-4.2774994881889761
11
4.9810803149606295
21
-4.2647510629921257
0
LINE
8
BLACK
6
CONTINUOUS
10
4.9810803149606295
20
-4.2647510629921257
11
4.9811702362204722
21
-4.2642990551181104
0
LINE
8
BLACK
6
CONTINUOUS
10
4.9811702362204722
20
-4.2642990551181104
11
4.981809409448819
21
-4.2636598818897635
0
LINE
8
BLACK
6
CONTINUOUS
10
4.981809409448819
20
-4.2636598818897635
11
4.9827134251968506
21
-4.2636598818897635
0
LINE
8
BLACK
6
CONTINUOUS
10
4.9827134251968506
20
-4.2636598818897635
11
4.9833525984251965
21
-4.2642990551181104
0
LINE
8
BLACK
6
CONTINUOUS
10
5.011511181102362
20
-4.2144313385826768
11
5.0125765354330705
21
-4.2154966929133861
0
LINE
8
BLACK
6
CONTINUOUS
10
5.0125765354330705
20
-4.2154966929133861
11
5.012726377952756
21
-4.2162499999999996
0
LINE
8
BLACK
6
CONTINUOUS
10
5.012726377952756
20
-4.2162499999999996
11
5.012726377952756
21
-4.330423228346457
0
LINE
8
BLACK
6
CONTINUOUS
10
5.012726377952756
20
-4.330423228346457
11
5.0125765354330705
21
-4.3311765354330705
0
LINE
8
BLACK
6
CONTINUOUS
10
5.0125765354330705
20
-4.3311765354330705
11
5.011511181102362
21
-4.3322418897637798
0
LINE
8
BLACK
6
CONTINUOUS
10
5.011511181102362
20
-4.3322418897637798
11
5.0107578740157477
21
-4.3323917322834644
0
LINE
8
BLACK
6
CONTINUOUS
10
5.0107578740157477
20
-4.3323917322834644
11
4.9635137795275588
21
-4.3323917322834644
0
LINE
8
BLACK
6
CONTINUOUS
10
4.9635137795275588
20
-4.3323917322834644
11
4.9627604724409444
21
-4.3322418897637798
0
LINE
8
BLACK
6
CONTINUOUS
10
4.9627604724409444
20
-4.3322418897637798
11
4.9627604330708657
21
-4.3322418897637798
0
LINE
8
BLACK
6
CONTINUOUS
10
4.9627604330708657
20
-4.3322418897637798
11
4.9621218110236223
21
-4.3318151574803148
0
LINE
8
BLACK
6
CONTINUOUS
10
4.9621218110236223
20
-4.3318151574803148
11
4.9463738188976381
21
-4.3160671259842518
0
LINE
8
BLACK
6
CONTINUOUS
10
4.9463738188976381
20
-4.3160671259842518
11
4.945947086614173
21
-4.3154285039370075
0
LINE
8
BLACK
6
CONTINUOUS
10
4.945947086614173
20
-4.3154285039370075
11
4.9457972440944884
21
-4.314675196850394
0
LINE
8
BLACK
6
CONTINUOUS
10
4.9457972440944884
20
-4.314675196850394
11
4.9457972440944884
21
-4.2162499999999996
0
LINE
8
BLACK
6
CONTINUOUS
10
4.9457972440944884
20
-4.2162499999999996
11
4.945947086614173
21
-4.2154966929133861
0
LINE
8
BLACK
6
CONTINUOUS
10
4.945947086614173
20
-4.2154966929133861
11
4.9470124409448815
21
-4.2144313385826768
0
LINE
8
BLACK
6
CONTINUOUS
10
4.9470124409448815
20
-4.2144313385826768
11
4.9477657480314958
21
-4.2142814960629922
0
LINE
8
BLACK
6
CONTINUOUS
10
4.9477657480314958
20
-4.2142814960629922
11
5.0107578740157477
21
-4.2142814960629922
0
LINE
8
BLACK
6
CONTINUOUS
10
5.0107578740157477
20
-4.2142814960629922
11
5.011511181102362
21
-4.2144313385826768
0
LINE
8
BLACK
6
CONTINUOUS
10
4.9497342519685041
20
-4.2182185039370079
11
4.9497342519685041
21
-4.3138598031496063
0
LINE
8
BLACK
6
CONTINUOUS
10
4.9497342519685041
20
-4.3138598031496063
11
4.9643291732283465
21
-4.3284547244094487
0
LINE
8
BLACK
6
CONTINUOUS
10
4.9643291732283465
20
-4.3284547244094487
11
5.0087893700787403
21
-4.3284547244094487
0
LINE
8
BLACK
6
CONTINUOUS
10
5.0087893700787403
20
-4.3284547244094487
11
5.0087893700787403
21
-4.2182185039370079
0
LINE
8
BLACK
6
CONTINUOUS
10
5.0087893700787403
20
-4.2182185039370079
11
4.9497342519685041
21
-4.2182185039370079
0
LINE
8
BLACK
6
CONTINUOUS
10
5.1360717716535431
20
-4.2825602362204727
11
5.1364529527559055
21
-4.2837037007874015
0
LINE
8
BLACK
6
CONTINUOUS
10
5.1364529527559055
20
-4.2837037007874015
11
5.1362906692913386
21
-4.2842963385826769
0
LINE
8
BLACK
6
CONTINUOUS
10
5.1362906692913386
20
-4.2842963385826769
11
5.1353533070866142
21
-4.2861710629921257
0
LINE
8
BLACK
6
CONTINUOUS
10
5.1353533070866142
20
-4.2861710629921257
11
5.1351987007874014
21
-4.2863702362204723
0
LINE
8
BLACK
6
CONTINUOUS
10
5.1351987007874014
20
-4.2863702362204723
11
5.1350583070866138
21
-4.2865803937007874
0
LINE
8
BLACK
6
CONTINUOUS
10
5.1350583070866138
20
-4.2865803937007874
11
5.1339971259842523
21
-4.287641535433071
0
LINE
8
BLACK
6
CONTINUOUS
10
5.1339971259842523
20
-4.287641535433071
11
5.1473680708661416
21
-4.287641535433071
0
LINE
8
BLACK
6
CONTINUOUS
10
5.1473680708661416
20
-4.287641535433071
11
5.1473680708661416
21
-4.2835920472440945
0
LINE
8
BLACK
6
CONTINUOUS
10
5.1473680708661416
20
-4.2835920472440945
11
5.1474879527559052
21
-4.2829894094488186
0
LINE
8
BLACK
6
CONTINUOUS
10
5.1474879527559052
20
-4.2829894094488186
11
5.1483402362204727
21
-4.282137125984252
0
LINE
8
BLACK
6
CONTINUOUS
10
5.1483402362204727
20
-4.282137125984252
11
5.1495455118110236
21
-4.282137125984252
0
LINE
8
BLACK
6
CONTINUOUS
10
5.1495455118110236
20
-4.282137125984252
11
5.1503977952755902
21
-4.2829894094488186
0
LINE
8
BLACK
6
CONTINUOUS
10
5.1503977952755902
20
-4.2829894094488186
11
5.1505176771653538
21
-4.2835920472440945
0
LINE
8
BLACK
6
CONTINUOUS
10
5.1505176771653538
20
-4.2835920472440945
11
5.1505176771653538
21
-4.2948406299212598
0
LINE
8
BLACK
6
CONTINUOUS
10
5.1505176771653538
20
-4.2948406299212598
11
5.1503977952755902
21
-4.2954432677165357
0
LINE
8
BLACK
6
CONTINUOUS
10
5.1503977952755902
20
-4.2954432677165357
11
5.1495455118110236
21
-4.2962955511811023
0
LINE
8
BLACK
6
CONTINUOUS
10
5.1495455118110236
20
-4.2962955511811023
11
5.1483402362204727
21
-4.2962955511811023
0
LINE
8
BLACK
6
CONTINUOUS
10
5.1483402362204727
20
-4.2962955511811023
11
5.1474879527559052
21
-4.2954432677165357
0
LINE
8
BLACK
6
CONTINUOUS
10
5.1474879527559052
20
-4.2954432677165357
11
5.1473680708661416
21
-4.2948406299212598
0
LINE
8
BLACK
6
CONTINUOUS
10
5.1473680708661416
20
-4.2948406299212598
11
5.1473680708661416
21
-4.2907911417322833
0
LINE
8
BLACK
6
CONTINUOUS
10
5.1473680708661416
20
-4.2907911417322833
11
5.129257834645669
21
-4.2907911417322833
0
LINE
8
BLACK
6
CONTINUOUS
10
5.129257834645669
20
-4.2907911417322833
11
5.1286551968503939
21
-4.2906712598425196
0
LINE
8
BLACK
6
CONTINUOUS
10
5.1286551968503939
20
-4.2906712598425196
11
5.1285405118110239
21
-4.2905565748031496
0
LINE
8
BLACK
6
CONTINUOUS
10
5.1285405118110239
20
-4.2905565748031496
11
5.1283815354330704
21
-4.2905248031496059
0
LINE
8
BLACK
6
CONTINUOUS
10
5.1283815354330704
20
-4.2905248031496059
11
5.1281271259842516
21
-4.2901431889763781
0
LINE
8
BLACK
6
CONTINUOUS
10
5.1281271259842516
20
-4.2901431889763781
11
5.1278029133858265
21
-4.2898189763779531
0
LINE
8
BLACK
6
CONTINUOUS
10
5.1278029133858265
20
-4.2898189763779531
11
5.1278029133858265
21
-4.2896568503937003
0
LINE
8
BLACK
6
CONTINUOUS
10
5.1278029133858265
20
-4.2896568503937003
11
5.1277129921259839
21
-4.2895219685039372
0
LINE
8
BLACK
6
CONTINUOUS
10
5.1277129921259839
20
-4.2895219685039372
11
5.1278029133858265
21
-4.2890723228346452
0
LINE
8
BLACK
6
CONTINUOUS
10
5.1278029133858265
20
-4.2890723228346452
11
5.1278029133858265
21
-4.2886137007874012
0
LINE
8
BLACK
6
CONTINUOUS
10
5.1278029133858265
20
-4.2886137007874012
11
5.1279175590551178
21
-4.2884990157480312
0
LINE
8
BLACK
6
CONTINUOUS
10
5.1279175590551178
20
-4.2884990157480312
11
5.1279493700787402
21
-4.2883400393700786
0
LINE
8
BLACK
6
CONTINUOUS
10
5.1279493700787402
20
-4.2883400393700786
11
5.1283842913385822
21
-4.287906023622047
0
LINE
8
BLACK
6
CONTINUOUS
10
5.1283842913385822
20
-4.287906023622047
11
5.1310667322834647
21
-4.2861177165354327
0
LINE
8
BLACK
6
CONTINUOUS
10
5.1310667322834647
20
-4.2861177165354327
11
5.1326505118110237
21
-4.2845338976377949
0
LINE
8
BLACK
6
CONTINUOUS
10
5.1326505118110237
20
-4.2845338976377949
11
5.1334735826771656
21
-4.2828877952755908
0
LINE
8
BLACK
6
CONTINUOUS
10
5.1334735826771656
20
-4.2828877952755908
11
5.1338502755905511
21
-4.282402401574803
0
LINE
8
BLACK
6
CONTINUOUS
10
5.1338502755905511
20
-4.282402401574803
11
5.1349937401574799
21
-4.2820212204724406
0
LINE
8
BLACK
6
CONTINUOUS
10
5.1349937401574799
20
-4.2820212204724406
11
5.1360717716535431
21
-4.2825602362204727
0
LINE
8
BLACK
6
CONTINUOUS
10
5.1360717716535431
20
-4.2638125984251971
11
5.1364529527559055
21
-4.2649560629921259
0
LINE
8
BLACK
6
CONTINUOUS
10
5.1364529527559055
20
-4.2649560629921259
11
5.1362906692913386
21
-4.2655487007874013
0
LINE
8
BLACK
6
CONTINUOUS
10
5.1362906692913386
20
-4.2655487007874013
11
5.1353533070866142
21
-4.2674234251968501
0
LINE
8
BLACK
6
CONTINUOUS
10
5.1353533070866142
20
-4.2674234251968501
11
5.1351987007874014
21
-4.2676225984251968
0
LINE
8
BLACK
6
CONTINUOUS
10
5.1351987007874014
20
-4.2676225984251968
11
5.1350583070866138
21
-4.2678327559055118
0
LINE
8
BLACK
6
CONTINUOUS
10
5.1350583070866138
20
-4.2678327559055118
11
5.1339971259842523
21
-4.2688938976377955
0
LINE
8
BLACK
6
CONTINUOUS
10
5.1339971259842523
20
-4.2688938976377955
11
5.1473680708661416
21
-4.2688938976377955
0
LINE
8
BLACK
6
CONTINUOUS
10
5.1473680708661416
20
-4.2688938976377955
11
5.1473680708661416
21
-4.2648444094488189
0
LINE
8
BLACK
6
CONTINUOUS
10
5.1473680708661416
20
-4.2648444094488189
11
5.1474879527559052
21
-4.264241771653543
0
LINE
8
BLACK
6
CONTINUOUS
10
5.1474879527559052
20
-4.264241771653543
11
5.1483402362204727
21
-4.2633894881889765
0
LINE
8
BLACK
6
CONTINUOUS
10
5.1483402362204727
20
-4.2633894881889765
11
5.1495455118110236
21
-4.2633894881889765
0
LINE
8
BLACK
6
CONTINUOUS
10
5.1495455118110236
20
-4.2633894881889765
11
5.1503977952755902
21
-4.264241771653543
0
LINE
8
BLACK
6
CONTINUOUS
10
5.1503977952755902
20
-4.264241771653543
11
5.1505176771653538
21
-4.2648444094488189
0
LINE
8
BLACK
6
CONTINUOUS
10
5.1505176771653538
20
-4.2648444094488189
11
5.1505176771653538
21
-4.2760929921259843
0
LINE
8
BLACK
6
CONTINUOUS
10
5.1505176771653538
20
-4.2760929921259843
11
5.1503977952755902
21
-4.2766956299212602
0
LINE
8
BLACK
6
CONTINUOUS
10
5.1503977952755902
20
-4.2766956299212602
11
5.1495455118110236
21
-4.2775479133858267
0
LINE
8
BLACK
6
CONTINUOUS
10
5.1495455118110236
20
-4.2775479133858267
11
5.1483402362204727
21
-4.2775479133858267
0
LINE
8
BLACK
6
CONTINUOUS
10
5.1483402362204727
20
-4.2775479133858267
11
5.1474879527559052
21
-4.2766956299212602
0
LINE
8
BLACK
6
CONTINUOUS
10
5.1474879527559052
20
-4.2766956299212602
11
5.1473680708661416
21
-4.2760929921259843
0
LINE
8
BLACK
6
CONTINUOUS
10
5.1473680708661416
20
-4.2760929921259843
11
5.1473680708661416
21
-4.2720435039370077
0
LINE
8
BLACK
6
CONTINUOUS
10
5.1473680708661416
20
-4.2720435039370077
11
5.129257834645669
21
-4.2720435039370077
0
LINE
8
BLACK
6
CONTINUOUS
10
5.129257834645669
20
-4.2720435039370077
11
5.1286551968503939
21
-4.2719236220472441
0
LINE
8
BLACK
6
CONTINUOUS
10
5.1286551968503939
20
-4.2719236220472441
11
5.1285405118110239
21
-4.271808937007874
0
LINE
8
BLACK
6
CONTINUOUS
10
5.1285405118110239
20
-4.271808937007874
11
5.1283815354330704
21
-4.2717771653543304
0
LINE
8
BLACK
6
CONTINUOUS
10
5.1283815354330704
20
-4.2717771653543304
11
5.1281271259842516
21
-4.2713955511811026
0
LINE
8
BLACK
6
CONTINUOUS
10
5.1281271259842516
20
-4.2713955511811026
11
5.1278029133858265
21
-4.2710713385826766
0
LINE
8
BLACK
6
CONTINUOUS
10
5.1278029133858265
20
-4.2710713385826766
11
5.1278029133858265
21
-4.2709092125984247
0
LINE
8
BLACK
6
CONTINUOUS
10
5.1278029133858265
20
-4.2709092125984247
11
5.1277129921259839
21
-4.2707743307086616
0
LINE
8
BLACK
6
CONTINUOUS
10
5.1277129921259839
20
-4.2707743307086616
11
5.1278029133858265
21
-4.2703246850393697
0
LINE
8
BLACK
6
CONTINUOUS
10
5.1278029133858265
20
-4.2703246850393697
11
5.1278029133858265
21
-4.2698660629921257
0
LINE
8
BLACK
6
CONTINUOUS
10
5.1278029133858265
20
-4.2698660629921257
11
5.1279175590551178
21
-4.2697513779527556
0
LINE
8
BLACK
6
CONTINUOUS
10
5.1279175590551178
20
-4.2697513779527556
11
5.1279493700787402
21
-4.269592401574803
0
LINE
8
BLACK
6
CONTINUOUS
10
5.1279493700787402
20
-4.269592401574803
11
5.1283842913385822
21
-4.2691583858267714
0
LINE
8
BLACK
6
CONTINUOUS
10
5.1283842913385822
20
-4.2691583858267714
11
5.1310667322834647
21
-4.2673700787401572
0
LINE
8
BLACK
6
CONTINUOUS
10
5.1310667322834647
20
-4.2673700787401572
11
5.1326505118110237
21
-4.2657862598425194
0
LINE
8
BLACK
6
CONTINUOUS
10
5.1326505118110237
20
-4.2657862598425194
11
5.1334735826771656
21
-4.2641401574803153
0
LINE
8
BLACK
6
CONTINUOUS
10
5.1334735826771656
20
-4.2641401574803153
11
5.1338502755905511
21
-4.2636547637795275
0
LINE
8
BLACK
6
CONTINUOUS
10
5.1338502755905511
20
-4.2636547637795275
11
5.1349937401574799
21
-4.2632735826771651
0
LINE
8
BLACK
6
CONTINUOUS
10
5.1349937401574799
20
-4.2632735826771651
11
5.1360717716535431
21
-4.2638125984251971
0
LINE
8
BLACK
6
CONTINUOUS
10
5.1495455118110236
20
-4.2446418110236221
11
5.1503977952755902
21
-4.2454940944881887
0
LINE
8
BLACK
6
CONTINUOUS
10
5.1503977952755902
20
-4.2454940944881887
11
5.1503977952755902
21
-4.2466993700787397
0
LINE
8
BLACK
6
CONTINUOUS
10
5.1503977952755902
20
-4.2466993700787397
11
5.1495455118110236
21
-4.2475516535433071
0
LINE
8
BLACK
6
CONTINUOUS
10
5.1495455118110236
20
-4.2475516535433071
11
5.1489428740157477
21
-4.2476715354330707
0
LINE
8
BLACK
6
CONTINUOUS
10
5.1489428740157477
20
-4.2476715354330707
11
5.141143858267716
21
-4.2476715354330707
0
LINE
8
BLACK
6
CONTINUOUS
10
5.141143858267716
20
-4.2476715354330707
11
5.141143858267716
21
-4.2499637401574804
0
LINE
8
BLACK
6
CONTINUOUS
10
5.141143858267716
20
-4.2499637401574804
11
5.1498459842519688
21
-4.2560551968503937
0
LINE
8
BLACK
6
CONTINUOUS
10
5.1498459842519688
20
-4.2560551968503937
11
5.15027094488189
21
-4.2564989763779524
0
LINE
8
BLACK
6
CONTINUOUS
10
5.15027094488189
20
-4.2564989763779524
11
5.1504803937007875
21
-4.2576859448818896
0
LINE
8
BLACK
6
CONTINUOUS
10
5.1504803937007875
20
-4.2576859448818896
11
5.1497892125984253
21
-4.2586733464566926
0
LINE
8
BLACK
6
CONTINUOUS
10
5.1497892125984253
20
-4.2586733464566926
11
5.1486022440944881
21
-4.2588828346456689
0
LINE
8
BLACK
6
CONTINUOUS
10
5.1486022440944881
20
-4.2588828346456689
11
5.1480398031496062
21
-4.2586354330708662
0
LINE
8
BLACK
6
CONTINUOUS
10
5.1480398031496062
20
-4.2586354330708662
11
5.1411173228346456
21
-4.2537897244094491
0
LINE
8
BLACK
6
CONTINUOUS
10
5.1411173228346456
20
-4.2537897244094491
11
5.1410731889763781
21
-4.2539508661417322
0
LINE
8
BLACK
6
CONTINUOUS
10
5.1410731889763781
20
-4.2539508661417322
11
5.1410239763779524
21
-4.2541984251968499
0
LINE
8
BLACK
6
CONTINUOUS
10
5.1410239763779524
20
-4.2541984251968499
11
5.1409984251968499
21
-4.2542239370078736
0
LINE
8
BLACK
6
CONTINUOUS
10
5.1409984251968499
20
-4.2542239370078736
11
5.1409775984251969
21
-4.2543000787401573
0
LINE
8
BLACK
6
CONTINUOUS
10
5.1409775984251969
20
-4.2543000787401573
11
5.1400401968503937
21
-4.2561748425196848
0
LINE
8
BLACK
6
CONTINUOUS
10
5.1400401968503937
20
-4.2561748425196848
11
5.1398852755905509
21
-4.256374409448819
0
LINE
8
BLACK
6
CONTINUOUS
10
5.1398852755905509
20
-4.256374409448819
11
5.1397452362204721
21
-4.2565840551181102
0
LINE
8
BLACK
6
CONTINUOUS
10
5.1397452362204721
20
-4.2565840551181102
11
5.1388078740157477
21
-4.2575214960629921
0
LINE
8
BLACK
6
CONTINUOUS
10
5.1388078740157477
20
-4.2575214960629921
11
5.1385979133858264
21
-4.2576617322834647
0
LINE
8
BLACK
6
CONTINUOUS
10
5.1385979133858264
20
-4.2576617322834647
11
5.1383985433070869
21
-4.2578164960629916
0
LINE
8
BLACK
6
CONTINUOUS
10
5.1383985433070869
20
-4.2578164960629916
11
5.1365237795275593
21
-4.258753858267716
0
LINE
8
BLACK
6
CONTINUOUS
10
5.1365237795275593
20
-4.258753858267716
11
5.1364476771653544
21
-4.25877468503937
0
LINE
8
BLACK
6
CONTINUOUS
10
5.1364476771653544
20
-4.25877468503937
11
5.1364221653543307
21
-4.2588002362204724
0
LINE
8
BLACK
6
CONTINUOUS
10
5.1364221653543307
20
-4.2588002362204724
11
5.1361744488188972
21
-4.258849488188976
0
LINE
8
BLACK
6
CONTINUOUS
10
5.1361744488188972
20
-4.258849488188976
11
5.135931141732283
21
-4.2589161417322829
0
LINE
8
BLACK
6
CONTINUOUS
10
5.135931141732283
20
-4.2589161417322829
11
5.1358968897637798
21
-4.2589047244094491
0
LINE
8
BLACK
6
CONTINUOUS
10
5.1358968897637798
20
-4.2589047244094491
11
5.1358195275590548
21
-4.2589201181102361
0
LINE
8
BLACK
6
CONTINUOUS
10
5.1358195275590548
20
-4.2589201181102361
11
5.1330073622047241
21
-4.2589201181102361
0
LINE
8
BLACK
6
CONTINUOUS
10
5.1330073622047241
20
-4.2589201181102361
11
5.1329299606299212
21
-4.2589046850393704
0
LINE
8
BLACK
6
CONTINUOUS
10
5.1329299606299212
20
-4.2589046850393704
11
5.1328957086614171
21
-4.2589161417322829
0
LINE
8
BLACK
6
CONTINUOUS
10
5.1328957086614171
20
-4.2589161417322829
11
5.1326522440944879
21
-4.2588494488188973
0
LINE
8
BLACK
6
CONTINUOUS
10
5.1326522440944879
20
-4.2588494488188973
11
5.1324047244094491
21
-4.2588002362204724
0
LINE
8
BLACK
6
CONTINUOUS
10
5.1324047244094491
20
-4.2588002362204724
11
5.1323791732283466
21
-4.25877468503937
0
LINE
8
BLACK
6
CONTINUOUS
10
5.1323791732283466
20
-4.25877468503937
11
5.1323030708661417
21
-4.258753858267716
0
LINE
8
BLACK
6
CONTINUOUS
10
5.1323030708661417
20
-4.258753858267716
11
5.1304283464566929
21
-4.2578164960629916
0
LINE
8
BLACK
6
CONTINUOUS
10
5.1304283464566929
20
-4.2578164960629916
11
5.1302291338582675
21
-4.2576618897637797
0
LINE
8
BLACK
6
CONTINUOUS
10
5.1302291338582675
20
-4.2576618897637797
11
5.1300190157480312
21
-4.2575214960629921
0
LINE
8
BLACK
6
CONTINUOUS
10
5.1300190157480312
20
-4.2575214960629921
11
5.1290816535433068
21
-4.256584094488189
0
LINE
8
BLACK
6
CONTINUOUS
10
5.1290816535433068
20
-4.256584094488189
11
5.1289414173228343
21
-4.2563741732283464
0
LINE
8
BLACK
6
CONTINUOUS
10
5.1289414173228343
20
-4.2563741732283464
11
5.1287866929133861
21
-4.2561748425196848
0
LINE
8
BLACK
6
CONTINUOUS
10
5.1287866929133861
20
-4.2561748425196848
11
5.1278492913385829
21
-4.2543000787401573
0
LINE
8
BLACK
6
CONTINUOUS
10
5.1278492913385829
20
-4.2543000787401573
11
5.1278284251968502
21
-4.2542239370078736
0
LINE
8
BLACK
6
CONTINUOUS
10
5.1278284251968502
20
-4.2542239370078736
11
5.1278029133858265
21
-4.2541984251968499
0
LINE
8
BLACK
6
CONTINUOUS
10
5.1278029133858265
20
-4.2541984251968499
11
5.1277536614173229
21
-4.2539508661417322
0
LINE
8
BLACK
6
CONTINUOUS
10
5.1277536614173229
20
-4.2539508661417322
11
5.127687007874016
21
-4.2537074409448818
0
LINE
8
BLACK
6
CONTINUOUS
10
5.127687007874016
20
-4.2537074409448818
11
5.1276984251968507
21
-4.2536731496062989
0
LINE
8
BLACK
6
CONTINUOUS
10
5.1276984251968507
20
-4.2536731496062989
11
5.1276830314960629
21
-4.2535957874015748
0
LINE
8
BLACK
6
CONTINUOUS
10
5.1276830314960629
20
-4.2535957874015748
11
5.1276830314960629
21
-4.2460967322834646
0
LINE
8
BLACK
6
CONTINUOUS
10
5.1276830314960629
20
-4.2460967322834646
11
5.1278029133858265
21
-4.2454940944881887
0
LINE
8
BLACK
6
CONTINUOUS
10
5.1278029133858265
20
-4.2454940944881887
11
5.1286551968503939
21
-4.2446418110236221
0
LINE
8
BLACK
6
CONTINUOUS
10
5.1286551968503939
20
-4.2446418110236221
11
5.129257834645669
21
-4.2445219291338585
0
LINE
8
BLACK
6
CONTINUOUS
10
5.129257834645669
20
-4.2445219291338585
11
5.1489428740157477
21
-4.2445219291338585
0
LINE
8
BLACK
6
CONTINUOUS
10
5.1489428740157477
20
-4.2445219291338585
11
5.1495455118110236
21
-4.2446418110236221
0
LINE
8
BLACK
6
CONTINUOUS
10
5.1308326377952751
20
-4.2532239763779529
11
5.1314894881889765
21
-4.254537677165354
0
LINE
8
BLACK
6
CONTINUOUS
10
5.1314894881889765
20
-4.254537677165354
11
5.1320654330708662
21
-4.2551137007874011
0
LINE
8
BLACK
6
CONTINUOUS
10
5.1320654330708662
20
-4.2551137007874011
11
5.1333790944881885
21
-4.2557705118110238
0
LINE
8
BLACK
6
CONTINUOUS
10
5.1333790944881885
20
-4.2557705118110238
11
5.1354477952755904
21
-4.2557705118110238
0
LINE
8
BLACK
6
CONTINUOUS
10
5.1354477952755904
20
-4.2557705118110238
11
5.1367613779527561
21
-4.2551137007874011
0
LINE
8
BLACK
6
CONTINUOUS
10
5.1367613779527561
20
-4.2551137007874011
11
5.1373373622047245
21
-4.254537677165354
0
LINE
8
BLACK
6
CONTINUOUS
10
5.1373373622047245
20
-4.254537677165354
11
5.1379942519685038
21
-4.2532239763779529
0
LINE
8
BLACK
6
CONTINUOUS
10
5.1379942519685038
20
-4.2532239763779529
11
5.1379942519685038
21
-4.2476715354330707
0
LINE
8
BLACK
6
CONTINUOUS
10
5.1379942519685038
20
-4.2476715354330707
11
5.1308326377952751
21
-4.2476715354330707
0
LINE
8
BLACK
6
CONTINUOUS
10
5.1308326377952751
20
-4.2476715354330707
11
5.1308326377952751
21
-4.2532239763779529
0
LINE
8
BLACK
6
CONTINUOUS
10
5.1653596062992122
20
-4.2288112598425194
11
5.1664249606299215
21
-4.2298766141732287
0
LINE
8
BLACK
6
CONTINUOUS
10
5.1664249606299215
20
-4.2298766141732287
11
5.1665748031496062
21
-4.2306299212598422
0
LINE
8
BLACK
6
CONTINUOUS
10
5.1665748031496062
20
-4.2306299212598422
11
5.1665748031496062
21
-4.309370078740157
0
LINE
8
BLACK
6
CONTINUOUS
10
5.1665748031496062
20
-4.309370078740157
11
5.1664249606299215
21
-4.3101233858267713
0
LINE
8
BLACK
6
CONTINUOUS
10
5.1664249606299215
20
-4.3101233858267713
11
5.1653596062992122
21
-4.3111887401574807
0
LINE
8
BLACK
6
CONTINUOUS
10
5.1653596062992122
20
-4.3111887401574807
11
5.1646062992125987
21
-4.3113385826771653
0
LINE
8
BLACK
6
CONTINUOUS
10
5.1646062992125987
20
-4.3113385826771653
11
5.1153937007874015
21
-4.3113385826771653
0
LINE
8
BLACK
6
CONTINUOUS
10
5.1153937007874015
20
-4.3113385826771653
11
5.1146403937007872
21
-4.3111887401574807
0
LINE
8
BLACK
6
CONTINUOUS
10
5.1146403937007872
20
-4.3111887401574807
11
5.1135750393700787
21
-4.3101233858267713
0
LINE
8
BLACK
6
CONTINUOUS
10
5.1135750393700787
20
-4.3101233858267713
11
5.1134251968503932
21
-4.309370078740157
0
LINE
8
BLACK
6
CONTINUOUS
10
5.1134251968503932
20
-4.309370078740157
11
5.1134251968503932
21
-4.2306299212598422
0
LINE
8
BLACK
6
CONTINUOUS
10
5.1134251968503932
20
-4.2306299212598422
11
5.1135750393700787
21
-4.2298766141732287
0
LINE
8
BLACK
6
CONTINUOUS
10
5.1135750393700787
20
-4.2298766141732287
11
5.1146403937007872
21
-4.2288112598425194
0
LINE
8
BLACK
6
CONTINUOUS
10
5.1146403937007872
20
-4.2288112598425194
11
5.1153937007874015
21
-4.2286614173228347
0
LINE
8
BLACK
6
CONTINUOUS
10
5.1153937007874015
20
-4.2286614173228347
11
5.1646062992125987
21
-4.2286614173228347
0
LINE
8
BLACK
6
CONTINUOUS
10
5.1646062992125987
20
-4.2286614173228347
11
5.1653596062992122
21
-4.2288112598425194
0
LINE
8
BLACK
6
CONTINUOUS
10
5.1173622047244089
20
-4.2325984251968505
11
5.1173622047244089
21
-4.3074015748031496
0
LINE
8
BLACK
6
CONTINUOUS
10
5.1173622047244089
20
-4.3074015748031496
11
5.1626377952755904
21
-4.3074015748031496
0
LINE
8
BLACK
6
CONTINUOUS
10
5.1626377952755904
20
-4.3074015748031496
11
5.1626377952755904
21
-4.2325984251968505
0
LINE
8
BLACK
6
CONTINUOUS
10
5.1626377952755904
20
-4.2325984251968505
11
5.1173622047244089
21
-4.2325984251968505
0
LINE
8
BLACK
6
CONTINUOUS
10
5.2340221259842519
20
-4.2726587795275588
11
5.234056377952756
21
-4.2726474015748028
0
LINE
8
BLACK
6
CONTINUOUS
10
5.234056377952756
20
-4.2726474015748028
11
5.2342996850393702
21
-4.272714015748031
0
LINE
8
BLACK
6
CONTINUOUS
10
5.2342996850393702
20
-4.272714015748031
11
5.2345474015748028
21
-4.2727633070866142
0
LINE
8
BLACK
6
CONTINUOUS
10
5.2345474015748028
20
-4.2727633070866142
11
5.2345729133858265
21
-4.272788818897638
0
LINE
8
BLACK
6
CONTINUOUS
10
5.2345729133858265
20
-4.272788818897638
11
5.2346490157480314
21
-4.2728096850393698
0
LINE
8
BLACK
6
CONTINUOUS
10
5.2346490157480314
20
-4.2728096850393698
11
5.236523779527559
21
-4.2737470472440942
0
LINE
8
BLACK
6
CONTINUOUS
10
5.236523779527559
20
-4.2737470472440942
11
5.2367231496062994
21
-4.2739017716535432
0
LINE
8
BLACK
6
CONTINUOUS
10
5.2367231496062994
20
-4.2739017716535432
11
5.2369331102362207
21
-4.2740420472440945
0
LINE
8
BLACK
6
CONTINUOUS
10
5.2369331102362207
20
-4.2740420472440945
11
5.2376942519685041
21
-4.2748032677165355
0
LINE
8
BLACK
6
CONTINUOUS
10
5.2376942519685041
20
-4.2748032677165355
11
5.2384554724409451
21
-4.2740420472440945
0
LINE
8
BLACK
6
CONTINUOUS
10
5.2384554724409451
20
-4.2740420472440945
11
5.2386655905511814
21
-4.2739016141732282
0
LINE
8
BLACK
6
CONTINUOUS
10
5.2386655905511814
20
-4.2739016141732282
11
5.2388648031496059
21
-4.2737470472440942
0
LINE
8
BLACK
6
CONTINUOUS
10
5.2388648031496059
20
-4.2737470472440942
11
5.2407395275590547
21
-4.2728096850393698
0
LINE
8
BLACK
6
CONTINUOUS
10
5.2407395275590547
20
-4.2728096850393698
11
5.2408156299212596
21
-4.272788818897638
0
LINE
8
BLACK
6
CONTINUOUS
10
5.2408156299212596
20
-4.272788818897638
11
5.2408411811023621
21
-4.2727633070866142
0
LINE
8
BLACK
6
CONTINUOUS
10
5.2408411811023621
20
-4.2727633070866142
11
5.2410887007874019
21
-4.2727140551181098
0
LINE
8
BLACK
6
CONTINUOUS
10
5.2410887007874019
20
-4.2727140551181098
11
5.241332165354331
21
-4.2726474015748028
0
LINE
8
BLACK
6
CONTINUOUS
10
5.241332165354331
20
-4.2726474015748028
11
5.2413664173228343
21
-4.2726588188976375
0
LINE
8
BLACK
6
CONTINUOUS
10
5.2413664173228343
20
-4.2726588188976375
11
5.241443818897638
21
-4.2726434251968506
0
LINE
8
BLACK
6
CONTINUOUS
10
5.241443818897638
20
-4.2726434251968506
11
5.2451933464566931
21
-4.2726434251968506
0
LINE
8
BLACK
6
CONTINUOUS
10
5.2451933464566931
20
-4.2726434251968506
11
5.2452707086614172
21
-4.2726587795275588
0
LINE
8
BLACK
6
CONTINUOUS
10
5.2452707086614172
20
-4.2726587795275588
11
5.2453049606299214
21
-4.2726474015748028
0
LINE
8
BLACK
6
CONTINUOUS
10
5.2453049606299214
20
-4.2726474015748028
11
5.2455482677165355
21
-4.272714015748031
0
LINE
8
BLACK
6
CONTINUOUS
10
5.2455482677165355
20
-4.272714015748031
11
5.2457959842519681
21
-4.2727633070866142
0
LINE
8
BLACK
6
CONTINUOUS
10
5.2457959842519681
20
-4.2727633070866142
11
5.2458214960629919
21
-4.272788818897638
0
LINE
8
BLACK
6
CONTINUOUS
10
5.2458214960629919
20
-4.272788818897638
11
5.2458975984251968
21
-4.2728096850393698
0
LINE
8
BLACK
6
CONTINUOUS
10
5.2458975984251968
20
-4.2728096850393698
11
5.2477723622047243
21
-4.2737470472440942
0
LINE
8
BLACK
6
CONTINUOUS
10
5.2477723622047243
20
-4.2737470472440942
11
5.2479718110236222
21
-4.2739018503937007
0
LINE
8
BLACK
6
CONTINUOUS
10
5.2479718110236222
20
-4.2739018503937007
11
5.2481816535433072
21
-4.2740420472440945
0
LINE
8
BLACK
6
CONTINUOUS
10
5.2481816535433072
20
-4.2740420472440945
11
5.2491190551181104
21
-4.2749794094488189
0
LINE
8
BLACK
6
CONTINUOUS
10
5.2491190551181104
20
-4.2749794094488189
11
5.2492594488188979
21
-4.2751895275590552
0
LINE
8
BLACK
6
CONTINUOUS
10
5.2492594488188979
20
-4.2751895275590552
11
5.2494140551181099
21
-4.2753887401574806
0
LINE
8
BLACK
6
CONTINUOUS
10
5.2494140551181099
20
-4.2753887401574806
11
5.2503514173228343
21
-4.2772634645669294
0
LINE
8
BLACK
6
CONTINUOUS
10
5.2503514173228343
20
-4.2772634645669294
11
5.2503722440944882
21
-4.2773395669291334
0
LINE
8
BLACK
6
CONTINUOUS
10
5.2503722440944882
20
-4.2773395669291334
11
5.2503977952755907
21
-4.2773651181102359
0
LINE
8
BLACK
6
CONTINUOUS
10
5.2503977952755907
20
-4.2773651181102359
11
5.2504470078740155
21
-4.2776126377952757
0
LINE
8
BLACK
6
CONTINUOUS
10
5.2504470078740155
20
-4.2776126377952757
11
5.2505137007874012
21
-4.2778561023622048
0
LINE
8
BLACK
6
CONTINUOUS
10
5.2505137007874012
20
-4.2778561023622048
11
5.2505022440944877
21
-4.277890354330709
0
LINE
8
BLACK
6
CONTINUOUS
10
5.2505022440944877
20
-4.277890354330709
11
5.2505176771653543
21
-4.2779677559055118
0
LINE
8
BLACK
6
CONTINUOUS
10
5.2505176771653543
20
-4.2779677559055118
11
5.2505176771653543
21
-4.2817172834645669
0
LINE
8
BLACK
6
CONTINUOUS
10
5.2505176771653543
20
-4.2817172834645669
11
5.2505022440944877
21
-4.281794645669291
0
LINE
8
BLACK
6
CONTINUOUS
10
5.2505022440944877
20
-4.281794645669291
11
5.2505137007874012
21
-4.2818289370078739
0
LINE
8
BLACK
6
CONTINUOUS
10
5.2505137007874012
20
-4.2818289370078739
11
5.2504470078740155
21
-4.2820723622047243
0
LINE
8
BLACK
6
CONTINUOUS
10
5.2504470078740155
20
-4.2820723622047243
11
5.2503977952755907
21
-4.2823199212598428
0
LINE
8
BLACK
6
CONTINUOUS
10
5.2503977952755907
20
-4.2823199212598428
11
5.2503722440944882
21
-4.2823454330708657
0
LINE
8
BLACK
6
CONTINUOUS
10
5.2503722440944882
20
-4.2823454330708657
11
5.2503514173228343
21
-4.2824215748031493
0
LINE
8
BLACK
6
CONTINUOUS
10
5.2503514173228343
20
-4.2824215748031493
11
5.2494140551181099
21
-4.2842962992125981
0
LINE
8
BLACK
6
CONTINUOUS
10
5.2494140551181099
20
-4.2842962992125981
11
5.2492594488188979
21
-4.2844954724409448
0
LINE
8
BLACK
6
CONTINUOUS
10
5.2492594488188979
20
-4.2844954724409448
11
5.2491190551181104
21
-4.2847056299212598
0
LINE
8
BLACK
6
CONTINUOUS
10
5.2491190551181104
20
-4.2847056299212598
11
5.2481816535433072
21
-4.2856429921259842
0
LINE
8
BLACK
6
CONTINUOUS
10
5.2481816535433072
20
-4.2856429921259842
11
5.2479717322834647
21
-4.285783188976378
0
LINE
8
BLACK
6
CONTINUOUS
10
5.2479717322834647
20
-4.285783188976378
11
5.2477724015748031
21
-4.2859379527559058
0
LINE
8
BLACK
6
CONTINUOUS
10
5.2477724015748031
20
-4.2859379527559058
11
5.2458976377952755
21
-4.286875354330709
0
LINE
8
BLACK
6
CONTINUOUS
10
5.2458976377952755
20
-4.286875354330709
11
5.2458214960629919
21
-4.286896181102362
0
LINE
8
BLACK
6
CONTINUOUS
10
5.2458214960629919
20
-4.286896181102362
11
5.2457959842519681
21
-4.2869217322834645
0
LINE
8
BLACK
6
CONTINUOUS
10
5.2457959842519681
20
-4.2869217322834645
11
5.2455484251968505
21
-4.2869709448818893
0
LINE
8
BLACK
6
CONTINUOUS
10
5.2455484251968505
20
-4.2869709448818893
11
5.2453050000000001
21
-4.2870376377952759
0
LINE
8
BLACK
6
CONTINUOUS
10
5.2453050000000001
20
-4.2870376377952759
11
5.2452707086614172
21
-4.2870261811023624
0
LINE
8
BLACK
6
CONTINUOUS
10
5.2452707086614172
20
-4.2870261811023624
11
5.2451933464566931
21
-4.2870416141732282
0
LINE
8
BLACK
6
CONTINUOUS
10
5.2451933464566931
20
-4.2870416141732282
11
5.241443818897638
21
-4.2870416141732282
0
LINE
8
BLACK
6
CONTINUOUS
10
5.241443818897638
20
-4.2870416141732282
11
5.2413664173228343
21
-4.2870261811023624
0
LINE
8
BLACK
6
CONTINUOUS
10
5.2413664173228343
20
-4.2870261811023624
11
5.241332165354331
21
-4.2870376377952759
0
LINE
8
BLACK
6
CONTINUOUS
10
5.241332165354331
20
-4.2870376377952759
11
5.2410887007874019
21
-4.2869709448818893
0
LINE
8
BLACK
6
CONTINUOUS
10
5.2410887007874019
20
-4.2869709448818893
11
5.2408411811023621
21
-4.2869217322834645
0
LINE
8
BLACK
6
CONTINUOUS
10
5.2408411811023621
20
-4.2869217322834645
11
5.2408156299212596
21
-4.286896181102362
0
LINE
8
BLACK
6
CONTINUOUS
10
5.2408156299212596
20
-4.286896181102362
11
5.2407395275590547
21
-4.286875354330709
0
LINE
8
BLACK
6
CONTINUOUS
10
5.2407395275590547
20
-4.286875354330709
11
5.2388647637795271
21
-4.2859379527559058
0
LINE
8
BLACK
6
CONTINUOUS
10
5.2388647637795271
20
-4.2859379527559058
11
5.2386651574803151
21
-4.285783031496063
0
LINE
8
BLACK
6
CONTINUOUS
10
5.2386651574803151
20
-4.285783031496063
11
5.2384555511811026
21
-4.2856429921259842
0
LINE
8
BLACK
6
CONTINUOUS
10
5.2384555511811026
20
-4.2856429921259842
11
5.2376942519685041
21
-4.2848817322834645
0
LINE
8
BLACK
6
CONTINUOUS
10
5.2376942519685041
20
-4.2848817322834645
11
5.2369330708661419
21
-4.2856429527559055
0
LINE
8
BLACK
6
CONTINUOUS
10
5.2369330708661419
20
-4.2856429527559055
11
5.2367233858267719
21
-4.285783031496063
0
LINE
8
BLACK
6
CONTINUOUS
10
5.2367233858267719
20
-4.285783031496063
11
5.2365238188976377
21
-4.2859379527559058
0
LINE
8
BLACK
6
CONTINUOUS
10
5.2365238188976377
20
-4.2859379527559058
11
5.2346490551181102
21
-4.286875354330709
0
LINE
8
BLACK
6
CONTINUOUS
10
5.2346490551181102
20
-4.286875354330709
11
5.2345729133858265
21
-4.286896181102362
0
LINE
8
BLACK
6
CONTINUOUS
10
5.2345729133858265
20
-4.286896181102362
11
5.2345474015748028
21
-4.2869217322834645
0
LINE
8
BLACK
6
CONTINUOUS
10
5.2345474015748028
20
-4.2869217322834645
11
5.2342998425196852
21
-4.2869709448818893
0
LINE
8
BLACK
6
CONTINUOUS
10
5.2342998425196852
20
-4.2869709448818893
11
5.2340564173228348
21
-4.2870376377952759
0
LINE
8
BLACK
6
CONTINUOUS
10
5.2340564173228348
20
-4.2870376377952759
11
5.2340221259842519
21
-4.2870261811023624
0
LINE
8
BLACK
6
CONTINUOUS
10
5.2340221259842519
20
-4.2870261811023624
11
5.2339447637795278
21
-4.2870416141732282
0
LINE
8
BLACK
6
CONTINUOUS
10
5.2339447637795278
20
-4.2870416141732282
11
5.2330073622047246
21
-4.2870416141732282
0
LINE
8
BLACK
6
CONTINUOUS
10
5.2330073622047246
20
-4.2870416141732282
11
5.2329299606299209
21
-4.2870261811023624
0
LINE
8
BLACK
6
CONTINUOUS
10
5.2329299606299209
20
-4.2870261811023624
11
5.2328957086614176
21
-4.2870376377952759
0
LINE
8
BLACK
6
CONTINUOUS
10
5.2328957086614176
20
-4.2870376377952759
11
5.2326522440944885
21
-4.2869709448818893
0
LINE
8
BLACK
6
CONTINUOUS
10
5.2326522440944885
20
-4.2869709448818893
11
5.2324047244094487
21
-4.2869217322834645
0
LINE
8
BLACK
6
CONTINUOUS
10
5.2324047244094487
20
-4.2869217322834645
11
5.2323791732283462
21
-4.286896181102362
0
LINE
8
BLACK
6
CONTINUOUS
10
5.2323791732283462
20
-4.286896181102362
11
5.2323030708661413
21
-4.286875354330709
0
LINE
8
BLACK
6
CONTINUOUS
10
5.2323030708661413
20
-4.286875354330709
11
5.2304283070866138
21
-4.2859379527559058
0
LINE
8
BLACK
6
CONTINUOUS
10
5.2304283070866138
20
-4.2859379527559058
11
5.2302287007874018
21
-4.285783031496063
0
LINE
8
BLACK
6
CONTINUOUS
10
5.2302287007874018
20
-4.285783031496063
11
5.2300190551181105
21
-4.2856429527559055
0
LINE
8
BLACK
6
CONTINUOUS
10
5.2300190551181105
20
-4.2856429527559055
11
5.2290816929133861
21
-4.2847055905511811
0
LINE
8
BLACK
6
CONTINUOUS
10
5.2290816929133861
20
-4.2847055905511811
11
5.2289415748031498
21
-4.284495905511811
0
LINE
8
BLACK
6
CONTINUOUS
10
5.2289415748031498
20
-4.284495905511811
11
5.2287866929133857
21
-4.2842963385826769
0
LINE
8
BLACK
6
CONTINUOUS
10
5.2287866929133857
20
-4.2842963385826769
11
5.2278492913385826
21
-4.2824215748031493
0
LINE
8
BLACK
6
CONTINUOUS
10
5.2278492913385826
20
-4.2824215748031493
11
5.2278284251968499
21
-4.2823454330708657
0
LINE
8
BLACK
6
CONTINUOUS
10
5.2278284251968499
20
-4.2823454330708657
11
5.227802913385827
21
-4.2823199212598428
0
LINE
8
BLACK
6
CONTINUOUS
10
5.227802913385827
20
-4.2823199212598428
11
5.2277536614173226
21
-4.2820723622047243
0
LINE
8
BLACK
6
CONTINUOUS
10
5.2277536614173226
20
-4.2820723622047243
11
5.2276870078740156
21
-4.2818289370078739
0
LINE
8
BLACK
6
CONTINUOUS
10
5.2276870078740156
20
-4.2818289370078739
11
5.2276984251968504
21
-4.281794645669291
0
LINE
8
BLACK
6
CONTINUOUS
10
5.2276984251968504
20
-4.281794645669291
11
5.2276830314960625
21
-4.2817172834645669
0
LINE
8
BLACK
6
CONTINUOUS
10
5.2276830314960625
20
-4.2817172834645669
11
5.2276830314960625
21
-4.2779677559055118
0
LINE
8
BLACK
6
CONTINUOUS
10
5.2276830314960625
20
-4.2779677559055118
11
5.2276984251968504
21
-4.277890354330709
0
LINE
8
BLACK
6
CONTINUOUS
10
5.2276984251968504
20
-4.277890354330709
11
5.2276870078740156
21
-4.2778561023622048
0
LINE
8
BLACK
6
CONTINUOUS
10
5.2276870078740156
20
-4.2778561023622048
11
5.2277536614173226
21
-4.2776126377952757
0
LINE
8
BLACK
6
CONTINUOUS
10
5.2277536614173226
20
-4.2776126377952757
11
5.227802913385827
21
-4.2773651181102359
0
LINE
8
BLACK
6
CONTINUOUS
10
5.227802913385827
20
-4.2773651181102359
11
5.2278284251968499
21
-4.2773395669291334
0
LINE
8
BLACK
6
CONTINUOUS
10
5.2278284251968499
20
-4.2773395669291334
11
5.2278492913385826
21
-4.2772634645669294
0
LINE
8
BLACK
6
CONTINUOUS
10
5.2278492913385826
20
-4.2772634645669294
11
5.2287866929133857
21
-4.2753887007874019
0
LINE
8
BLACK
6
CONTINUOUS
10
5.2287866929133857
20
-4.2753887007874019
11
5.2289414173228348
21
-4.2751893307086615
0
LINE
8
BLACK
6
CONTINUOUS
10
5.2289414173228348
20
-4.2751893307086615
11
5.2290816535433073
21
-4.2749794488188977
0
LINE
8
BLACK
6
CONTINUOUS
10
5.2290816535433073
20
-4.2749794488188977
11
5.2300190157480317
21
-4.2740420472440945
0
LINE
8
BLACK
6
CONTINUOUS
10
5.2300190157480317
20
-4.2740420472440945
11
5.2302291338582672
21
-4.2739016141732282
0
LINE
8
BLACK
6
CONTINUOUS
10
5.2302291338582672
20
-4.2739016141732282
11
5.2304283464566925
21
-4.2737470472440942
0
LINE
8
BLACK
6
CONTINUOUS
10
5.2304283464566925
20
-4.2737470472440942
11
5.2323030708661413
21
-4.2728096850393698
0
LINE
8
BLACK
6
CONTINUOUS
10
5.2323030708661413
20
-4.2728096850393698
11
5.2323791732283462
21
-4.272788818897638
0
LINE
8
BLACK
6
CONTINUOUS
10
5.2323791732283462
20
-4.272788818897638
11
5.2324047244094487
21
-4.2727633070866142
0
LINE
8
BLACK
6
CONTINUOUS
10
5.2324047244094487
20
-4.2727633070866142
11
5.2326522440944885
21
-4.2727140551181098
0
LINE
8
BLACK
6
CONTINUOUS
10
5.2326522440944885
20
-4.2727140551181098
11
5.2328957086614176
21
-4.2726474015748028
0
LINE
8
BLACK
6
CONTINUOUS
10
5.2328957086614176
20
-4.2726474015748028
11
5.2329299606299209
21
-4.2726588188976375
0
LINE
8
BLACK
6
CONTINUOUS
10
5.2329299606299209
20
-4.2726588188976375
11
5.2330073622047246
21
-4.2726434251968506
0
LINE
8
BLACK
6
CONTINUOUS
10
5.2330073622047246
20
-4.2726434251968506
11
5.2339447637795278
21
-4.2726434251968506
0
LINE
8
BLACK
6
CONTINUOUS
10
5.2339447637795278
20
-4.2726434251968506
11
5.2340221259842519
21
-4.2726587795275588
0
LINE
8
BLACK
6
CONTINUOUS
10
5.2320654330708658
20
-4.2764498031496059
11
5.2314894881889762
21
-4.2770258267716539
0
LINE
8
BLACK
6
CONTINUOUS
10
5.2314894881889762
20
-4.2770258267716539
11
5.2308326377952756
21
-4.278339527559055
0
LINE
8
BLACK
6
CONTINUOUS
10
5.2308326377952756
20
-4.278339527559055
11
5.2308326377952756
21
-4.281345472440945
0
LINE
8
BLACK
6
CONTINUOUS
10
5.2308326377952756
20
-4.281345472440945
11
5.2314894881889762
21
-4.2826592125984249
0
LINE
8
BLACK
6
CONTINUOUS
10
5.2314894881889762
20
-4.2826592125984249
11
5.232065393700787
21
-4.2832351181102357
0
LINE
8
BLACK
6
CONTINUOUS
10
5.232065393700787
20
-4.2832351181102357
11
5.2333791338582678
21
-4.2838920078740159
0
LINE
8
BLACK
6
CONTINUOUS
10
5.2333791338582678
20
-4.2838920078740159
11
5.2335729921259837
21
-4.2838920078740159
0
LINE
8
BLACK
6
CONTINUOUS
10
5.2335729921259837
20
-4.2838920078740159
11
5.2348866929133857
21
-4.2832351181102357
0
LINE
8
BLACK
6
CONTINUOUS
10
5.2348866929133857
20
-4.2832351181102357
11
5.2354625984251966
21
-4.2826592125984249
0
LINE
8
BLACK
6
CONTINUOUS
10
5.2354625984251966
20
-4.2826592125984249
11
5.2361194881889759
21
-4.281345472440945
0
LINE
8
BLACK
6
CONTINUOUS
10
5.2361194881889759
20
-4.281345472440945
11
5.2361194881889759
21
-4.278339527559055
0
LINE
8
BLACK
6
CONTINUOUS
10
5.2361194881889759
20
-4.278339527559055
11
5.2354625984251966
21
-4.2770258267716539
0
LINE
8
BLACK
6
CONTINUOUS
10
5.2354625984251966
20
-4.2770258267716539
11
5.2348866141732282
21
-4.2764498031496059
0
LINE
8
BLACK
6
CONTINUOUS
10
5.2348866141732282
20
-4.2764498031496059
11
5.2335730314960625
21
-4.2757930314960628
0
LINE
8
BLACK
6
CONTINUOUS
10
5.2335730314960625
20
-4.2757930314960628
11
5.2333790944881891
21
-4.2757930314960628
0
LINE
8
BLACK
6
CONTINUOUS
10
5.2333790944881891
20
-4.2757930314960628
11
5.2320654330708658
21
-4.2764498031496059
0
LINE
8
BLACK
6
CONTINUOUS
10
5.2405019291338579
20
-4.2764498031496059
11
5.2399259055118108
21
-4.2770257874015751
0
LINE
8
BLACK
6
CONTINUOUS
10
5.2399259055118108
20
-4.2770257874015751
11
5.239269094488189
21
-4.2783394881889762
0
LINE
8
BLACK
6
CONTINUOUS
10
5.239269094488189
20
-4.2783394881889762
11
5.239269094488189
21
-4.2813455511811025
0
LINE
8
BLACK
6
CONTINUOUS
10
5.239269094488189
20
-4.2813455511811025
11
5.2399258661417321
21
-4.2826591338582674
0
LINE
8
BLACK
6
CONTINUOUS
10
5.2399258661417321
20
-4.2826591338582674
11
5.2405018897637792
21
-4.2832351181102357
0
LINE
8
BLACK
6
CONTINUOUS
10
5.2405018897637792
20
-4.2832351181102357
11
5.2418155905511812
21
-4.2838920078740159
0
LINE
8
BLACK
6
CONTINUOUS
10
5.2418155905511812
20
-4.2838920078740159
11
5.2448215748031499
21
-4.2838920078740159
0
LINE
8
BLACK
6
CONTINUOUS
10
5.2448215748031499
20
-4.2838920078740159
11
5.2461352362204723
21
-4.2832351181102357
0
LINE
8
BLACK
6
CONTINUOUS
10
5.2461352362204723
20
-4.2832351181102357
11
5.2467112598425194
21
-4.2826591732283461
0
LINE
8
BLACK
6
CONTINUOUS
10
5.2467112598425194
20
-4.2826591732283461
11
5.2473680708661412
21
-4.2813455511811025
0
LINE
8
BLACK
6
CONTINUOUS
10
5.2473680708661412
20
-4.2813455511811025
11
5.2473680708661412
21
-4.2783394488188975
0
LINE
8
BLACK
6
CONTINUOUS
10
5.2473680708661412
20
-4.2783394488188975
11
5.2467112598425194
21
-4.2770258661417317
0
LINE
8
BLACK
6
CONTINUOUS
10
5.2467112598425194
20
-4.2770258661417317
11
5.246135275590551
21
-4.2764498425196846
0
LINE
8
BLACK
6
CONTINUOUS
10
5.246135275590551
20
-4.2764498425196846
11
5.2448216141732278
21
-4.2757930314960628
0
LINE
8
BLACK
6
CONTINUOUS
10
5.2448216141732278
20
-4.2757930314960628
11
5.2418155511811024
21
-4.2757930314960628
0
LINE
8
BLACK
6
CONTINUOUS
10
5.2418155511811024
20
-4.2757930314960628
11
5.2405019291338579
21
-4.2764498031496059
0
LINE
8
BLACK
6
CONTINUOUS
10
5.2406955905511809
20
-4.2529959842519682
11
5.2408883464566927
21
-4.2530053937007875
0
LINE
8
BLACK
6
CONTINUOUS
10
5.2408883464566927
20
-4.2530053937007875
11
5.2446378740157478
21
-4.2539427559055119
0
LINE
8
BLACK
6
CONTINUOUS
10
5.2446378740157478
20
-4.2539427559055119
11
5.2447938188976373
21
-4.254016417322835
0
LINE
8
BLACK
6
CONTINUOUS
10
5.2447938188976373
20
-4.254016417322835
11
5.2449602362204724
21
-4.2540620078740154
0
LINE
8
BLACK
6
CONTINUOUS
10
5.2449602362204724
20
-4.2540620078740154
11
5.2468349999999999
21
-4.2549994094488186
0
LINE
8
BLACK
6
CONTINUOUS
10
5.2468349999999999
20
-4.2549994094488186
11
5.2470343307086615
21
-4.2551541338582677
0
LINE
8
BLACK
6
CONTINUOUS
10
5.2470343307086615
20
-4.2551541338582677
11
5.2472442519685041
21
-4.2552943700787402
0
LINE
8
BLACK
6
CONTINUOUS
10
5.2472442519685041
20
-4.2552943700787402
11
5.2491190551181104
21
-4.2571691338582678
0
LINE
8
BLACK
6
CONTINUOUS
10
5.2491190551181104
20
-4.2571691338582678
11
5.2491628740157479
21
-4.2572347244094484
0
LINE
8
BLACK
6
CONTINUOUS
10
5.2491628740157479
20
-4.2572347244094484
11
5.2491951968503932
21
-4.2572509055118113
0
LINE
8
BLACK
6
CONTINUOUS
10
5.2491951968503932
20
-4.2572509055118113
11
5.2493200393700787
21
-4.2574699606299209
0
LINE
8
BLACK
6
CONTINUOUS
10
5.2493200393700787
20
-4.2574699606299209
11
5.2494604330708663
21
-4.2576800393700784
0
LINE
8
BLACK
6
CONTINUOUS
10
5.2494604330708663
20
-4.2576800393700784
11
5.2494604330708663
21
-4.2577161811023618
0
LINE
8
BLACK
6
CONTINUOUS
10
5.2494604330708663
20
-4.2577161811023618
11
5.2494994881889765
21
-4.2577847244094489
0
LINE
8
BLACK
6
CONTINUOUS
10
5.2494994881889765
20
-4.2577847244094489
11
5.2504368897637796
21
-4.2605968503937008
0
LINE
8
BLACK
6
CONTINUOUS
10
5.2504368897637796
20
-4.2605968503937008
11
5.2504684251968499
21
-4.2608474409448815
0
LINE
8
BLACK
6
CONTINUOUS
10
5.2504684251968499
20
-4.2608474409448815
11
5.2505176771653543
21
-4.2610948425196851
0
LINE
8
BLACK
6
CONTINUOUS
10
5.2505176771653543
20
-4.2610948425196851
11
5.2505176771653543
21
-4.2629696062992126
0
LINE
8
BLACK
6
CONTINUOUS
10
5.2505176771653543
20
-4.2629696062992126
11
5.2504684251968499
21
-4.2632170078740153
0
LINE
8
BLACK
6
CONTINUOUS
10
5.2504684251968499
20
-4.2632170078740153
11
5.2504368897637796
21
-4.2634675590551181
0
LINE
8
BLACK
6
CONTINUOUS
10
5.2504368897637796
20
-4.2634675590551181
11
5.2494994881889765
21
-4.2662797637795276
0
LINE
8
BLACK
6
CONTINUOUS
10
5.2494994881889765
20
-4.2662797637795276
11
5.2494604330708663
21
-4.266348267716535
0
LINE
8
BLACK
6
CONTINUOUS
10
5.2494604330708663
20
-4.266348267716535
11
5.2494604330708663
21
-4.2663844488188971
0
LINE
8
BLACK
6
CONTINUOUS
10
5.2494604330708663
20
-4.2663844488188971
11
5.2493199606299212
21
-4.2665946062992122
0
LINE
8
BLACK
6
CONTINUOUS
10
5.2493199606299212
20
-4.2665946062992122
11
5.2491951968503932
21
-4.2668135433070864
0
LINE
8
BLACK
6
CONTINUOUS
10
5.2491951968503932
20
-4.2668135433070864
11
5.2491629133858266
21
-4.2668296456692909
0
LINE
8
BLACK
6
CONTINUOUS
10
5.2491629133858266
20
-4.2668296456692909
11
5.2491190551181104
21
-4.2668953543307087
0
LINE
8
BLACK
6
CONTINUOUS
10
5.2491190551181104
20
-4.2668953543307087
11
5.2481816535433072
21
-4.2678327165354331
0
LINE
8
BLACK
6
CONTINUOUS
10
5.2481816535433072
20
-4.2678327165354331
11
5.2476707480314957
21
-4.2681740551181102
0
LINE
8
BLACK
6
CONTINUOUS
10
5.2476707480314957
20
-4.2681740551181102
11
5.246465433070866
21
-4.2681740157480315
0
LINE
8
BLACK
6
CONTINUOUS
10
5.246465433070866
20
-4.2681740157480315
11
5.2456131889763782
21
-4.2673217716535436
0
LINE
8
BLACK
6
CONTINUOUS
10
5.2456131889763782
20
-4.2673217716535436
11
5.2456132283464569
21
-4.2661164566929131
0
LINE
8
BLACK
6
CONTINUOUS
10
5.2456132283464569
20
-4.2661164566929131
11
5.2459545669291341
21
-4.2656055511811024
0
LINE
8
BLACK
6
CONTINUOUS
10
5.2459545669291341
20
-4.2656055511811024
11
5.2466290944881893
21
-4.264931062992126
0
LINE
8
BLACK
6
CONTINUOUS
10
5.2466290944881893
20
-4.264931062992126
11
5.2473680708661412
21
-4.2627140944881887
0
LINE
8
BLACK
6
CONTINUOUS
10
5.2473680708661412
20
-4.2627140944881887
11
5.2473680708661412
21
-4.2613503149606302
0
LINE
8
BLACK
6
CONTINUOUS
10
5.2473680708661412
20
-4.2613503149606302
11
5.2466290944881893
21
-4.2591333858267717
0
LINE
8
BLACK
6
CONTINUOUS
10
5.2466290944881893
20
-4.2591333858267717
11
5.2451978346456691
21
-4.2577022047244091
0
LINE
8
BLACK
6
CONTINUOUS
10
5.2451978346456691
20
-4.2577022047244091
11
5.2437062598425195
21
-4.2569564173228347
0
LINE
8
BLACK
6
CONTINUOUS
10
5.2437062598425195
20
-4.2569564173228347
11
5.2403125196850393
21
-4.2561079921259841
0
LINE
8
BLACK
6
CONTINUOUS
10
5.2403125196850393
20
-4.2561079921259841
11
5.2378881889763775
21
-4.2561079921259841
0
LINE
8
BLACK
6
CONTINUOUS
10
5.2378881889763775
20
-4.2561079921259841
11
5.2344944094488186
21
-4.2569564173228347
0
LINE
8
BLACK
6
CONTINUOUS
10
5.2344944094488186
20
-4.2569564173228347
11
5.233002834645669
21
-4.2577021653543303
0
LINE
8
BLACK
6
CONTINUOUS
10
5.233002834645669
20
-4.2577021653543303
11
5.2315716141732285
21
-4.2591333858267717
0
LINE
8
BLACK
6
CONTINUOUS
10
5.2315716141732285
20
-4.2591333858267717
11
5.2308326377952756
21
-4.261350354330709
0
LINE
8
BLACK
6
CONTINUOUS
10
5.2308326377952756
20
-4.261350354330709
11
5.2308326377952756
21
-4.26271405511811
0
LINE
8
BLACK
6
CONTINUOUS
10
5.2308326377952756
20
-4.26271405511811
11
5.2315716141732285
21
-4.264931062992126
0
LINE
8
BLACK
6
CONTINUOUS
10
5.2315716141732285
20
-4.264931062992126
11
5.2322461417322836
21
-4.2656055905511812
0
LINE
8
BLACK
6
CONTINUOUS
10
5.2322461417322836
20
-4.2656055905511812
11
5.2325875196850395
21
-4.2661164960629918
0
LINE
8
BLACK
6
CONTINUOUS
10
5.2325875196850395
20
-4.2661164960629918
11
5.2325875196850395
21
-4.2673217716535436
0
LINE
8
BLACK
6
CONTINUOUS
10
5.2325875196850395
20
-4.2673217716535436
11
5.2317352362204721
21
-4.2681740551181102
0
LINE
8
BLACK
6
CONTINUOUS
10
5.2317352362204721
20
-4.2681740551181102
11
5.2305299606299211
21
-4.2681740551181102
0
LINE
8
BLACK
6
CONTINUOUS
10
5.2305299606299211
20
-4.2681740551181102
11
5.2300190551181105
21
-4.2678326771653543
0
LINE
8
BLACK
6
CONTINUOUS
10
5.2300190551181105
20
-4.2678326771653543
11
5.2290816929133861
21
-4.2668953149606299
0
LINE
8
BLACK
6
CONTINUOUS
10
5.2290816929133861
20
-4.2668953149606299
11
5.2290378740157477
21
-4.2668297244094484
0
LINE
8
BLACK
6
CONTINUOUS
10
5.2290378740157477
20
-4.2668297244094484
11
5.2290055511811024
21
-4.2668135826771652
0
LINE
8
BLACK
6
CONTINUOUS
10
5.2290055511811024
20
-4.2668135826771652
11
5.2288805118110231
21
-4.2665942125984255
0
LINE
8
BLACK
6
CONTINUOUS
10
5.2288805118110231
20
-4.2665942125984255
11
5.2287403149606302
21
-4.2663844094488184
0
LINE
8
BLACK
6
CONTINUOUS
10
5.2287403149606302
20
-4.2663844094488184
11
5.2287403149606302
21
-4.266348267716535
0
LINE
8
BLACK
6
CONTINUOUS
10
5.2287403149606302
20
-4.266348267716535
11
5.22870125984252
21
-4.2662797637795276
0
LINE
8
BLACK
6
CONTINUOUS
10
5.22870125984252
20
-4.2662797637795276
11
5.2277638582677168
21
-4.2634675984251968
0
LINE
8
BLACK
6
CONTINUOUS
10
5.2277638582677168
20
-4.2634675984251968
11
5.227732283464567
21
-4.2632172834645665
0
LINE
8
BLACK
6
CONTINUOUS
10
5.227732283464567
20
-4.2632172834645665
11
5.2276830314960625
21
-4.2629696062992126
0
LINE
8
BLACK
6
CONTINUOUS
10
5.2276830314960625
20
-4.2629696062992126
11
5.2276830314960625
21
-4.2610948425196851
0
LINE
8
BLACK
6
CONTINUOUS
10
5.2276830314960625
20
-4.2610948425196851
11
5.227732283464567
21
-4.2608471259842515
0
LINE
8
BLACK
6
CONTINUOUS
10
5.227732283464567
20
-4.2608471259842515
11
5.2277638582677168
21
-4.2605968503937008
0
LINE
8
BLACK
6
CONTINUOUS
10
5.2277638582677168
20
-4.2605968503937008
11
5.22870125984252
21
-4.2577847244094489
0
LINE
8
BLACK
6
CONTINUOUS
10
5.22870125984252
20
-4.2577847244094489
11
5.2287403149606302
21
-4.2577161811023618
0
LINE
8
BLACK
6
CONTINUOUS
10
5.2287403149606302
20
-4.2577161811023618
11
5.2287403149606302
21
-4.2576800787401572
0
LINE
8
BLACK
6
CONTINUOUS
10
5.2287403149606302
20
-4.2576800787401572
11
5.2288805118110231
21
-4.2574702362204722
0
LINE
8
BLACK
6
CONTINUOUS
10
5.2288805118110231
20
-4.2574702362204722
11
5.2290055511811024
21
-4.2572509055118113
0
LINE
8
BLACK
6
CONTINUOUS
10
5.2290055511811024
20
-4.2572509055118113
11
5.2290378740157477
21
-4.2572347244094484
0
LINE
8
BLACK
6
CONTINUOUS
10
5.2290378740157477
20
-4.2572347244094484
11
5.2290816929133861
21
-4.2571691732283465
0
LINE
8
BLACK
6
CONTINUOUS
10
5.2290816929133861
20
-4.2571691732283465
11
5.2309564173228349
21
-4.255294409448819
0
LINE
8
BLACK
6
CONTINUOUS
10
5.2309564173228349
20
-4.255294409448819
11
5.2311663385826774
21
-4.2551540944881889
0
LINE
8
BLACK
6
CONTINUOUS
10
5.2311663385826774
20
-4.2551540944881889
11
5.2313657086614169
21
-4.2549994094488186
0
LINE
8
BLACK
6
CONTINUOUS
10
5.2313657086614169
20
-4.2549994094488186
11
5.2332404724409445
21
-4.2540620078740154
0
LINE
8
BLACK
6
CONTINUOUS
10
5.2332404724409445
20
-4.2540620078740154
11
5.2334068503937008
21
-4.254016417322835
0
LINE
8
BLACK
6
CONTINUOUS
10
5.2334068503937008
20
-4.254016417322835
11
5.2335628346456691
21
-4.2539427559055119
0
LINE
8
BLACK
6
CONTINUOUS
10
5.2335628346456691
20
-4.2539427559055119
11
5.2373123622047242
21
-4.2530053937007875
0
LINE
8
BLACK
6
CONTINUOUS
10
5.2373123622047242
20
-4.2530053937007875
11
5.2375050787401571
21
-4.2529959842519682
0
LINE
8
BLACK
6
CONTINUOUS
10
5.2375050787401571
20
-4.2529959842519682
11
5.2376942913385829
21
-4.2529583858267719
0
LINE
8
BLACK
6
CONTINUOUS
10
5.2376942913385829
20
-4.2529583858267719
11
5.2405064173228348
21
-4.2529583858267719
0
LINE
8
BLACK
6
CONTINUOUS
10
5.2405064173228348
20
-4.2529583858267719
11
5.2406955905511809
21
-4.2529959842519682
0
LINE
8
BLACK
6
CONTINUOUS
10
5.2653596062992127
20
-4.2288112598425194
11
5.2664249606299212
21
-4.2298766141732287
0
LINE
8
BLACK
6
CONTINUOUS
10
5.2664249606299212
20
-4.2298766141732287
11
5.2665748031496058
21
-4.2306299212598422
0
LINE
8
BLACK
6
CONTINUOUS
10
5.2665748031496058
20
-4.2306299212598422
11
5.2665748031496058
21
-4.309370078740157
0
LINE
8
BLACK
6
CONTINUOUS
10
5.2665748031496058
20
-4.309370078740157
11
5.2664249606299212
21
-4.3101233858267713
0
LINE
8
BLACK
6
CONTINUOUS
10
5.2664249606299212
20
-4.3101233858267713
11
5.2653596062992127
21
-4.3111887401574807
0
LINE
8
BLACK
6
CONTINUOUS
10
5.2653596062992127
20
-4.3111887401574807
11
5.2646062992125984
21
-4.3113385826771653
0
LINE
8
BLACK
6
CONTINUOUS
10
5.2646062992125984
20
-4.3113385826771653
11
5.2153937007874012
21
-4.3113385826771653
0
LINE
8
BLACK
6
CONTINUOUS
10
5.2153937007874012
20
-4.3113385826771653
11
5.2146403937007877
21
-4.3111887401574807
0
LINE
8
BLACK
6
CONTINUOUS
10
5.2146403937007877
20
-4.3111887401574807
11
5.2135750393700784
21
-4.3101233858267713
0
LINE
8
BLACK
6
CONTINUOUS
10
5.2135750393700784
20
-4.3101233858267713
11
5.2134251968503937
21
-4.309370078740157
0
LINE
8
BLACK
6
CONTINUOUS
10
5.2134251968503937
20
-4.309370078740157
11
5.2134251968503937
21
-4.2306299212598422
0
LINE
8
BLACK
6
CONTINUOUS
10
5.2134251968503937
20
-4.2306299212598422
11
5.2135750393700784
21
-4.2298766141732287
0
LINE
8
BLACK
6
CONTINUOUS
10
5.2135750393700784
20
-4.2298766141732287
11
5.2146403937007877
21
-4.2288112598425194
0
LINE
8
BLACK
6
CONTINUOUS
10
5.2146403937007877
20
-4.2288112598425194
11
5.2153937007874012
21
-4.2286614173228347
0
LINE
8
BLACK
6
CONTINUOUS
10
5.2153937007874012
20
-4.2286614173228347
11
5.2646062992125984
21
-4.2286614173228347
0
LINE
8
BLACK
6
CONTINUOUS
10
5.2646062992125984
20
-4.2286614173228347
11
5.2653596062992127
21
-4.2288112598425194
0
LINE
8
BLACK
6
CONTINUOUS
10
5.2173622047244095
20
-4.2325984251968505
11
5.2173622047244095
21
-4.3074015748031496
0
LINE
8
BLACK
6
CONTINUOUS
10
5.2173622047244095
20
-4.3074015748031496
11
5.2626377952755901
21
-4.3074015748031496
0
LINE
8
BLACK
6
CONTINUOUS
10
5.2626377952755901
20
-4.3074015748031496
11
5.2626377952755901
21
-4.2325984251968505
0
LINE
8
BLACK
6
CONTINUOUS
10
5.2626377952755901
20
-4.2325984251968505
11
5.2173622047244095
21
-4.2325984251968505
0
LINE
8
BLACK
6
CONTINUOUS
10
4.6283483070866138
20
-4.246047165354331
11
4.6284127952755902
21
-4.2460999212598427
0
LINE
8
BLACK
6
CONTINUOUS
10
4.6284127952755902
20
-4.2460999212598427
11
4.6284961023622042
21
-4.2460999212598427
0
LINE
8
BLACK
6
CONTINUOUS
10
4.6284961023622042
20
-4.2460999212598427
11
4.6288710236220467
21
-4.2464748425196852
0
LINE
8
BLACK
6
CONTINUOUS
10
4.6288710236220467
20
-4.2464748425196852
11
4.6292811811023622
21
-4.2468104330708663
0
LINE
8
BLACK
6
CONTINUOUS
10
4.6292811811023622
20
-4.2468104330708663
11
4.6292894488188976
21
-4.2468932677165352
0
LINE
8
BLACK
6
CONTINUOUS
10
4.6292894488188976
20
-4.2468932677165352
11
4.6293483858267717
21
-4.2469522047244093
0
LINE
8
BLACK
6
CONTINUOUS
10
4.6293483858267717
20
-4.2469522047244093
11
4.6293483858267717
21
-4.2474825196850396
0
LINE
8
BLACK
6
CONTINUOUS
10
4.6293483858267717
20
-4.2474825196850396
11
4.6294011023622046
21
-4.2480097244094486
0
LINE
8
BLACK
6
CONTINUOUS
10
4.6294011023622046
20
-4.2480097244094486
11
4.6293483858267717
21
-4.2480741338582675
0
LINE
8
BLACK
6
CONTINUOUS
10
4.6293483858267717
20
-4.2480741338582675
11
4.6293483858267717
21
-4.2481574803149602
0
LINE
8
BLACK
6
CONTINUOUS
10
4.6293483858267717
20
-4.2481574803149602
11
4.6290070078740158
21
-4.2486683858267718
0
LINE
8
BLACK
6
CONTINUOUS
10
4.6290070078740158
20
-4.2486683858267718
11
4.6282503543307083
21
-4.2494249999999996
0
LINE
8
BLACK
6
CONTINUOUS
10
4.6282503543307083
20
-4.2494249999999996
11
4.6275935039370077
21
-4.2507387401574803
0
LINE
8
BLACK
6
CONTINUOUS
10
4.6275935039370077
20
-4.2507387401574803
11
4.6275935039370077
21
-4.2546820866141735
0
LINE
8
BLACK
6
CONTINUOUS
10
4.6275935039370077
20
-4.2546820866141735
11
4.6282503543307083
21
-4.2559958267716533
0
LINE
8
BLACK
6
CONTINUOUS
10
4.6282503543307083
20
-4.2559958267716533
11
4.6288262598425192
21
-4.2565717322834642
0
LINE
8
BLACK
6
CONTINUOUS
10
4.6288262598425192
20
-4.2565717322834642
11
4.6301399999999999
21
-4.2572286220472444
0
LINE
8
BLACK
6
CONTINUOUS
10
4.6301399999999999
20
-4.2572286220472444
11
4.6340833858267718
21
-4.2572286220472444
0
LINE
8
BLACK
6
CONTINUOUS
10
4.6340833858267718
20
-4.2572286220472444
11
4.6353970472440942
21
-4.2565717322834642
0
LINE
8
BLACK
6
CONTINUOUS
10
4.6353970472440942
20
-4.2565717322834642
11
4.6359730708661413
21
-4.2559957874015746
0
LINE
8
BLACK
6
CONTINUOUS
10
4.6359730708661413
20
-4.2559957874015746
11
4.636629881889764
21
-4.254682165354331
0
LINE
8
BLACK
6
CONTINUOUS
10
4.636629881889764
20
-4.254682165354331
11
4.636629881889764
21
-4.2507386614173228
0
LINE
8
BLACK
6
CONTINUOUS
10
4.636629881889764
20
-4.2507386614173228
11
4.6359730708661413
21
-4.2494250393700783
0
LINE
8
BLACK
6
CONTINUOUS
10
4.6359730708661413
20
-4.2494250393700783
11
4.635216377952756
21
-4.2486684251968505
0
LINE
8
BLACK
6
CONTINUOUS
10
4.635216377952756
20
-4.2486684251968505
11
4.6348750393700788
21
-4.248157519685039
0
LINE
8
BLACK
6
CONTINUOUS
10
4.6348750393700788
20
-4.248157519685039
11
4.6348750000000001
21
-4.2469522047244093
0
LINE
8
BLACK
6
CONTINUOUS
10
4.6348750000000001
20
-4.2469522047244093
11
4.6357272440944879
21
-4.2460999606299215
0
LINE
8
BLACK
6
CONTINUOUS
10
4.6357272440944879
20
-4.2460999606299215
11
4.6369325590551176
21
-4.2460999212598427
0
LINE
8
BLACK
6
CONTINUOUS
10
4.6369325590551176
20
-4.2460999212598427
11
4.6374434645669291
21
-4.2464412598425199
0
LINE
8
BLACK
6
CONTINUOUS
10
4.6374434645669291
20
-4.2464412598425199
11
4.6383808661417323
21
-4.2473786220472443
0
LINE
8
BLACK
6
CONTINUOUS
10
4.6383808661417323
20
-4.2473786220472443
11
4.6385212598425198
21
-4.2475887401574806
0
LINE
8
BLACK
6
CONTINUOUS
10
4.6385212598425198
20
-4.2475887401574806
11
4.6386758661417318
21
-4.247787952755905
0
LINE
8
BLACK
6
CONTINUOUS
10
4.6386758661417318
20
-4.247787952755905
11
4.6396132283464562
21
-4.2496626771653538
0
LINE
8
BLACK
6
CONTINUOUS
10
4.6396132283464562
20
-4.2496626771653538
11
4.6396340551181101
21
-4.2497387795275587
0
LINE
8
BLACK
6
CONTINUOUS
10
4.6396340551181101
20
-4.2497387795275587
11
4.6396596062992126
21
-4.2497643307086612
0
LINE
8
BLACK
6
CONTINUOUS
10
4.6396596062992126
20
-4.2497643307086612
11
4.6397088188976374
21
-4.250011850393701
0
LINE
8
BLACK
6
CONTINUOUS
10
4.6397088188976374
20
-4.250011850393701
11
4.6397755118110231
21
-4.2502553149606301
0
LINE
8
BLACK
6
CONTINUOUS
10
4.6397755118110231
20
-4.2502553149606301
11
4.6397640551181105
21
-4.2502895669291334
0
LINE
8
BLACK
6
CONTINUOUS
10
4.6397640551181105
20
-4.2502895669291334
11
4.6397794881889762
21
-4.2503669685039371
0
LINE
8
BLACK
6
CONTINUOUS
10
4.6397794881889762
20
-4.2503669685039371
11
4.6397794881889762
21
-4.2550538976377954
0
LINE
8
BLACK
6
CONTINUOUS
10
4.6397794881889762
20
-4.2550538976377954
11
4.6397640551181105
21
-4.2551312598425195
0
LINE
8
BLACK
6
CONTINUOUS
10
4.6397640551181105
20
-4.2551312598425195
11
4.6397755118110231
21
-4.2551655511811024
0
LINE
8
BLACK
6
CONTINUOUS
10
4.6397755118110231
20
-4.2551655511811024
11
4.6397088188976374
21
-4.2554089763779528
0
LINE
8
BLACK
6
CONTINUOUS
10
4.6397088188976374
20
-4.2554089763779528
11
4.6396596062992126
21
-4.2556565354330704
0
LINE
8
BLACK
6
CONTINUOUS
10
4.6396596062992126
20
-4.2556565354330704
11
4.6396340551181101
21
-4.2556820472440942
0
LINE
8
BLACK
6
CONTINUOUS
10
4.6396340551181101
20
-4.2556820472440942
11
4.6396132283464562
21
-4.2557581889763778
0
LINE
8
BLACK
6
CONTINUOUS
10
4.6396132283464562
20
-4.2557581889763778
11
4.6386758661417318
21
-4.2576329133858266
0
LINE
8
BLACK
6
CONTINUOUS
10
4.6386758661417318
20
-4.2576329133858266
11
4.6385212598425198
21
-4.2578320866141732
0
LINE
8
BLACK
6
CONTINUOUS
10
4.6385212598425198
20
-4.2578320866141732
11
4.6383808661417323
21
-4.2580422440944883
0
LINE
8
BLACK
6
CONTINUOUS
10
4.6383808661417323
20
-4.2580422440944883
11
4.6374434645669291
21
-4.2589796062992127
0
LINE
8
BLACK
6
CONTINUOUS
10
4.6374434645669291
20
-4.2589796062992127
11
4.6372335433070866
21
-4.2591198031496065
0
LINE
8
BLACK
6
CONTINUOUS
10
4.6372335433070866
20
-4.2591198031496065
11
4.637034212598425
21
-4.2592745669291334
0
LINE
8
BLACK
6
CONTINUOUS
10
4.637034212598425
20
-4.2592745669291334
11
4.6351594488188974
21
-4.2602119685039366
0
LINE
8
BLACK
6
CONTINUOUS
10
4.6351594488188974
20
-4.2602119685039366
11
4.6350833070866138
21
-4.2602327952755905
0
LINE
8
BLACK
6
CONTINUOUS
10
4.6350833070866138
20
-4.2602327952755905
11
4.63505779527559
21
-4.260258346456693
0
LINE
8
BLACK
6
CONTINUOUS
10
4.63505779527559
20
-4.260258346456693
11
4.6348102362204724
21
-4.2603075590551178
0
LINE
8
BLACK
6
CONTINUOUS
10
4.6348102362204724
20
-4.2603075590551178
11
4.634566811023622
21
-4.2603742519685035
0
LINE
8
BLACK
6
CONTINUOUS
10
4.634566811023622
20
-4.2603742519685035
11
4.6345325196850391
21
-4.26036279527559
0
LINE
8
BLACK
6
CONTINUOUS
10
4.6345325196850391
20
-4.26036279527559
11
4.634455157480315
21
-4.2603782283464566
0
LINE
8
BLACK
6
CONTINUOUS
10
4.634455157480315
20
-4.2603782283464566
11
4.6297682283464567
21
-4.2603782283464566
0
LINE
8
BLACK
6
CONTINUOUS
10
4.6297682283464567
20
-4.2603782283464566
11
4.629690826771653
21
-4.26036279527559
0
LINE
8
BLACK
6
CONTINUOUS
10
4.629690826771653
20
-4.26036279527559
11
4.6296565748031497
21
-4.2603742519685035
0
LINE
8
BLACK
6
CONTINUOUS
10
4.6296565748031497
20
-4.2603742519685035
11
4.6294131102362206
21
-4.2603075590551178
0
LINE
8
BLACK
6
CONTINUOUS
10
4.6294131102362206
20
-4.2603075590551178
11
4.6291655905511808
21
-4.260258346456693
0
LINE
8
BLACK
6
CONTINUOUS
10
4.6291655905511808
20
-4.260258346456693
11
4.6291400393700783
21
-4.2602327952755905
0
LINE
8
BLACK
6
CONTINUOUS
10
4.6291400393700783
20
-4.2602327952755905
11
4.6290639370078743
21
-4.2602119685039366
0
LINE
8
BLACK
6
CONTINUOUS
10
4.6290639370078743
20
-4.2602119685039366
11
4.6271891732283468
21
-4.2592745669291334
0
LINE
8
BLACK
6
CONTINUOUS
10
4.6271891732283468
20
-4.2592745669291334
11
4.6269895669291339
21
-4.2591196456692915
0
LINE
8
BLACK
6
CONTINUOUS
10
4.6269895669291339
20
-4.2591196456692915
11
4.6267799212598426
21
-4.2589795669291339
0
LINE
8
BLACK
6
CONTINUOUS
10
4.6267799212598426
20
-4.2589795669291339
11
4.6258425590551182
21
-4.2580422047244095
0
LINE
8
BLACK
6
CONTINUOUS
10
4.6258425590551182
20
-4.2580422047244095
11
4.6257024409448819
21
-4.2578325196850395
0
LINE
8
BLACK
6
CONTINUOUS
10
4.6257024409448819
20
-4.2578325196850395
11
4.6255475590551178
21
-4.2576329527559054
0
LINE
8
BLACK
6
CONTINUOUS
10
4.6255475590551178
20
-4.2576329527559054
11
4.6246101574803147
21
-4.2557581889763778
0
LINE
8
BLACK
6
CONTINUOUS
10
4.6246101574803147
20
-4.2557581889763778
11
4.6245892913385829
21
-4.2556820472440942
0
LINE
8
BLACK
6
CONTINUOUS
10
4.6245892913385829
20
-4.2556820472440942
11
4.6245637795275591
21
-4.2556565354330704
0
LINE
8
BLACK
6
CONTINUOUS
10
4.6245637795275591
20
-4.2556565354330704
11
4.6245145275590547
21
-4.2554089763779528
0
LINE
8
BLACK
6
CONTINUOUS
10
4.6245145275590547
20
-4.2554089763779528
11
4.6244478740157478
21
-4.2551655511811024
0
LINE
8
BLACK
6
CONTINUOUS
10
4.6244478740157478
20
-4.2551655511811024
11
4.6244592913385825
21
-4.2551312598425195
0
LINE
8
BLACK
6
CONTINUOUS
10
4.6244592913385825
20
-4.2551312598425195
11
4.6244438976377955
21
-4.2550538976377954
0
LINE
8
BLACK
6
CONTINUOUS
10
4.6244438976377955
20
-4.2550538976377954
11
4.6244438976377955
21
-4.2503669685039371
0
LINE
8
BLACK
6
CONTINUOUS
10
4.6244438976377955
20
-4.2503669685039371
11
4.6244592913385825
21
-4.2502895669291334
0
LINE
8
BLACK
6
CONTINUOUS
10
4.6244592913385825
20
-4.2502895669291334
11
4.6244478740157478
21
-4.2502553149606301
0
LINE
8
BLACK
6
CONTINUOUS
10
4.6244478740157478
20
-4.2502553149606301
11
4.6245145275590547
21
-4.250011850393701
0
LINE
8
BLACK
6
CONTINUOUS
10
4.6245145275590547
20
-4.250011850393701
11
4.6245637795275591
21
-4.2497643307086612
0
LINE
8
BLACK
6
CONTINUOUS
10
4.6245637795275591
20
-4.2497643307086612
11
4.6245892913385829
21
-4.2497387795275587
0
LINE
8
BLACK
6
CONTINUOUS
10
4.6245892913385829
20
-4.2497387795275587
11
4.6246101574803147
21
-4.2496626771653538
0
LINE
8
BLACK
6
CONTINUOUS
10
4.6246101574803147
20
-4.2496626771653538
11
4.62471374015748
21
-4.2494554330708665
0
LINE
8
BLACK
6
CONTINUOUS
10
4.62471374015748
20
-4.2494554330708665
11
4.6200944488188975
21
-4.2499173622047239
0
LINE
8
BLACK
6
CONTINUOUS
10
4.6200944488188975
20
-4.2499173622047239
11
4.6200944488188975
21
-4.2578660236220474
0
LINE
8
BLACK
6
CONTINUOUS
10
4.6200944488188975
20
-4.2578660236220474
11
4.6199745669291339
21
-4.2584686614173224
0
LINE
8
BLACK
6
CONTINUOUS
10
4.6199745669291339
20
-4.2584686614173224
11
4.6191222834645664
21
-4.2593209448818898
0
LINE
8
BLACK
6
CONTINUOUS
10
4.6191222834645664
20
-4.2593209448818898
11
4.6179170078740155
21
-4.2593209448818898
0
LINE
8
BLACK
6
CONTINUOUS
10
4.6179170078740155
20
-4.2593209448818898
11
4.6170647244094489
21
-4.2584686614173224
0
LINE
8
BLACK
6
CONTINUOUS
10
4.6170647244094489
20
-4.2584686614173224
11
4.6169448425196853
21
-4.2578660236220474
0
LINE
8
BLACK
6
CONTINUOUS
10
4.6169448425196853
20
-4.2578660236220474
11
4.6169448425196853
21
-4.2484922047244096
0
LINE
8
BLACK
6
CONTINUOUS
10
4.6169448425196853
20
-4.2484922047244096
11
4.6170197637795276
21
-4.2481154724409445
0
LINE
8
BLACK
6
CONTINUOUS
10
4.6170197637795276
20
-4.2481154724409445
11
4.6170119685039372
21
-4.2480373228346453
0
LINE
8
BLACK
6
CONTINUOUS
10
4.6170119685039372
20
-4.2480373228346453
11
4.6170428346456696
21
-4.2479995669291339
0
LINE
8
BLACK
6
CONTINUOUS
10
4.6170428346456696
20
-4.2479995669291339
11
4.6170647244094489
21
-4.2478895669291337
0
LINE
8
BLACK
6
CONTINUOUS
10
4.6170647244094489
20
-4.2478895669291337
11
4.6174394881889764
21
-4.2475147637795274
0
LINE
8
BLACK
6
CONTINUOUS
10
4.6174394881889764
20
-4.2475147637795274
11
4.6177752362204725
21
-4.2471044488188978
0
LINE
8
BLACK
6
CONTINUOUS
10
4.6177752362204725
20
-4.2471044488188978
11
4.6178825590551176
21
-4.2470716929133854
0
LINE
8
BLACK
6
CONTINUOUS
10
4.6178825590551176
20
-4.2470716929133854
11
4.6179170078740155
21
-4.2470372834645671
0
LINE
8
BLACK
6
CONTINUOUS
10
4.6179170078740155
20
-4.2470372834645671
11
4.6179955118110234
21
-4.2470372834645671
0
LINE
8
BLACK
6
CONTINUOUS
10
4.6179955118110234
20
-4.2470372834645671
11
4.6183629527559056
21
-4.2469252362204726
0
LINE
8
BLACK
6
CONTINUOUS
10
4.6183629527559056
20
-4.2469252362204726
11
4.6277367322834646
21
-4.2459878740157482
0
LINE
8
BLACK
6
CONTINUOUS
10
4.6277367322834646
20
-4.2459878740157482
11
4.6283483070866138
21
-4.246047165354331
0
LINE
8
BLACK
6
CONTINUOUS
10
4.6388073228346451
20
-4.2273522440944884
11
4.6396596062992126
21
-4.228204527559055
0
LINE
8
BLACK
6
CONTINUOUS
10
4.6396596062992126
20
-4.228204527559055
11
4.6396596062992126
21
-4.2294098031496059
0
LINE
8
BLACK
6
CONTINUOUS
10
4.6396596062992126
20
-4.2294098031496059
11
4.6388073228346451
21
-4.2302620866141734
0
LINE
8
BLACK
6
CONTINUOUS
10
4.6388073228346451
20
-4.2302620866141734
11
4.6382046850393701
21
-4.230381968503937
0
LINE
8
BLACK
6
CONTINUOUS
10
4.6382046850393701
20
-4.230381968503937
11
4.6304056692913385
21
-4.230381968503937
0
LINE
8
BLACK
6
CONTINUOUS
10
4.6304056692913385
20
-4.230381968503937
11
4.6304056692913385
21
-4.2326741732283466
0
LINE
8
BLACK
6
CONTINUOUS
10
4.6304056692913385
20
-4.2326741732283466
11
4.6391077952755904
21
-4.2387656299212599
0
LINE
8
BLACK
6
CONTINUOUS
10
4.6391077952755904
20
-4.2387656299212599
11
4.6395327559055115
21
-4.2392094094488186
0
LINE
8
BLACK
6
CONTINUOUS
10
4.6395327559055115
20
-4.2392094094488186
11
4.639742204724409
21
-4.2403963779527558
0
LINE
8
BLACK
6
CONTINUOUS
10
4.639742204724409
20
-4.2403963779527558
11
4.6390510236220468
21
-4.2413837795275589
0
LINE
8
BLACK
6
CONTINUOUS
10
4.6390510236220468
20
-4.2413837795275589
11
4.6378640551181105
21
-4.2415932677165351
0
LINE
8
BLACK
6
CONTINUOUS
10
4.6378640551181105
20
-4.2415932677165351
11
4.6373016141732286
21
-4.2413458661417325
0
LINE
8
BLACK
6
CONTINUOUS
10
4.6373016141732286
20
-4.2413458661417325
11
4.630379133858268
21
-4.2365001574803145
0
LINE
8
BLACK
6
CONTINUOUS
10
4.630379133858268
20
-4.2365001574803145
11
4.6303349999999996
21
-4.2366612992125985
0
LINE
8
BLACK
6
CONTINUOUS
10
4.6303349999999996
20
-4.2366612992125985
11
4.6302857874015748
21
-4.2369088582677161
0
LINE
8
BLACK
6
CONTINUOUS
10
4.6302857874015748
20
-4.2369088582677161
11
4.6302602362204723
21
-4.2369343700787399
0
LINE
8
BLACK
6
CONTINUOUS
10
4.6302602362204723
20
-4.2369343700787399
11
4.6302394094488184
21
-4.2370105118110235
0
LINE
8
BLACK
6
CONTINUOUS
10
4.6302394094488184
20
-4.2370105118110235
11
4.6293020078740152
21
-4.2388852755905511
0
LINE
8
BLACK
6
CONTINUOUS
10
4.6293020078740152
20
-4.2388852755905511
11
4.6291470866141733
21
-4.2390848425196852
0
LINE
8
BLACK
6
CONTINUOUS
10
4.6291470866141733
20
-4.2390848425196852
11
4.6290070472440945
21
-4.2392944881889765
0
LINE
8
BLACK
6
CONTINUOUS
10
4.6290070472440945
20
-4.2392944881889765
11
4.6280696850393701
21
-4.2402319291338584
0
LINE
8
BLACK
6
CONTINUOUS
10
4.6280696850393701
20
-4.2402319291338584
11
4.6278597244094488
21
-4.2403721653543309
0
LINE
8
BLACK
6
CONTINUOUS
10
4.6278597244094488
20
-4.2403721653543309
11
4.6276603543307084
21
-4.2405269291338579
0
LINE
8
BLACK
6
CONTINUOUS
10
4.6276603543307084
20
-4.2405269291338579
11
4.6257855905511809
21
-4.2414642913385823
0
LINE
8
BLACK
6
CONTINUOUS
10
4.6257855905511809
20
-4.2414642913385823
11
4.625709488188976
21
-4.2414851181102362
0
LINE
8
BLACK
6
CONTINUOUS
10
4.625709488188976
20
-4.2414851181102362
11
4.6256839763779523
21
-4.2415106692913387
0
LINE
8
BLACK
6
CONTINUOUS
10
4.6256839763779523
20
-4.2415106692913387
11
4.6254362598425196
21
-4.2415599212598423
0
LINE
8
BLACK
6
CONTINUOUS
10
4.6254362598425196
20
-4.2415599212598423
11
4.6251929527559055
21
-4.2416265748031492
0
LINE
8
BLACK
6
CONTINUOUS
10
4.6251929527559055
20
-4.2416265748031492
11
4.6251587007874013
21
-4.2416151574803145
0
LINE
8
BLACK
6
CONTINUOUS
10
4.6251587007874013
20
-4.2416151574803145
11
4.6250813385826772
21
-4.2416305511811023
0
LINE
8
BLACK
6
CONTINUOUS
10
4.6250813385826772
20
-4.2416305511811023
11
4.6222691732283465
21
-4.2416305511811023
0
LINE
8
BLACK
6
CONTINUOUS
10
4.6222691732283465
20
-4.2416305511811023
11
4.6221917716535428
21
-4.2416151181102357
0
LINE
8
BLACK
6
CONTINUOUS
10
4.6221917716535428
20
-4.2416151181102357
11
4.6221575196850395
21
-4.2416265748031492
0
LINE
8
BLACK
6
CONTINUOUS
10
4.6221575196850395
20
-4.2416265748031492
11
4.6219140551181104
21
-4.2415598818897635
0
LINE
8
BLACK
6
CONTINUOUS
10
4.6219140551181104
20
-4.2415598818897635
11
4.6216665354330706
21
-4.2415106692913387
0
LINE
8
BLACK
6
CONTINUOUS
10
4.6216665354330706
20
-4.2415106692913387
11
4.6216409842519681
21
-4.2414851181102362
0
LINE
8
BLACK
6
CONTINUOUS
10
4.6216409842519681
20
-4.2414851181102362
11
4.6215648818897641
21
-4.2414642913385823
0
LINE
8
BLACK
6
CONTINUOUS
10
4.6215648818897641
20
-4.2414642913385823
11
4.6196901574803144
21
-4.2405269291338579
0
LINE
8
BLACK
6
CONTINUOUS
10
4.6196901574803144
20
-4.2405269291338579
11
4.6194909448818899
21
-4.2403723228346459
0
LINE
8
BLACK
6
CONTINUOUS
10
4.6194909448818899
20
-4.2403723228346459
11
4.6192808267716536
21
-4.2402319291338584
0
LINE
8
BLACK
6
CONTINUOUS
10
4.6192808267716536
20
-4.2402319291338584
11
4.6183434645669292
21
-4.2392945275590552
0
LINE
8
BLACK
6
CONTINUOUS
10
4.6183434645669292
20
-4.2392945275590552
11
4.6182032283464567
21
-4.2390846062992127
0
LINE
8
BLACK
6
CONTINUOUS
10
4.6182032283464567
20
-4.2390846062992127
11
4.6180485039370076
21
-4.2388852755905511
0
LINE
8
BLACK
6
CONTINUOUS
10
4.6180485039370076
20
-4.2388852755905511
11
4.6171111023622045
21
-4.2370105118110235
0
LINE
8
BLACK
6
CONTINUOUS
10
4.6171111023622045
20
-4.2370105118110235
11
4.6170902362204727
21
-4.2369343700787399
0
LINE
8
BLACK
6
CONTINUOUS
10
4.6170902362204727
20
-4.2369343700787399
11
4.6170647244094489
21
-4.2369088582677161
0
LINE
8
BLACK
6
CONTINUOUS
10
4.6170647244094489
20
-4.2369088582677161
11
4.6170154724409445
21
-4.2366612992125985
0
LINE
8
BLACK
6
CONTINUOUS
10
4.6170154724409445
20
-4.2366612992125985
11
4.6169488188976375
21
-4.2364178740157481
0
LINE
8
BLACK
6
CONTINUOUS
10
4.6169488188976375
20
-4.2364178740157481
11
4.6169602362204722
21
-4.2363835826771652
0
LINE
8
BLACK
6
CONTINUOUS
10
4.6169602362204722
20
-4.2363835826771652
11
4.6169448425196853
21
-4.2363062204724411
0
LINE
8
BLACK
6
CONTINUOUS
10
4.6169448425196853
20
-4.2363062204724411
11
4.6169448425196853
21
-4.2288071653543309
0
LINE
8
BLACK
6
CONTINUOUS
10
4.6169448425196853
20
-4.2288071653543309
11
4.6170647244094489
21
-4.228204527559055
0
LINE
8
BLACK
6
CONTINUOUS
10
4.6170647244094489
20
-4.228204527559055
11
4.6179170078740155
21
-4.2273522440944884
0
LINE
8
BLACK
6
CONTINUOUS
10
4.6179170078740155
20
-4.2273522440944884
11
4.6185196456692914
21
-4.2272323622047239
0
LINE
8
BLACK
6
CONTINUOUS
10
4.6185196456692914
20
-4.2272323622047239
11
4.6382046850393701
21
-4.2272323622047239
0
LINE
8
BLACK
6
CONTINUOUS
10
4.6382046850393701
20
-4.2272323622047239
11
4.6388073228346451
21
-4.2273522440944884
0
LINE
8
BLACK
6
CONTINUOUS
10
4.6200944488188975
20
-4.2359344094488192
11
4.6207512992125981
21
-4.2372481102362203
0
LINE
8
BLACK
6
CONTINUOUS
10
4.6207512992125981
20
-4.2372481102362203
11
4.6213272440944877
21
-4.2378241338582674
0
LINE
8
BLACK
6
CONTINUOUS
10
4.6213272440944877
20
-4.2378241338582674
11
4.6226409055118109
21
-4.2384809448818901
0
LINE
8
BLACK
6
CONTINUOUS
10
4.6226409055118109
20
-4.2384809448818901
11
4.6247096062992128
21
-4.2384809448818901
0
LINE
8
BLACK
6
CONTINUOUS
10
4.6247096062992128
20
-4.2384809448818901
11
4.6260231889763777
21
-4.2378241338582674
0
LINE
8
BLACK
6
CONTINUOUS
10
4.6260231889763777
20
-4.2378241338582674
11
4.626599173228346
21
-4.2372481102362203
0
LINE
8
BLACK
6
CONTINUOUS
10
4.626599173228346
20
-4.2372481102362203
11
4.6272560629921262
21
-4.2359344094488192
0
LINE
8
BLACK
6
CONTINUOUS
10
4.6272560629921262
20
-4.2359344094488192
11
4.6272560629921262
21
-4.230381968503937
0
LINE
8
BLACK
6
CONTINUOUS
10
4.6272560629921262
20
-4.230381968503937
11
4.6200944488188975
21
-4.230381968503937
0
LINE
8
BLACK
6
CONTINUOUS
10
4.6200944488188975
20
-4.230381968503937
11
4.6200944488188975
21
-4.2359344094488192
0
LINE
8
BLACK
6
CONTINUOUS
10
4.6546214173228346
20
-4.2021478740157479
11
4.6556867716535431
21
-4.2032132283464563
0
LINE
8
BLACK
6
CONTINUOUS
10
4.6556867716535431
20
-4.2032132283464563
11
4.6558366141732286
21
-4.2039665354330706
0
LINE
8
BLACK
6
CONTINUOUS
10
4.6558366141732286
20
-4.2039665354330706
11
4.6558366141732286
21
-4.2827066929133855
0
LINE
8
BLACK
6
CONTINUOUS
10
4.6558366141732286
20
-4.2827066929133855
11
4.6556867716535431
21
-4.2834599999999998
0
LINE
8
BLACK
6
CONTINUOUS
10
4.6556867716535431
20
-4.2834599999999998
11
4.6546214173228346
21
-4.2845253543307082
0
LINE
8
BLACK
6
CONTINUOUS
10
4.6546214173228346
20
-4.2845253543307082
11
4.6538681102362203
21
-4.2846751968503938
0
LINE
8
BLACK
6
CONTINUOUS
10
4.6538681102362203
20
-4.2846751968503938
11
4.6046555118110239
21
-4.2846751968503938
0
LINE
8
BLACK
6
CONTINUOUS
10
4.6046555118110239
20
-4.2846751968503938
11
4.6039022047244096
21
-4.2845253543307082
0
LINE
8
BLACK
6
CONTINUOUS
10
4.6039022047244096
20
-4.2845253543307082
11
4.6028368503937003
21
-4.2834599999999998
0
LINE
8
BLACK
6
CONTINUOUS
10
4.6028368503937003
20
-4.2834599999999998
11
4.6026870078740156
21
-4.2827066929133855
0
LINE
8
BLACK
6
CONTINUOUS
10
4.6026870078740156
20
-4.2827066929133855
11
4.6026870078740156
21
-4.2039665354330706
0
LINE
8
BLACK
6
CONTINUOUS
10
4.6026870078740156
20
-4.2039665354330706
11
4.6028368503937003
21
-4.2032132283464563
0
LINE
8
BLACK
6
CONTINUOUS
10
4.6028368503937003
20
-4.2032132283464563
11
4.6039022047244096
21
-4.2021478740157479
0
LINE
8
BLACK
6
CONTINUOUS
10
4.6039022047244096
20
-4.2021478740157479
11
4.6046555118110239
21
-4.2019980314960632
0
LINE
8
BLACK
6
CONTINUOUS
10
4.6046555118110239
20
-4.2019980314960632
11
4.6538681102362203
21
-4.2019980314960632
0
LINE
8
BLACK
6
CONTINUOUS
10
4.6538681102362203
20
-4.2019980314960632
11
4.6546214173228346
21
-4.2021478740157479
0
LINE
8
BLACK
6
CONTINUOUS
10
4.6066240157480314
20
-4.205935039370079
11
4.6066240157480314
21
-4.280738188976378
0
LINE
8
BLACK
6
CONTINUOUS
10
4.6066240157480314
20
-4.280738188976378
11
4.6518996062992128
21
-4.280738188976378
0
LINE
8
BLACK
6
CONTINUOUS
10
4.6518996062992128
20
-4.280738188976378
11
4.6518996062992128
21
-4.205935039370079
0
LINE
8
BLACK
6
CONTINUOUS
10
4.6518996062992128
20
-4.205935039370079
11
4.6066240157480314
21
-4.205935039370079
0
LINE
8
BLACK
6
CONTINUOUS
10
4.7208948031496059
20
-4.2553914566929132
11
4.7210875590551176
21
-4.2554008661417324
0
LINE
8
BLACK
6
CONTINUOUS
10
4.7210875590551176
20
-4.2554008661417324
11
4.7248370866141736
21
-4.2563382283464568
0
LINE
8
BLACK
6
CONTINUOUS
10
4.7248370866141736
20
-4.2563382283464568
11
4.7249930314960631
21
-4.256411889763779
0
LINE
8
BLACK
6
CONTINUOUS
10
4.7249930314960631
20
-4.256411889763779
11
4.7251594488188973
21
-4.2564574803149604
0
LINE
8
BLACK
6
CONTINUOUS
10
4.7251594488188973
20
-4.2564574803149604
11
4.7270342125984248
21
-4.2573948818897636
0
LINE
8
BLACK
6
CONTINUOUS
10
4.7270342125984248
20
-4.2573948818897636
11
4.7272335433070864
21
-4.2575496062992126
0
LINE
8
BLACK
6
CONTINUOUS
10
4.7272335433070864
20
-4.2575496062992126
11
4.727443464566929
21
-4.2576898425196852
0
LINE
8
BLACK
6
CONTINUOUS
10
4.727443464566929
20
-4.2576898425196852
11
4.7283808661417321
21
-4.2586272047244096
0
LINE
8
BLACK
6
CONTINUOUS
10
4.7283808661417321
20
-4.2586272047244096
11
4.7285212598425197
21
-4.2588373228346459
0
LINE
8
BLACK
6
CONTINUOUS
10
4.7285212598425197
20
-4.2588373228346459
11
4.7286758661417325
21
-4.2590365354330704
0
LINE
8
BLACK
6
CONTINUOUS
10
4.7286758661417325
20
-4.2590365354330704
11
4.7296132283464569
21
-4.2609112598425192
0
LINE
8
BLACK
6
CONTINUOUS
10
4.7296132283464569
20
-4.2609112598425192
11
4.72963405511811
21
-4.2609873622047241
0
LINE
8
BLACK
6
CONTINUOUS
10
4.72963405511811
20
-4.2609873622047241
11
4.7296596062992124
21
-4.2610129133858266
0
LINE
8
BLACK
6
CONTINUOUS
10
4.7296596062992124
20
-4.2610129133858266
11
4.7297088188976373
21
-4.2612604330708663
0
LINE
8
BLACK
6
CONTINUOUS
10
4.7297088188976373
20
-4.2612604330708663
11
4.7297755118110238
21
-4.2615038976377955
0
LINE
8
BLACK
6
CONTINUOUS
10
4.7297755118110238
20
-4.2615038976377955
11
4.7297640551181104
21
-4.2615381496062987
0
LINE
8
BLACK
6
CONTINUOUS
10
4.7297640551181104
20
-4.2615381496062987
11
4.7297794881889761
21
-4.2616155511811025
0
LINE
8
BLACK
6
CONTINUOUS
10
4.7297794881889761
20
-4.2616155511811025
11
4.7297794881889761
21
-4.26349031496063
0
LINE
8
BLACK
6
CONTINUOUS
10
4.7297794881889761
20
-4.26349031496063
11
4.7297640551181104
21
-4.2635676771653541
0
LINE
8
BLACK
6
CONTINUOUS
10
4.7297640551181104
20
-4.2635676771653541
11
4.7297755118110238
21
-4.263601968503937
0
LINE
8
BLACK
6
CONTINUOUS
10
4.7297755118110238
20
-4.263601968503937
11
4.7297088188976373
21
-4.2638453937007874
0
LINE
8
BLACK
6
CONTINUOUS
10
4.7297088188976373
20
-4.2638453937007874
11
4.7296596062992124
21
-4.2640929527559051
0
LINE
8
BLACK
6
CONTINUOUS
10
4.7296596062992124
20
-4.2640929527559051
11
4.72963405511811
21
-4.2641184645669288
0
LINE
8
BLACK
6
CONTINUOUS
10
4.72963405511811
20
-4.2641184645669288
11
4.7296132283464569
21
-4.2641946062992124
0
LINE
8
BLACK
6
CONTINUOUS
10
4.7296132283464569
20
-4.2641946062992124
11
4.7286758661417325
21
-4.2660693307086612
0
LINE
8
BLACK
6
CONTINUOUS
10
4.7286758661417325
20
-4.2660693307086612
11
4.7285212598425197
21
-4.2662685039370078
0
LINE
8
BLACK
6
CONTINUOUS
10
4.7285212598425197
20
-4.2662685039370078
11
4.7283808661417321
21
-4.2664786614173229
0
LINE
8
BLACK
6
CONTINUOUS
10
4.7283808661417321
20
-4.2664786614173229
11
4.727443464566929
21
-4.2674160236220473
0
LINE
8
BLACK
6
CONTINUOUS
10
4.727443464566929
20
-4.2674160236220473
11
4.727233622047244
21
-4.2675561811023623
0
LINE
8
BLACK
6
CONTINUOUS
10
4.727233622047244
20
-4.2675561811023623
11
4.7270341732283461
21
-4.2677110236220468
0
LINE
8
BLACK
6
CONTINUOUS
10
4.7270341732283461
20
-4.2677110236220468
11
4.7251594094488185
21
-4.2686483858267712
0
LINE
8
BLACK
6
CONTINUOUS
10
4.7251594094488185
20
-4.2686483858267712
11
4.7249931102362206
21
-4.2686938976377951
0
LINE
8
BLACK
6
CONTINUOUS
10
4.7249931102362206
20
-4.2686938976377951
11
4.7248370866141736
21
-4.2687676377952757
0
LINE
8
BLACK
6
CONTINUOUS
10
4.7248370866141736
20
-4.2687676377952757
11
4.7210875984251963
21
-4.2697050393700788
0
LINE
8
BLACK
6
CONTINUOUS
10
4.7210875984251963
20
-4.2697050393700788
11
4.7208948031496059
21
-4.2697144094488184
0
LINE
8
BLACK
6
CONTINUOUS
10
4.7208948031496059
20
-4.2697144094488184
11
4.7207056299212597
21
-4.2697520472440944
0
LINE
8
BLACK
6
CONTINUOUS
10
4.7207056299212597
20
-4.2697520472440944
11
4.7160187007874015
21
-4.2697520472440944
0
LINE
8
BLACK
6
CONTINUOUS
10
4.7160187007874015
20
-4.2697520472440944
11
4.7158294881889766
21
-4.2697144094488184
0
LINE
8
BLACK
6
CONTINUOUS
10
4.7158294881889766
20
-4.2697144094488184
11
4.715636732283464
21
-4.2697050393700788
0
LINE
8
BLACK
6
CONTINUOUS
10
4.715636732283464
20
-4.2697050393700788
11
4.7118872047244089
21
-4.2687676377952757
0
LINE
8
BLACK
6
CONTINUOUS
10
4.7118872047244089
20
-4.2687676377952757
11
4.7117311811023619
21
-4.2686938976377951
0
LINE
8
BLACK
6
CONTINUOUS
10
4.7117311811023619
20
-4.2686938976377951
11
4.711564881889764
21
-4.2686483858267712
0
LINE
8
BLACK
6
CONTINUOUS
10
4.711564881889764
20
-4.2686483858267712
11
4.7096901574803152
21
-4.2677110236220468
0
LINE
8
BLACK
6
CONTINUOUS
10
4.7096901574803152
20
-4.2677110236220468
11
4.7094909448818898
21
-4.2675564173228349
0
LINE
8
BLACK
6
CONTINUOUS
10
4.7094909448818898
20
-4.2675564173228349
11
4.7092808267716535
21
-4.2674160236220473
0
LINE
8
BLACK
6
CONTINUOUS
10
4.7092808267716535
20
-4.2674160236220473
11
4.7083434645669291
21
-4.2664786220472442
0
LINE
8
BLACK
6
CONTINUOUS
10
4.7083434645669291
20
-4.2664786220472442
11
4.7082032283464565
21
-4.2662687007874016
0
LINE
8
BLACK
6
CONTINUOUS
10
4.7082032283464565
20
-4.2662687007874016
11
4.7080485039370075
21
-4.26606937007874
0
LINE
8
BLACK
6
CONTINUOUS
10
4.7080485039370075
20
-4.26606937007874
11
4.7071111023622043
21
-4.2641946062992124
0
LINE
8
BLACK
6
CONTINUOUS
10
4.7071111023622043
20
-4.2641946062992124
11
4.7070902362204725
21
-4.2641184645669288
0
LINE
8
BLACK
6
CONTINUOUS
10
4.7070902362204725
20
-4.2641184645669288
11
4.7070647244094488
21
-4.2640929527559051
0
LINE
8
BLACK
6
CONTINUOUS
10
4.7070647244094488
20
-4.2640929527559051
11
4.7070154724409452
21
-4.2638453937007874
0
LINE
8
BLACK
6
CONTINUOUS
10
4.7070154724409452
20
-4.2638453937007874
11
4.7069488188976374
21
-4.263601968503937
0
LINE
8
BLACK
6
CONTINUOUS
10
4.7069488188976374
20
-4.263601968503937
11
4.7069602362204721
21
-4.2635676771653541
0
LINE
8
BLACK
6
CONTINUOUS
10
4.7069602362204721
20
-4.2635676771653541
11
4.7069448425196851
21
-4.26349031496063
0
LINE
8
BLACK
6
CONTINUOUS
10
4.7069448425196851
20
-4.26349031496063
11
4.7069448425196851
21
-4.2616155511811025
0
LINE
8
BLACK
6
CONTINUOUS
10
4.7069448425196851
20
-4.2616155511811025
11
4.7069602362204721
21
-4.2615381496062987
0
LINE
8
BLACK
6
CONTINUOUS
10
4.7069602362204721
20
-4.2615381496062987
11
4.7069488188976374
21
-4.2615038976377955
0
LINE
8
BLACK
6
CONTINUOUS
10
4.7069488188976374
20
-4.2615038976377955
11
4.7070154724409452
21
-4.2612604330708663
0
LINE
8
BLACK
6
CONTINUOUS
10
4.7070154724409452
20
-4.2612604330708663
11
4.7070647244094488
21
-4.2610129133858266
0
LINE
8
BLACK
6
CONTINUOUS
10
4.7070647244094488
20
-4.2610129133858266
11
4.7070902362204725
21
-4.2609873622047241
0
LINE
8
BLACK
6
CONTINUOUS
10
4.7070902362204725
20
-4.2609873622047241
11
4.7071111023622043
21
-4.2609112598425192
0
LINE
8
BLACK
6
CONTINUOUS
10
4.7071111023622043
20
-4.2609112598425192
11
4.7080485039370075
21
-4.2590364960629916
0
LINE
8
BLACK
6
CONTINUOUS
10
4.7080485039370075
20
-4.2590364960629916
11
4.7082033858267716
21
-4.2588368897637796
0
LINE
8
BLACK
6
CONTINUOUS
10
4.7082033858267716
20
-4.2588368897637796
11
4.7083435039370078
21
-4.2586272440944883
0
LINE
8
BLACK
6
CONTINUOUS
10
4.7083435039370078
20
-4.2586272440944883
11
4.7092808661417322
21
-4.2576898818897639
0
LINE
8
BLACK
6
CONTINUOUS
10
4.7092808661417322
20
-4.2576898818897639
11
4.7094905118110235
21
-4.2575497637795277
0
LINE
8
BLACK
6
CONTINUOUS
10
4.7094905118110235
20
-4.2575497637795277
11
4.7096901181102364
21
-4.2573948818897636
0
LINE
8
BLACK
6
CONTINUOUS
10
4.7096901181102364
20
-4.2573948818897636
11
4.711564881889764
21
-4.2564574803149604
0
LINE
8
BLACK
6
CONTINUOUS
10
4.711564881889764
20
-4.2564574803149604
11
4.7117312598425194
21
-4.256411889763779
0
LINE
8
BLACK
6
CONTINUOUS
10
4.7117312598425194
20
-4.256411889763779
11
4.7118872440944877
21
-4.2563382283464568
0
LINE
8
BLACK
6
CONTINUOUS
10
4.7118872440944877
20
-4.2563382283464568
11
4.7156367716535428
21
-4.2554008661417324
0
LINE
8
BLACK
6
CONTINUOUS
10
4.7156367716535428
20
-4.2554008661417324
11
4.7158294881889766
21
-4.2553914566929132
0
LINE
8
BLACK
6
CONTINUOUS
10
4.7158294881889766
20
-4.2553914566929132
11
4.7160187007874015
21
-4.2553538582677168
0
LINE
8
BLACK
6
CONTINUOUS
10
4.7160187007874015
20
-4.2553538582677168
11
4.7207056299212597
21
-4.2553538582677168
0
LINE
8
BLACK
6
CONTINUOUS
10
4.7207056299212597
20
-4.2553538582677168
11
4.7208948031496059
21
-4.2553914566929132
0
LINE
8
BLACK
6
CONTINUOUS
10
4.7128188188976381
20
-4.2593518897637797
11
4.7113272047244097
21
-4.260097677165354
0
LINE
8
BLACK
6
CONTINUOUS
10
4.7113272047244097
20
-4.260097677165354
11
4.7107512992125979
21
-4.2606735826771649
0
LINE
8
BLACK
6
CONTINUOUS
10
4.7107512992125979
20
-4.2606735826771649
11
4.7100944488188974
21
-4.2619873228346457
0
LINE
8
BLACK
6
CONTINUOUS
10
4.7100944488188974
20
-4.2619873228346457
11
4.7100944488188974
21
-4.2631185039370081
0
LINE
8
BLACK
6
CONTINUOUS
10
4.7100944488188974
20
-4.2631185039370081
11
4.7107512992125979
21
-4.2644322047244092
0
LINE
8
BLACK
6
CONTINUOUS
10
4.7107512992125979
20
-4.2644322047244092
11
4.7113272440944884
21
-4.2650082283464563
0
LINE
8
BLACK
6
CONTINUOUS
10
4.7113272440944884
20
-4.2650082283464563
11
4.7128186614173231
21
-4.2657539370078741
0
LINE
8
BLACK
6
CONTINUOUS
10
4.7128186614173231
20
-4.2657539370078741
11
4.716212598425197
21
-4.2666024409448822
0
LINE
8
BLACK
6
CONTINUOUS
10
4.716212598425197
20
-4.2666024409448822
11
4.7205116929133855
21
-4.2666024409448822
0
LINE
8
BLACK
6
CONTINUOUS
10
4.7205116929133855
20
-4.2666024409448822
11
4.7239055905511806
21
-4.2657539370078741
0
LINE
8
BLACK
6
CONTINUOUS
10
4.7239055905511806
20
-4.2657539370078741
11
4.7253970866141728
21
-4.2650081889763776
0
LINE
8
BLACK
6
CONTINUOUS
10
4.7253970866141728
20
-4.2650081889763776
11
4.725973070866142
21
-4.2644321653543305
0
LINE
8
BLACK
6
CONTINUOUS
10
4.725973070866142
20
-4.2644321653543305
11
4.7266298818897639
21
-4.2631185826771656
0
LINE
8
BLACK
6
CONTINUOUS
10
4.7266298818897639
20
-4.2631185826771656
11
4.7266298818897639
21
-4.2619872440944881
0
LINE
8
BLACK
6
CONTINUOUS
10
4.7266298818897639
20
-4.2619872440944881
11
4.725973070866142
21
-4.2606736220472436
0
LINE
8
BLACK
6
CONTINUOUS
10
4.725973070866142
20
-4.2606736220472436
11
4.725397047244094
21
-4.260097677165354
0
LINE
8
BLACK
6
CONTINUOUS
10
4.725397047244094
20
-4.260097677165354
11
4.7239054724409444
21
-4.2593518897637797
0
LINE
8
BLACK
6
CONTINUOUS
10
4.7239054724409444
20
-4.2593518897637797
11
4.7205117322834642
21
-4.2585034645669291
0
LINE
8
BLACK
6
CONTINUOUS
10
4.7205117322834642
20
-4.2585034645669291
11
4.716212598425197
21
-4.2585034645669291
0
LINE
8
BLACK
6
CONTINUOUS
10
4.716212598425197
20
-4.2585034645669291
11
4.7128188188976381
21
-4.2593518897637797
0
LINE
8
BLACK
6
CONTINUOUS
10
4.7183483070866137
20
-4.2366733464566932
11
4.7184127952755901
21
-4.2367261023622049
0
LINE
8
BLACK
6
CONTINUOUS
10
4.7184127952755901
20
-4.2367261023622049
11
4.718496102362205
21
-4.2367261023622049
0
LINE
8
BLACK
6
CONTINUOUS
10
4.718496102362205
20
-4.2367261023622049
11
4.7188710236220475
21
-4.2371010236220474
0
LINE
8
BLACK
6
CONTINUOUS
10
4.7188710236220475
20
-4.2371010236220474
11
4.7192811811023621
21
-4.2374366141732285
0
LINE
8
BLACK
6
CONTINUOUS
10
4.7192811811023621
20
-4.2374366141732285
11
4.7192894488188974
21
-4.2375194488188974
0
LINE
8
BLACK
6
CONTINUOUS
10
4.7192894488188974
20
-4.2375194488188974
11
4.7193483858267715
21
-4.2375783858267715
0
LINE
8
BLACK
6
CONTINUOUS
10
4.7193483858267715
20
-4.2375783858267715
11
4.7193483858267715
21
-4.2381087007874019
0
LINE
8
BLACK
6
CONTINUOUS
10
4.7193483858267715
20
-4.2381087007874019
11
4.7194011023622044
21
-4.2386359055118108
0
LINE
8
BLACK
6
CONTINUOUS
10
4.7194011023622044
20
-4.2386359055118108
11
4.7193483858267715
21
-4.2387003149606297
0
LINE
8
BLACK
6
CONTINUOUS
10
4.7193483858267715
20
-4.2387003149606297
11
4.7193483858267715
21
-4.2387836614173224
0
LINE
8
BLACK
6
CONTINUOUS
10
4.7193483858267715
20
-4.2387836614173224
11
4.7190070078740156
21
-4.239294566929134
0
LINE
8
BLACK
6
CONTINUOUS
10
4.7190070078740156
20
-4.239294566929134
11
4.7182503543307082
21
-4.2400511811023618
0
LINE
8
BLACK
6
CONTINUOUS
10
4.7182503543307082
20
-4.2400511811023618
11
4.7175935039370076
21
-4.2413649212598425
0
LINE
8
BLACK
6
CONTINUOUS
10
4.7175935039370076
20
-4.2413649212598425
11
4.7175935039370076
21
-4.2453082677165357
0
LINE
8
BLACK
6
CONTINUOUS
10
4.7175935039370076
20
-4.2453082677165357
11
4.7182503543307082
21
-4.2466220078740156
0
LINE
8
BLACK
6
CONTINUOUS
10
4.7182503543307082
20
-4.2466220078740156
11
4.7188262598425199
21
-4.2471979133858264
0
LINE
8
BLACK
6
CONTINUOUS
10
4.7188262598425199
20
-4.2471979133858264
11
4.7201399999999998
21
-4.2478548031496066
0
LINE
8
BLACK
6
CONTINUOUS
10
4.7201399999999998
20
-4.2478548031496066
11
4.7240833858267717
21
-4.2478548031496066
0
LINE
8
BLACK
6
CONTINUOUS
10
4.7240833858267717
20
-4.2478548031496066
11
4.725397047244094
21
-4.2471979133858264
0
LINE
8
BLACK
6
CONTINUOUS
10
4.725397047244094
20
-4.2471979133858264
11
4.725973070866142
21
-4.2466219685039368
0
LINE
8
BLACK
6
CONTINUOUS
10
4.725973070866142
20
-4.2466219685039368
11
4.7266298818897639
21
-4.2453083464566932
0
LINE
8
BLACK
6
CONTINUOUS
10
4.7266298818897639
20
-4.2453083464566932
11
4.7266298818897639
21
-4.241364842519685
0
LINE
8
BLACK
6
CONTINUOUS
10
4.7266298818897639
20
-4.241364842519685
11
4.725973070866142
21
-4.2400512204724405
0
LINE
8
BLACK
6
CONTINUOUS
10
4.725973070866142
20
-4.2400512204724405
11
4.7252163779527558
21
-4.2392946062992127
0
LINE
8
BLACK
6
CONTINUOUS
10
4.7252163779527558
20
-4.2392946062992127
11
4.7248750393700787
21
-4.2387837007874012
0
LINE
8
BLACK
6
CONTINUOUS
10
4.7248750393700787
20
-4.2387837007874012
11
4.7248749999999999
21
-4.2375783858267715
0
LINE
8
BLACK
6
CONTINUOUS
10
4.7248749999999999
20
-4.2375783858267715
11
4.7257272440944877
21
-4.2367261417322837
0
LINE
8
BLACK
6
CONTINUOUS
10
4.7257272440944877
20
-4.2367261417322837
11
4.7269325590551183
21
-4.2367261023622049
0
LINE
8
BLACK
6
CONTINUOUS
10
4.7269325590551183
20
-4.2367261023622049
11
4.727443464566929
21
-4.2370674409448821
0
LINE
8
BLACK
6
CONTINUOUS
10
4.727443464566929
20
-4.2370674409448821
11
4.7283808661417321
21
-4.2380048031496065
0
LINE
8
BLACK
6
CONTINUOUS
10
4.7283808661417321
20
-4.2380048031496065
11
4.7285212598425197
21
-4.2382149212598428
0
LINE
8
BLACK
6
CONTINUOUS
10
4.7285212598425197
20
-4.2382149212598428
11
4.7286758661417325
21
-4.2384141338582673
0
LINE
8
BLACK
6
CONTINUOUS
10
4.7286758661417325
20
-4.2384141338582673
11
4.7296132283464569
21
-4.2402888582677161
0
LINE
8
BLACK
6
CONTINUOUS
10
4.7296132283464569
20
-4.2402888582677161
11
4.72963405511811
21
-4.240364960629921
0
LINE
8
BLACK
6
CONTINUOUS
10
4.72963405511811
20
-4.240364960629921
11
4.7296596062992124
21
-4.2403905118110234
0
LINE
8
BLACK
6
CONTINUOUS
10
4.7296596062992124
20
-4.2403905118110234
11
4.7297088188976373
21
-4.2406380314960632
0
LINE
8
BLACK
6
CONTINUOUS
10
4.7297088188976373
20
-4.2406380314960632
11
4.7297755118110238
21
-4.2408814960629924
0
LINE
8
BLACK
6
CONTINUOUS
10
4.7297755118110238
20
-4.2408814960629924
11
4.7297640551181104
21
-4.2409157480314956
0
LINE
8
BLACK
6
CONTINUOUS
10
4.7297640551181104
20
-4.2409157480314956
11
4.7297794881889761
21
-4.2409931496062994
0
LINE
8
BLACK
6
CONTINUOUS
10
4.7297794881889761
20
-4.2409931496062994
11
4.7297794881889761
21
-4.2456800787401576
0
LINE
8
BLACK
6
CONTINUOUS
10
4.7297794881889761
20
-4.2456800787401576
11
4.7297640551181104
21
-4.2457574409448817
0
LINE
8
BLACK
6
CONTINUOUS
10
4.7297640551181104
20
-4.2457574409448817
11
4.7297755118110238
21
-4.2457917322834646
0
LINE
8
BLACK
6
CONTINUOUS
10
4.7297755118110238
20
-4.2457917322834646
11
4.7297088188976373
21
-4.246035157480315
0
LINE
8
BLACK
6
CONTINUOUS
10
4.7297088188976373
20
-4.246035157480315
11
4.7296596062992124
21
-4.2462827165354327
0
LINE
8
BLACK
6
CONTINUOUS
10
4.7296596062992124
20
-4.2462827165354327
11
4.72963405511811
21
-4.2463082283464564
0
LINE
8
BLACK
6
CONTINUOUS
10
4.72963405511811
20
-4.2463082283464564
11
4.7296132283464569
21
-4.24638437007874
0
LINE
8
BLACK
6
CONTINUOUS
10
4.7296132283464569
20
-4.24638437007874
11
4.7286758661417325
21
-4.2482590944881888
0
LINE
8
BLACK
6
CONTINUOUS
10
4.7286758661417325
20
-4.2482590944881888
11
4.7285212598425197
21
-4.2484582677165355
0
LINE
8
BLACK
6
CONTINUOUS
10
4.7285212598425197
20
-4.2484582677165355
11
4.7283808661417321
21
-4.2486684251968505
0
LINE
8
BLACK
6
CONTINUOUS
10
4.7283808661417321
20
-4.2486684251968505
11
4.727443464566929
21
-4.2496057874015749
0
LINE
8
BLACK
6
CONTINUOUS
10
4.727443464566929
20
-4.2496057874015749
11
4.7272335433070864
21
-4.2497459842519687
0
LINE
8
BLACK
6
CONTINUOUS
10
4.7272335433070864
20
-4.2497459842519687
11
4.7270342125984248
21
-4.2499007480314956
0
LINE
8
BLACK
6
CONTINUOUS
10
4.7270342125984248
20
-4.2499007480314956
11
4.7251594488188973
21
-4.2508381496062988
0
LINE
8
BLACK
6
CONTINUOUS
10
4.7251594488188973
20
-4.2508381496062988
11
4.7250833070866145
21
-4.2508589763779527
0
LINE
8
BLACK
6
CONTINUOUS
10
4.7250833070866145
20
-4.2508589763779527
11
4.7250577952755908
21
-4.2508845275590552
0
LINE
8
BLACK
6
CONTINUOUS
10
4.7250577952755908
20
-4.2508845275590552
11
4.7248102362204722
21
-4.25093374015748
0
LINE
8
BLACK
6
CONTINUOUS
10
4.7248102362204722
20
-4.25093374015748
11
4.7245668110236219
21
-4.2510004330708657
0
LINE
8
BLACK
6
CONTINUOUS
10
4.7245668110236219
20
-4.2510004330708657
11
4.724532519685039
21
-4.2509889763779523
0
LINE
8
BLACK
6
CONTINUOUS
10
4.724532519685039
20
-4.2509889763779523
11
4.7244551574803149
21
-4.2510044094488189
0
LINE
8
BLACK
6
CONTINUOUS
10
4.7244551574803149
20
-4.2510044094488189
11
4.7197682283464566
21
-4.2510044094488189
0
LINE
8
BLACK
6
CONTINUOUS
10
4.7197682283464566
20
-4.2510044094488189
11
4.7196908267716537
21
-4.2509889763779523
0
LINE
8
BLACK
6
CONTINUOUS
10
4.7196908267716537
20
-4.2509889763779523
11
4.7196565748031496
21
-4.2510004330708657
0
LINE
8
BLACK
6
CONTINUOUS
10
4.7196565748031496
20
-4.2510004330708657
11
4.7194131102362205
21
-4.25093374015748
0
LINE
8
BLACK
6
CONTINUOUS
10
4.7194131102362205
20
-4.25093374015748
11
4.7191655905511807
21
-4.2508845275590552
0
LINE
8
BLACK
6
CONTINUOUS
10
4.7191655905511807
20
-4.2508845275590552
11
4.7191400393700782
21
-4.2508589763779527
0
LINE
8
BLACK
6
CONTINUOUS
10
4.7191400393700782
20
-4.2508589763779527
11
4.7190639370078742
21
-4.2508381496062988
0
LINE
8
BLACK
6
CONTINUOUS
10
4.7190639370078742
20
-4.2508381496062988
11
4.7171891732283466
21
-4.2499007480314956
0
LINE
8
BLACK
6
CONTINUOUS
10
4.7171891732283466
20
-4.2499007480314956
11
4.7169895669291337
21
-4.2497458267716537
0
LINE
8
BLACK
6
CONTINUOUS
10
4.7169895669291337
20
-4.2497458267716537
11
4.7167799212598425
21
-4.2496057480314962
0
LINE
8
BLACK
6
CONTINUOUS
10
4.7167799212598425
20
-4.2496057480314962
11
4.7158425590551181
21
-4.2486683858267718
0
LINE
8
BLACK
6
CONTINUOUS
10
4.7158425590551181
20
-4.2486683858267718
11
4.7157024409448818
21
-4.2484587007874017
0
LINE
8
BLACK
6
CONTINUOUS
10
4.7157024409448818
20
-4.2484587007874017
11
4.7155475590551177
21
-4.2482591338582676
0
LINE
8
BLACK
6
CONTINUOUS
10
4.7155475590551177
20
-4.2482591338582676
11
4.7146101574803145
21
-4.24638437007874
0
LINE
8
BLACK
6
CONTINUOUS
10
4.7146101574803145
20
-4.24638437007874
11
4.7145892913385827
21
-4.2463082283464564
0
LINE
8
BLACK
6
CONTINUOUS
10
4.7145892913385827
20
-4.2463082283464564
11
4.714563779527559
21
-4.2462827165354327
0
LINE
8
BLACK
6
CONTINUOUS
10
4.714563779527559
20
-4.2462827165354327
11
4.7145145275590554
21
-4.246035157480315
0
LINE
8
BLACK
6
CONTINUOUS
10
4.7145145275590554
20
-4.246035157480315
11
4.7144478740157476
21
-4.2457917322834646
0
LINE
8
BLACK
6
CONTINUOUS
10
4.7144478740157476
20
-4.2457917322834646
11
4.7144592913385823
21
-4.2457574409448817
0
LINE
8
BLACK
6
CONTINUOUS
10
4.7144592913385823
20
-4.2457574409448817
11
4.7144438976377954
21
-4.2456800787401576
0
LINE
8
BLACK
6
CONTINUOUS
10
4.7144438976377954
20
-4.2456800787401576
11
4.7144438976377954
21
-4.2409931496062994
0
LINE
8
BLACK
6
CONTINUOUS
10
4.7144438976377954
20
-4.2409931496062994
11
4.7144592913385823
21
-4.2409157480314956
0
LINE
8
BLACK
6
CONTINUOUS
10
4.7144592913385823
20
-4.2409157480314956
11
4.7144478740157476
21
-4.2408814960629924
0
LINE
8
BLACK
6
CONTINUOUS
10
4.7144478740157476
20
-4.2408814960629924
11
4.7145145275590554
21
-4.2406380314960632
0
LINE
8
BLACK
6
CONTINUOUS
10
4.7145145275590554
20
-4.2406380314960632
11
4.714563779527559
21
-4.2403905118110234
0
LINE
8
BLACK
6
CONTINUOUS
10
4.714563779527559
20
-4.2403905118110234
11
4.7145892913385827
21
-4.240364960629921
0
LINE
8
BLACK
6
CONTINUOUS
10
4.7145892913385827
20
-4.240364960629921
11
4.7146101574803145
21
-4.2402888582677161
0
LINE
8
BLACK
6
CONTINUOUS
10
4.7146101574803145
20
-4.2402888582677161
11
4.7147137401574799
21
-4.2400816141732278
0
LINE
8
BLACK
6
CONTINUOUS
10
4.7147137401574799
20
-4.2400816141732278
11
4.7100944488188974
21
-4.2405435433070862
0
LINE
8
BLACK
6
CONTINUOUS
10
4.7100944488188974
20
-4.2405435433070862
11
4.7100944488188974
21
-4.2484922047244096
0
LINE
8
BLACK
6
CONTINUOUS
10
4.7100944488188974
20
-4.2484922047244096
11
4.7099745669291337
21
-4.2490948425196846
0
LINE
8
BLACK
6
CONTINUOUS
10
4.7099745669291337
20
-4.2490948425196846
11
4.7091222834645672
21
-4.2499471259842521
0
LINE
8
BLACK
6
CONTINUOUS
10
4.7091222834645672
20
-4.2499471259842521
11
4.7079170078740153
21
-4.2499471259842521
0
LINE
8
BLACK
6
CONTINUOUS
10
4.7079170078740153
20
-4.2499471259842521
11
4.7070647244094488
21
-4.2490948425196846
0
LINE
8
BLACK
6
CONTINUOUS
10
4.7070647244094488
20
-4.2490948425196846
11
4.7069448425196851
21
-4.2484922047244096
0
LINE
8
BLACK
6
CONTINUOUS
10
4.7069448425196851
20
-4.2484922047244096
11
4.7069448425196851
21
-4.2391183858267718
0
LINE
8
BLACK
6
CONTINUOUS
10
4.7069448425196851
20
-4.2391183858267718
11
4.7070197637795275
21
-4.2387416535433067
0
LINE
8
BLACK
6
CONTINUOUS
10
4.7070197637795275
20
-4.2387416535433067
11
4.7070119685039371
21
-4.2386635039370075
0
LINE
8
BLACK
6
CONTINUOUS
10
4.7070119685039371
20
-4.2386635039370075
11
4.7070428346456694
21
-4.2386257480314962
0
LINE
8
BLACK
6
CONTINUOUS
10
4.7070428346456694
20
-4.2386257480314962
11
4.7070647244094488
21
-4.2385157480314959
0
LINE
8
BLACK
6
CONTINUOUS
10
4.7070647244094488
20
-4.2385157480314959
11
4.7074394881889763
21
-4.2381409448818896
0
LINE
8
BLACK
6
CONTINUOUS
10
4.7074394881889763
20
-4.2381409448818896
11
4.7077752362204723
21
-4.23773062992126
0
LINE
8
BLACK
6
CONTINUOUS
10
4.7077752362204723
20
-4.23773062992126
11
4.7078825590551183
21
-4.2376978740157476
0
LINE
8
BLACK
6
CONTINUOUS
10
4.7078825590551183
20
-4.2376978740157476
11
4.7079170078740153
21
-4.2376634645669293
0
LINE
8
BLACK
6
CONTINUOUS
10
4.7079170078740153
20
-4.2376634645669293
11
4.7079955118110233
21
-4.2376634645669293
0
LINE
8
BLACK
6
CONTINUOUS
10
4.7079955118110233
20
-4.2376634645669293
11
4.7083629527559054
21
-4.2375514173228348
0
LINE
8
BLACK
6
CONTINUOUS
10
4.7083629527559054
20
-4.2375514173228348
11
4.7177367322834645
21
-4.2366140551181104
0
LINE
8
BLACK
6
CONTINUOUS
10
4.7177367322834645
20
-4.2366140551181104
11
4.7183483070866137
21
-4.2366733464566932
0
LINE
8
BLACK
6
CONTINUOUS
10
4.7199574015748027
20
-4.2169587795275589
11
4.7201501574803144
21
-4.2169681889763782
0
LINE
8
BLACK
6
CONTINUOUS
10
4.7201501574803144
20
-4.2169681889763782
11
4.7238996850393704
21
-4.2179055511811026
0
LINE
8
BLACK
6
CONTINUOUS
10
4.7238996850393704
20
-4.2179055511811026
11
4.7240556299212599
21
-4.2179792125984248
0
LINE
8
BLACK
6
CONTINUOUS
10
4.7240556299212599
20
-4.2179792125984248
11
4.7242220472440941
21
-4.2180248031496062
0
LINE
8
BLACK
6
CONTINUOUS
10
4.7242220472440941
20
-4.2180248031496062
11
4.7260968110236217
21
-4.2189622047244093
0
LINE
8
BLACK
6
CONTINUOUS
10
4.7260968110236217
20
-4.2189622047244093
11
4.7262961417322833
21
-4.2191169291338584
0
LINE
8
BLACK
6
CONTINUOUS
10
4.7262961417322833
20
-4.2191169291338584
11
4.7265060629921258
21
-4.2192571653543309
0
LINE
8
BLACK
6
CONTINUOUS
10
4.7265060629921258
20
-4.2192571653543309
11
4.7283808661417321
21
-4.2211319291338585
0
LINE
8
BLACK
6
CONTINUOUS
10
4.7283808661417321
20
-4.2211319291338585
11
4.7284246850393696
21
-4.2211975196850391
0
LINE
8
BLACK
6
CONTINUOUS
10
4.7284246850393696
20
-4.2211975196850391
11
4.7284570078740158
21
-4.2212137007874011
0
LINE
8
BLACK
6
CONTINUOUS
10
4.7284570078740158
20
-4.2212137007874011
11
4.7285818503937005
21
-4.2214327559055116
0
LINE
8
BLACK
6
CONTINUOUS
10
4.7285818503937005
20
-4.2214327559055116
11
4.728722244094488
21
-4.2216428346456691
0
LINE
8
BLACK
6
CONTINUOUS
10
4.728722244094488
20
-4.2216428346456691
11
4.728722244094488
21
-4.2216789763779525
0
LINE
8
BLACK
6
CONTINUOUS
10
4.728722244094488
20
-4.2216789763779525
11
4.7287612992125982
21
-4.2217475196850396
0
LINE
8
BLACK
6
CONTINUOUS
10
4.7287612992125982
20
-4.2217475196850396
11
4.7296987007874014
21
-4.2245596456692915
0
LINE
8
BLACK
6
CONTINUOUS
10
4.7296987007874014
20
-4.2245596456692915
11
4.7297302362204725
21
-4.2248102362204722
0
LINE
8
BLACK
6
CONTINUOUS
10
4.7297302362204725
20
-4.2248102362204722
11
4.7297794881889761
21
-4.2250576377952758
0
LINE
8
BLACK
6
CONTINUOUS
10
4.7297794881889761
20
-4.2250576377952758
11
4.7297794881889761
21
-4.2269324015748033
0
LINE
8
BLACK
6
CONTINUOUS
10
4.7297794881889761
20
-4.2269324015748033
11
4.7297302362204725
21
-4.227179803149606
0
LINE
8
BLACK
6
CONTINUOUS
10
4.7297302362204725
20
-4.227179803149606
11
4.7296987007874014
21
-4.2274303543307088
0
LINE
8
BLACK
6
CONTINUOUS
10
4.7296987007874014
20
-4.2274303543307088
11
4.7287612992125982
21
-4.2302425590551183
0
LINE
8
BLACK
6
CONTINUOUS
10
4.7287612992125982
20
-4.2302425590551183
11
4.728722244094488
21
-4.2303110629921257
0
LINE
8
BLACK
6
CONTINUOUS
10
4.728722244094488
20
-4.2303110629921257
11
4.728722244094488
21
-4.2303472440944878
0
LINE
8
BLACK
6
CONTINUOUS
10
4.728722244094488
20
-4.2303472440944878
11
4.728581771653543
21
-4.2305574015748029
0
LINE
8
BLACK
6
CONTINUOUS
10
4.728581771653543
20
-4.2305574015748029
11
4.7284570078740158
21
-4.2307763385826771
0
LINE
8
BLACK
6
CONTINUOUS
10
4.7284570078740158
20
-4.2307763385826771
11
4.7284247244094484
21
-4.2307924409448816
0
LINE
8
BLACK
6
CONTINUOUS
10
4.7284247244094484
20
-4.2307924409448816
11
4.7283808661417321
21
-4.2308581496062994
0
LINE
8
BLACK
6
CONTINUOUS
10
4.7283808661417321
20
-4.2308581496062994
11
4.727443464566929
21
-4.2317955118110238
0
LINE
8
BLACK
6
CONTINUOUS
10
4.727443464566929
20
-4.2317955118110238
11
4.7269325590551183
21
-4.2321368503937009
0
LINE
8
BLACK
6
CONTINUOUS
10
4.7269325590551183
20
-4.2321368503937009
11
4.7257272440944877
21
-4.2321368110236222
0
LINE
8
BLACK
6
CONTINUOUS
10
4.7257272440944877
20
-4.2321368110236222
11
4.7248749999999999
21
-4.2312845669291335
0
LINE
8
BLACK
6
CONTINUOUS
10
4.7248749999999999
20
-4.2312845669291335
11
4.7248750393700787
21
-4.2300792519685038
0
LINE
8
BLACK
6
CONTINUOUS
10
4.7248750393700787
20
-4.2300792519685038
11
4.7252163779527558
21
-4.2295683464566931
0
LINE
8
BLACK
6
CONTINUOUS
10
4.7252163779527558
20
-4.2295683464566931
11
4.725890905511811
21
-4.2288938582677167
0
LINE
8
BLACK
6
CONTINUOUS
10
4.725890905511811
20
-4.2288938582677167
11
4.7266298818897639
21
-4.2266768897637794
0
LINE
8
BLACK
6
CONTINUOUS
10
4.7266298818897639
20
-4.2266768897637794
11
4.7266298818897639
21
-4.22531311023622
0
LINE
8
BLACK
6
CONTINUOUS
10
4.7266298818897639
20
-4.22531311023622
11
4.725890905511811
21
-4.2230961811023624
0
LINE
8
BLACK
6
CONTINUOUS
10
4.725890905511811
20
-4.2230961811023624
11
4.7244596456692909
21
-4.2216649999999998
0
LINE
8
BLACK
6
CONTINUOUS
10
4.7244596456692909
20
-4.2216649999999998
11
4.7229680708661412
21
-4.2209192125984254
0
LINE
8
BLACK
6
CONTINUOUS
10
4.7229680708661412
20
-4.2209192125984254
11
4.7195743307086611
21
-4.2200707874015748
0
LINE
8
BLACK
6
CONTINUOUS
10
4.7195743307086611
20
-4.2200707874015748
11
4.7171500000000002
21
-4.2200707874015748
0
LINE
8
BLACK
6
CONTINUOUS
10
4.7171500000000002
20
-4.2200707874015748
11
4.7137562204724412
21
-4.2209192125984254
0
LINE
8
BLACK
6
CONTINUOUS
10
4.7137562204724412
20
-4.2209192125984254
11
4.7122646456692916
21
-4.221664960629921
0
LINE
8
BLACK
6
CONTINUOUS
10
4.7122646456692916
20
-4.221664960629921
11
4.7108334251968502
21
-4.2230961811023624
0
LINE
8
BLACK
6
CONTINUOUS
10
4.7108334251968502
20
-4.2230961811023624
11
4.7100944488188974
21
-4.2253131496062988
0
LINE
8
BLACK
6
CONTINUOUS
10
4.7100944488188974
20
-4.2253131496062988
11
4.7100944488188974
21
-4.2266768503937007
0
LINE
8
BLACK
6
CONTINUOUS
10
4.7100944488188974
20
-4.2266768503937007
11
4.7108334251968502
21
-4.2288938582677167
0
LINE
8
BLACK
6
CONTINUOUS
10
4.7108334251968502
20
-4.2288938582677167
11
4.7115079527559054
21
-4.2295683858267719
0
LINE
8
BLACK
6
CONTINUOUS
10
4.7115079527559054
20
-4.2295683858267719
11
4.7118493307086613
21
-4.2300792913385825
0
LINE
8
BLACK
6
CONTINUOUS
10
4.7118493307086613
20
-4.2300792913385825
11
4.7118493307086613
21
-4.2312845669291335
0
LINE
8
BLACK
6
CONTINUOUS
10
4.7118493307086613
20
-4.2312845669291335
11
4.7109970472440947
21
-4.2321368503937009
0
LINE
8
BLACK
6
CONTINUOUS
10
4.7109970472440947
20
-4.2321368503937009
11
4.7097917716535429
21
-4.2321368503937009
0
LINE
8
BLACK
6
CONTINUOUS
10
4.7097917716535429
20
-4.2321368503937009
11
4.7092808661417322
21
-4.231795472440945
0
LINE
8
BLACK
6
CONTINUOUS
10
4.7092808661417322
20
-4.231795472440945
11
4.7083435039370078
21
-4.2308581102362206
0
LINE
8
BLACK
6
CONTINUOUS
10
4.7083435039370078
20
-4.2308581102362206
11
4.7082996850393704
21
-4.2307925196850391
0
LINE
8
BLACK
6
CONTINUOUS
10
4.7082996850393704
20
-4.2307925196850391
11
4.7082673622047242
21
-4.2307763779527559
0
LINE
8
BLACK
6
CONTINUOUS
10
4.7082673622047242
20
-4.2307763779527559
11
4.7081423228346457
21
-4.2305570078740153
0
LINE
8
BLACK
6
CONTINUOUS
10
4.7081423228346457
20
-4.2305570078740153
11
4.7080021259842519
21
-4.2303472047244091
0
LINE
8
BLACK
6
CONTINUOUS
10
4.7080021259842519
20
-4.2303472047244091
11
4.7080021259842519
21
-4.2303110629921257
0
LINE
8
BLACK
6
CONTINUOUS
10
4.7080021259842519
20
-4.2303110629921257
11
4.7079630708661417
21
-4.2302425590551183
0
LINE
8
BLACK
6
CONTINUOUS
10
4.7079630708661417
20
-4.2302425590551183
11
4.7070256692913386
21
-4.2274303937007875
0
LINE
8
BLACK
6
CONTINUOUS
10
4.7070256692913386
20
-4.2274303937007875
11
4.7069940944881887
21
-4.2271800787401572
0
LINE
8
BLACK
6
CONTINUOUS
10
4.7069940944881887
20
-4.2271800787401572
11
4.7069448425196851
21
-4.2269324015748033
0
LINE
8
BLACK
6
CONTINUOUS
10
4.7069448425196851
20
-4.2269324015748033
11
4.7069448425196851
21
-4.2250576377952758
0
LINE
8
BLACK
6
CONTINUOUS
10
4.7069448425196851
20
-4.2250576377952758
11
4.7069940944881887
21
-4.2248099212598422
0
LINE
8
BLACK
6
CONTINUOUS
10
4.7069940944881887
20
-4.2248099212598422
11
4.7070256692913386
21
-4.2245596456692915
0
LINE
8
BLACK
6
CONTINUOUS
10
4.7070256692913386
20
-4.2245596456692915
11
4.7079630708661417
21
-4.2217475196850396
0
LINE
8
BLACK
6
CONTINUOUS
10
4.7079630708661417
20
-4.2217475196850396
11
4.7080021259842519
21
-4.2216789763779525
0
LINE
8
BLACK
6
CONTINUOUS
10
4.7080021259842519
20
-4.2216789763779525
11
4.7080021259842519
21
-4.2216428740157479
0
LINE
8
BLACK
6
CONTINUOUS
10
4.7080021259842519
20
-4.2216428740157479
11
4.7081423228346457
21
-4.2214330314960629
0
LINE
8
BLACK
6
CONTINUOUS
10
4.7081423228346457
20
-4.2214330314960629
11
4.7082673622047242
21
-4.2212137007874011
0
LINE
8
BLACK
6
CONTINUOUS
10
4.7082673622047242
20
-4.2212137007874011
11
4.7082996850393704
21
-4.2211975196850391
0
LINE
8
BLACK
6
CONTINUOUS
10
4.7082996850393704
20
-4.2211975196850391
11
4.7083435039370078
21
-4.2211319685039372
0
LINE
8
BLACK
6
CONTINUOUS
10
4.7083435039370078
20
-4.2211319685039372
11
4.7102182283464566
21
-4.2192572047244097
0
LINE
8
BLACK
6
CONTINUOUS
10
4.7102182283464566
20
-4.2192572047244097
11
4.7104281496062992
21
-4.2191168897637796
0
LINE
8
BLACK
6
CONTINUOUS
10
4.7104281496062992
20
-4.2191168897637796
11
4.7106275196850396
21
-4.2189622047244093
0
LINE
8
BLACK
6
CONTINUOUS
10
4.7106275196850396
20
-4.2189622047244093
11
4.7125022834645671
21
-4.2180248031496062
0
LINE
8
BLACK
6
CONTINUOUS
10
4.7125022834645671
20
-4.2180248031496062
11
4.7126686614173225
21
-4.2179792125984248
0
LINE
8
BLACK
6
CONTINUOUS
10
4.7126686614173225
20
-4.2179792125984248
11
4.7128246456692908
21
-4.2179055511811026
0
LINE
8
BLACK
6
CONTINUOUS
10
4.7128246456692908
20
-4.2179055511811026
11
4.7165741732283459
21
-4.2169681889763782
0
LINE
8
BLACK
6
CONTINUOUS
10
4.7165741732283459
20
-4.2169681889763782
11
4.7167668897637798
21
-4.2169587795275589
0
LINE
8
BLACK
6
CONTINUOUS
10
4.7167668897637798
20
-4.2169587795275589
11
4.7169561023622046
21
-4.2169211811023617
0
LINE
8
BLACK
6
CONTINUOUS
10
4.7169561023622046
20
-4.2169211811023617
11
4.7197682283464566
21
-4.2169211811023617
0
LINE
8
BLACK
6
CONTINUOUS
10
4.7197682283464566
20
-4.2169211811023617
11
4.7199574015748027
21
-4.2169587795275589
0
LINE
8
BLACK
6
CONTINUOUS
10
4.7446214173228345
20
-4.2021478740157479
11
4.7456867716535429
21
-4.2032132283464563
0
LINE
8
BLACK
6
CONTINUOUS
10
4.7456867716535429
20
-4.2032132283464563
11
4.7458366141732284
21
-4.2039665354330706
0
LINE
8
BLACK
6
CONTINUOUS
10
4.7458366141732284
20
-4.2039665354330706
11
4.7458366141732284
21
-4.2827066929133855
0
LINE
8
BLACK
6
CONTINUOUS
10
4.7458366141732284
20
-4.2827066929133855
11
4.7456867716535429
21
-4.2834599999999998
0
LINE
8
BLACK
6
CONTINUOUS
10
4.7456867716535429
20
-4.2834599999999998
11
4.7446214173228345
21
-4.2845253543307082
0
LINE
8
BLACK
6
CONTINUOUS
10
4.7446214173228345
20
-4.2845253543307082
11
4.7438681102362201
21
-4.2846751968503938
0
LINE
8
BLACK
6
CONTINUOUS
10
4.7438681102362201
20
-4.2846751968503938
11
4.6946555118110238
21
-4.2846751968503938
0
LINE
8
BLACK
6
CONTINUOUS
10
4.6946555118110238
20
-4.2846751968503938
11
4.6939022047244094
21
-4.2845253543307082
0
LINE
8
BLACK
6
CONTINUOUS
10
4.6939022047244094
20
-4.2845253543307082
11
4.692836850393701
21
-4.2834599999999998
0
LINE
8
BLACK
6
CONTINUOUS
10
4.692836850393701
20
-4.2834599999999998
11
4.6926870078740155
21
-4.2827066929133855
0
LINE
8
BLACK
6
CONTINUOUS
10
4.6926870078740155
20
-4.2827066929133855
11
4.6926870078740155
21
-4.2039665354330706
0
LINE
8
BLACK
6
CONTINUOUS
10
4.6926870078740155
20
-4.2039665354330706
11
4.692836850393701
21
-4.2032132283464563
0
LINE
8
BLACK
6
CONTINUOUS
10
4.692836850393701
20
-4.2032132283464563
11
4.6939022047244094
21
-4.2021478740157479
0
LINE
8
BLACK
6
CONTINUOUS
10
4.6939022047244094
20
-4.2021478740157479
11
4.6946555118110238
21
-4.2019980314960632
0
LINE
8
BLACK
6
CONTINUOUS
10
4.6946555118110238
20
-4.2019980314960632
11
4.7438681102362201
21
-4.2019980314960632
0
LINE
8
BLACK
6
CONTINUOUS
10
4.7438681102362201
20
-4.2019980314960632
11
4.7446214173228345
21
-4.2021478740157479
0
LINE
8
BLACK
6
CONTINUOUS
10
4.6966240157480312
20
-4.205935039370079
11
4.6966240157480312
21
-4.280738188976378
0
LINE
8
BLACK
6
CONTINUOUS
10
4.6966240157480312
20
-4.280738188976378
11
4.7418996062992127
21
-4.280738188976378
0
LINE
8
BLACK
6
CONTINUOUS
10
4.7418996062992127
20
-4.280738188976378
11
4.7418996062992127
21
-4.205935039370079
0
LINE
8
BLACK
6
CONTINUOUS
10
4.7418996062992127
20
-4.205935039370079
11
4.6966240157480312
21
-4.205935039370079
0
LINE
8
BLACK
6
CONTINUOUS
10
5.9527246456692913
20
-4.242763307086614
11
5.9529838188976374
21
-4.242763307086614
0
LINE
8
BLACK
6
CONTINUOUS
10
5.9529838188976374
20
-4.242763307086614
11
5.9532429921259844
21
-4.2430224803149601
0
LINE
8
BLACK
6
CONTINUOUS
10
5.9532429921259844
20
-4.2430224803149601
11
5.9535708661417326
21
-4.2431864173228346
0
LINE
8
BLACK
6
CONTINUOUS
10
5.9535708661417326
20
-4.2431864173228346
11
5.953652834645669
21
-4.2434323228346456
0
LINE
8
BLACK
6
CONTINUOUS
10
5.953652834645669
20
-4.2434323228346456
11
5.9538361023622048
21
-4.2436155905511814
0
LINE
8
BLACK
6
CONTINUOUS
10
5.9538361023622048
20
-4.2436155905511814
11
5.9539559842519685
21
-4.2442182283464565
0
LINE
8
BLACK
6
CONTINUOUS
10
5.9539559842519685
20
-4.2442182283464565
11
5.9539559842519685
21
-4.2520172440944881
0
LINE
8
BLACK
6
CONTINUOUS
10
5.9539559842519685
20
-4.2520172440944881
11
5.9589428740157482
21
-4.2520172440944881
0
LINE
8
BLACK
6
CONTINUOUS
10
5.9589428740157482
20
-4.2520172440944881
11
5.9595455118110232
21
-4.2521371259842518
0
LINE
8
BLACK
6
CONTINUOUS
10
5.9595455118110232
20
-4.2521371259842518
11
5.9603977952755907
21
-4.2529894094488192
0
LINE
8
BLACK
6
CONTINUOUS
10
5.9603977952755907
20
-4.2529894094488192
11
5.9603977952755907
21
-4.2541946850393701
0
LINE
8
BLACK
6
CONTINUOUS
10
5.9603977952755907
20
-4.2541946850393701
11
5.9595455118110232
21
-4.2550469685039367
0
LINE
8
BLACK
6
CONTINUOUS
10
5.9595455118110232
20
-4.2550469685039367
11
5.9589428740157482
21
-4.2551668503937004
0
LINE
8
BLACK
6
CONTINUOUS
10
5.9589428740157482
20
-4.2551668503937004
11
5.9539559842519685
21
-4.2551668503937004
0
LINE
8
BLACK
6
CONTINUOUS
10
5.9539559842519685
20
-4.2551668503937004
11
5.9539559842519685
21
-4.2564041732283462
0
LINE
8
BLACK
6
CONTINUOUS
10
5.9539559842519685
20
-4.2564041732283462
11
5.9538361023622048
21
-4.2570068110236221
0
LINE
8
BLACK
6
CONTINUOUS
10
5.9538361023622048
20
-4.2570068110236221
11
5.9529838188976374
21
-4.2578590944881887
0
LINE
8
BLACK
6
CONTINUOUS
10
5.9529838188976374
20
-4.2578590944881887
11
5.9517785433070864
21
-4.2578590944881887
0
LINE
8
BLACK
6
CONTINUOUS
10
5.9517785433070864
20
-4.2578590944881887
11
5.9509262598425199
21
-4.2570068110236221
0
LINE
8
BLACK
6
CONTINUOUS
10
5.9509262598425199
20
-4.2570068110236221
11
5.9508063779527554
21
-4.2564041732283462
0
LINE
8
BLACK
6
CONTINUOUS
10
5.9508063779527554
20
-4.2564041732283462
11
5.9508063779527554
21
-4.2551668503937004
0
LINE
8
BLACK
6
CONTINUOUS
10
5.9508063779527554
20
-4.2551668503937004
11
5.9458195275590553
21
-4.2551668503937004
0
LINE
8
BLACK
6
CONTINUOUS
10
5.9458195275590553
20
-4.2551668503937004
11
5.9452168897637794
21
-4.2550469685039367
0
LINE
8
BLACK
6
CONTINUOUS
10
5.9452168897637794
20
-4.2550469685039367
11
5.9443646062992128
21
-4.2541946850393701
0
LINE
8
BLACK
6
CONTINUOUS
10
5.9443646062992128
20
-4.2541946850393701
11
5.9443646062992128
21
-4.2529894094488192
0
LINE
8
BLACK
6
CONTINUOUS
10
5.9443646062992128
20
-4.2529894094488192
11
5.9452168897637794
21
-4.2521371259842518
0
LINE
8
BLACK
6
CONTINUOUS
10
5.9452168897637794
20
-4.2521371259842518
11
5.9458195275590553
21
-4.2520172440944881
0
LINE
8
BLACK
6
CONTINUOUS
10
5.9458195275590553
20
-4.2520172440944881
11
5.9508063779527554
21
-4.2520172440944881
0
LINE
8
BLACK
6
CONTINUOUS
10
5.9508063779527554
20
-4.2520172440944881
11
5.9508063779527554
21
-4.2464031102362201
0
LINE
8
BLACK
6
CONTINUOUS
10
5.9508063779527554
20
-4.2464031102362201
11
5.9388184645669293
21
-4.2503990944881886
0
LINE
8
BLACK
6
CONTINUOUS
10
5.9388184645669293
20
-4.2503990944881886
11
5.9382088582677168
21
-4.2504759448818898
0
LINE
8
BLACK
6
CONTINUOUS
10
5.9382088582677168
20
-4.2504759448818898
11
5.9371307874015748
21
-4.2499369291338578
0
LINE
8
BLACK
6
CONTINUOUS
10
5.9371307874015748
20
-4.2499369291338578
11
5.9367496456692912
21
-4.2487935039370077
0
LINE
8
BLACK
6
CONTINUOUS
10
5.9367496456692912
20
-4.2487935039370077
11
5.9372886614173224
21
-4.2477154330708657
0
LINE
8
BLACK
6
CONTINUOUS
10
5.9372886614173224
20
-4.2477154330708657
11
5.9378224803149608
21
-4.2474111417322833
0
LINE
8
BLACK
6
CONTINUOUS
10
5.9378224803149608
20
-4.2474111417322833
11
5.9518831889763781
21
-4.2427242519685038
0
LINE
8
BLACK
6
CONTINUOUS
10
5.9518831889763781
20
-4.2427242519685038
11
5.9524928346456694
21
-4.2426474015748035
0
LINE
8
BLACK
6
CONTINUOUS
10
5.9524928346456694
20
-4.2426474015748035
11
5.9527246456692913
21
-4.242763307086614
0
LINE
8
BLACK
6
CONTINUOUS
10
5.9506955905511809
20
-4.222995984251968
11
5.9508883464566926
21
-4.2230053937007872
0
LINE
8
BLACK
6
CONTINUOUS
10
5.9508883464566926
20
-4.2230053937007872
11
5.9546378740157477
21
-4.2239427559055116
0
LINE
8
BLACK
6
CONTINUOUS
10
5.9546378740157477
20
-4.2239427559055116
11
5.9547938188976373
21
-4.2240164173228347
0
LINE
8
BLACK
6
CONTINUOUS
10
5.9547938188976373
20
-4.2240164173228347
11
5.9549602362204723
21
-4.2240620078740161
0
LINE
8
BLACK
6
CONTINUOUS
10
5.9549602362204723
20
-4.2240620078740161
11
5.9568349999999999
21
-4.2249994094488192
0
LINE
8
BLACK
6
CONTINUOUS
10
5.9568349999999999
20
-4.2249994094488192
11
5.9570343307086615
21
-4.2251541338582674
0
LINE
8
BLACK
6
CONTINUOUS
10
5.9570343307086615
20
-4.2251541338582674
11
5.957244251968504
21
-4.22529437007874
0
LINE
8
BLACK
6
CONTINUOUS
10
5.957244251968504
20
-4.22529437007874
11
5.9591190551181104
21
-4.2271691338582675
0
LINE
8
BLACK
6
CONTINUOUS
10
5.9591190551181104
20
-4.2271691338582675
11
5.9591628740157478
21
-4.227234724409449
0
LINE
8
BLACK
6
CONTINUOUS
10
5.9591628740157478
20
-4.227234724409449
11
5.959195196850394
21
-4.227250905511811
0
LINE
8
BLACK
6
CONTINUOUS
10
5.959195196850394
20
-4.227250905511811
11
5.9593200393700787
21
-4.2274699606299215
0
LINE
8
BLACK
6
CONTINUOUS
10
5.9593200393700787
20
-4.2274699606299215
11
5.9594604330708663
21
-4.2276800393700791
0
LINE
8
BLACK
6
CONTINUOUS
10
5.9594604330708663
20
-4.2276800393700791
11
5.9594604330708663
21
-4.2277161811023625
0
LINE
8
BLACK
6
CONTINUOUS
10
5.9594604330708663
20
-4.2277161811023625
11
5.9594994881889765
21
-4.2277847244094486
0
LINE
8
BLACK
6
CONTINUOUS
10
5.9594994881889765
20
-4.2277847244094486
11
5.9604368897637796
21
-4.2305968503937006
0
LINE
8
BLACK
6
CONTINUOUS
10
5.9604368897637796
20
-4.2305968503937006
11
5.9604684251968498
21
-4.2308474409448822
0
LINE
8
BLACK
6
CONTINUOUS
10
5.9604684251968498
20
-4.2308474409448822
11
5.9605176771653543
21
-4.2310948425196848
0
LINE
8
BLACK
6
CONTINUOUS
10
5.9605176771653543
20
-4.2310948425196848
11
5.9605176771653543
21
-4.2329696062992124
0
LINE
8
BLACK
6
CONTINUOUS
10
5.9605176771653543
20
-4.2329696062992124
11
5.9604684251968498
21
-4.2332170078740159
0
LINE
8
BLACK
6
CONTINUOUS
10
5.9604684251968498
20
-4.2332170078740159
11
5.9604368897637796
21
-4.2334675590551178
0
LINE
8
BLACK
6
CONTINUOUS
10
5.9604368897637796
20
-4.2334675590551178
11
5.9594994881889765
21
-4.2362797637795273
0
LINE
8
BLACK
6
CONTINUOUS
10
5.9594994881889765
20
-4.2362797637795273
11
5.9594604330708663
21
-4.2363482677165356
0
LINE
8
BLACK
6
CONTINUOUS
10
5.9594604330708663
20
-4.2363482677165356
11
5.9594604330708663
21
-4.2363844488188978
0
LINE
8
BLACK
6
CONTINUOUS
10
5.9594604330708663
20
-4.2363844488188978
11
5.9593199606299212
21
-4.2365946062992128
0
LINE
8
BLACK
6
CONTINUOUS
10
5.9593199606299212
20
-4.2365946062992128
11
5.959195196850394
21
-4.2368135433070861
0
LINE
8
BLACK
6
CONTINUOUS
10
5.959195196850394
20
-4.2368135433070861
11
5.9591629133858266
21
-4.2368296456692915
0
LINE
8
BLACK
6
CONTINUOUS
10
5.9591629133858266
20
-4.2368296456692915
11
5.9591190551181104
21
-4.2368953543307084
0
LINE
8
BLACK
6
CONTINUOUS
10
5.9591190551181104
20
-4.2368953543307084
11
5.9581816535433072
21
-4.2378327165354328
0
LINE
8
BLACK
6
CONTINUOUS
10
5.9581816535433072
20
-4.2378327165354328
11
5.9576707480314957
21
-4.23817405511811
0
LINE
8
BLACK
6
CONTINUOUS
10
5.9576707480314957
20
-4.23817405511811
11
5.956465433070866
21
-4.2381740157480312
0
LINE
8
BLACK
6
CONTINUOUS
10
5.956465433070866
20
-4.2381740157480312
11
5.9556131889763781
21
-4.2373217716535434
0
LINE
8
BLACK
6
CONTINUOUS
10
5.9556131889763781
20
-4.2373217716535434
11
5.9556132283464569
21
-4.2361164566929137
0
LINE
8
BLACK
6
CONTINUOUS
10
5.9556132283464569
20
-4.2361164566929137
11
5.9559545669291341
21
-4.2356055511811022
0
LINE
8
BLACK
6
CONTINUOUS
10
5.9559545669291341
20
-4.2356055511811022
11
5.9566290944881892
21
-4.2349310629921257
0
LINE
8
BLACK
6
CONTINUOUS
10
5.9566290944881892
20
-4.2349310629921257
11
5.9573680708661412
21
-4.2327140944881885
0
LINE
8
BLACK
6
CONTINUOUS
10
5.9573680708661412
20
-4.2327140944881885
11
5.9573680708661412
21
-4.23135031496063
0
LINE
8
BLACK
6
CONTINUOUS
10
5.9573680708661412
20
-4.23135031496063
11
5.9566290944881892
21
-4.2291333858267715
0
LINE
8
BLACK
6
CONTINUOUS
10
5.9566290944881892
20
-4.2291333858267715
11
5.9551978346456691
21
-4.2277022047244097
0
LINE
8
BLACK
6
CONTINUOUS
10
5.9551978346456691
20
-4.2277022047244097
11
5.9537062598425194
21
-4.2269564173228344
0
LINE
8
BLACK
6
CONTINUOUS
10
5.9537062598425194
20
-4.2269564173228344
11
5.9503125196850393
21
-4.2261079921259839
0
LINE
8
BLACK
6
CONTINUOUS
10
5.9503125196850393
20
-4.2261079921259839
11
5.9478881889763775
21
-4.2261079921259839
0
LINE
8
BLACK
6
CONTINUOUS
10
5.9478881889763775
20
-4.2261079921259839
11
5.9444944094488186
21
-4.2269564173228344
0
LINE
8
BLACK
6
CONTINUOUS
10
5.9444944094488186
20
-4.2269564173228344
11
5.9430028346456689
21
-4.227702165354331
0
LINE
8
BLACK
6
CONTINUOUS
10
5.9430028346456689
20
-4.227702165354331
11
5.9415716141732284
21
-4.2291333858267715
0
LINE
8
BLACK
6
CONTINUOUS
10
5.9415716141732284
20
-4.2291333858267715
11
5.9408326377952756
21
-4.2313503543307087
0
LINE
8
BLACK
6
CONTINUOUS
10
5.9408326377952756
20
-4.2313503543307087
11
5.9408326377952756
21
-4.2327140551181097
0
LINE
8
BLACK
6
CONTINUOUS
10
5.9408326377952756
20
-4.2327140551181097
11
5.9415716141732284
21
-4.2349310629921257
0
LINE
8
BLACK
6
CONTINUOUS
10
5.9415716141732284
20
-4.2349310629921257
11
5.9422461417322836
21
-4.2356055905511809
0
LINE
8
BLACK
6
CONTINUOUS
10
5.9422461417322836
20
-4.2356055905511809
11
5.9425875196850395
21
-4.2361164960629925
0
LINE
8
BLACK
6
CONTINUOUS
10
5.9425875196850395
20
-4.2361164960629925
11
5.9425875196850395
21
-4.2373217716535434
0
LINE
8
BLACK
6
CONTINUOUS
10
5.9425875196850395
20
-4.2373217716535434
11
5.9417352362204721
21
-4.23817405511811
0
LINE
8
BLACK
6
CONTINUOUS
10
5.9417352362204721
20
-4.23817405511811
11
5.9405299606299211
21
-4.23817405511811
0
LINE
8
BLACK
6
CONTINUOUS
10
5.9405299606299211
20
-4.23817405511811
11
5.9400190551181105
21
-4.2378326771653541
0
LINE
8
BLACK
6
CONTINUOUS
10
5.9400190551181105
20
-4.2378326771653541
11
5.9390816929133861
21
-4.2368953149606297
0
LINE
8
BLACK
6
CONTINUOUS
10
5.9390816929133861
20
-4.2368953149606297
11
5.9390378740157477
21
-4.236829724409449
0
LINE
8
BLACK
6
CONTINUOUS
10
5.9390378740157477
20
-4.236829724409449
11
5.9390055511811024
21
-4.2368135826771649
0
LINE
8
BLACK
6
CONTINUOUS
10
5.9390055511811024
20
-4.2368135826771649
11
5.9388805118110231
21
-4.2365942125984253
0
LINE
8
BLACK
6
CONTINUOUS
10
5.9388805118110231
20
-4.2365942125984253
11
5.9387403149606302
21
-4.236384409448819
0
LINE
8
BLACK
6
CONTINUOUS
10
5.9387403149606302
20
-4.236384409448819
11
5.9387403149606302
21
-4.2363482677165356
0
LINE
8
BLACK
6
CONTINUOUS
10
5.9387403149606302
20
-4.2363482677165356
11
5.93870125984252
21
-4.2362797637795273
0
LINE
8
BLACK
6
CONTINUOUS
10
5.93870125984252
20
-4.2362797637795273
11
5.9377638582677168
21
-4.2334675984251966
0
LINE
8
BLACK
6
CONTINUOUS
10
5.9377638582677168
20
-4.2334675984251966
11
5.9377322834645669
21
-4.2332172834645672
0
LINE
8
BLACK
6
CONTINUOUS
10
5.9377322834645669
20
-4.2332172834645672
11
5.9376830314960625
21
-4.2329696062992124
0
LINE
8
BLACK
6
CONTINUOUS
10
5.9376830314960625
20
-4.2329696062992124
11
5.9376830314960625
21
-4.2310948425196848
0
LINE
8
BLACK
6
CONTINUOUS
10
5.9376830314960625
20
-4.2310948425196848
11
5.9377322834645669
21
-4.2308471259842522
0
LINE
8
BLACK
6
CONTINUOUS
10
5.9377322834645669
20
-4.2308471259842522
11
5.9377638582677168
21
-4.2305968503937006
0
LINE
8
BLACK
6
CONTINUOUS
10
5.9377638582677168
20
-4.2305968503937006
11
5.93870125984252
21
-4.2277847244094486
0
LINE
8
BLACK
6
CONTINUOUS
10
5.93870125984252
20
-4.2277847244094486
11
5.9387403149606302
21
-4.2277161811023625
0
LINE
8
BLACK
6
CONTINUOUS
10
5.9387403149606302
20
-4.2277161811023625
11
5.9387403149606302
21
-4.2276800787401569
0
LINE
8
BLACK
6
CONTINUOUS
10
5.9387403149606302
20
-4.2276800787401569
11
5.9388805118110231
21
-4.2274702362204719
0
LINE
8
BLACK
6
CONTINUOUS
10
5.9388805118110231
20
-4.2274702362204719
11
5.9390055511811024
21
-4.227250905511811
0
LINE
8
BLACK
6
CONTINUOUS
10
5.9390055511811024
20
-4.227250905511811
11
5.9390378740157477
21
-4.227234724409449
0
LINE
8
BLACK
6
CONTINUOUS
10
5.9390378740157477
20
-4.227234724409449
11
5.9390816929133861
21
-4.2271691732283463
0
LINE
8
BLACK
6
CONTINUOUS
10
5.9390816929133861
20
-4.2271691732283463
11
5.9409564173228349
21
-4.2252944094488187
0
LINE
8
BLACK
6
CONTINUOUS
10
5.9409564173228349
20
-4.2252944094488187
11
5.9411663385826774
21
-4.2251540944881887
0
LINE
8
BLACK
6
CONTINUOUS
10
5.9411663385826774
20
-4.2251540944881887
11
5.9413657086614169
21
-4.2249994094488192
0
LINE
8
BLACK
6
CONTINUOUS
10
5.9413657086614169
20
-4.2249994094488192
11
5.9432404724409444
21
-4.2240620078740161
0
LINE
8
BLACK
6
CONTINUOUS
10
5.9432404724409444
20
-4.2240620078740161
11
5.9434068503937008
21
-4.2240164173228347
0
LINE
8
BLACK
6
CONTINUOUS
10
5.9434068503937008
20
-4.2240164173228347
11
5.943562834645669
21
-4.2239427559055116
0
LINE
8
BLACK
6
CONTINUOUS
10
5.943562834645669
20
-4.2239427559055116
11
5.9473123622047241
21
-4.2230053937007872
0
LINE
8
BLACK
6
CONTINUOUS
10
5.9473123622047241
20
-4.2230053937007872
11
5.9475050787401571
21
-4.222995984251968
0
LINE
8
BLACK
6
CONTINUOUS
10
5.9475050787401571
20
-4.222995984251968
11
5.9476942913385829
21
-4.2229583858267716
0
LINE
8
BLACK
6
CONTINUOUS
10
5.9476942913385829
20
-4.2229583858267716
11
5.9505064173228348
21
-4.2229583858267716
0
LINE
8
BLACK
6
CONTINUOUS
10
5.9505064173228348
20
-4.2229583858267716
11
5.9506955905511809
21
-4.222995984251968
0
LINE
8
BLACK
6
CONTINUOUS
10
5.9753596062992127
20
-4.19881125984252
11
5.9764249606299211
21
-4.1998766141732284
0
LINE
8
BLACK
6
CONTINUOUS
10
5.9764249606299211
20
-4.1998766141732284
11
5.9765748031496058
21
-4.2006299212598428
0
LINE
8
BLACK
6
CONTINUOUS
10
5.9765748031496058
20
-4.2006299212598428
11
5.9765748031496058
21
-4.2793700787401576
0
LINE
8
BLACK
6
CONTINUOUS
10
5.9765748031496058
20
-4.2793700787401576
11
5.9764249606299211
21
-4.280123385826772
0
LINE
8
BLACK
6
CONTINUOUS
10
5.9764249606299211
20
-4.280123385826772
11
5.9753596062992127
21
-4.2811887401574804
0
LINE
8
BLACK
6
CONTINUOUS
10
5.9753596062992127
20
-4.2811887401574804
11
5.9746062992125983
21
-4.281338582677165
0
LINE
8
BLACK
6
CONTINUOUS
10
5.9746062992125983
20
-4.281338582677165
11
5.9253937007874011
21
-4.281338582677165
0
LINE
8
BLACK
6
CONTINUOUS
10
5.9253937007874011
20
-4.281338582677165
11
5.9246403937007877
21
-4.2811887401574804
0
LINE
8
BLACK
6
CONTINUOUS
10
5.9246403937007877
20
-4.2811887401574804
11
5.9235750393700783
21
-4.280123385826772
0
LINE
8
BLACK
6
CONTINUOUS
10
5.9235750393700783
20
-4.280123385826772
11
5.9234251968503937
21
-4.2793700787401576
0
LINE
8
BLACK
6
CONTINUOUS
10
5.9234251968503937
20
-4.2793700787401576
11
5.9234251968503937
21
-4.2006299212598428
0
LINE
8
BLACK
6
CONTINUOUS
10
5.9234251968503937
20
-4.2006299212598428
11
5.9235750393700783
21
-4.1998766141732284
0
LINE
8
BLACK
6
CONTINUOUS
10
5.9235750393700783
20
-4.1998766141732284
11
5.9246403937007877
21
-4.19881125984252
0
LINE
8
BLACK
6
CONTINUOUS
10
5.9246403937007877
20
-4.19881125984252
11
5.9253937007874011
21
-4.1986614173228345
0
LINE
8
BLACK
6
CONTINUOUS
10
5.9253937007874011
20
-4.1986614173228345
11
5.9746062992125983
21
-4.1986614173228345
0
LINE
8
BLACK
6
CONTINUOUS
10
5.9746062992125983
20
-4.1986614173228345
11
5.9753596062992127
21
-4.19881125984252
0
LINE
8
BLACK
6
CONTINUOUS
10
5.9273622047244094
20
-4.2025984251968502
11
5.9273622047244094
21
-4.2774015748031493
0
LINE
8
BLACK
6
CONTINUOUS
10
5.9273622047244094
20
-4.2774015748031493
11
5.97263779527559
21
-4.2774015748031493
0
LINE
8
BLACK
6
CONTINUOUS
10
5.97263779527559
20
-4.2774015748031493
11
5.97263779527559
21
-4.2025984251968502
0
LINE
8
BLACK
6
CONTINUOUS
10
5.97263779527559
20
-4.2025984251968502
11
5.9273622047244094
21
-4.2025984251968502
0
LINE
8
BLACK
6
CONTINUOUS
10
6.069086496062992
20
-4.2520843700787401
11
6.0691509842519684
21
-4.2521371259842518
0
LINE
8
BLACK
6
CONTINUOUS
10
6.0691509842519684
20
-4.2521371259842518
11
6.0692342913385824
21
-4.2521371259842518
0
LINE
8
BLACK
6
CONTINUOUS
10
6.0692342913385824
20
-4.2521371259842518
11
6.0696092125984249
21
-4.2525120472440943
0
LINE
8
BLACK
6
CONTINUOUS
10
6.0696092125984249
20
-4.2525120472440943
11
6.0700193700787404
21
-4.2528476377952753
0
LINE
8
BLACK
6
CONTINUOUS
10
6.0700193700787404
20
-4.2528476377952753
11
6.0700276377952758
21
-4.2529304724409451
0
LINE
8
BLACK
6
CONTINUOUS
10
6.0700276377952758
20
-4.2529304724409451
11
6.0700865748031498
21
-4.2529894094488192
0
LINE
8
BLACK
6
CONTINUOUS
10
6.0700865748031498
20
-4.2529894094488192
11
6.0700865748031498
21
-4.2535197244094487
0
LINE
8
BLACK
6
CONTINUOUS
10
6.0700865748031498
20
-4.2535197244094487
11
6.0701392913385828
21
-4.2540469291338585
0
LINE
8
BLACK
6
CONTINUOUS
10
6.0701392913385828
20
-4.2540469291338585
11
6.0700865748031498
21
-4.2541113385826774
0
LINE
8
BLACK
6
CONTINUOUS
10
6.0700865748031498
20
-4.2541113385826774
11
6.0700865748031498
21
-4.2541946850393701
0
LINE
8
BLACK
6
CONTINUOUS
10
6.0700865748031498
20
-4.2541946850393701
11
6.0697451968503939
21
-4.2547055905511808
0
LINE
8
BLACK
6
CONTINUOUS
10
6.0697451968503939
20
-4.2547055905511808
11
6.0689885433070865
21
-4.2554622047244095
0
LINE
8
BLACK
6
CONTINUOUS
10
6.0689885433070865
20
-4.2554622047244095
11
6.0683316929133859
21
-4.2567759448818894
0
LINE
8
BLACK
6
CONTINUOUS
10
6.0683316929133859
20
-4.2567759448818894
11
6.0683316929133859
21
-4.2607192913385825
0
LINE
8
BLACK
6
CONTINUOUS
10
6.0683316929133859
20
-4.2607192913385825
11
6.0689885433070865
21
-4.2620330314960633
0
LINE
8
BLACK
6
CONTINUOUS
10
6.0689885433070865
20
-4.2620330314960633
11
6.0695644488188973
21
-4.2626089370078741
0
LINE
8
BLACK
6
CONTINUOUS
10
6.0695644488188973
20
-4.2626089370078741
11
6.0708781889763781
21
-4.2632658267716534
0
LINE
8
BLACK
6
CONTINUOUS
10
6.0708781889763781
20
-4.2632658267716534
11
6.0748215748031491
21
-4.2632658267716534
0
LINE
8
BLACK
6
CONTINUOUS
10
6.0748215748031491
20
-4.2632658267716534
11
6.0761352362204724
21
-4.2626089370078741
0
LINE
8
BLACK
6
CONTINUOUS
10
6.0761352362204724
20
-4.2626089370078741
11
6.0767112598425195
21
-4.2620329921259845
0
LINE
8
BLACK
6
CONTINUOUS
10
6.0767112598425195
20
-4.2620329921259845
11
6.0773680708661413
21
-4.26071937007874
0
LINE
8
BLACK
6
CONTINUOUS
10
6.0773680708661413
20
-4.26071937007874
11
6.0773680708661413
21
-4.2567758661417319
0
LINE
8
BLACK
6
CONTINUOUS
10
6.0773680708661413
20
-4.2567758661417319
11
6.0767112598425195
21
-4.2554622440944883
0
LINE
8
BLACK
6
CONTINUOUS
10
6.0767112598425195
20
-4.2554622440944883
11
6.0759545669291342
21
-4.2547056299212596
0
LINE
8
BLACK
6
CONTINUOUS
10
6.0759545669291342
20
-4.2547056299212596
11
6.0756132283464561
21
-4.2541947244094489
0
LINE
8
BLACK
6
CONTINUOUS
10
6.0756132283464561
20
-4.2541947244094489
11
6.0756131889763783
21
-4.2529894094488192
0
LINE
8
BLACK
6
CONTINUOUS
10
6.0756131889763783
20
-4.2529894094488192
11
6.0764654330708661
21
-4.2521371653543305
0
LINE
8
BLACK
6
CONTINUOUS
10
6.0764654330708661
20
-4.2521371653543305
11
6.0776707480314958
21
-4.2521371259842518
0
LINE
8
BLACK
6
CONTINUOUS
10
6.0776707480314958
20
-4.2521371259842518
11
6.0781816535433073
21
-4.2524784645669289
0
LINE
8
BLACK
6
CONTINUOUS
10
6.0781816535433073
20
-4.2524784645669289
11
6.0791190551181105
21
-4.2534158267716533
0
LINE
8
BLACK
6
CONTINUOUS
10
6.0791190551181105
20
-4.2534158267716533
11
6.0792594488188971
21
-4.2536259448818896
0
LINE
8
BLACK
6
CONTINUOUS
10
6.0792594488188971
20
-4.2536259448818896
11
6.0794140551181099
21
-4.253825157480315
0
LINE
8
BLACK
6
CONTINUOUS
10
6.0794140551181099
20
-4.253825157480315
11
6.0803514173228344
21
-4.2556998818897638
0
LINE
8
BLACK
6
CONTINUOUS
10
6.0803514173228344
20
-4.2556998818897638
11
6.0803722440944883
21
-4.2557759842519687
0
LINE
8
BLACK
6
CONTINUOUS
10
6.0803722440944883
20
-4.2557759842519687
11
6.0803977952755908
21
-4.2558015354330712
0
LINE
8
BLACK
6
CONTINUOUS
10
6.0803977952755908
20
-4.2558015354330712
11
6.0804470078740156
21
-4.25604905511811
0
LINE
8
BLACK
6
CONTINUOUS
10
6.0804470078740156
20
-4.25604905511811
11
6.0805137007874013
21
-4.2562925196850392
0
LINE
8
BLACK
6
CONTINUOUS
10
6.0805137007874013
20
-4.2562925196850392
11
6.0805022440944878
21
-4.2563267716535433
0
LINE
8
BLACK
6
CONTINUOUS
10
6.0805022440944878
20
-4.2563267716535433
11
6.0805176771653544
21
-4.2564041732283462
0
LINE
8
BLACK
6
CONTINUOUS
10
6.0805176771653544
20
-4.2564041732283462
11
6.0805176771653544
21
-4.2610911023622045
0
LINE
8
BLACK
6
CONTINUOUS
10
6.0805176771653544
20
-4.2610911023622045
11
6.0805022440944878
21
-4.2611684645669294
0
LINE
8
BLACK
6
CONTINUOUS
10
6.0805022440944878
20
-4.2611684645669294
11
6.0805137007874013
21
-4.2612027559055115
0
LINE
8
BLACK
6
CONTINUOUS
10
6.0805137007874013
20
-4.2612027559055115
11
6.0804470078740156
21
-4.2614461811023618
0
LINE
8
BLACK
6
CONTINUOUS
10
6.0804470078740156
20
-4.2614461811023618
11
6.0803977952755908
21
-4.2616937401574804
0
LINE
8
BLACK
6
CONTINUOUS
10
6.0803977952755908
20
-4.2616937401574804
11
6.0803722440944883
21
-4.2617192519685041
0
LINE
8
BLACK
6
CONTINUOUS
10
6.0803722440944883
20
-4.2617192519685041
11
6.0803514173228344
21
-4.2617953937007877
0
LINE
8
BLACK
6
CONTINUOUS
10
6.0803514173228344
20
-4.2617953937007877
11
6.0794140551181099
21
-4.2636701181102366
0
LINE
8
BLACK
6
CONTINUOUS
10
6.0794140551181099
20
-4.2636701181102366
11
6.0792594488188971
21
-4.2638692913385823
0
LINE
8
BLACK
6
CONTINUOUS
10
6.0792594488188971
20
-4.2638692913385823
11
6.0791190551181105
21
-4.2640794488188973
0
LINE
8
BLACK
6
CONTINUOUS
10
6.0791190551181105
20
-4.2640794488188973
11
6.0781816535433073
21
-4.2650168110236217
0
LINE
8
BLACK
6
CONTINUOUS
10
6.0781816535433073
20
-4.2650168110236217
11
6.0779717322834648
21
-4.2651570078740155
0
LINE
8
BLACK
6
CONTINUOUS
10
6.0779717322834648
20
-4.2651570078740155
11
6.0777724015748031
21
-4.2653117716535434
0
LINE
8
BLACK
6
CONTINUOUS
10
6.0777724015748031
20
-4.2653117716535434
11
6.0758976377952756
21
-4.2662491732283465
0
LINE
8
BLACK
6
CONTINUOUS
10
6.0758976377952756
20
-4.2662491732283465
11
6.0758214960629919
21
-4.2662699999999996
0
LINE
8
BLACK
6
CONTINUOUS
10
6.0758214960629919
20
-4.2662699999999996
11
6.0757959842519682
21
-4.266295551181102
0
LINE
8
BLACK
6
CONTINUOUS
10
6.0757959842519682
20
-4.266295551181102
11
6.0755484251968506
21
-4.2663447637795278
0
LINE
8
BLACK
6
CONTINUOUS
10
6.0755484251968506
20
-4.2663447637795278
11
6.0753050000000002
21
-4.2664114566929134
0
LINE
8
BLACK
6
CONTINUOUS
10
6.0753050000000002
20
-4.2664114566929134
11
6.0752707086614173
21
-4.2664
0
LINE
8
BLACK
6
CONTINUOUS
10
6.0752707086614173
20
-4.2664
11
6.0751933464566932
21
-4.2664154330708657
0
LINE
8
BLACK
6
CONTINUOUS
10
6.0751933464566932
20
-4.2664154330708657
11
6.0705064173228349
21
-4.2664154330708657
0
LINE
8
BLACK
6
CONTINUOUS
10
6.0705064173228349
20
-4.2664154330708657
11
6.0704290157480312
21
-4.2664
0
LINE
8
BLACK
6
CONTINUOUS
10
6.0704290157480312
20
-4.2664
11
6.070394763779527
21
-4.2664114566929134
0
LINE
8
BLACK
6
CONTINUOUS
10
6.070394763779527
20
-4.2664114566929134
11
6.0701512992125979
21
-4.2663447637795278
0
LINE
8
BLACK
6
CONTINUOUS
10
6.0701512992125979
20
-4.2663447637795278
11
6.069903779527559
21
-4.266295551181102
0
LINE
8
BLACK
6
CONTINUOUS
10
6.069903779527559
20
-4.266295551181102
11
6.0698782283464565
21
-4.2662699999999996
0
LINE
8
BLACK
6
CONTINUOUS
10
6.0698782283464565
20
-4.2662699999999996
11
6.0698021259842516
21
-4.2662491732283465
0
LINE
8
BLACK
6
CONTINUOUS
10
6.0698021259842516
20
-4.2662491732283465
11
6.0679273622047241
21
-4.2653117716535434
0
LINE
8
BLACK
6
CONTINUOUS
10
6.0679273622047241
20
-4.2653117716535434
11
6.0677277559055121
21
-4.2651568503937005
0
LINE
8
BLACK
6
CONTINUOUS
10
6.0677277559055121
20
-4.2651568503937005
11
6.0675181102362199
21
-4.265016771653543
0
LINE
8
BLACK
6
CONTINUOUS
10
6.0675181102362199
20
-4.265016771653543
11
6.0665807480314955
21
-4.2640794094488186
0
LINE
8
BLACK
6
CONTINUOUS
10
6.0665807480314955
20
-4.2640794094488186
11
6.0664406299212601
21
-4.2638697244094486
0
LINE
8
BLACK
6
CONTINUOUS
10
6.0664406299212601
20
-4.2638697244094486
11
6.066285748031496
21
-4.2636701574803153
0
LINE
8
BLACK
6
CONTINUOUS
10
6.066285748031496
20
-4.2636701574803153
11
6.0653483464566929
21
-4.2617953937007877
0
LINE
8
BLACK
6
CONTINUOUS
10
6.0653483464566929
20
-4.2617953937007877
11
6.0653274803149602
21
-4.2617192519685041
0
LINE
8
BLACK
6
CONTINUOUS
10
6.0653274803149602
20
-4.2617192519685041
11
6.0653019685039364
21
-4.2616937401574804
0
LINE
8
BLACK
6
CONTINUOUS
10
6.0653019685039364
20
-4.2616937401574804
11
6.0652527165354329
21
-4.2614461811023618
0
LINE
8
BLACK
6
CONTINUOUS
10
6.0652527165354329
20
-4.2614461811023618
11
6.0651860629921259
21
-4.2612027559055115
0
LINE
8
BLACK
6
CONTINUOUS
10
6.0651860629921259
20
-4.2612027559055115
11
6.0651974803149606
21
-4.2611684645669294
0
LINE
8
BLACK
6
CONTINUOUS
10
6.0651974803149606
20
-4.2611684645669294
11
6.0651820866141728
21
-4.2610911023622045
0
LINE
8
BLACK
6
CONTINUOUS
10
6.0651820866141728
20
-4.2610911023622045
11
6.0651820866141728
21
-4.2564041732283462
0
LINE
8
BLACK
6
CONTINUOUS
10
6.0651820866141728
20
-4.2564041732283462
11
6.0651974803149606
21
-4.2563267716535433
0
LINE
8
BLACK
6
CONTINUOUS
10
6.0651974803149606
20
-4.2563267716535433
11
6.0651860629921259
21
-4.2562925196850392
0
LINE
8
BLACK
6
CONTINUOUS
10
6.0651860629921259
20
-4.2562925196850392
11
6.0652527165354329
21
-4.25604905511811
0
LINE
8
BLACK
6
CONTINUOUS
10
6.0652527165354329
20
-4.25604905511811
11
6.0653019685039364
21
-4.2558015354330712
0
LINE
8
BLACK
6
CONTINUOUS
10
6.0653019685039364
20
-4.2558015354330712
11
6.0653274803149602
21
-4.2557759842519687
0
LINE
8
BLACK
6
CONTINUOUS
10
6.0653274803149602
20
-4.2557759842519687
11
6.0653483464566929
21
-4.2556998818897638
0
LINE
8
BLACK
6
CONTINUOUS
10
6.0653483464566929
20
-4.2556998818897638
11
6.0654519291338582
21
-4.2554926377952755
0
LINE
8
BLACK
6
CONTINUOUS
10
6.0654519291338582
20
-4.2554926377952755
11
6.0608326377952757
21
-4.2559545669291339
0
LINE
8
BLACK
6
CONTINUOUS
10
6.0608326377952757
20
-4.2559545669291339
11
6.0608326377952757
21
-4.2639032283464564
0
LINE
8
BLACK
6
CONTINUOUS
10
6.0608326377952757
20
-4.2639032283464564
11
6.0607127559055121
21
-4.2645058661417323
0
LINE
8
BLACK
6
CONTINUOUS
10
6.0607127559055121
20
-4.2645058661417323
11
6.0598604724409446
21
-4.2653581496062989
0
LINE
8
BLACK
6
CONTINUOUS
10
6.0598604724409446
20
-4.2653581496062989
11
6.0586551968503937
21
-4.2653581496062989
0
LINE
8
BLACK
6
CONTINUOUS
10
6.0586551968503937
20
-4.2653581496062989
11
6.0578029133858262
21
-4.2645058661417323
0
LINE
8
BLACK
6
CONTINUOUS
10
6.0578029133858262
20
-4.2645058661417323
11
6.0576830314960626
21
-4.2639032283464564
0
LINE
8
BLACK
6
CONTINUOUS
10
6.0576830314960626
20
-4.2639032283464564
11
6.0576830314960626
21
-4.2545294094488186
0
LINE
8
BLACK
6
CONTINUOUS
10
6.0576830314960626
20
-4.2545294094488186
11
6.0577579527559058
21
-4.2541526771653544
0
LINE
8
BLACK
6
CONTINUOUS
10
6.0577579527559058
20
-4.2541526771653544
11
6.0577501574803145
21
-4.2540745275590552
0
LINE
8
BLACK
6
CONTINUOUS
10
6.0577501574803145
20
-4.2540745275590552
11
6.0577810236220468
21
-4.254036771653543
0
LINE
8
BLACK
6
CONTINUOUS
10
6.0577810236220468
20
-4.254036771653543
11
6.0578029133858262
21
-4.2539267716535436
0
LINE
8
BLACK
6
CONTINUOUS
10
6.0578029133858262
20
-4.2539267716535436
11
6.0581776771653546
21
-4.2535519685039374
0
LINE
8
BLACK
6
CONTINUOUS
10
6.0581776771653546
20
-4.2535519685039374
11
6.0585134251968507
21
-4.2531416535433069
0
LINE
8
BLACK
6
CONTINUOUS
10
6.0585134251968507
20
-4.2531416535433069
11
6.0586207480314958
21
-4.2531088976377953
0
LINE
8
BLACK
6
CONTINUOUS
10
6.0586207480314958
20
-4.2531088976377953
11
6.0586551968503937
21
-4.2530744881889762
0
LINE
8
BLACK
6
CONTINUOUS
10
6.0586551968503937
20
-4.2530744881889762
11
6.0587337007874016
21
-4.2530744881889762
0
LINE
8
BLACK
6
CONTINUOUS
10
6.0587337007874016
20
-4.2530744881889762
11
6.0591011417322838
21
-4.2529624409448816
0
LINE
8
BLACK
6
CONTINUOUS
10
6.0591011417322838
20
-4.2529624409448816
11
6.0684749212598428
21
-4.2520250787401572
0
LINE
8
BLACK
6
CONTINUOUS
10
6.0684749212598428
20
-4.2520250787401572
11
6.069086496062992
21
-4.2520843700787401
0
LINE
8
BLACK
6
CONTINUOUS
10
6.0660717716535428
20
-4.2338125984251969
11
6.0664529527559052
21
-4.2349560629921257
0
LINE
8
BLACK
6
CONTINUOUS
10
6.0664529527559052
20
-4.2349560629921257
11
6.0662906692913383
21
-4.2355487007874011
0
LINE
8
BLACK
6
CONTINUOUS
10
6.0662906692913383
20
-4.2355487007874011
11
6.0653533070866139
21
-4.2374234251968499
0
LINE
8
BLACK
6
CONTINUOUS
10
6.0653533070866139
20
-4.2374234251968499
11
6.0651987007874011
21
-4.2376225984251965
0
LINE
8
BLACK
6
CONTINUOUS
10
6.0651987007874011
20
-4.2376225984251965
11
6.0650583070866144
21
-4.2378327559055116
0
LINE
8
BLACK
6
CONTINUOUS
10
6.0650583070866144
20
-4.2378327559055116
11
6.063997125984252
21
-4.2388938976377952
0
LINE
8
BLACK
6
CONTINUOUS
10
6.063997125984252
20
-4.2388938976377952
11
6.0773680708661413
21
-4.2388938976377952
0
LINE
8
BLACK
6
CONTINUOUS
10
6.0773680708661413
20
-4.2388938976377952
11
6.0773680708661413
21
-4.2348444094488187
0
LINE
8
BLACK
6
CONTINUOUS
10
6.0773680708661413
20
-4.2348444094488187
11
6.0774879527559058
21
-4.2342417716535437
0
LINE
8
BLACK
6
CONTINUOUS
10
6.0774879527559058
20
-4.2342417716535437
11
6.0783402362204724
21
-4.2333894881889762
0
LINE
8
BLACK
6
CONTINUOUS
10
6.0783402362204724
20
-4.2333894881889762
11
6.0795455118110233
21
-4.2333894881889762
0
LINE
8
BLACK
6
CONTINUOUS
10
6.0795455118110233
20
-4.2333894881889762
11
6.0803977952755908
21
-4.2342417716535437
0
LINE
8
BLACK
6
CONTINUOUS
10
6.0803977952755908
20
-4.2342417716535437
11
6.0805176771653544
21
-4.2348444094488187
0
LINE
8
BLACK
6
CONTINUOUS
10
6.0805176771653544
20
-4.2348444094488187
11
6.0805176771653544
21
-4.246092992125984
0
LINE
8
BLACK
6
CONTINUOUS
10
6.0805176771653544
20
-4.246092992125984
11
6.0803977952755908
21
-4.2466956299212599
0
LINE
8
BLACK
6
CONTINUOUS
10
6.0803977952755908
20
-4.2466956299212599
11
6.0795455118110233
21
-4.2475479133858265
0
LINE
8
BLACK
6
CONTINUOUS
10
6.0795455118110233
20
-4.2475479133858265
11
6.0783402362204724
21
-4.2475479133858265
0
LINE
8
BLACK
6
CONTINUOUS
10
6.0783402362204724
20
-4.2475479133858265
11
6.0774879527559058
21
-4.2466956299212599
0
LINE
8
BLACK
6
CONTINUOUS
10
6.0774879527559058
20
-4.2466956299212599
11
6.0773680708661413
21
-4.246092992125984
0
LINE
8
BLACK
6
CONTINUOUS
10
6.0773680708661413
20
-4.246092992125984
11
6.0773680708661413
21
-4.2420435039370075
0
LINE
8
BLACK
6
CONTINUOUS
10
6.0773680708661413
20
-4.2420435039370075
11
6.0592578346456696
21
-4.2420435039370075
0
LINE
8
BLACK
6
CONTINUOUS
10
6.0592578346456696
20
-4.2420435039370075
11
6.0586551968503937
21
-4.2419236220472438
0
LINE
8
BLACK
6
CONTINUOUS
10
6.0586551968503937
20
-4.2419236220472438
11
6.0585405118110236
21
-4.2418089370078738
0
LINE
8
BLACK
6
CONTINUOUS
10
6.0585405118110236
20
-4.2418089370078738
11
6.058381535433071
21
-4.241777165354331
0
LINE
8
BLACK
6
CONTINUOUS
10
6.058381535433071
20
-4.241777165354331
11
6.0581271259842522
21
-4.2413955511811023
0
LINE
8
BLACK
6
CONTINUOUS
10
6.0581271259842522
20
-4.2413955511811023
11
6.0578029133858262
21
-4.2410713385826773
0
LINE
8
BLACK
6
CONTINUOUS
10
6.0578029133858262
20
-4.2410713385826773
11
6.0578029133858262
21
-4.2409092125984253
0
LINE
8
BLACK
6
CONTINUOUS
10
6.0578029133858262
20
-4.2409092125984253
11
6.0577129921259845
21
-4.2407743307086614
0
LINE
8
BLACK
6
CONTINUOUS
10
6.0577129921259845
20
-4.2407743307086614
11
6.0578029133858262
21
-4.2403246850393703
0
LINE
8
BLACK
6
CONTINUOUS
10
6.0578029133858262
20
-4.2403246850393703
11
6.0578029133858262
21
-4.2398660629921263
0
LINE
8
BLACK
6
CONTINUOUS
10
6.0578029133858262
20
-4.2398660629921263
11
6.0579175590551175
21
-4.2397513779527563
0
LINE
8
BLACK
6
CONTINUOUS
10
6.0579175590551175
20
-4.2397513779527563
11
6.0579493700787399
21
-4.2395924015748028
0
LINE
8
BLACK
6
CONTINUOUS
10
6.0579493700787399
20
-4.2395924015748028
11
6.0583842913385828
21
-4.2391583858267712
0
LINE
8
BLACK
6
CONTINUOUS
10
6.0583842913385828
20
-4.2391583858267712
11
6.0610667322834644
21
-4.2373700787401578
0
LINE
8
BLACK
6
CONTINUOUS
10
6.0610667322834644
20
-4.2373700787401578
11
6.0626505118110234
21
-4.23578625984252
0
LINE
8
BLACK
6
CONTINUOUS
10
6.0626505118110234
20
-4.23578625984252
11
6.0634735826771653
21
-4.234140157480315
0
LINE
8
BLACK
6
CONTINUOUS
10
6.0634735826771653
20
-4.234140157480315
11
6.0638502755905508
21
-4.2336547637795272
0
LINE
8
BLACK
6
CONTINUOUS
10
6.0638502755905508
20
-4.2336547637795272
11
6.0649937401574805
21
-4.2332735826771657
0
LINE
8
BLACK
6
CONTINUOUS
10
6.0649937401574805
20
-4.2332735826771657
11
6.0660717716535428
21
-4.2338125984251969
0
LINE
8
BLACK
6
CONTINUOUS
10
6.070695590551181
20
-4.2136221653543302
11
6.0708883464566927
21
-4.2136315748031494
0
LINE
8
BLACK
6
CONTINUOUS
10
6.0708883464566927
20
-4.2136315748031494
11
6.0746378740157478
21
-4.2145689370078738
0
LINE
8
BLACK
6
CONTINUOUS
10
6.0746378740157478
20
-4.2145689370078738
11
6.0747938188976374
21
-4.214642598425197
0
LINE
8
BLACK
6
CONTINUOUS
10
6.0747938188976374
20
-4.214642598425197
11
6.0749602362204724
21
-4.2146881889763774
0
LINE
8
BLACK
6
CONTINUOUS
10
6.0749602362204724
20
-4.2146881889763774
11
6.076835
21
-4.2156255905511806
0
LINE
8
BLACK
6
CONTINUOUS
10
6.076835
20
-4.2156255905511806
11
6.0770343307086616
21
-4.2157803149606297
0
LINE
8
BLACK
6
CONTINUOUS
10
6.0770343307086616
20
-4.2157803149606297
11
6.0772442519685042
21
-4.2159205511811022
0
LINE
8
BLACK
6
CONTINUOUS
10
6.0772442519685042
20
-4.2159205511811022
11
6.0791190551181105
21
-4.2177953149606298
0
LINE
8
BLACK
6
CONTINUOUS
10
6.0791190551181105
20
-4.2177953149606298
11
6.079162874015748
21
-4.2178609055118113
0
LINE
8
BLACK
6
CONTINUOUS
10
6.079162874015748
20
-4.2178609055118113
11
6.0791951968503932
21
-4.2178770866141733
0
LINE
8
BLACK
6
CONTINUOUS
10
6.0791951968503932
20
-4.2178770866141733
11
6.0793200393700788
21
-4.2180961417322838
0
LINE
8
BLACK
6
CONTINUOUS
10
6.0793200393700788
20
-4.2180961417322838
11
6.0794604330708664
21
-4.2183062204724404
0
LINE
8
BLACK
6
CONTINUOUS
10
6.0794604330708664
20
-4.2183062204724404
11
6.0794604330708664
21
-4.2183423622047247
0
LINE
8
BLACK
6
CONTINUOUS
10
6.0794604330708664
20
-4.2183423622047247
11
6.0794994881889766
21
-4.2184109055118109
0
LINE
8
BLACK
6
CONTINUOUS
10
6.0794994881889766
20
-4.2184109055118109
11
6.0804368897637797
21
-4.2212230314960628
0
LINE
8
BLACK
6
CONTINUOUS
10
6.0804368897637797
20
-4.2212230314960628
11
6.0804684251968499
21
-4.2214736220472444
0
LINE
8
BLACK
6
CONTINUOUS
10
6.0804684251968499
20
-4.2214736220472444
11
6.0805176771653544
21
-4.221721023622047
0
LINE
8
BLACK
6
CONTINUOUS
10
6.0805176771653544
20
-4.221721023622047
11
6.0805176771653544
21
-4.2235957874015746
0
LINE
8
BLACK
6
CONTINUOUS
10
6.0805176771653544
20
-4.2235957874015746
11
6.0804684251968499
21
-4.2238431889763781
0
LINE
8
BLACK
6
CONTINUOUS
10
6.0804684251968499
20
-4.2238431889763781
11
6.0804368897637797
21
-4.2240937401574801
0
LINE
8
BLACK
6
CONTINUOUS
10
6.0804368897637797
20
-4.2240937401574801
11
6.0794994881889766
21
-4.2269059448818895
0
LINE
8
BLACK
6
CONTINUOUS
10
6.0794994881889766
20
-4.2269059448818895
11
6.0794604330708664
21
-4.2269744488188978
0
LINE
8
BLACK
6
CONTINUOUS
10
6.0794604330708664
20
-4.2269744488188978
11
6.0794604330708664
21
-4.22701062992126
0
LINE
8
BLACK
6
CONTINUOUS
10
6.0794604330708664
20
-4.22701062992126
11
6.0793199606299213
21
-4.227220787401575
0
LINE
8
BLACK
6
CONTINUOUS
10
6.0793199606299213
20
-4.227220787401575
11
6.0791951968503932
21
-4.2274397244094484
0
LINE
8
BLACK
6
CONTINUOUS
10
6.0791951968503932
20
-4.2274397244094484
11
6.0791629133858267
21
-4.2274558267716538
0
LINE
8
BLACK
6
CONTINUOUS
10
6.0791629133858267
20
-4.2274558267716538
11
6.0791190551181105
21
-4.2275215354330706
0
LINE
8
BLACK
6
CONTINUOUS
10
6.0791190551181105
20
-4.2275215354330706
11
6.0781816535433073
21
-4.228458897637795
0
LINE
8
BLACK
6
CONTINUOUS
10
6.0781816535433073
20
-4.228458897637795
11
6.0776707480314958
21
-4.2288002362204722
0
LINE
8
BLACK
6
CONTINUOUS
10
6.0776707480314958
20
-4.2288002362204722
11
6.0764654330708661
21
-4.2288001968503934
0
LINE
8
BLACK
6
CONTINUOUS
10
6.0764654330708661
20
-4.2288001968503934
11
6.0756131889763783
21
-4.2279479527559056
0
LINE
8
BLACK
6
CONTINUOUS
10
6.0756131889763783
20
-4.2279479527559056
11
6.0756132283464561
21
-4.2267426377952759
0
LINE
8
BLACK
6
CONTINUOUS
10
6.0756132283464561
20
-4.2267426377952759
11
6.0759545669291342
21
-4.2262317322834644
0
LINE
8
BLACK
6
CONTINUOUS
10
6.0759545669291342
20
-4.2262317322834644
11
6.0766290944881884
21
-4.225557244094488
0
LINE
8
BLACK
6
CONTINUOUS
10
6.0766290944881884
20
-4.225557244094488
11
6.0773680708661413
21
-4.2233402755905507
0
LINE
8
BLACK
6
CONTINUOUS
10
6.0773680708661413
20
-4.2233402755905507
11
6.0773680708661413
21
-4.2219764960629922
0
LINE
8
BLACK
6
CONTINUOUS
10
6.0773680708661413
20
-4.2219764960629922
11
6.0766290944881884
21
-4.2197595669291337
0
LINE
8
BLACK
6
CONTINUOUS
10
6.0766290944881884
20
-4.2197595669291337
11
6.0751978346456692
21
-4.2183283858267719
0
LINE
8
BLACK
6
CONTINUOUS
10
6.0751978346456692
20
-4.2183283858267719
11
6.0737062598425196
21
-4.2175825984251967
0
LINE
8
BLACK
6
CONTINUOUS
10
6.0737062598425196
20
-4.2175825984251967
11
6.0703125196850394
21
-4.2167341732283461
0
LINE
8
BLACK
6
CONTINUOUS
10
6.0703125196850394
20
-4.2167341732283461
11
6.0678881889763776
21
-4.2167341732283461
0
LINE
8
BLACK
6
CONTINUOUS
10
6.0678881889763776
20
-4.2167341732283461
11
6.0644944094488187
21
-4.2175825984251967
0
LINE
8
BLACK
6
CONTINUOUS
10
6.0644944094488187
20
-4.2175825984251967
11
6.063002834645669
21
-4.2183283464566932
0
LINE
8
BLACK
6
CONTINUOUS
10
6.063002834645669
20
-4.2183283464566932
11
6.0615716141732285
21
-4.2197595669291337
0
LINE
8
BLACK
6
CONTINUOUS
10
6.0615716141732285
20
-4.2197595669291337
11
6.0608326377952757
21
-4.2219765354330709
0
LINE
8
BLACK
6
CONTINUOUS
10
6.0608326377952757
20
-4.2219765354330709
11
6.0608326377952757
21
-4.2233402362204719
0
LINE
8
BLACK
6
CONTINUOUS
10
6.0608326377952757
20
-4.2233402362204719
11
6.0615716141732285
21
-4.225557244094488
0
LINE
8
BLACK
6
CONTINUOUS
10
6.0615716141732285
20
-4.225557244094488
11
6.0622461417322837
21
-4.2262317716535431
0
LINE
8
BLACK
6
CONTINUOUS
10
6.0622461417322837
20
-4.2262317716535431
11
6.0625875196850396
21
-4.2267426771653547
0
LINE
8
BLACK
6
CONTINUOUS
10
6.0625875196850396
20
-4.2267426771653547
11
6.0625875196850396
21
-4.2279479527559056
0
LINE
8
BLACK
6
CONTINUOUS
10
6.0625875196850396
20
-4.2279479527559056
11
6.0617352362204722
21
-4.2288002362204722
0
LINE
8
BLACK
6
CONTINUOUS
10
6.0617352362204722
20
-4.2288002362204722
11
6.0605299606299212
21
-4.2288002362204722
0
LINE
8
BLACK
6
CONTINUOUS
10
6.0605299606299212
20
-4.2288002362204722
11
6.0600190551181097
21
-4.2284588582677163
0
LINE
8
BLACK
6
CONTINUOUS
10
6.0600190551181097
20
-4.2284588582677163
11
6.0590816929133853
21
-4.2275214960629919
0
LINE
8
BLACK
6
CONTINUOUS
10
6.0590816929133853
20
-4.2275214960629919
11
6.0590378740157478
21
-4.2274559055118113
0
LINE
8
BLACK
6
CONTINUOUS
10
6.0590378740157478
20
-4.2274559055118113
11
6.0590055511811025
21
-4.2274397637795271
0
LINE
8
BLACK
6
CONTINUOUS
10
6.0590055511811025
20
-4.2274397637795271
11
6.0588805118110232
21
-4.2272203937007875
0
LINE
8
BLACK
6
CONTINUOUS
10
6.0588805118110232
20
-4.2272203937007875
11
6.0587403149606294
21
-4.2270105905511812
0
LINE
8
BLACK
6
CONTINUOUS
10
6.0587403149606294
20
-4.2270105905511812
11
6.0587403149606294
21
-4.2269744488188978
0
LINE
8
BLACK
6
CONTINUOUS
10
6.0587403149606294
20
-4.2269744488188978
11
6.0587012598425192
21
-4.2269059448818895
0
LINE
8
BLACK
6
CONTINUOUS
10
6.0587012598425192
20
-4.2269059448818895
11
6.057763858267716
21
-4.2240937795275588
0
LINE
8
BLACK
6
CONTINUOUS
10
6.057763858267716
20
-4.2240937795275588
11
6.057732283464567
21
-4.2238434645669294
0
LINE
8
BLACK
6
CONTINUOUS
10
6.057732283464567
20
-4.2238434645669294
11
6.0576830314960626
21
-4.2235957874015746
0
LINE
8
BLACK
6
CONTINUOUS
10
6.0576830314960626
20
-4.2235957874015746
11
6.0576830314960626
21
-4.221721023622047
0
LINE
8
BLACK
6
CONTINUOUS
10
6.0576830314960626
20
-4.221721023622047
11
6.057732283464567
21
-4.2214733070866144
0
LINE
8
BLACK
6
CONTINUOUS
10
6.057732283464567
20
-4.2214733070866144
11
6.057763858267716
21
-4.2212230314960628
0
LINE
8
BLACK
6
CONTINUOUS
10
6.057763858267716
20
-4.2212230314960628
11
6.0587012598425192
21
-4.2184109055118109
0
LINE
8
BLACK
6
CONTINUOUS
10
6.0587012598425192
20
-4.2184109055118109
11
6.0587403149606294
21
-4.2183423622047247
0
LINE
8
BLACK
6
CONTINUOUS
10
6.0587403149606294
20
-4.2183423622047247
11
6.0587403149606294
21
-4.2183062598425192
0
LINE
8
BLACK
6
CONTINUOUS
10
6.0587403149606294
20
-4.2183062598425192
11
6.0588805118110232
21
-4.2180964173228341
0
LINE
8
BLACK
6
CONTINUOUS
10
6.0588805118110232
20
-4.2180964173228341
11
6.0590055511811025
21
-4.2178770866141733
0
LINE
8
BLACK
6
CONTINUOUS
10
6.0590055511811025
20
-4.2178770866141733
11
6.0590378740157478
21
-4.2178609055118113
0
LINE
8
BLACK
6
CONTINUOUS
10
6.0590378740157478
20
-4.2178609055118113
11
6.0590816929133853
21
-4.2177953543307085
0
LINE
8
BLACK
6
CONTINUOUS
10
6.0590816929133853
20
-4.2177953543307085
11
6.0609564173228341
21
-4.215920590551181
0
LINE
8
BLACK
6
CONTINUOUS
10
6.0609564173228341
20
-4.215920590551181
11
6.0611663385826766
21
-4.2157802755905509
0
LINE
8
BLACK
6
CONTINUOUS
10
6.0611663385826766
20
-4.2157802755905509
11
6.061365708661417
21
-4.2156255905511806
0
LINE
8
BLACK
6
CONTINUOUS
10
6.061365708661417
20
-4.2156255905511806
11
6.0632404724409446
21
-4.2146881889763774
0
LINE
8
BLACK
6
CONTINUOUS
10
6.0632404724409446
20
-4.2146881889763774
11
6.0634068503937009
21
-4.214642598425197
0
LINE
8
BLACK
6
CONTINUOUS
10
6.0634068503937009
20
-4.214642598425197
11
6.0635628346456691
21
-4.2145689370078738
0
LINE
8
BLACK
6
CONTINUOUS
10
6.0635628346456691
20
-4.2145689370078738
11
6.0673123622047243
21
-4.2136315748031494
0
LINE
8
BLACK
6
CONTINUOUS
10
6.0673123622047243
20
-4.2136315748031494
11
6.0675050787401572
21
-4.2136221653543302
0
LINE
8
BLACK
6
CONTINUOUS
10
6.0675050787401572
20
-4.2136221653543302
11
6.067694291338583
21
-4.2135845669291339
0
LINE
8
BLACK
6
CONTINUOUS
10
6.067694291338583
20
-4.2135845669291339
11
6.0705064173228349
21
-4.2135845669291339
0
LINE
8
BLACK
6
CONTINUOUS
10
6.0705064173228349
20
-4.2135845669291339
11
6.070695590551181
21
-4.2136221653543302
0
LINE
8
BLACK
6
CONTINUOUS
10
6.0953596062992128
20
-4.19881125984252
11
6.0964249606299212
21
-4.1998766141732284
0
LINE
8
BLACK
6
CONTINUOUS
10
6.0964249606299212
20
-4.1998766141732284
11
6.0965748031496059
21
-4.2006299212598428
0
LINE
8
BLACK
6
CONTINUOUS
10
6.0965748031496059
20
-4.2006299212598428
11
6.0965748031496059
21
-4.2793700787401576
0
LINE
8
BLACK
6
CONTINUOUS
10
6.0965748031496059
20
-4.2793700787401576
11
6.0964249606299212
21
-4.280123385826772
0
LINE
8
BLACK
6
CONTINUOUS
10
6.0964249606299212
20
-4.280123385826772
11
6.0953596062992128
21
-4.2811887401574804
0
LINE
8
BLACK
6
CONTINUOUS
10
6.0953596062992128
20
-4.2811887401574804
11
6.0946062992125984
21
-4.281338582677165
0
LINE
8
BLACK
6
CONTINUOUS
10
6.0946062992125984
20
-4.281338582677165
11
6.0453937007874012
21
-4.281338582677165
0
LINE
8
BLACK
6
CONTINUOUS
10
6.0453937007874012
20
-4.281338582677165
11
6.0446403937007869
21
-4.2811887401574804
0
LINE
8
BLACK
6
CONTINUOUS
10
6.0446403937007869
20
-4.2811887401574804
11
6.0435750393700784
21
-4.280123385826772
0
LINE
8
BLACK
6
CONTINUOUS
10
6.0435750393700784
20
-4.280123385826772
11
6.0434251968503938
21
-4.2793700787401576
0
LINE
8
BLACK
6
CONTINUOUS
10
6.0434251968503938
20
-4.2793700787401576
11
6.0434251968503938
21
-4.2006299212598428
0
LINE
8
BLACK
6
CONTINUOUS
10
6.0434251968503938
20
-4.2006299212598428
11
6.0435750393700784
21
-4.1998766141732284
0
LINE
8
BLACK
6
CONTINUOUS
10
6.0435750393700784
20
-4.1998766141732284
11
6.0446403937007869
21
-4.19881125984252
0
LINE
8
BLACK
6
CONTINUOUS
10
6.0446403937007869
20
-4.19881125984252
11
6.0453937007874012
21
-4.1986614173228345
0
LINE
8
BLACK
6
CONTINUOUS
10
6.0453937007874012
20
-4.1986614173228345
11
6.0946062992125984
21
-4.1986614173228345
0
LINE
8
BLACK
6
CONTINUOUS
10
6.0946062992125984
20
-4.1986614173228345
11
6.0953596062992128
21
-4.19881125984252
0
LINE
8
BLACK
6
CONTINUOUS
10
6.0473622047244096
20
-4.2025984251968502
11
6.0473622047244096
21
-4.2774015748031493
0
LINE
8
BLACK
6
CONTINUOUS
10
6.0473622047244096
20
-4.2774015748031493
11
6.0926377952755901
21
-4.2774015748031493
0
LINE
8
BLACK
6
CONTINUOUS
10
6.0926377952755901
20
-4.2774015748031493
11
6.0926377952755901
21
-4.2025984251968502
0
LINE
8
BLACK
6
CONTINUOUS
10
6.0926377952755901
20
-4.2025984251968502
11
6.0473622047244096
21
-4.2025984251968502
0
LINE
8
BLACK
6
CONTINUOUS
10
6.1927246456692915
20
-4.2521371259842518
11
6.1929838188976376
21
-4.2521371259842518
0
LINE
8
BLACK
6
CONTINUOUS
10
6.1929838188976376
20
-4.2521371259842518
11
6.1932429921259837
21
-4.2523962992125988
0
LINE
8
BLACK
6
CONTINUOUS
10
6.1932429921259837
20
-4.2523962992125988
11
6.1935708661417319
21
-4.2525602362204724
0
LINE
8
BLACK
6
CONTINUOUS
10
6.1935708661417319
20
-4.2525602362204724
11
6.1936528346456692
21
-4.2528061417322833
0
LINE
8
BLACK
6
CONTINUOUS
10
6.1936528346456692
20
-4.2528061417322833
11
6.1938361023622042
21
-4.2529894094488192
0
LINE
8
BLACK
6
CONTINUOUS
10
6.1938361023622042
20
-4.2529894094488192
11
6.1939559842519687
21
-4.2535920472440942
0
LINE
8
BLACK
6
CONTINUOUS
10
6.1939559842519687
20
-4.2535920472440942
11
6.1939559842519687
21
-4.2613910629921259
0
LINE
8
BLACK
6
CONTINUOUS
10
6.1939559842519687
20
-4.2613910629921259
11
6.1989428740157475
21
-4.2613910629921259
0
LINE
8
BLACK
6
CONTINUOUS
10
6.1989428740157475
20
-4.2613910629921259
11
6.1995455118110234
21
-4.2615109448818895
0
LINE
8
BLACK
6
CONTINUOUS
10
6.1995455118110234
20
-4.2615109448818895
11
6.20039779527559
21
-4.262363228346457
0
LINE
8
BLACK
6
CONTINUOUS
10
6.20039779527559
20
-4.262363228346457
11
6.20039779527559
21
-4.2635685039370079
0
LINE
8
BLACK
6
CONTINUOUS
10
6.20039779527559
20
-4.2635685039370079
11
6.1995455118110234
21
-4.2644207874015745
0
LINE
8
BLACK
6
CONTINUOUS
10
6.1995455118110234
20
-4.2644207874015745
11
6.1989428740157475
21
-4.2645406692913381
0
LINE
8
BLACK
6
CONTINUOUS
10
6.1989428740157475
20
-4.2645406692913381
11
6.1939559842519687
21
-4.2645406692913381
0
LINE
8
BLACK
6
CONTINUOUS
10
6.1939559842519687
20
-4.2645406692913381
11
6.1939559842519687
21
-4.265777992125984
0
LINE
8
BLACK
6
CONTINUOUS
10
6.1939559842519687
20
-4.265777992125984
11
6.1938361023622042
21
-4.2663806299212599
0
LINE
8
BLACK
6
CONTINUOUS
10
6.1938361023622042
20
-4.2663806299212599
11
6.1929838188976376
21
-4.2672329133858264
0
LINE
8
BLACK
6
CONTINUOUS
10
6.1929838188976376
20
-4.2672329133858264
11
6.1917785433070867
21
-4.2672329133858264
0
LINE
8
BLACK
6
CONTINUOUS
10
6.1917785433070867
20
-4.2672329133858264
11
6.1909262598425192
21
-4.2663806299212599
0
LINE
8
BLACK
6
CONTINUOUS
10
6.1909262598425192
20
-4.2663806299212599
11
6.1908063779527556
21
-4.265777992125984
0
LINE
8
BLACK
6
CONTINUOUS
10
6.1908063779527556
20
-4.265777992125984
11
6.1908063779527556
21
-4.2645406692913381
0
LINE
8
BLACK
6
CONTINUOUS
10
6.1908063779527556
20
-4.2645406692913381
11
6.1858195275590546
21
-4.2645406692913381
0
LINE
8
BLACK
6
CONTINUOUS
10
6.1858195275590546
20
-4.2645406692913381
11
6.1852168897637796
21
-4.2644207874015745
0
LINE
8
BLACK
6
CONTINUOUS
10
6.1852168897637796
20
-4.2644207874015745
11
6.1843646062992121
21
-4.2635685039370079
0
LINE
8
BLACK
6
CONTINUOUS
10
6.1843646062992121
20
-4.2635685039370079
11
6.1843646062992121
21
-4.262363228346457
0
LINE
8
BLACK
6
CONTINUOUS
10
6.1843646062992121
20
-4.262363228346457
11
6.1852168897637796
21
-4.2615109448818895
0
LINE
8
BLACK
6
CONTINUOUS
10
6.1852168897637796
20
-4.2615109448818895
11
6.1858195275590546
21
-4.2613910629921259
0
LINE
8
BLACK
6
CONTINUOUS
10
6.1858195275590546
20
-4.2613910629921259
11
6.1908063779527556
21
-4.2613910629921259
0
LINE
8
BLACK
6
CONTINUOUS
10
6.1908063779527556
20
-4.2613910629921259
11
6.1908063779527556
21
-4.2557769291338579
0
LINE
8
BLACK
6
CONTINUOUS
10
6.1908063779527556
20
-4.2557769291338579
11
6.1788184645669286
21
-4.2597729133858264
0
LINE
8
BLACK
6
CONTINUOUS
10
6.1788184645669286
20
-4.2597729133858264
11
6.1782088582677162
21
-4.2598497637795276
0
LINE
8
BLACK
6
CONTINUOUS
10
6.1782088582677162
20
-4.2598497637795276
11
6.1771307874015751
21
-4.2593107480314956
0
LINE
8
BLACK
6
CONTINUOUS
10
6.1771307874015751
20
-4.2593107480314956
11
6.1767496456692914
21
-4.2581673228346455
0
LINE
8
BLACK
6
CONTINUOUS
10
6.1767496456692914
20
-4.2581673228346455
11
6.1772886614173226
21
-4.2570892519685035
0
LINE
8
BLACK
6
CONTINUOUS
10
6.1772886614173226
20
-4.2570892519685035
11
6.1778224803149602
21
-4.2567849606299211
0
LINE
8
BLACK
6
CONTINUOUS
10
6.1778224803149602
20
-4.2567849606299211
11
6.1918831889763775
21
-4.2520980708661416
0
LINE
8
BLACK
6
CONTINUOUS
10
6.1918831889763775
20
-4.2520980708661416
11
6.1924928346456696
21
-4.2520212204724412
0
LINE
8
BLACK
6
CONTINUOUS
10
6.1924928346456696
20
-4.2520212204724412
11
6.1927246456692915
21
-4.2521371259842518
0
LINE
8
BLACK
6
CONTINUOUS
10
6.1860717716535429
20
-4.2338125984251969
11
6.1864529527559053
21
-4.2349560629921257
0
LINE
8
BLACK
6
CONTINUOUS
10
6.1864529527559053
20
-4.2349560629921257
11
6.1862906692913384
21
-4.2355487007874011
0
LINE
8
BLACK
6
CONTINUOUS
10
6.1862906692913384
20
-4.2355487007874011
11
6.185353307086614
21
-4.2374234251968499
0
LINE
8
BLACK
6
CONTINUOUS
10
6.185353307086614
20
-4.2374234251968499
11
6.1851987007874012
21
-4.2376225984251965
0
LINE
8
BLACK
6
CONTINUOUS
10
6.1851987007874012
20
-4.2376225984251965
11
6.1850583070866136
21
-4.2378327559055116
0
LINE
8
BLACK
6
CONTINUOUS
10
6.1850583070866136
20
-4.2378327559055116
11
6.1839971259842521
21
-4.2388938976377952
0
LINE
8
BLACK
6
CONTINUOUS
10
6.1839971259842521
20
-4.2388938976377952
11
6.1973680708661414
21
-4.2388938976377952
0
LINE
8
BLACK
6
CONTINUOUS
10
6.1973680708661414
20
-4.2388938976377952
11
6.1973680708661414
21
-4.2348444094488187
0
LINE
8
BLACK
6
CONTINUOUS
10
6.1973680708661414
20
-4.2348444094488187
11
6.197487952755905
21
-4.2342417716535437
0
LINE
8
BLACK
6
CONTINUOUS
10
6.197487952755905
20
-4.2342417716535437
11
6.1983402362204725
21
-4.2333894881889762
0
LINE
8
BLACK
6
CONTINUOUS
10
6.1983402362204725
20
-4.2333894881889762
11
6.1995455118110234
21
-4.2333894881889762
0
LINE
8
BLACK
6
CONTINUOUS
10
6.1995455118110234
20
-4.2333894881889762
11
6.20039779527559
21
-4.2342417716535437
0
LINE
8
BLACK
6
CONTINUOUS
10
6.20039779527559
20
-4.2342417716535437
11
6.2005176771653545
21
-4.2348444094488187
0
LINE
8
BLACK
6
CONTINUOUS
10
6.2005176771653545
20
-4.2348444094488187
11
6.2005176771653545
21
-4.246092992125984
0
LINE
8
BLACK
6
CONTINUOUS
10
6.2005176771653545
20
-4.246092992125984
11
6.20039779527559
21
-4.2466956299212599
0
LINE
8
BLACK
6
CONTINUOUS
10
6.20039779527559
20
-4.2466956299212599
11
6.1995455118110234
21
-4.2475479133858265
0
LINE
8
BLACK
6
CONTINUOUS
10
6.1995455118110234
20
-4.2475479133858265
11
6.1983402362204725
21
-4.2475479133858265
0
LINE
8
BLACK
6
CONTINUOUS
10
6.1983402362204725
20
-4.2475479133858265
11
6.197487952755905
21
-4.2466956299212599
0
LINE
8
BLACK
6
CONTINUOUS
10
6.197487952755905
20
-4.2466956299212599
11
6.1973680708661414
21
-4.246092992125984
0
LINE
8
BLACK
6
CONTINUOUS
10
6.1973680708661414
20
-4.246092992125984
11
6.1973680708661414
21
-4.2420435039370075
0
LINE
8
BLACK
6
CONTINUOUS
10
6.1973680708661414
20
-4.2420435039370075
11
6.1792578346456688
21
-4.2420435039370075
0
LINE
8
BLACK
6
CONTINUOUS
10
6.1792578346456688
20
-4.2420435039370075
11
6.1786551968503938
21
-4.2419236220472438
0
LINE
8
BLACK
6
CONTINUOUS
10
6.1786551968503938
20
-4.2419236220472438
11
6.1785405118110237
21
-4.2418089370078738
0
LINE
8
BLACK
6
CONTINUOUS
10
6.1785405118110237
20
-4.2418089370078738
11
6.1783815354330711
21
-4.241777165354331
0
LINE
8
BLACK
6
CONTINUOUS
10
6.1783815354330711
20
-4.241777165354331
11
6.1781271259842514
21
-4.2413955511811023
0
LINE
8
BLACK
6
CONTINUOUS
10
6.1781271259842514
20
-4.2413955511811023
11
6.1778029133858263
21
-4.2410713385826773
0
LINE
8
BLACK
6
CONTINUOUS
10
6.1778029133858263
20
-4.2410713385826773
11
6.1778029133858263
21
-4.2409092125984253
0
LINE
8
BLACK
6
CONTINUOUS
10
6.1778029133858263
20
-4.2409092125984253
11
6.1777129921259837
21
-4.2407743307086614
0
LINE
8
BLACK
6
CONTINUOUS
10
6.1777129921259837
20
-4.2407743307086614
11
6.1778029133858263
21
-4.2403246850393703
0
LINE
8
BLACK
6
CONTINUOUS
10
6.1778029133858263
20
-4.2403246850393703
11
6.1778029133858263
21
-4.2398660629921263
0
LINE
8
BLACK
6
CONTINUOUS
10
6.1778029133858263
20
-4.2398660629921263
11
6.1779175590551176
21
-4.2397513779527563
0
LINE
8
BLACK
6
CONTINUOUS
10
6.1779175590551176
20
-4.2397513779527563
11
6.17794937007874
21
-4.2395924015748028
0
LINE
8
BLACK
6
CONTINUOUS
10
6.17794937007874
20
-4.2395924015748028
11
6.1783842913385829
21
-4.2391583858267712
0
LINE
8
BLACK
6
CONTINUOUS
10
6.1783842913385829
20
-4.2391583858267712
11
6.1810667322834645
21
-4.2373700787401578
0
LINE
8
BLACK
6
CONTINUOUS
10
6.1810667322834645
20
-4.2373700787401578
11
6.1826505118110235
21
-4.23578625984252
0
LINE
8
BLACK
6
CONTINUOUS
10
6.1826505118110235
20
-4.23578625984252
11
6.1834735826771654
21
-4.234140157480315
0
LINE
8
BLACK
6
CONTINUOUS
10
6.1834735826771654
20
-4.234140157480315
11
6.1838502755905509
21
-4.2336547637795272
0
LINE
8
BLACK
6
CONTINUOUS
10
6.1838502755905509
20
-4.2336547637795272
11
6.1849937401574806
21
-4.2332735826771657
0
LINE
8
BLACK
6
CONTINUOUS
10
6.1849937401574806
20
-4.2332735826771657
11
6.1860717716535429
21
-4.2338125984251969
0
LINE
8
BLACK
6
CONTINUOUS
10
6.1906955905511811
20
-4.2136221653543302
11
6.1908883464566928
21
-4.2136315748031494
0
LINE
8
BLACK
6
CONTINUOUS
10
6.1908883464566928
20
-4.2136315748031494
11
6.1946378740157479
21
-4.2145689370078738
0
LINE
8
BLACK
6
CONTINUOUS
10
6.1946378740157479
20
-4.2145689370078738
11
6.1947938188976375
21
-4.214642598425197
0
LINE
8
BLACK
6
CONTINUOUS
10
6.1947938188976375
20
-4.214642598425197
11
6.1949602362204725
21
-4.2146881889763774
0
LINE
8
BLACK
6
CONTINUOUS
10
6.1949602362204725
20
-4.2146881889763774
11
6.1968350000000001
21
-4.2156255905511806
0
LINE
8
BLACK
6
CONTINUOUS
10
6.1968350000000001
20
-4.2156255905511806
11
6.1970343307086617
21
-4.2157803149606297
0
LINE
8
BLACK
6
CONTINUOUS
10
6.1970343307086617
20
-4.2157803149606297
11
6.1972442519685034
21
-4.2159205511811022
0
LINE
8
BLACK
6
CONTINUOUS
10
6.1972442519685034
20
-4.2159205511811022
11
6.1991190551181097
21
-4.2177953149606298
0
LINE
8
BLACK
6
CONTINUOUS
10
6.1991190551181097
20
-4.2177953149606298
11
6.1991628740157481
21
-4.2178609055118113
0
LINE
8
BLACK
6
CONTINUOUS
10
6.1991628740157481
20
-4.2178609055118113
11
6.1991951968503933
21
-4.2178770866141733
0
LINE
8
BLACK
6
CONTINUOUS
10
6.1991951968503933
20
-4.2178770866141733
11
6.1993200393700789
21
-4.2180961417322838
0
LINE
8
BLACK
6
CONTINUOUS
10
6.1993200393700789
20
-4.2180961417322838
11
6.1994604330708656
21
-4.2183062204724404
0
LINE
8
BLACK
6
CONTINUOUS
10
6.1994604330708656
20
-4.2183062204724404
11
6.1994604330708656
21
-4.2183423622047247
0
LINE
8
BLACK
6
CONTINUOUS
10
6.1994604330708656
20
-4.2183423622047247
11
6.1994994881889767
21
-4.2184109055118109
0
LINE
8
BLACK
6
CONTINUOUS
10
6.1994994881889767
20
-4.2184109055118109
11
6.2004368897637798
21
-4.2212230314960628
0
LINE
8
BLACK
6
CONTINUOUS
10
6.2004368897637798
20
-4.2212230314960628
11
6.20046842519685
21
-4.2214736220472444
0
LINE
8
BLACK
6
CONTINUOUS
10
6.20046842519685
20
-4.2214736220472444
11
6.2005176771653545
21
-4.221721023622047
0
LINE
8
BLACK
6
CONTINUOUS
10
6.2005176771653545
20
-4.221721023622047
11
6.2005176771653545
21
-4.2235957874015746
0
LINE
8
BLACK
6
CONTINUOUS
10
6.2005176771653545
20
-4.2235957874015746
11
6.20046842519685
21
-4.2238431889763781
0
LINE
8
BLACK
6
CONTINUOUS
10
6.20046842519685
20
-4.2238431889763781
11
6.2004368897637798
21
-4.2240937401574801
0
LINE
8
BLACK
6
CONTINUOUS
10
6.2004368897637798
20
-4.2240937401574801
11
6.1994994881889767
21
-4.2269059448818895
0
LINE
8
BLACK
6
CONTINUOUS
10
6.1994994881889767
20
-4.2269059448818895
11
6.1994604330708656
21
-4.2269744488188978
0
LINE
8
BLACK
6
CONTINUOUS
10
6.1994604330708656
20
-4.2269744488188978
11
6.1994604330708656
21
-4.22701062992126
0
LINE
8
BLACK
6
CONTINUOUS
10
6.1994604330708656
20
-4.22701062992126
11
6.1993199606299214
21
-4.227220787401575
0
LINE
8
BLACK
6
CONTINUOUS
10
6.1993199606299214
20
-4.227220787401575
11
6.1991951968503933
21
-4.2274397244094484
0
LINE
8
BLACK
6
CONTINUOUS
10
6.1991951968503933
20
-4.2274397244094484
11
6.1991629133858268
21
-4.2274558267716538
0
LINE
8
BLACK
6
CONTINUOUS
10
6.1991629133858268
20
-4.2274558267716538
11
6.1991190551181097
21
-4.2275215354330706
0
LINE
8
BLACK
6
CONTINUOUS
10
6.1991190551181097
20
-4.2275215354330706
11
6.1981816535433065
21
-4.228458897637795
0
LINE
8
BLACK
6
CONTINUOUS
10
6.1981816535433065
20
-4.228458897637795
11
6.1976707480314959
21
-4.2288002362204722
0
LINE
8
BLACK
6
CONTINUOUS
10
6.1976707480314959
20
-4.2288002362204722
11
6.1964654330708662
21
-4.2288001968503934
0
LINE
8
BLACK
6
CONTINUOUS
10
6.1964654330708662
20
-4.2288001968503934
11
6.1956131889763775
21
-4.2279479527559056
0
LINE
8
BLACK
6
CONTINUOUS
10
6.1956131889763775
20
-4.2279479527559056
11
6.1956132283464562
21
-4.2267426377952759
0
LINE
8
BLACK
6
CONTINUOUS
10
6.1956132283464562
20
-4.2267426377952759
11
6.1959545669291334
21
-4.2262317322834644
0
LINE
8
BLACK
6
CONTINUOUS
10
6.1959545669291334
20
-4.2262317322834644
11
6.1966290944881885
21
-4.225557244094488
0
LINE
8
BLACK
6
CONTINUOUS
10
6.1966290944881885
20
-4.225557244094488
11
6.1973680708661414
21
-4.2233402755905507
0
LINE
8
BLACK
6
CONTINUOUS
10
6.1973680708661414
20
-4.2233402755905507
11
6.1973680708661414
21
-4.2219764960629922
0
LINE
8
BLACK
6
CONTINUOUS
10
6.1973680708661414
20
-4.2219764960629922
11
6.1966290944881885
21
-4.2197595669291337
0
LINE
8
BLACK
6
CONTINUOUS
10
6.1966290944881885
20
-4.2197595669291337
11
6.1951978346456693
21
-4.2183283858267719
0
LINE
8
BLACK
6
CONTINUOUS
10
6.1951978346456693
20
-4.2183283858267719
11
6.1937062598425197
21
-4.2175825984251967
0
LINE
8
BLACK
6
CONTINUOUS
10
6.1937062598425197
20
-4.2175825984251967
11
6.1903125196850395
21
-4.2167341732283461
0
LINE
8
BLACK
6
CONTINUOUS
10
6.1903125196850395
20
-4.2167341732283461
11
6.1878881889763777
21
-4.2167341732283461
0
LINE
8
BLACK
6
CONTINUOUS
10
6.1878881889763777
20
-4.2167341732283461
11
6.1844944094488188
21
-4.2175825984251967
0
LINE
8
BLACK
6
CONTINUOUS
10
6.1844944094488188
20
-4.2175825984251967
11
6.1830028346456691
21
-4.2183283464566932
0
LINE
8
BLACK
6
CONTINUOUS
10
6.1830028346456691
20
-4.2183283464566932
11
6.1815716141732286
21
-4.2197595669291337
0
LINE
8
BLACK
6
CONTINUOUS
10
6.1815716141732286
20
-4.2197595669291337
11
6.1808326377952758
21
-4.2219765354330709
0
LINE
8
BLACK
6
CONTINUOUS
10
6.1808326377952758
20
-4.2219765354330709
11
6.1808326377952758
21
-4.2233402362204719
0
LINE
8
BLACK
6
CONTINUOUS
10
6.1808326377952758
20
-4.2233402362204719
11
6.1815716141732286
21
-4.225557244094488
0
LINE
8
BLACK
6
CONTINUOUS
10
6.1815716141732286
20
-4.225557244094488
11
6.1822461417322829
21
-4.2262317716535431
0
LINE
8
BLACK
6
CONTINUOUS
10
6.1822461417322829
20
-4.2262317716535431
11
6.1825875196850388
21
-4.2267426771653547
0
LINE
8
BLACK
6
CONTINUOUS
10
6.1825875196850388
20
-4.2267426771653547
11
6.1825875196850388
21
-4.2279479527559056
0
LINE
8
BLACK
6
CONTINUOUS
10
6.1825875196850388
20
-4.2279479527559056
11
6.1817352362204723
21
-4.2288002362204722
0
LINE
8
BLACK
6
CONTINUOUS
10
6.1817352362204723
20
-4.2288002362204722
11
6.1805299606299213
21
-4.2288002362204722
0
LINE
8
BLACK
6
CONTINUOUS
10
6.1805299606299213
20
-4.2288002362204722
11
6.1800190551181098
21
-4.2284588582677163
0
LINE
8
BLACK
6
CONTINUOUS
10
6.1800190551181098
20
-4.2284588582677163
11
6.1790816929133854
21
-4.2275214960629919
0
LINE
8
BLACK
6
CONTINUOUS
10
6.1790816929133854
20
-4.2275214960629919
11
6.1790378740157479
21
-4.2274559055118113
0
LINE
8
BLACK
6
CONTINUOUS
10
6.1790378740157479
20
-4.2274559055118113
11
6.1790055511811026
21
-4.2274397637795271
0
LINE
8
BLACK
6
CONTINUOUS
10
6.1790055511811026
20
-4.2274397637795271
11
6.1788805118110233
21
-4.2272203937007875
0
LINE
8
BLACK
6
CONTINUOUS
10
6.1788805118110233
20
-4.2272203937007875
11
6.1787403149606295
21
-4.2270105905511812
0
LINE
8
BLACK
6
CONTINUOUS
10
6.1787403149606295
20
-4.2270105905511812
11
6.1787403149606295
21
-4.2269744488188978
0
LINE
8
BLACK
6
CONTINUOUS
10
6.1787403149606295
20
-4.2269744488188978
11
6.1787012598425193
21
-4.2269059448818895
0
LINE
8
BLACK
6
CONTINUOUS
10
6.1787012598425193
20
-4.2269059448818895
11
6.1777638582677161
21
-4.2240937795275588
0
LINE
8
BLACK
6
CONTINUOUS
10
6.1777638582677161
20
-4.2240937795275588
11
6.1777322834645672
21
-4.2238434645669294
0
LINE
8
BLACK
6
CONTINUOUS
10
6.1777322834645672
20
-4.2238434645669294
11
6.1776830314960627
21
-4.2235957874015746
0
LINE
8
BLACK
6
CONTINUOUS
10
6.1776830314960627
20
-4.2235957874015746
11
6.1776830314960627
21
-4.221721023622047
0
LINE
8
BLACK
6
CONTINUOUS
10
6.1776830314960627
20
-4.221721023622047
11
6.1777322834645672
21
-4.2214733070866144
0
LINE
8
BLACK
6
CONTINUOUS
10
6.1777322834645672
20
-4.2214733070866144
11
6.1777638582677161
21
-4.2212230314960628
0
LINE
8
BLACK
6
CONTINUOUS
10
6.1777638582677161
20
-4.2212230314960628
11
6.1787012598425193
21
-4.2184109055118109
0
LINE
8
BLACK
6
CONTINUOUS
10
6.1787012598425193
20
-4.2184109055118109
11
6.1787403149606295
21
-4.2183423622047247
0
LINE
8
BLACK
6
CONTINUOUS
10
6.1787403149606295
20
-4.2183423622047247
11
6.1787403149606295
21
-4.2183062598425192
0
LINE
8
BLACK
6
CONTINUOUS
10
6.1787403149606295
20
-4.2183062598425192
11
6.1788805118110233
21
-4.2180964173228341
0
LINE
8
BLACK
6
CONTINUOUS
10
6.1788805118110233
20
-4.2180964173228341
11
6.1790055511811026
21
-4.2178770866141733
0
LINE
8
BLACK
6
CONTINUOUS
10
6.1790055511811026
20
-4.2178770866141733
11
6.1790378740157479
21
-4.2178609055118113
0
LINE
8
BLACK
6
CONTINUOUS
10
6.1790378740157479
20
-4.2178609055118113
11
6.1790816929133854
21
-4.2177953543307085
0
LINE
8
BLACK
6
CONTINUOUS
10
6.1790816929133854
20
-4.2177953543307085
11
6.1809564173228342
21
-4.215920590551181
0
LINE
8
BLACK
6
CONTINUOUS
10
6.1809564173228342
20
-4.215920590551181
11
6.1811663385826767
21
-4.2157802755905509
0
LINE
8
BLACK
6
CONTINUOUS
10
6.1811663385826767
20
-4.2157802755905509
11
6.1813657086614171
21
-4.2156255905511806
0
LINE
8
BLACK
6
CONTINUOUS
10
6.1813657086614171
20
-4.2156255905511806
11
6.1832404724409447
21
-4.2146881889763774
0
LINE
8
BLACK
6
CONTINUOUS
10
6.1832404724409447
20
-4.2146881889763774
11
6.183406850393701
21
-4.214642598425197
0
LINE
8
BLACK
6
CONTINUOUS
10
6.183406850393701
20
-4.214642598425197
11
6.1835628346456692
21
-4.2145689370078738
0
LINE
8
BLACK
6
CONTINUOUS
10
6.1835628346456692
20
-4.2145689370078738
11
6.1873123622047244
21
-4.2136315748031494
0
LINE
8
BLACK
6
CONTINUOUS
10
6.1873123622047244
20
-4.2136315748031494
11
6.1875050787401573
21
-4.2136221653543302
0
LINE
8
BLACK
6
CONTINUOUS
10
6.1875050787401573
20
-4.2136221653543302
11
6.1876942913385822
21
-4.2135845669291339
0
LINE
8
BLACK
6
CONTINUOUS
10
6.1876942913385822
20
-4.2135845669291339
11
6.1905064173228341
21
-4.2135845669291339
0
LINE
8
BLACK
6
CONTINUOUS
10
6.1905064173228341
20
-4.2135845669291339
11
6.1906955905511811
21
-4.2136221653543302
0
LINE
8
BLACK
6
CONTINUOUS
10
6.215359606299212
20
-4.19881125984252
11
6.2164249606299213
21
-4.1998766141732284
0
LINE
8
BLACK
6
CONTINUOUS
10
6.2164249606299213
20
-4.1998766141732284
11
6.216574803149606
21
-4.2006299212598428
0
LINE
8
BLACK
6
CONTINUOUS
10
6.216574803149606
20
-4.2006299212598428
11
6.216574803149606
21
-4.2793700787401576
0
LINE
8
BLACK
6
CONTINUOUS
10
6.216574803149606
20
-4.2793700787401576
11
6.2164249606299213
21
-4.280123385826772
0
LINE
8
BLACK
6
CONTINUOUS
10
6.2164249606299213
20
-4.280123385826772
11
6.215359606299212
21
-4.2811887401574804
0
LINE
8
BLACK
6
CONTINUOUS
10
6.215359606299212
20
-4.2811887401574804
11
6.2146062992125986
21
-4.281338582677165
0
LINE
8
BLACK
6
CONTINUOUS
10
6.2146062992125986
20
-4.281338582677165
11
6.1653937007874013
21
-4.281338582677165
0
LINE
8
BLACK
6
CONTINUOUS
10
6.1653937007874013
20
-4.281338582677165
11
6.164640393700787
21
-4.2811887401574804
0
LINE
8
BLACK
6
CONTINUOUS
10
6.164640393700787
20
-4.2811887401574804
11
6.1635750393700786
21
-4.280123385826772
0
LINE
8
BLACK
6
CONTINUOUS
10
6.1635750393700786
20
-4.280123385826772
11
6.1634251968503939
21
-4.2793700787401576
0
LINE
8
BLACK
6
CONTINUOUS
10
6.1634251968503939
20
-4.2793700787401576
11
6.1634251968503939
21
-4.2006299212598428
0
LINE
8
BLACK
6
CONTINUOUS
10
6.1634251968503939
20
-4.2006299212598428
11
6.1635750393700786
21
-4.1998766141732284
0
LINE
8
BLACK
6
CONTINUOUS
10
6.1635750393700786
20
-4.1998766141732284
11
6.164640393700787
21
-4.19881125984252
0
LINE
8
BLACK
6
CONTINUOUS
10
6.164640393700787
20
-4.19881125984252
11
6.1653937007874013
21
-4.1986614173228345
0
LINE
8
BLACK
6
CONTINUOUS
10
6.1653937007874013
20
-4.1986614173228345
11
6.2146062992125986
21
-4.1986614173228345
0
LINE
8
BLACK
6
CONTINUOUS
10
6.2146062992125986
20
-4.1986614173228345
11
6.215359606299212
21
-4.19881125984252
0
LINE
8
BLACK
6
CONTINUOUS
10
6.1673622047244097
20
-4.2025984251968502
11
6.1673622047244097
21
-4.2774015748031493
0
LINE
8
BLACK
6
CONTINUOUS
10
6.1673622047244097
20
-4.2774015748031493
11
6.2126377952755902
21
-4.2774015748031493
0
LINE
8
BLACK
6
CONTINUOUS
10
6.2126377952755902
20
-4.2774015748031493
11
6.2126377952755902
21
-4.2025984251968502
0
LINE
8
BLACK
6
CONTINUOUS
10
6.2126377952755902
20
-4.2025984251968502
11
6.1673622047244097
21
-4.2025984251968502
0
LINE
8
BLACK
6
CONTINUOUS
10
6.3007127559055114
20
-4.2426781889763783
11
6.300832637795275
21
-4.2432808267716533
0
LINE
8
BLACK
6
CONTINUOUS
10
6.300832637795275
20
-4.2432808267716533
11
6.300832637795275
21
-4.2519962992125979
0
LINE
8
BLACK
6
CONTINUOUS
10
6.300832637795275
20
-4.2519962992125979
11
6.3057198818897637
21
-4.2477199606299214
0
LINE
8
BLACK
6
CONTINUOUS
10
6.3057198818897637
20
-4.2477199606299214
11
6.3061079133858264
21
-4.2474964960629924
0
LINE
8
BLACK
6
CONTINUOUS
10
6.3061079133858264
20
-4.2474964960629924
11
6.3061542519685041
21
-4.2474501968503935
0
LINE
8
BLACK
6
CONTINUOUS
10
6.3061542519685041
20
-4.2474501968503935
11
6.3061883464566924
21
-4.2474501968503935
0
LINE
8
BLACK
6
CONTINUOUS
10
6.3061883464566924
20
-4.2474501968503935
11
6.3062523622047246
21
-4.2474133464566926
0
LINE
8
BLACK
6
CONTINUOUS
10
6.3062523622047246
20
-4.2474133464566926
11
6.3068052362204723
21
-4.2474501968503935
0
LINE
8
BLACK
6
CONTINUOUS
10
6.3068052362204723
20
-4.2474501968503935
11
6.307359527559055
21
-4.2474501968503935
0
LINE
8
BLACK
6
CONTINUOUS
10
6.307359527559055
20
-4.2474501968503935
11
6.307399094488189
21
-4.2474897637795275
0
LINE
8
BLACK
6
CONTINUOUS
10
6.307399094488189
20
-4.2474897637795275
11
6.307455
21
-4.2474935039370081
0
LINE
8
BLACK
6
CONTINUOUS
10
6.307455
20
-4.2474935039370081
11
6.3078201181102358
21
-4.2479107874015751
0
LINE
8
BLACK
6
CONTINUOUS
10
6.3078201181102358
20
-4.2479107874015751
11
6.3082118110236216
21
-4.2483024803149609
0
LINE
8
BLACK
6
CONTINUOUS
10
6.3082118110236216
20
-4.2483024803149609
11
6.3082261811023619
21
-4.248374881889764
0
LINE
8
BLACK
6
CONTINUOUS
10
6.3082261811023619
20
-4.248374881889764
11
6.3082486614173225
21
-4.2484005511811018
0
LINE
8
BLACK
6
CONTINUOUS
10
6.3082486614173225
20
-4.2484005511811018
11
6.3082442913385828
21
-4.2484658267716533
0
LINE
8
BLACK
6
CONTINUOUS
10
6.3082442913385828
20
-4.2484658267716533
11
6.3083316929133852
21
-4.248905118110236
0
LINE
8
BLACK
6
CONTINUOUS
10
6.3083316929133852
20
-4.248905118110236
11
6.3083316929133852
21
-4.2513454724409447
0
LINE
8
BLACK
6
CONTINUOUS
10
6.3083316929133852
20
-4.2513454724409447
11
6.3089885433070867
21
-4.2526592125984255
0
LINE
8
BLACK
6
CONTINUOUS
10
6.3089885433070867
20
-4.2526592125984255
11
6.3095644488188976
21
-4.2532351181102364
0
LINE
8
BLACK
6
CONTINUOUS
10
6.3095644488188976
20
-4.2532351181102364
11
6.3108781889763774
21
-4.2538920078740157
0
LINE
8
BLACK
6
CONTINUOUS
10
6.3108781889763774
20
-4.2538920078740157
11
6.3148215748031493
21
-4.2538920078740157
0
LINE
8
BLACK
6
CONTINUOUS
10
6.3148215748031493
20
-4.2538920078740157
11
6.3161352362204726
21
-4.2532351181102364
0
LINE
8
BLACK
6
CONTINUOUS
10
6.3161352362204726
20
-4.2532351181102364
11
6.3167112598425197
21
-4.2526591732283467
0
LINE
8
BLACK
6
CONTINUOUS
10
6.3167112598425197
20
-4.2526591732283467
11
6.3173680708661415
21
-4.2513455511811022
0
LINE
8
BLACK
6
CONTINUOUS
10
6.3173680708661415
20
-4.2513455511811022
11
6.3173680708661415
21
-4.2464646850393697
0
LINE
8
BLACK
6
CONTINUOUS
10
6.3173680708661415
20
-4.2464646850393697
11
6.3167112598425197
21
-4.2451511023622048
0
LINE
8
BLACK
6
CONTINUOUS
10
6.3167112598425197
20
-4.2451511023622048
11
6.3159545669291335
21
-4.2443943700787399
0
LINE
8
BLACK
6
CONTINUOUS
10
6.3159545669291335
20
-4.2443943700787399
11
6.3156131889763776
21
-4.2438834645669292
0
LINE
8
BLACK
6
CONTINUOUS
10
6.3156131889763776
20
-4.2438834645669292
11
6.3156131889763776
21
-4.2426781889763783
0
LINE
8
BLACK
6
CONTINUOUS
10
6.3156131889763776
20
-4.2426781889763783
11
6.316465472440945
21
-4.2418259055118108
0
LINE
8
BLACK
6
CONTINUOUS
10
6.316465472440945
20
-4.2418259055118108
11
6.317670748031496
21
-4.2418259055118108
0
LINE
8
BLACK
6
CONTINUOUS
10
6.317670748031496
20
-4.2418259055118108
11
6.3181816535433066
21
-4.2421672834645667
0
LINE
8
BLACK
6
CONTINUOUS
10
6.3181816535433066
20
-4.2421672834645667
11
6.3191190551181098
21
-4.2431046456692911
0
LINE
8
BLACK
6
CONTINUOUS
10
6.3191190551181098
20
-4.2431046456692911
11
6.3192594488188973
21
-4.2433147637795274
0
LINE
8
BLACK
6
CONTINUOUS
10
6.3192594488188973
20
-4.2433147637795274
11
6.3194140551181102
21
-4.2435139763779528
0
LINE
8
BLACK
6
CONTINUOUS
10
6.3194140551181102
20
-4.2435139763779528
11
6.3203514173228346
21
-4.2453887007874016
0
LINE
8
BLACK
6
CONTINUOUS
10
6.3203514173228346
20
-4.2453887007874016
11
6.3203722440944876
21
-4.2454648031496065
0
LINE
8
BLACK
6
CONTINUOUS
10
6.3203722440944876
20
-4.2454648031496065
11
6.3203977952755901
21
-4.245490354330709
0
LINE
8
BLACK
6
CONTINUOUS
10
6.3203977952755901
20
-4.245490354330709
11
6.3204470078740158
21
-4.2457378740157479
0
LINE
8
BLACK
6
CONTINUOUS
10
6.3204470078740158
20
-4.2457378740157479
11
6.3205137007874015
21
-4.245981338582677
0
LINE
8
BLACK
6
CONTINUOUS
10
6.3205137007874015
20
-4.245981338582677
11
6.320502244094488
21
-4.2460155905511812
0
LINE
8
BLACK
6
CONTINUOUS
10
6.320502244094488
20
-4.2460155905511812
11
6.3205176771653546
21
-4.246092992125984
0
LINE
8
BLACK
6
CONTINUOUS
10
6.3205176771653546
20
-4.246092992125984
11
6.3205176771653546
21
-4.2517172834645667
0
LINE
8
BLACK
6
CONTINUOUS
10
6.3205176771653546
20
-4.2517172834645667
11
6.320502244094488
21
-4.2517946456692917
0
LINE
8
BLACK
6
CONTINUOUS
10
6.320502244094488
20
-4.2517946456692917
11
6.3205137007874015
21
-4.2518289370078737
0
LINE
8
BLACK
6
CONTINUOUS
10
6.3205137007874015
20
-4.2518289370078737
11
6.3204470078740158
21
-4.2520723622047241
0
LINE
8
BLACK
6
CONTINUOUS
10
6.3204470078740158
20
-4.2520723622047241
11
6.3203977952755901
21
-4.2523199212598426
0
LINE
8
BLACK
6
CONTINUOUS
10
6.3203977952755901
20
-4.2523199212598426
11
6.3203722440944876
21
-4.2523454330708663
0
LINE
8
BLACK
6
CONTINUOUS
10
6.3203722440944876
20
-4.2523454330708663
11
6.3203514173228346
21
-4.2524215748031491
0
LINE
8
BLACK
6
CONTINUOUS
10
6.3203514173228346
20
-4.2524215748031491
11
6.3194140551181102
21
-4.2542962992125979
0
LINE
8
BLACK
6
CONTINUOUS
10
6.3194140551181102
20
-4.2542962992125979
11
6.3192594488188973
21
-4.2544954724409445
0
LINE
8
BLACK
6
CONTINUOUS
10
6.3192594488188973
20
-4.2544954724409445
11
6.3191190551181098
21
-4.2547056299212596
0
LINE
8
BLACK
6
CONTINUOUS
10
6.3191190551181098
20
-4.2547056299212596
11
6.3181816535433066
21
-4.255642992125984
0
LINE
8
BLACK
6
CONTINUOUS
10
6.3181816535433066
20
-4.255642992125984
11
6.3179717322834641
21
-4.2557831889763778
0
LINE
8
BLACK
6
CONTINUOUS
10
6.3179717322834641
20
-4.2557831889763778
11
6.3177724015748034
21
-4.2559379527559056
0
LINE
8
BLACK
6
CONTINUOUS
10
6.3177724015748034
20
-4.2559379527559056
11
6.3158976377952758
21
-4.2568753543307087
0
LINE
8
BLACK
6
CONTINUOUS
10
6.3158976377952758
20
-4.2568753543307087
11
6.3158214960629921
21
-4.2568961811023618
0
LINE
8
BLACK
6
CONTINUOUS
10
6.3158214960629921
20
-4.2568961811023618
11
6.3157959842519684
21
-4.2569217322834643
0
LINE
8
BLACK
6
CONTINUOUS
10
6.3157959842519684
20
-4.2569217322834643
11
6.3155484251968499
21
-4.25697094488189
0
LINE
8
BLACK
6
CONTINUOUS
10
6.3155484251968499
20
-4.25697094488189
11
6.3153049999999995
21
-4.2570376377952757
0
LINE
8
BLACK
6
CONTINUOUS
10
6.3153049999999995
20
-4.2570376377952757
11
6.3152707086614175
21
-4.2570261811023622
0
LINE
8
BLACK
6
CONTINUOUS
10
6.3152707086614175
20
-4.2570261811023622
11
6.3151933464566925
21
-4.2570416141732279
0
LINE
8
BLACK
6
CONTINUOUS
10
6.3151933464566925
20
-4.2570416141732279
11
6.3105064173228342
21
-4.2570416141732279
0
LINE
8
BLACK
6
CONTINUOUS
10
6.3105064173228342
20
-4.2570416141732279
11
6.3104290157480314
21
-4.2570261811023622
0
LINE
8
BLACK
6
CONTINUOUS
10
6.3104290157480314
20
-4.2570261811023622
11
6.3103947637795272
21
-4.2570376377952757
0
LINE
8
BLACK
6
CONTINUOUS
10
6.3103947637795272
20
-4.2570376377952757
11
6.3101512992125981
21
-4.25697094488189
0
LINE
8
BLACK
6
CONTINUOUS
10
6.3101512992125981
20
-4.25697094488189
11
6.3099037795275592
21
-4.2569217322834643
0
LINE
8
BLACK
6
CONTINUOUS
10
6.3099037795275592
20
-4.2569217322834643
11
6.3098782283464567
21
-4.2568961811023618
0
LINE
8
BLACK
6
CONTINUOUS
10
6.3098782283464567
20
-4.2568961811023618
11
6.3098021259842518
21
-4.2568753543307087
0
LINE
8
BLACK
6
CONTINUOUS
10
6.3098021259842518
20
-4.2568753543307087
11
6.3079273622047243
21
-4.2559379527559056
0
LINE
8
BLACK
6
CONTINUOUS
10
6.3079273622047243
20
-4.2559379527559056
11
6.3077277559055114
21
-4.2557830314960627
0
LINE
8
BLACK
6
CONTINUOUS
10
6.3077277559055114
20
-4.2557830314960627
11
6.3075181102362201
21
-4.2556429527559052
0
LINE
8
BLACK
6
CONTINUOUS
10
6.3075181102362201
20
-4.2556429527559052
11
6.3065807480314957
21
-4.2547055905511808
0
LINE
8
BLACK
6
CONTINUOUS
10
6.3065807480314957
20
-4.2547055905511808
11
6.3064406299212594
21
-4.2544959055118108
0
LINE
8
BLACK
6
CONTINUOUS
10
6.3064406299212594
20
-4.2544959055118108
11
6.3062857480314962
21
-4.2542963385826766
0
LINE
8
BLACK
6
CONTINUOUS
10
6.3062857480314962
20
-4.2542963385826766
11
6.3053483464566931
21
-4.2524215748031491
0
LINE
8
BLACK
6
CONTINUOUS
10
6.3053483464566931
20
-4.2524215748031491
11
6.3053274803149604
21
-4.2523454330708663
0
LINE
8
BLACK
6
CONTINUOUS
10
6.3053274803149604
20
-4.2523454330708663
11
6.3053019685039366
21
-4.2523199212598426
0
LINE
8
BLACK
6
CONTINUOUS
10
6.3053019685039366
20
-4.2523199212598426
11
6.3052936220472438
21
-4.2522779921259843
0
LINE
8
BLACK
6
CONTINUOUS
10
6.3052936220472438
20
-4.2522779921259843
11
6.3002948425196852
21
-4.2566519685039372
0
LINE
8
BLACK
6
CONTINUOUS
10
6.3002948425196852
20
-4.2566519685039372
11
6.2999067716535428
21
-4.2568753937007875
0
LINE
8
BLACK
6
CONTINUOUS
10
6.2999067716535428
20
-4.2568753937007875
11
6.2998604724409448
21
-4.2569217322834643
0
LINE
8
BLACK
6
CONTINUOUS
10
6.2998604724409448
20
-4.2569217322834643
11
6.2998263779527557
21
-4.2569217322834643
0
LINE
8
BLACK
6
CONTINUOUS
10
6.2998263779527557
20
-4.2569217322834643
11
6.2997623622047243
21
-4.2569585826771652
0
LINE
8
BLACK
6
CONTINUOUS
10
6.2997623622047243
20
-4.2569585826771652
11
6.2992094881889766
21
-4.2569217322834643
0
LINE
8
BLACK
6
CONTINUOUS
10
6.2992094881889766
20
-4.2569217322834643
11
6.2986551968503939
21
-4.2569217322834643
0
LINE
8
BLACK
6
CONTINUOUS
10
6.2986551968503939
20
-4.2569217322834643
11
6.2986155905511811
21
-4.2568821259842515
0
LINE
8
BLACK
6
CONTINUOUS
10
6.2986155905511811
20
-4.2568821259842515
11
6.2985597244094489
21
-4.2568784251968506
0
LINE
8
BLACK
6
CONTINUOUS
10
6.2985597244094489
20
-4.2568784251968506
11
6.2981946850393697
21
-4.256461220472441
0
LINE
8
BLACK
6
CONTINUOUS
10
6.2981946850393697
20
-4.256461220472441
11
6.2978029133858264
21
-4.2560694488188977
0
LINE
8
BLACK
6
CONTINUOUS
10
6.2978029133858264
20
-4.2560694488188977
11
6.2977884645669286
21
-4.2559969685039372
0
LINE
8
BLACK
6
CONTINUOUS
10
6.2977884645669286
20
-4.2559969685039372
11
6.2977660629921255
21
-4.2559713385826772
0
LINE
8
BLACK
6
CONTINUOUS
10
6.2977660629921255
20
-4.2559713385826772
11
6.2977703937007874
21
-4.2559060629921257
0
LINE
8
BLACK
6
CONTINUOUS
10
6.2977703937007874
20
-4.2559060629921257
11
6.2976830314960628
21
-4.2554668110236218
0
LINE
8
BLACK
6
CONTINUOUS
10
6.2976830314960628
20
-4.2554668110236218
11
6.2976830314960628
21
-4.2432808267716533
0
LINE
8
BLACK
6
CONTINUOUS
10
6.2976830314960628
20
-4.2432808267716533
11
6.2978029133858264
21
-4.2426781889763783
0
LINE
8
BLACK
6
CONTINUOUS
10
6.2978029133858264
20
-4.2426781889763783
11
6.2986551968503939
21
-4.2418259055118108
0
LINE
8
BLACK
6
CONTINUOUS
10
6.2986551968503939
20
-4.2418259055118108
11
6.2998604724409448
21
-4.2418259055118108
0
LINE
8
BLACK
6
CONTINUOUS
10
6.2998604724409448
20
-4.2418259055118108
11
6.3007127559055114
21
-4.2426781889763783
0
LINE
8
BLACK
6
CONTINUOUS
10
6.3106955905511812
20
-4.222995984251968
11
6.3108883464566929
21
-4.2230053937007872
0
LINE
8
BLACK
6
CONTINUOUS
10
6.3108883464566929
20
-4.2230053937007872
11
6.3146378740157481
21
-4.2239427559055116
0
LINE
8
BLACK
6
CONTINUOUS
10
6.3146378740157481
20
-4.2239427559055116
11
6.3147938188976376
21
-4.2240164173228347
0
LINE
8
BLACK
6
CONTINUOUS
10
6.3147938188976376
20
-4.2240164173228347
11
6.3149602362204726
21
-4.2240620078740161
0
LINE
8
BLACK
6
CONTINUOUS
10
6.3149602362204726
20
-4.2240620078740161
11
6.3168350000000002
21
-4.2249994094488192
0
LINE
8
BLACK
6
CONTINUOUS
10
6.3168350000000002
20
-4.2249994094488192
11
6.3170343307086609
21
-4.2251541338582674
0
LINE
8
BLACK
6
CONTINUOUS
10
6.3170343307086609
20
-4.2251541338582674
11
6.3172442519685035
21
-4.22529437007874
0
LINE
8
BLACK
6
CONTINUOUS
10
6.3172442519685035
20
-4.22529437007874
11
6.3191190551181098
21
-4.2271691338582675
0
LINE
8
BLACK
6
CONTINUOUS
10
6.3191190551181098
20
-4.2271691338582675
11
6.3191628740157482
21
-4.227234724409449
0
LINE
8
BLACK
6
CONTINUOUS
10
6.3191628740157482
20
-4.227234724409449
11
6.3191951968503934
21
-4.227250905511811
0
LINE
8
BLACK
6
CONTINUOUS
10
6.3191951968503934
20
-4.227250905511811
11
6.319320039370079
21
-4.2274699606299215
0
LINE
8
BLACK
6
CONTINUOUS
10
6.319320039370079
20
-4.2274699606299215
11
6.3194604330708657
21
-4.2276800393700791
0
LINE
8
BLACK
6
CONTINUOUS
10
6.3194604330708657
20
-4.2276800393700791
11
6.3194604330708657
21
-4.2277161811023625
0
LINE
8
BLACK
6
CONTINUOUS
10
6.3194604330708657
20
-4.2277161811023625
11
6.3194994881889759
21
-4.2277847244094486
0
LINE
8
BLACK
6
CONTINUOUS
10
6.3194994881889759
20
-4.2277847244094486
11
6.320436889763779
21
-4.2305968503937006
0
LINE
8
BLACK
6
CONTINUOUS
10
6.320436889763779
20
-4.2305968503937006
11
6.3204684251968501
21
-4.2308474409448822
0
LINE
8
BLACK
6
CONTINUOUS
10
6.3204684251968501
20
-4.2308474409448822
11
6.3205176771653546
21
-4.2310948425196848
0
LINE
8
BLACK
6
CONTINUOUS
10
6.3205176771653546
20
-4.2310948425196848
11
6.3205176771653546
21
-4.2329696062992124
0
LINE
8
BLACK
6
CONTINUOUS
10
6.3205176771653546
20
-4.2329696062992124
11
6.3204684251968501
21
-4.2332170078740159
0
LINE
8
BLACK
6
CONTINUOUS
10
6.3204684251968501
20
-4.2332170078740159
11
6.320436889763779
21
-4.2334675590551178
0
LINE
8
BLACK
6
CONTINUOUS
10
6.320436889763779
20
-4.2334675590551178
11
6.3194994881889759
21
-4.2362797637795273
0
LINE
8
BLACK
6
CONTINUOUS
10
6.3194994881889759
20
-4.2362797637795273
11
6.3194604330708657
21
-4.2363482677165356
0
LINE
8
BLACK
6
CONTINUOUS
10
6.3194604330708657
20
-4.2363482677165356
11
6.3194604330708657
21
-4.2363844488188978
0
LINE
8
BLACK
6
CONTINUOUS
10
6.3194604330708657
20
-4.2363844488188978
11
6.3193199606299215
21
-4.2365946062992128
0
LINE
8
BLACK
6
CONTINUOUS
10
6.3193199606299215
20
-4.2365946062992128
11
6.3191951968503934
21
-4.2368135433070861
0
LINE
8
BLACK
6
CONTINUOUS
10
6.3191951968503934
20
-4.2368135433070861
11
6.3191629133858269
21
-4.2368296456692915
0
LINE
8
BLACK
6
CONTINUOUS
10
6.3191629133858269
20
-4.2368296456692915
11
6.3191190551181098
21
-4.2368953543307084
0
LINE
8
BLACK
6
CONTINUOUS
10
6.3191190551181098
20
-4.2368953543307084
11
6.3181816535433066
21
-4.2378327165354328
0
LINE
8
BLACK
6
CONTINUOUS
10
6.3181816535433066
20
-4.2378327165354328
11
6.317670748031496
21
-4.23817405511811
0
LINE
8
BLACK
6
CONTINUOUS
10
6.317670748031496
20
-4.23817405511811
11
6.3164654330708663
21
-4.2381740157480312
0
LINE
8
BLACK
6
CONTINUOUS
10
6.3164654330708663
20
-4.2381740157480312
11
6.3156131889763776
21
-4.2373217716535434
0
LINE
8
BLACK
6
CONTINUOUS
10
6.3156131889763776
20
-4.2373217716535434
11
6.3156132283464563
21
-4.2361164566929137
0
LINE
8
BLACK
6
CONTINUOUS
10
6.3156132283464563
20
-4.2361164566929137
11
6.3159545669291335
21
-4.2356055511811022
0
LINE
8
BLACK
6
CONTINUOUS
10
6.3159545669291335
20
-4.2356055511811022
11
6.3166290944881887
21
-4.2349310629921257
0
LINE
8
BLACK
6
CONTINUOUS
10
6.3166290944881887
20
-4.2349310629921257
11
6.3173680708661415
21
-4.2327140944881885
0
LINE
8
BLACK
6
CONTINUOUS
10
6.3173680708661415
20
-4.2327140944881885
11
6.3173680708661415
21
-4.23135031496063
0
LINE
8
BLACK
6
CONTINUOUS
10
6.3173680708661415
20
-4.23135031496063
11
6.3166290944881887
21
-4.2291333858267715
0
LINE
8
BLACK
6
CONTINUOUS
10
6.3166290944881887
20
-4.2291333858267715
11
6.3151978346456694
21
-4.2277022047244097
0
LINE
8
BLACK
6
CONTINUOUS
10
6.3151978346456694
20
-4.2277022047244097
11
6.3137062598425198
21
-4.2269564173228344
0
LINE
8
BLACK
6
CONTINUOUS
10
6.3137062598425198
20
-4.2269564173228344
11
6.3103125196850396
21
-4.2261079921259839
0
LINE
8
BLACK
6
CONTINUOUS
10
6.3103125196850396
20
-4.2261079921259839
11
6.3078881889763778
21
-4.2261079921259839
0
LINE
8
BLACK
6
CONTINUOUS
10
6.3078881889763778
20
-4.2261079921259839
11
6.3044944094488189
21
-4.2269564173228344
0
LINE
8
BLACK
6
CONTINUOUS
10
6.3044944094488189
20
-4.2269564173228344
11
6.3030028346456692
21
-4.227702165354331
0
LINE
8
BLACK
6
CONTINUOUS
10
6.3030028346456692
20
-4.227702165354331
11
6.3015716141732279
21
-4.2291333858267715
0
LINE
8
BLACK
6
CONTINUOUS
10
6.3015716141732279
20
-4.2291333858267715
11
6.300832637795275
21
-4.2313503543307087
0
LINE
8
BLACK
6
CONTINUOUS
10
6.300832637795275
20
-4.2313503543307087
11
6.300832637795275
21
-4.2327140551181097
0
LINE
8
BLACK
6
CONTINUOUS
10
6.300832637795275
20
-4.2327140551181097
11
6.3015716141732279
21
-4.2349310629921257
0
LINE
8
BLACK
6
CONTINUOUS
10
6.3015716141732279
20
-4.2349310629921257
11
6.302246141732283
21
-4.2356055905511809
0
LINE
8
BLACK
6
CONTINUOUS
10
6.302246141732283
20
-4.2356055905511809
11
6.3025875196850389
21
-4.2361164960629925
0
LINE
8
BLACK
6
CONTINUOUS
10
6.3025875196850389
20
-4.2361164960629925
11
6.3025875196850389
21
-4.2373217716535434
0
LINE
8
BLACK
6
CONTINUOUS
10
6.3025875196850389
20
-4.2373217716535434
11
6.3017352362204724
21
-4.23817405511811
0
LINE
8
BLACK
6
CONTINUOUS
10
6.3017352362204724
20
-4.23817405511811
11
6.3005299606299214
21
-4.23817405511811
0
LINE
8
BLACK
6
CONTINUOUS
10
6.3005299606299214
20
-4.23817405511811
11
6.3000190551181099
21
-4.2378326771653541
0
LINE
8
BLACK
6
CONTINUOUS
10
6.3000190551181099
20
-4.2378326771653541
11
6.2990816929133855
21
-4.2368953149606297
0
LINE
8
BLACK
6
CONTINUOUS
10
6.2990816929133855
20
-4.2368953149606297
11
6.299037874015748
21
-4.236829724409449
0
LINE
8
BLACK
6
CONTINUOUS
10
6.299037874015748
20
-4.236829724409449
11
6.2990055511811018
21
-4.2368135826771649
0
LINE
8
BLACK
6
CONTINUOUS
10
6.2990055511811018
20
-4.2368135826771649
11
6.2988805118110234
21
-4.2365942125984253
0
LINE
8
BLACK
6
CONTINUOUS
10
6.2988805118110234
20
-4.2365942125984253
11
6.2987403149606296
21
-4.236384409448819
0
LINE
8
BLACK
6
CONTINUOUS
10
6.2987403149606296
20
-4.236384409448819
11
6.2987403149606296
21
-4.2363482677165356
0
LINE
8
BLACK
6
CONTINUOUS
10
6.2987403149606296
20
-4.2363482677165356
11
6.2987012598425194
21
-4.2362797637795273
0
LINE
8
BLACK
6
CONTINUOUS
10
6.2987012598425194
20
-4.2362797637795273
11
6.2977638582677162
21
-4.2334675984251966
0
LINE
8
BLACK
6
CONTINUOUS
10
6.2977638582677162
20
-4.2334675984251966
11
6.2977322834645664
21
-4.2332172834645672
0
LINE
8
BLACK
6
CONTINUOUS
10
6.2977322834645664
20
-4.2332172834645672
11
6.2976830314960628
21
-4.2329696062992124
0
LINE
8
BLACK
6
CONTINUOUS
10
6.2976830314960628
20
-4.2329696062992124
11
6.2976830314960628
21
-4.2310948425196848
0
LINE
8
BLACK
6
CONTINUOUS
10
6.2976830314960628
20
-4.2310948425196848
11
6.2977322834645664
21
-4.2308471259842522
0
LINE
8
BLACK
6
CONTINUOUS
10
6.2977322834645664
20
-4.2308471259842522
11
6.2977638582677162
21
-4.2305968503937006
0
LINE
8
BLACK
6
CONTINUOUS
10
6.2977638582677162
20
-4.2305968503937006
11
6.2987012598425194
21
-4.2277847244094486
0
LINE
8
BLACK
6
CONTINUOUS
10
6.2987012598425194
20
-4.2277847244094486
11
6.2987403149606296
21
-4.2277161811023625
0
LINE
8
BLACK
6
CONTINUOUS
10
6.2987403149606296
20
-4.2277161811023625
11
6.2987403149606296
21
-4.2276800787401569
0
LINE
8
BLACK
6
CONTINUOUS
10
6.2987403149606296
20
-4.2276800787401569
11
6.2988805118110234
21
-4.2274702362204719
0
LINE
8
BLACK
6
CONTINUOUS
10
6.2988805118110234
20
-4.2274702362204719
11
6.2990055511811018
21
-4.227250905511811
0
LINE
8
BLACK
6
CONTINUOUS
10
6.2990055511811018
20
-4.227250905511811
11
6.299037874015748
21
-4.227234724409449
0
LINE
8
BLACK
6
CONTINUOUS
10
6.299037874015748
20
-4.227234724409449
11
6.2990816929133855
21
-4.2271691732283463
0
LINE
8
BLACK
6
CONTINUOUS
10
6.2990816929133855
20
-4.2271691732283463
11
6.3009564173228343
21
-4.2252944094488187
0
LINE
8
BLACK
6
CONTINUOUS
10
6.3009564173228343
20
-4.2252944094488187
11
6.3011663385826768
21
-4.2251540944881887
0
LINE
8
BLACK
6
CONTINUOUS
10
6.3011663385826768
20
-4.2251540944881887
11
6.3013657086614172
21
-4.2249994094488192
0
LINE
8
BLACK
6
CONTINUOUS
10
6.3013657086614172
20
-4.2249994094488192
11
6.3032404724409448
21
-4.2240620078740161
0
LINE
8
BLACK
6
CONTINUOUS
10
6.3032404724409448
20
-4.2240620078740161
11
6.3034068503937011
21
-4.2240164173228347
0
LINE
8
BLACK
6
CONTINUOUS
10
6.3034068503937011
20
-4.2240164173228347
11
6.3035628346456694
21
-4.2239427559055116
0
LINE
8
BLACK
6
CONTINUOUS
10
6.3035628346456694
20
-4.2239427559055116
11
6.3073123622047245
21
-4.2230053937007872
0
LINE
8
BLACK
6
CONTINUOUS
10
6.3073123622047245
20
-4.2230053937007872
11
6.3075050787401574
21
-4.222995984251968
0
LINE
8
BLACK
6
CONTINUOUS
10
6.3075050787401574
20
-4.222995984251968
11
6.3076942913385823
21
-4.2229583858267716
0
LINE
8
BLACK
6
CONTINUOUS
10
6.3076942913385823
20
-4.2229583858267716
11
6.3105064173228342
21
-4.2229583858267716
0
LINE
8
BLACK
6
CONTINUOUS
10
6.3105064173228342
20
-4.2229583858267716
11
6.3106955905511812
21
-4.222995984251968
0
LINE
8
BLACK
6
CONTINUOUS
10
6.3353596062992121
20
-4.19881125984252
11
6.3364249606299214
21
-4.1998766141732284
0
LINE
8
BLACK
6
CONTINUOUS
10
6.3364249606299214
20
-4.1998766141732284
11
6.3365748031496061
21
-4.2006299212598428
0
LINE
8
BLACK
6
CONTINUOUS
10
6.3365748031496061
20
-4.2006299212598428
11
6.3365748031496061
21
-4.2793700787401576
0
LINE
8
BLACK
6
CONTINUOUS
10
6.3365748031496061
20
-4.2793700787401576
11
6.3364249606299214
21
-4.280123385826772
0
LINE
8
BLACK
6
CONTINUOUS
10
6.3364249606299214
20
-4.280123385826772
11
6.3353596062992121
21
-4.2811887401574804
0
LINE
8
BLACK
6
CONTINUOUS
10
6.3353596062992121
20
-4.2811887401574804
11
6.3346062992125987
21
-4.281338582677165
0
LINE
8
BLACK
6
CONTINUOUS
10
6.3346062992125987
20
-4.281338582677165
11
6.2853937007874014
21
-4.281338582677165
0
LINE
8
BLACK
6
CONTINUOUS
10
6.2853937007874014
20
-4.281338582677165
11
6.2846403937007871
21
-4.2811887401574804
0
LINE
8
BLACK
6
CONTINUOUS
10
6.2846403937007871
20
-4.2811887401574804
11
6.2835750393700787
21
-4.280123385826772
0
LINE
8
BLACK
6
CONTINUOUS
10
6.2835750393700787
20
-4.280123385826772
11
6.2834251968503931
21
-4.2793700787401576
0
LINE
8
BLACK
6
CONTINUOUS
10
6.2834251968503931
20
-4.2793700787401576
11
6.2834251968503931
21
-4.2006299212598428
0
LINE
8
BLACK
6
CONTINUOUS
10
6.2834251968503931
20
-4.2006299212598428
11
6.2835750393700787
21
-4.1998766141732284
0
LINE
8
BLACK
6
CONTINUOUS
10
6.2835750393700787
20
-4.1998766141732284
11
6.2846403937007871
21
-4.19881125984252
0
LINE
8
BLACK
6
CONTINUOUS
10
6.2846403937007871
20
-4.19881125984252
11
6.2853937007874014
21
-4.1986614173228345
0
LINE
8
BLACK
6
CONTINUOUS
10
6.2853937007874014
20
-4.1986614173228345
11
6.3346062992125987
21
-4.1986614173228345
0
LINE
8
BLACK
6
CONTINUOUS
10
6.3346062992125987
20
-4.1986614173228345
11
6.3353596062992121
21
-4.19881125984252
0
LINE
8
BLACK
6
CONTINUOUS
10
6.2873622047244089
20
-4.2025984251968502
11
6.2873622047244089
21
-4.2774015748031493
0
LINE
8
BLACK
6
CONTINUOUS
10
6.2873622047244089
20
-4.2774015748031493
11
6.3326377952755903
21
-4.2774015748031493
0
LINE
8
BLACK
6
CONTINUOUS
10
6.3326377952755903
20
-4.2774015748031493
11
6.3326377952755903
21
-4.2025984251968502
0
LINE
8
BLACK
6
CONTINUOUS
10
6.3326377952755903
20
-4.2025984251968502
11
6.2873622047244089
21
-4.2025984251968502
0
LINE
8
BLACK
6
CONTINUOUS
10
6.3793835433070862
20
-4.2355885433070863
11
6.3804140551181101
21
-4.2361038188976377
0
LINE
8
BLACK
6
CONTINUOUS
10
6.3804140551181101
20
-4.2361038188976377
11
6.3811688976377949
21
-4.2369741732283464
0
LINE
8
BLACK
6
CONTINUOUS
10
6.3811688976377949
20
-4.2369741732283464
11
6.3815332283464565
21
-4.2380671653543303
0
LINE
8
BLACK
6
CONTINUOUS
10
6.3815332283464565
20
-4.2380671653543303
11
6.3814515748031493
21
-4.2392163779527561
0
LINE
8
BLACK
6
CONTINUOUS
10
6.3814515748031493
20
-4.2392163779527561
11
6.3812446850393698
21
-4.2397569685039374
0
LINE
8
BLACK
6
CONTINUOUS
10
6.3812446850393698
20
-4.2397569685039374
11
6.3793699212598423
21
-4.2435064960629925
0
LINE
8
BLACK
6
CONTINUOUS
10
6.3793699212598423
20
-4.2435064960629925
11
6.3792138976377952
21
-4.2437542913385826
0
LINE
8
BLACK
6
CONTINUOUS
10
6.3792138976377952
20
-4.2437542913385826
11
6.3791840551181105
21
-4.2438264566929131
0
LINE
8
BLACK
6
CONTINUOUS
10
6.3791840551181105
20
-4.2438264566929131
11
6.3791174409448814
21
-4.2439075984251966
0
LINE
8
BLACK
6
CONTINUOUS
10
6.3791174409448814
20
-4.2439075984251966
11
6.3790615748031492
21
-4.2439963779527554
0
LINE
8
BLACK
6
CONTINUOUS
10
6.3790615748031492
20
-4.2439963779527554
11
6.3790026377952751
21
-4.2440474803149604
0
LINE
8
BLACK
6
CONTINUOUS
10
6.3790026377952751
20
-4.2440474803149604
11
6.3788168110236221
21
-4.2442738976377949
0
LINE
8
BLACK
6
CONTINUOUS
10
6.3788168110236221
20
-4.2442738976377949
11
6.3763584251968499
21
-4.2467322834645671
0
LINE
8
BLACK
6
CONTINUOUS
10
6.3763584251968499
20
-4.2467322834645671
11
6.4037724015748028
21
-4.2467322834645671
0
LINE
8
BLACK
6
CONTINUOUS
10
6.4037724015748028
20
-4.2467322834645671
11
6.4037724015748028
21
-4.2384364566929129
0
LINE
8
BLACK
6
CONTINUOUS
10
6.4037724015748028
20
-4.2384364566929129
11
6.4038291338582676
21
-4.237860393700787
0
LINE
8
BLACK
6
CONTINUOUS
10
6.4038291338582676
20
-4.237860393700787
11
6.4042700393700782
21
-4.2367959842519687
0
LINE
8
BLACK
6
CONTINUOUS
10
6.4042700393700782
20
-4.2367959842519687
11
6.4050846850393697
21
-4.2359813385826772
0
LINE
8
BLACK
6
CONTINUOUS
10
6.4050846850393697
20
-4.2359813385826772
11
6.4061490944881889
21
-4.2355404330708657
0
LINE
8
BLACK
6
CONTINUOUS
10
6.4061490944881889
20
-4.2355404330708657
11
6.4073012204724407
21
-4.2355404330708657
0
LINE
8
BLACK
6
CONTINUOUS
10
6.4073012204724407
20
-4.2355404330708657
11
6.4083656299212599
21
-4.2359813385826772
0
LINE
8
BLACK
6
CONTINUOUS
10
6.4083656299212599
20
-4.2359813385826772
11
6.4091802755905514
21
-4.2367959842519687
0
LINE
8
BLACK
6
CONTINUOUS
10
6.4091802755905514
20
-4.2367959842519687
11
6.409621181102362
21
-4.237860393700787
0
LINE
8
BLACK
6
CONTINUOUS
10
6.409621181102362
20
-4.237860393700787
11
6.4096779133858268
21
-4.2384364566929129
0
LINE
8
BLACK
6
CONTINUOUS
10
6.4096779133858268
20
-4.2384364566929129
11
6.4096779133858268
21
-4.2609336220472436
0
LINE
8
BLACK
6
CONTINUOUS
10
6.4096779133858268
20
-4.2609336220472436
11
6.409621181102362
21
-4.2615096850393703
0
LINE
8
BLACK
6
CONTINUOUS
10
6.409621181102362
20
-4.2615096850393703
11
6.4091802755905514
21
-4.2625740944881887
0
LINE
8
BLACK
6
CONTINUOUS
10
6.4091802755905514
20
-4.2625740944881887
11
6.4083656299212599
21
-4.2633887401574802
0
LINE
8
BLACK
6
CONTINUOUS
10
6.4083656299212599
20
-4.2633887401574802
11
6.4073012204724407
21
-4.2638296456692917
0
LINE
8
BLACK
6
CONTINUOUS
10
6.4073012204724407
20
-4.2638296456692917
11
6.4061490944881889
21
-4.2638296456692917
0
LINE
8
BLACK
6
CONTINUOUS
10
6.4061490944881889
20
-4.2638296456692917
11
6.4050846850393697
21
-4.2633887401574802
0
LINE
8
BLACK
6
CONTINUOUS
10
6.4050846850393697
20
-4.2633887401574802
11
6.4042700393700782
21
-4.2625740944881887
0
LINE
8
BLACK
6
CONTINUOUS
10
6.4042700393700782
20
-4.2625740944881887
11
6.4038291338582676
21
-4.2615096850393703
0
LINE
8
BLACK
6
CONTINUOUS
10
6.4038291338582676
20
-4.2615096850393703
11
6.4037724015748028
21
-4.2609336220472436
0
LINE
8
BLACK
6
CONTINUOUS
10
6.4037724015748028
20
-4.2609336220472436
11
6.4037724015748028
21
-4.2526377952755903
0
LINE
8
BLACK
6
CONTINUOUS
10
6.4037724015748028
20
-4.2526377952755903
11
6.3673550787401574
21
-4.2526377952755903
0
LINE
8
BLACK
6
CONTINUOUS
10
6.3673550787401574
20
-4.2526377952755903
11
6.3673529921259844
21
-4.2526375590551178
0
LINE
8
BLACK
6
CONTINUOUS
10
6.3673529921259844
20
-4.2526375590551178
11
6.3673519685039368
21
-4.2526377952755903
0
LINE
8
BLACK
6
CONTINUOUS
10
6.3673519685039368
20
-4.2526377952755903
11
6.3673489370078737
21
-4.2526371653543302
0
LINE
8
BLACK
6
CONTINUOUS
10
6.3673489370078737
20
-4.2526371653543302
11
6.3667790157480315
21
-4.2525810629921255
0
LINE
8
BLACK
6
CONTINUOUS
10
6.3667790157480315
20
-4.2525810629921255
11
6.3665088976377948
21
-4.2524691732283459
0
LINE
8
BLACK
6
CONTINUOUS
10
6.3665088976377948
20
-4.2524691732283459
11
6.366222283464567
21
-4.2524118503937007
0
LINE
8
BLACK
6
CONTINUOUS
10
6.366222283464567
20
-4.2524118503937007
11
6.3659818897637797
21
-4.2522508661417318
0
LINE
8
BLACK
6
CONTINUOUS
10
6.3659818897637797
20
-4.2522508661417318
11
6.3657146062992123
21
-4.2521401574803148
0
LINE
8
BLACK
6
CONTINUOUS
10
6.3657146062992123
20
-4.2521401574803148
11
6.3655078740157478
21
-4.2519334251968504
0
LINE
8
BLACK
6
CONTINUOUS
10
6.3655078740157478
20
-4.2519334251968504
11
6.365265
21
-4.2517707874015747
0
LINE
8
BLACK
6
CONTINUOUS
10
6.365265
20
-4.2517707874015747
11
6.365104488188976
21
-4.2515300393700786
0
LINE
8
BLACK
6
CONTINUOUS
10
6.365104488188976
20
-4.2515300393700786
11
6.3648999606299208
21
-4.2513255118110234
0
LINE
8
BLACK
6
CONTINUOUS
10
6.3648999606299208
20
-4.2513255118110234
11
6.3647880708661413
21
-4.2510553937007876
0
LINE
8
BLACK
6
CONTINUOUS
10
6.3647880708661413
20
-4.2510553937007876
11
6.3646259055118106
21
-4.2508121653543309
0
LINE
8
BLACK
6
CONTINUOUS
10
6.3646259055118106
20
-4.2508121653543309
11
6.3645697637795271
21
-4.2505283464566928
0
LINE
8
BLACK
6
CONTINUOUS
10
6.3645697637795271
20
-4.2505283464566928
11
6.3644590551181102
21
-4.250261102362205
0
LINE
8
BLACK
6
CONTINUOUS
10
6.3644590551181102
20
-4.250261102362205
11
6.3644590551181102
21
-4.2499687007874014
0
LINE
8
BLACK
6
CONTINUOUS
10
6.3644590551181102
20
-4.2499687007874014
11
6.3644023228346454
21
-4.2496819291338586
0
LINE
8
BLACK
6
CONTINUOUS
10
6.3644023228346454
20
-4.2496819291338586
11
6.3644590551181102
21
-4.2493982677165354
0
LINE
8
BLACK
6
CONTINUOUS
10
6.3644590551181102
20
-4.2493982677165354
11
6.3644590551181102
21
-4.2491089763779524
0
LINE
8
BLACK
6
CONTINUOUS
10
6.3644590551181102
20
-4.2491089763779524
11
6.3645709055118109
21
-4.2488388582677166
0
LINE
8
BLACK
6
CONTINUOUS
10
6.3645709055118109
20
-4.2488388582677166
11
6.3646282677165349
21
-4.2485522440944878
0
LINE
8
BLACK
6
CONTINUOUS
10
6.3646282677165349
20
-4.2485522440944878
11
6.3647892125984251
21
-4.2483118503937005
0
LINE
8
BLACK
6
CONTINUOUS
10
6.3647892125984251
20
-4.2483118503937005
11
6.3648999606299208
21
-4.248044566929134
0
LINE
8
BLACK
6
CONTINUOUS
10
6.3648999606299208
20
-4.248044566929134
11
6.3651066535433065
21
-4.2478378346456696
0
LINE
8
BLACK
6
CONTINUOUS
10
6.3651066535433065
20
-4.2478378346456696
11
6.365269330708661
21
-4.2475949606299208
0
LINE
8
BLACK
6
CONTINUOUS
10
6.365269330708661
20
-4.2475949606299208
11
6.365712559055118
21
-4.2472319291338581
0
LINE
8
BLACK
6
CONTINUOUS
10
6.365712559055118
20
-4.2472319291338581
11
6.3657146062992123
21
-4.2472299212598426
0
LINE
8
BLACK
6
CONTINUOUS
10
6.3657146062992123
20
-4.2472299212598426
11
6.3657154724409448
21
-4.247229527559055
0
LINE
8
BLACK
6
CONTINUOUS
10
6.3657154724409448
20
-4.247229527559055
11
6.3657171653543303
21
-4.2472281889763774
0
LINE
8
BLACK
6
CONTINUOUS
10
6.3657171653543303
20
-4.2472281889763774
11
6.3710981889763776
21
-4.2436408267716539
0
LINE
8
BLACK
6
CONTINUOUS
10
6.3710981889763776
20
-4.2436408267716539
11
6.3743021653543304
21
-4.2404368897637799
0
LINE
8
BLACK
6
CONTINUOUS
10
6.3743021653543304
20
-4.2404368897637799
11
6.3759626377952756
21
-4.2371159448818894
0
LINE
8
BLACK
6
CONTINUOUS
10
6.3759626377952756
20
-4.2371159448818894
11
6.3762709842519687
21
-4.2366260629921255
0
LINE
8
BLACK
6
CONTINUOUS
10
6.3762709842519687
20
-4.2366260629921255
11
6.3771413779527562
21
-4.2358712204724407
0
LINE
8
BLACK
6
CONTINUOUS
10
6.3771413779527562
20
-4.2358712204724407
11
6.3782343307086613
21
-4.2355068897637791
0
LINE
8
BLACK
6
CONTINUOUS
10
6.3782343307086613
20
-4.2355068897637791
11
6.3793835433070862
21
-4.2355885433070863
0
LINE
8
BLACK
6
CONTINUOUS
10
5.3407127559055114
20
-4.2226781889763778
11
5.3408326377952751
21
-4.2232808267716537
0
LINE
8
BLACK
6
CONTINUOUS
10
5.3408326377952751
20
-4.2232808267716537
11
5.3408326377952751
21
-4.2340159055118107
0
LINE
8
BLACK
6
CONTINUOUS
10
5.3408326377952751
20
-4.2340159055118107
11
5.358322559055118
21
-4.2265202755905511
0
LINE
8
BLACK
6
CONTINUOUS
10
5.358322559055118
20
-4.2265202755905511
11
5.3589237007874013
21
-4.2263930708661412
0
LINE
8
BLACK
6
CONTINUOUS
10
5.3589237007874013
20
-4.2263930708661412
11
5.3600427952755902
21
-4.2268407086614168
0
LINE
8
BLACK
6
CONTINUOUS
10
5.3600427952755902
20
-4.2268407086614168
11
5.3605175590551184
21
-4.2279485433070869
0
LINE
8
BLACK
6
CONTINUOUS
10
5.3605175590551184
20
-4.2279485433070869
11
5.3600699212598428
21
-4.2290676377952758
0
LINE
8
BLACK
6
CONTINUOUS
10
5.3600699212598428
20
-4.2290676377952758
11
5.3595632283464569
21
-4.229415236220472
0
LINE
8
BLACK
6
CONTINUOUS
10
5.3595632283464569
20
-4.229415236220472
11
5.3398781889763782
21
-4.2378516535433066
0
LINE
8
BLACK
6
CONTINUOUS
10
5.3398781889763782
20
-4.2378516535433066
11
5.3398651181102359
21
-4.2378544094488184
0
LINE
8
BLACK
6
CONTINUOUS
10
5.3398651181102359
20
-4.2378544094488184
11
5.3398604724409449
21
-4.2378590944881891
0
LINE
8
BLACK
6
CONTINUOUS
10
5.3398604724409449
20
-4.2378590944881891
11
5.3398430314960628
21
-4.2378590944881891
0
LINE
8
BLACK
6
CONTINUOUS
10
5.3398430314960628
20
-4.2378590944881891
11
5.339277047244094
21
-4.2379788582677165
0
LINE
8
BLACK
6
CONTINUOUS
10
5.339277047244094
20
-4.2379788582677165
11
5.3389776377952751
21
-4.2378590944881891
0
LINE
8
BLACK
6
CONTINUOUS
10
5.3389776377952751
20
-4.2378590944881891
11
5.3386551968503939
21
-4.2378590944881891
0
LINE
8
BLACK
6
CONTINUOUS
10
5.3386551968503939
20
-4.2378590944881891
11
5.3384402362204719
21
-4.237644133858268
0
LINE
8
BLACK
6
CONTINUOUS
10
5.3384402362204719
20
-4.237644133858268
11
5.3381579527559051
21
-4.2375312204724409
0
LINE
8
BLACK
6
CONTINUOUS
10
5.3381579527559051
20
-4.2375312204724409
11
5.3380309055118111
21
-4.2372348031496063
0
LINE
8
BLACK
6
CONTINUOUS
10
5.3380309055118111
20
-4.2372348031496063
11
5.3378029133858265
21
-4.2370068110236216
0
LINE
8
BLACK
6
CONTINUOUS
10
5.3378029133858265
20
-4.2370068110236216
11
5.337690039370079
21
-4.2364394881889762
0
LINE
8
BLACK
6
CONTINUOUS
10
5.337690039370079
20
-4.2364394881889762
11
5.3376831496062991
21
-4.2364233858267717
0
LINE
8
BLACK
6
CONTINUOUS
10
5.3376831496062991
20
-4.2364233858267717
11
5.3376855905511809
21
-4.2364171653543305
0
LINE
8
BLACK
6
CONTINUOUS
10
5.3376855905511809
20
-4.2364171653543305
11
5.3376830314960628
21
-4.2364041732283466
0
LINE
8
BLACK
6
CONTINUOUS
10
5.3376830314960628
20
-4.2364041732283466
11
5.3376830314960628
21
-4.2232808267716537
0
LINE
8
BLACK
6
CONTINUOUS
10
5.3376830314960628
20
-4.2232808267716537
11
5.3378029133858265
21
-4.2226781889763778
0
LINE
8
BLACK
6
CONTINUOUS
10
5.3378029133858265
20
-4.2226781889763778
11
5.3386551968503939
21
-4.2218259055118112
0
LINE
8
BLACK
6
CONTINUOUS
10
5.3386551968503939
20
-4.2218259055118112
11
5.3398604724409449
21
-4.2218259055118112
0
LINE
8
BLACK
6
CONTINUOUS
10
5.3398604724409449
20
-4.2218259055118112
11
5.3407127559055114
21
-4.2226781889763778
0
LINE
8
BLACK
6
CONTINUOUS
10
5.3506955905511813
20
-4.2029959842519684
11
5.350888346456693
21
-4.2030053937007876
0
LINE
8
BLACK
6
CONTINUOUS
10
5.350888346456693
20
-4.2030053937007876
11
5.3546378740157481
21
-4.203942755905512
0
LINE
8
BLACK
6
CONTINUOUS
10
5.3546378740157481
20
-4.203942755905512
11
5.3547938188976376
21
-4.2040164173228343
0
LINE
8
BLACK
6
CONTINUOUS
10
5.3547938188976376
20
-4.2040164173228343
11
5.3549602362204727
21
-4.2040620078740156
0
LINE
8
BLACK
6
CONTINUOUS
10
5.3549602362204727
20
-4.2040620078740156
11
5.3568350000000002
21
-4.2049994094488188
0
LINE
8
BLACK
6
CONTINUOUS
10
5.3568350000000002
20
-4.2049994094488188
11
5.357034330708661
21
-4.2051541338582679
0
LINE
8
BLACK
6
CONTINUOUS
10
5.357034330708661
20
-4.2051541338582679
11
5.3572442519685035
21
-4.2052943700787404
0
LINE
8
BLACK
6
CONTINUOUS
10
5.3572442519685035
20
-4.2052943700787404
11
5.3591190551181098
21
-4.207169133858268
0
LINE
8
BLACK
6
CONTINUOUS
10
5.3591190551181098
20
-4.207169133858268
11
5.3591628740157482
21
-4.2072347244094486
0
LINE
8
BLACK
6
CONTINUOUS
10
5.3591628740157482
20
-4.2072347244094486
11
5.3591951968503935
21
-4.2072509055118106
0
LINE
8
BLACK
6
CONTINUOUS
10
5.3591951968503935
20
-4.2072509055118106
11
5.3593200393700791
21
-4.2074699606299211
0
LINE
8
BLACK
6
CONTINUOUS
10
5.3593200393700791
20
-4.2074699606299211
11
5.3594604330708657
21
-4.2076800393700786
0
LINE
8
BLACK
6
CONTINUOUS
10
5.3594604330708657
20
-4.2076800393700786
11
5.3594604330708657
21
-4.207716181102362
0
LINE
8
BLACK
6
CONTINUOUS
10
5.3594604330708657
20
-4.207716181102362
11
5.3594994881889759
21
-4.2077847244094491
0
LINE
8
BLACK
6
CONTINUOUS
10
5.3594994881889759
20
-4.2077847244094491
11
5.3604368897637791
21
-4.210596850393701
0
LINE
8
BLACK
6
CONTINUOUS
10
5.3604368897637791
20
-4.210596850393701
11
5.3604684251968502
21
-4.2108474409448817
0
LINE
8
BLACK
6
CONTINUOUS
10
5.3604684251968502
20
-4.2108474409448817
11
5.3605176771653538
21
-4.2110948425196852
0
LINE
8
BLACK
6
CONTINUOUS
10
5.3605176771653538
20
-4.2110948425196852
11
5.3605176771653538
21
-4.2129696062992128
0
LINE
8
BLACK
6
CONTINUOUS
10
5.3605176771653538
20
-4.2129696062992128
11
5.3604684251968502
21
-4.2132170078740154
0
LINE
8
BLACK
6
CONTINUOUS
10
5.3604684251968502
20
-4.2132170078740154
11
5.3604368897637791
21
-4.2134675590551183
0
LINE
8
BLACK
6
CONTINUOUS
10
5.3604368897637791
20
-4.2134675590551183
11
5.3594994881889759
21
-4.2162797637795277
0
LINE
8
BLACK
6
CONTINUOUS
10
5.3594994881889759
20
-4.2162797637795277
11
5.3594604330708657
21
-4.2163482677165351
0
LINE
8
BLACK
6
CONTINUOUS
10
5.3594604330708657
20
-4.2163482677165351
11
5.3594604330708657
21
-4.2163844488188973
0
LINE
8
BLACK
6
CONTINUOUS
10
5.3594604330708657
20
-4.2163844488188973
11
5.3593199606299216
21
-4.2165946062992123
0
LINE
8
BLACK
6
CONTINUOUS
10
5.3593199606299216
20
-4.2165946062992123
11
5.3591951968503935
21
-4.2168135433070866
0
LINE
8
BLACK
6
CONTINUOUS
10
5.3591951968503935
20
-4.2168135433070866
11
5.359162913385827
21
-4.2168296456692911
0
LINE
8
BLACK
6
CONTINUOUS
10
5.359162913385827
20
-4.2168296456692911
11
5.3591190551181098
21
-4.2168953543307088
0
LINE
8
BLACK
6
CONTINUOUS
10
5.3591190551181098
20
-4.2168953543307088
11
5.3581816535433067
21
-4.2178327165354332
0
LINE
8
BLACK
6
CONTINUOUS
10
5.3581816535433067
20
-4.2178327165354332
11
5.357670748031496
21
-4.2181740551181104
0
LINE
8
BLACK
6
CONTINUOUS
10
5.357670748031496
20
-4.2181740551181104
11
5.3564654330708663
21
-4.2181740157480316
0
LINE
8
BLACK
6
CONTINUOUS
10
5.3564654330708663
20
-4.2181740157480316
11
5.3556131889763776
21
-4.2173217716535429
0
LINE
8
BLACK
6
CONTINUOUS
10
5.3556131889763776
20
-4.2173217716535429
11
5.3556132283464564
21
-4.2161164566929132
0
LINE
8
BLACK
6
CONTINUOUS
10
5.3556132283464564
20
-4.2161164566929132
11
5.3559545669291335
21
-4.2156055511811026
0
LINE
8
BLACK
6
CONTINUOUS
10
5.3559545669291335
20
-4.2156055511811026
11
5.3566290944881887
21
-4.2149310629921262
0
LINE
8
BLACK
6
CONTINUOUS
10
5.3566290944881887
20
-4.2149310629921262
11
5.3573680708661415
21
-4.2127140944881889
0
LINE
8
BLACK
6
CONTINUOUS
10
5.3573680708661415
20
-4.2127140944881889
11
5.3573680708661415
21
-4.2113503149606295
0
LINE
8
BLACK
6
CONTINUOUS
10
5.3573680708661415
20
-4.2113503149606295
11
5.3566290944881887
21
-4.2091333858267719
0
LINE
8
BLACK
6
CONTINUOUS
10
5.3566290944881887
20
-4.2091333858267719
11
5.3551978346456695
21
-4.2077022047244093
0
LINE
8
BLACK
6
CONTINUOUS
10
5.3551978346456695
20
-4.2077022047244093
11
5.3537062598425198
21
-4.2069564173228349
0
LINE
8
BLACK
6
CONTINUOUS
10
5.3537062598425198
20
-4.2069564173228349
11
5.3503125196850396
21
-4.2061079921259843
0
LINE
8
BLACK
6
CONTINUOUS
10
5.3503125196850396
20
-4.2061079921259843
11
5.3478881889763779
21
-4.2061079921259843
0
LINE
8
BLACK
6
CONTINUOUS
10
5.3478881889763779
20
-4.2061079921259843
11
5.3444944094488189
21
-4.2069564173228349
0
LINE
8
BLACK
6
CONTINUOUS
10
5.3444944094488189
20
-4.2069564173228349
11
5.3430028346456693
21
-4.2077021653543305
0
LINE
8
BLACK
6
CONTINUOUS
10
5.3430028346456693
20
-4.2077021653543305
11
5.3415716141732279
21
-4.2091333858267719
0
LINE
8
BLACK
6
CONTINUOUS
10
5.3415716141732279
20
-4.2091333858267719
11
5.3408326377952751
21
-4.2113503543307083
0
LINE
8
BLACK
6
CONTINUOUS
10
5.3408326377952751
20
-4.2113503543307083
11
5.3408326377952751
21
-4.2127140551181101
0
LINE
8
BLACK
6
CONTINUOUS
10
5.3408326377952751
20
-4.2127140551181101
11
5.3415716141732279
21
-4.2149310629921262
0
LINE
8
BLACK
6
CONTINUOUS
10
5.3415716141732279
20
-4.2149310629921262
11
5.3422461417322831
21
-4.2156055905511813
0
LINE
8
BLACK
6
CONTINUOUS
10
5.3422461417322831
20
-4.2156055905511813
11
5.342587519685039
21
-4.216116496062992
0
LINE
8
BLACK
6
CONTINUOUS
10
5.342587519685039
20
-4.216116496062992
11
5.342587519685039
21
-4.2173217716535429
0
LINE
8
BLACK
6
CONTINUOUS
10
5.342587519685039
20
-4.2173217716535429
11
5.3417352362204724
21
-4.2181740551181104
0
LINE
8
BLACK
6
CONTINUOUS
10
5.3417352362204724
20
-4.2181740551181104
11
5.3405299606299215
21
-4.2181740551181104
0
LINE
8
BLACK
6
CONTINUOUS
10
5.3405299606299215
20
-4.2181740551181104
11
5.3400190551181099
21
-4.2178326771653545
0
LINE
8
BLACK
6
CONTINUOUS
10
5.3400190551181099
20
-4.2178326771653545
11
5.3390816929133855
21
-4.2168953149606301
0
LINE
8
BLACK
6
CONTINUOUS
10
5.3390816929133855
20
-4.2168953149606301
11
5.339037874015748
21
-4.2168297244094486
0
LINE
8
BLACK
6
CONTINUOUS
10
5.339037874015748
20
-4.2168297244094486
11
5.3390055511811019
21
-4.2168135826771653
0
LINE
8
BLACK
6
CONTINUOUS
10
5.3390055511811019
20
-4.2168135826771653
11
5.3388805118110234
21
-4.2165942125984248
0
LINE
8
BLACK
6
CONTINUOUS
10
5.3388805118110234
20
-4.2165942125984248
11
5.3387403149606296
21
-4.2163844094488185
0
LINE
8
BLACK
6
CONTINUOUS
10
5.3387403149606296
20
-4.2163844094488185
11
5.3387403149606296
21
-4.2163482677165351
0
LINE
8
BLACK
6
CONTINUOUS
10
5.3387403149606296
20
-4.2163482677165351
11
5.3387012598425194
21
-4.2162797637795277
0
LINE
8
BLACK
6
CONTINUOUS
10
5.3387012598425194
20
-4.2162797637795277
11
5.3377638582677163
21
-4.213467598425197
0
LINE
8
BLACK
6
CONTINUOUS
10
5.3377638582677163
20
-4.213467598425197
11
5.3377322834645664
21
-4.2132172834645667
0
LINE
8
BLACK
6
CONTINUOUS
10
5.3377322834645664
20
-4.2132172834645667
11
5.3376830314960628
21
-4.2129696062992128
0
LINE
8
BLACK
6
CONTINUOUS
10
5.3376830314960628
20
-4.2129696062992128
11
5.3376830314960628
21
-4.2110948425196852
0
LINE
8
BLACK
6
CONTINUOUS
10
5.3376830314960628
20
-4.2110948425196852
11
5.3377322834645664
21
-4.2108471259842517
0
LINE
8
BLACK
6
CONTINUOUS
10
5.3377322834645664
20
-4.2108471259842517
11
5.3377638582677163
21
-4.210596850393701
0
LINE
8
BLACK
6
CONTINUOUS
10
5.3377638582677163
20
-4.210596850393701
11
5.3387012598425194
21
-4.2077847244094491
0
LINE
8
BLACK
6
CONTINUOUS
10
5.3387012598425194
20
-4.2077847244094491
11
5.3387403149606296
21
-4.207716181102362
0
LINE
8
BLACK
6
CONTINUOUS
10
5.3387403149606296
20
-4.207716181102362
11
5.3387403149606296
21
-4.2076800787401574
0
LINE
8
BLACK
6
CONTINUOUS
10
5.3387403149606296
20
-4.2076800787401574
11
5.3388805118110234
21
-4.2074702362204723
0
LINE
8
BLACK
6
CONTINUOUS
10
5.3388805118110234
20
-4.2074702362204723
11
5.3390055511811019
21
-4.2072509055118106
0
LINE
8
BLACK
6
CONTINUOUS
10
5.3390055511811019
20
-4.2072509055118106
11
5.339037874015748
21
-4.2072347244094486
0
LINE
8
BLACK
6
CONTINUOUS
10
5.339037874015748
20
-4.2072347244094486
11
5.3390816929133855
21
-4.2071691732283467
0
LINE
8
BLACK
6
CONTINUOUS
10
5.3390816929133855
20
-4.2071691732283467
11
5.3409564173228343
21
-4.2052944094488192
0
LINE
8
BLACK
6
CONTINUOUS
10
5.3409564173228343
20
-4.2052944094488192
11
5.3411663385826769
21
-4.2051540944881891
0
LINE
8
BLACK
6
CONTINUOUS
10
5.3411663385826769
20
-4.2051540944881891
11
5.3413657086614172
21
-4.2049994094488188
0
LINE
8
BLACK
6
CONTINUOUS
10
5.3413657086614172
20
-4.2049994094488188
11
5.3432404724409448
21
-4.2040620078740156
0
LINE
8
BLACK
6
CONTINUOUS
10
5.3432404724409448
20
-4.2040620078740156
11
5.3434068503937002
21
-4.2040164173228343
0
LINE
8
BLACK
6
CONTINUOUS
10
5.3434068503937002
20
-4.2040164173228343
11
5.3435628346456694
21
-4.203942755905512
0
LINE
8
BLACK
6
CONTINUOUS
10
5.3435628346456694
20
-4.203942755905512
11
5.3473123622047245
21
-4.2030053937007876
0
LINE
8
BLACK
6
CONTINUOUS
10
5.3473123622047245
20
-4.2030053937007876
11
5.3475050787401575
21
-4.2029959842519684
0
LINE
8
BLACK
6
CONTINUOUS
10
5.3475050787401575
20
-4.2029959842519684
11
5.3476942913385823
21
-4.2029583858267712
0
LINE
8
BLACK
6
CONTINUOUS
10
5.3476942913385823
20
-4.2029583858267712
11
5.3505064173228343
21
-4.2029583858267712
0
LINE
8
BLACK
6
CONTINUOUS
10
5.3505064173228343
20
-4.2029583858267712
11
5.3506955905511813
21
-4.2029959842519684
0
LINE
8
BLACK
6
CONTINUOUS
10
5.3753596062992122
20
-4.1788112598425196
11
5.3764249606299215
21
-4.179876614173228
0
LINE
8
BLACK
6
CONTINUOUS
10
5.3764249606299215
20
-4.179876614173228
11
5.3765748031496061
21
-4.1806299212598423
0
LINE
8
BLACK
6
CONTINUOUS
10
5.3765748031496061
20
-4.1806299212598423
11
5.3765748031496061
21
-4.2593700787401572
0
LINE
8
BLACK
6
CONTINUOUS
10
5.3765748031496061
20
-4.2593700787401572
11
5.3764249606299215
21
-4.2601233858267715
0
LINE
8
BLACK
6
CONTINUOUS
10
5.3764249606299215
20
-4.2601233858267715
11
5.3753596062992122
21
-4.2611887401574799
0
LINE
8
BLACK
6
CONTINUOUS
10
5.3753596062992122
20
-4.2611887401574799
11
5.3746062992125987
21
-4.2613385826771655
0
LINE
8
BLACK
6
CONTINUOUS
10
5.3746062992125987
20
-4.2613385826771655
11
5.3253937007874015
21
-4.2613385826771655
0
LINE
8
BLACK
6
CONTINUOUS
10
5.3253937007874015
20
-4.2613385826771655
11
5.3246403937007871
21
-4.2611887401574799
0
LINE
8
BLACK
6
CONTINUOUS
10
5.3246403937007871
20
-4.2611887401574799
11
5.3235750393700787
21
-4.2601233858267715
0
LINE
8
BLACK
6
CONTINUOUS
10
5.3235750393700787
20
-4.2601233858267715
11
5.3234251968503932
21
-4.2593700787401572
0
LINE
8
BLACK
6
CONTINUOUS
10
5.3234251968503932
20
-4.2593700787401572
11
5.3234251968503932
21
-4.1806299212598423
0
LINE
8
BLACK
6
CONTINUOUS
10
5.3234251968503932
20
-4.1806299212598423
11
5.3235750393700787
21
-4.179876614173228
0
LINE
8
BLACK
6
CONTINUOUS
10
5.3235750393700787
20
-4.179876614173228
11
5.3246403937007871
21
-4.1788112598425196
0
LINE
8
BLACK
6
CONTINUOUS
10
5.3246403937007871
20
-4.1788112598425196
11
5.3253937007874015
21
-4.1786614173228349
0
LINE
8
BLACK
6
CONTINUOUS
10
5.3253937007874015
20
-4.1786614173228349
11
5.3746062992125987
21
-4.1786614173228349
0
LINE
8
BLACK
6
CONTINUOUS
10
5.3746062992125987
20
-4.1786614173228349
11
5.3753596062992122
21
-4.1788112598425196
0
LINE
8
BLACK
6
CONTINUOUS
10
5.3273622047244089
20
-4.1825984251968507
11
5.3273622047244089
21
-4.2574015748031497
0
LINE
8
BLACK
6
CONTINUOUS
10
5.3273622047244089
20
-4.2574015748031497
11
5.3726377952755904
21
-4.2574015748031497
0
LINE
8
BLACK
6
CONTINUOUS
10
5.3726377952755904
20
-4.2574015748031497
11
5.3726377952755904
21
-4.1825984251968507
0
LINE
8
BLACK
6
CONTINUOUS
10
5.3726377952755904
20
-4.1825984251968507
11
5.3273622047244089
21
-4.1825984251968507
0
LINE
8
BLACK
6
CONTINUOUS
10
6.4418186614173223
20
-4.2154671653543305
11
6.4419685039370078
21
-4.2162204724409449
0
LINE
8
BLACK
6
CONTINUOUS
10
6.4419685039370078
20
-4.2162204724409449
11
6.4419685039370078
21
-4.2201574803149606
0
LINE
8
BLACK
6
CONTINUOUS
10
6.4419685039370078
20
-4.2201574803149606
11
6.447874015748031
21
-4.2201574803149606
0
LINE
8
BLACK
6
CONTINUOUS
10
6.447874015748031
20
-4.2201574803149606
11
6.4486273228346453
21
-4.2203073228346453
0
LINE
8
BLACK
6
CONTINUOUS
10
6.4486273228346453
20
-4.2203073228346453
11
6.4496926771653538
21
-4.2213726771653546
0
LINE
8
BLACK
6
CONTINUOUS
10
6.4496926771653538
20
-4.2213726771653546
11
6.4496926771653538
21
-4.2228792913385824
0
LINE
8
BLACK
6
CONTINUOUS
10
6.4496926771653538
20
-4.2228792913385824
11
6.4486273228346453
21
-4.2239446456692908
0
LINE
8
BLACK
6
CONTINUOUS
10
6.4486273228346453
20
-4.2239446456692908
11
6.447874015748031
21
-4.2240944881889764
0
LINE
8
BLACK
6
CONTINUOUS
10
6.447874015748031
20
-4.2240944881889764
11
6.4436781889763779
21
-4.2240944881889764
0
LINE
8
BLACK
6
CONTINUOUS
10
6.4436781889763779
20
-4.2240944881889764
11
6.4495118897637793
21
-4.2328450787401577
0
LINE
8
BLACK
6
CONTINUOUS
10
6.4495118897637793
20
-4.2328450787401577
11
6.4496229133858263
21
-4.2331139370078743
0
LINE
8
BLACK
6
CONTINUOUS
10
6.4496229133858263
20
-4.2331139370078743
11
6.4496926771653538
21
-4.2331837007874018
0
LINE
8
BLACK
6
CONTINUOUS
10
6.4496926771653538
20
-4.2331837007874018
11
6.4496926771653538
21
-4.2332827952755903
0
LINE
8
BLACK
6
CONTINUOUS
10
6.4496926771653538
20
-4.2332827952755903
11
6.4498050787401571
21
-4.233555
0
LINE
8
BLACK
6
CONTINUOUS
10
6.4498050787401571
20
-4.233555
11
6.4496926771653538
21
-4.2341170078740156
0
LINE
8
BLACK
6
CONTINUOUS
10
6.4496926771653538
20
-4.2341170078740156
11
6.4496926771653538
21
-4.2346903149606296
0
LINE
8
BLACK
6
CONTINUOUS
10
6.4496926771653538
20
-4.2346903149606296
11
6.4495493307086615
21
-4.234833622047244
0
LINE
8
BLACK
6
CONTINUOUS
10
6.4495493307086615
20
-4.234833622047244
11
6.4495096062992125
21
-4.2350323622047243
0
LINE
8
BLACK
6
CONTINUOUS
10
6.4495096062992125
20
-4.2350323622047243
11
6.4490326771653539
21
-4.2353502755905508
0
LINE
8
BLACK
6
CONTINUOUS
10
6.4490326771653539
20
-4.2353502755905508
11
6.4486273228346453
21
-4.2357556692913381
0
LINE
8
BLACK
6
CONTINUOUS
10
6.4486273228346453
20
-4.2357556692913381
11
6.4483384251968499
21
-4.2358131102362204
0
LINE
8
BLACK
6
CONTINUOUS
10
6.4483384251968499
20
-4.2358131102362204
11
6.4482560236220472
21
-4.2358680708661414
0
LINE
8
BLACK
6
CONTINUOUS
10
6.4482560236220472
20
-4.2358680708661414
11
6.4481593700787396
21
-4.23584874015748
0
LINE
8
BLACK
6
CONTINUOUS
10
6.4481593700787396
20
-4.23584874015748
11
6.447874015748031
21
-4.2359055118110236
0
LINE
8
BLACK
6
CONTINUOUS
10
6.447874015748031
20
-4.2359055118110236
11
6.4419685039370078
21
-4.2359055118110236
0
LINE
8
BLACK
6
CONTINUOUS
10
6.4419685039370078
20
-4.2359055118110236
11
6.4419685039370078
21
-4.2398425196850393
0
LINE
8
BLACK
6
CONTINUOUS
10
6.4419685039370078
20
-4.2398425196850393
11
6.4418186614173223
21
-4.2405958267716537
0
LINE
8
BLACK
6
CONTINUOUS
10
6.4418186614173223
20
-4.2405958267716537
11
6.4407533070866139
21
-4.2416611811023621
0
LINE
8
BLACK
6
CONTINUOUS
10
6.4407533070866139
20
-4.2416611811023621
11
6.439246692913386
21
-4.2416611811023621
0
LINE
8
BLACK
6
CONTINUOUS
10
6.439246692913386
20
-4.2416611811023621
11
6.4381813385826767
21
-4.2405958267716537
0
LINE
8
BLACK
6
CONTINUOUS
10
6.4381813385826767
20
-4.2405958267716537
11
6.4380314960629921
21
-4.2398425196850393
0
LINE
8
BLACK
6
CONTINUOUS
10
6.4380314960629921
20
-4.2398425196850393
11
6.4380314960629921
21
-4.2359055118110236
0
LINE
8
BLACK
6
CONTINUOUS
10
6.4380314960629921
20
-4.2359055118110236
11
6.432125984251968
21
-4.2359055118110236
0
LINE
8
BLACK
6
CONTINUOUS
10
6.432125984251968
20
-4.2359055118110236
11
6.4318405905511806
21
-4.23584874015748
0
LINE
8
BLACK
6
CONTINUOUS
10
6.4318405905511806
20
-4.23584874015748
11
6.4317439763779527
21
-4.2358680708661414
0
LINE
8
BLACK
6
CONTINUOUS
10
6.4317439763779527
20
-4.2358680708661414
11
6.4316615354330704
21
-4.2358131102362204
0
LINE
8
BLACK
6
CONTINUOUS
10
6.4316615354330704
20
-4.2358131102362204
11
6.4313726771653545
21
-4.2357556692913381
0
LINE
8
BLACK
6
CONTINUOUS
10
6.4313726771653545
20
-4.2357556692913381
11
6.4309672834645664
21
-4.2353502755905508
0
LINE
8
BLACK
6
CONTINUOUS
10
6.4309672834645664
20
-4.2353502755905508
11
6.4304903937007873
21
-4.2350323622047243
0
LINE
8
BLACK
6
CONTINUOUS
10
6.4304903937007873
20
-4.2350323622047243
11
6.4304506299212596
21
-4.234833622047244
0
LINE
8
BLACK
6
CONTINUOUS
10
6.4304506299212596
20
-4.234833622047244
11
6.4303073228346452
21
-4.2346903149606296
0
LINE
8
BLACK
6
CONTINUOUS
10
6.4303073228346452
20
-4.2346903149606296
11
6.4303073228346452
21
-4.2341170078740156
0
LINE
8
BLACK
6
CONTINUOUS
10
6.4303073228346452
20
-4.2341170078740156
11
6.4301949212598419
21
-4.233555
0
LINE
8
BLACK
6
CONTINUOUS
10
6.4301949212598419
20
-4.233555
11
6.4303073228346452
21
-4.2332827952755903
0
LINE
8
BLACK
6
CONTINUOUS
10
6.4303073228346452
20
-4.2332827952755903
11
6.4303073228346452
21
-4.2331837007874018
0
LINE
8
BLACK
6
CONTINUOUS
10
6.4303073228346452
20
-4.2331837007874018
11
6.4303770078740152
21
-4.2331139763779531
0
LINE
8
BLACK
6
CONTINUOUS
10
6.4303770078740152
20
-4.2331139763779531
11
6.4304880708661418
21
-4.2328450787401577
0
LINE
8
BLACK
6
CONTINUOUS
10
6.4304880708661418
20
-4.2328450787401577
11
6.436321811023622
21
-4.2240944881889764
0
LINE
8
BLACK
6
CONTINUOUS
10
6.436321811023622
20
-4.2240944881889764
11
6.432125984251968
21
-4.2240944881889764
0
LINE
8
BLACK
6
CONTINUOUS
10
6.432125984251968
20
-4.2240944881889764
11
6.4313726771653545
21
-4.2239446456692908
0
LINE
8
BLACK
6
CONTINUOUS
10
6.4313726771653545
20
-4.2239446456692908
11
6.4303073228346452
21
-4.2228792913385824
0
LINE
8
BLACK
6
CONTINUOUS
10
6.4303073228346452
20
-4.2228792913385824
11
6.4303073228346452
21
-4.2213726771653546
0
LINE
8
BLACK
6
CONTINUOUS
10
6.4303073228346452
20
-4.2213726771653546
11
6.4313726771653545
21
-4.2203073228346453
0
LINE
8
BLACK
6
CONTINUOUS
10
6.4313726771653545
20
-4.2203073228346453
11
6.432125984251968
21
-4.2201574803149606
0
LINE
8
BLACK
6
CONTINUOUS
10
6.432125984251968
20
-4.2201574803149606
11
6.4380314960629921
21
-4.2201574803149606
0
LINE
8
BLACK
6
CONTINUOUS
10
6.4380314960629921
20
-4.2201574803149606
11
6.4380314960629921
21
-4.2162204724409449
0
LINE
8
BLACK
6
CONTINUOUS
10
6.4380314960629921
20
-4.2162204724409449
11
6.4381813385826767
21
-4.2154671653543305
0
LINE
8
BLACK
6
CONTINUOUS
10
6.4381813385826767
20
-4.2154671653543305
11
6.439246692913386
21
-4.2144018110236221
0
LINE
8
BLACK
6
CONTINUOUS
10
6.439246692913386
20
-4.2144018110236221
11
6.4407533070866139
21
-4.2144018110236221
0
LINE
8
BLACK
6
CONTINUOUS
10
6.4407533070866139
20
-4.2144018110236221
11
6.4418186614173223
21
-4.2154671653543305
0
LINE
8
BLACK
6
CONTINUOUS
10
6.4358041732283464
20
-4.2319685039370079
11
6.4441958267716535
21
-4.2319685039370079
0
LINE
8
BLACK
6
CONTINUOUS
10
6.4441958267716535
20
-4.2319685039370079
11
6.4399999606299207
21
-4.2256747244094486
0
LINE
8
BLACK
6
CONTINUOUS
10
6.4399999606299207
20
-4.2256747244094486
11
6.4358041732283464
21
-4.2319685039370079
0
LINE
8
BLACK
6
CONTINUOUS
10
6.4584698425196851
20
-4.2025907874015749
11
6.4595351968503936
21
-4.2036561417322833
0
LINE
8
BLACK
6
CONTINUOUS
10
6.4595351968503936
20
-4.2036561417322833
11
6.4596850393700782
21
-4.2044094488188977
0
LINE
8
BLACK
6
CONTINUOUS
10
6.4596850393700782
20
-4.2044094488188977
11
6.4596850393700782
21
-4.2555905511811023
0
LINE
8
BLACK
6
CONTINUOUS
10
6.4596850393700782
20
-4.2555905511811023
11
6.4595351968503936
21
-4.2563438582677167
0
LINE
8
BLACK
6
CONTINUOUS
10
6.4595351968503936
20
-4.2563438582677167
11
6.4584698425196851
21
-4.2574092125984251
0
LINE
8
BLACK
6
CONTINUOUS
10
6.4584698425196851
20
-4.2574092125984251
11
6.4577165354330708
21
-4.2575590551181097
0
LINE
8
BLACK
6
CONTINUOUS
10
6.4577165354330708
20
-4.2575590551181097
11
6.4222834645669291
21
-4.2575590551181097
0
LINE
8
BLACK
6
CONTINUOUS
10
6.4222834645669291
20
-4.2575590551181097
11
6.4215301574803147
21
-4.2574092125984251
0
LINE
8
BLACK
6
CONTINUOUS
10
6.4215301574803147
20
-4.2574092125984251
11
6.4204648031496063
21
-4.2563438582677167
0
LINE
8
BLACK
6
CONTINUOUS
10
6.4204648031496063
20
-4.2563438582677167
11
6.4203149606299208
21
-4.2555905511811023
0
LINE
8
BLACK
6
CONTINUOUS
10
6.4203149606299208
20
-4.2555905511811023
11
6.4203149606299208
21
-4.2044094488188977
0
LINE
8
BLACK
6
CONTINUOUS
10
6.4203149606299208
20
-4.2044094488188977
11
6.4204648031496063
21
-4.2036561417322833
0
LINE
8
BLACK
6
CONTINUOUS
10
6.4204648031496063
20
-4.2036561417322833
11
6.4215301574803147
21
-4.2025907874015749
0
LINE
8
BLACK
6
CONTINUOUS
10
6.4215301574803147
20
-4.2025907874015749
11
6.4222834645669291
21
-4.2024409448818894
0
LINE
8
BLACK
6
CONTINUOUS
10
6.4222834645669291
20
-4.2024409448818894
11
6.4577165354330708
21
-4.2024409448818894
0
LINE
8
BLACK
6
CONTINUOUS
10
6.4577165354330708
20
-4.2024409448818894
11
6.4584698425196851
21
-4.2025907874015749
0
LINE
8
BLACK
6
CONTINUOUS
10
6.4242519685039365
20
-4.2063779527559051
11
6.4242519685039365
21
-4.253622047244094
0
LINE
8
BLACK
6
CONTINUOUS
10
6.4242519685039365
20
-4.253622047244094
11
6.4557480314960625
21
-4.253622047244094
0
LINE
8
BLACK
6
CONTINUOUS
10
6.4557480314960625
20
-4.253622047244094
11
6.4557480314960625
21
-4.2063779527559051
0
LINE
8
BLACK
6
CONTINUOUS
10
6.4557480314960625
20
-4.2063779527559051
11
6.4242519685039365
21
-4.2063779527559051
0
LINE
8
BLACK
6
CONTINUOUS
10
4.831632992125984
20
-4.2279800393700784
11
4.8318257480314957
21
-4.2279894488188976
0
LINE
8
BLACK
6
CONTINUOUS
10
4.8318257480314957
20
-4.2279894488188976
11
4.8355752755905508
21
-4.228926811023622
0
LINE
8
BLACK
6
CONTINUOUS
10
4.8355752755905508
20
-4.228926811023622
11
4.8357312204724412
21
-4.2290004724409451
0
LINE
8
BLACK
6
CONTINUOUS
10
4.8357312204724412
20
-4.2290004724409451
11
4.8358976377952754
21
-4.2290460629921256
0
LINE
8
BLACK
6
CONTINUOUS
10
4.8358976377952754
20
-4.2290460629921256
11
4.8377724015748029
21
-4.2299834645669288
0
LINE
8
BLACK
6
CONTINUOUS
10
4.8377724015748029
20
-4.2299834645669288
11
4.8379717322834646
21
-4.2301381889763778
0
LINE
8
BLACK
6
CONTINUOUS
10
4.8379717322834646
20
-4.2301381889763778
11
4.8381816535433071
21
-4.2302784251968504
0
LINE
8
BLACK
6
CONTINUOUS
10
4.8381816535433071
20
-4.2302784251968504
11
4.8391190551181102
21
-4.2312157874015748
0
LINE
8
BLACK
6
CONTINUOUS
10
4.8391190551181102
20
-4.2312157874015748
11
4.8392594488188978
21
-4.2314259055118111
0
LINE
8
BLACK
6
CONTINUOUS
10
4.8392594488188978
20
-4.2314259055118111
11
4.8394140551181097
21
-4.2316251181102364
0
LINE
8
BLACK
6
CONTINUOUS
10
4.8394140551181097
20
-4.2316251181102364
11
4.8403514173228341
21
-4.2334998425196853
0
LINE
8
BLACK
6
CONTINUOUS
10
4.8403514173228341
20
-4.2334998425196853
11
4.8403722440944881
21
-4.2335759448818893
0
LINE
8
BLACK
6
CONTINUOUS
10
4.8403722440944881
20
-4.2335759448818893
11
4.8403977952755906
21
-4.2336014960629917
0
LINE
8
BLACK
6
CONTINUOUS
10
4.8403977952755906
20
-4.2336014960629917
11
4.8404470078740154
21
-4.2338490157480315
0
LINE
8
BLACK
6
CONTINUOUS
10
4.8404470078740154
20
-4.2338490157480315
11
4.8405137007874011
21
-4.2340924803149607
0
LINE
8
BLACK
6
CONTINUOUS
10
4.8405137007874011
20
-4.2340924803149607
11
4.8405022440944885
21
-4.2341267322834648
0
LINE
8
BLACK
6
CONTINUOUS
10
4.8405022440944885
20
-4.2341267322834648
11
4.8405176771653542
21
-4.2342041338582677
0
LINE
8
BLACK
6
CONTINUOUS
10
4.8405176771653542
20
-4.2342041338582677
11
4.8405176771653542
21
-4.2360788976377952
0
LINE
8
BLACK
6
CONTINUOUS
10
4.8405176771653542
20
-4.2360788976377952
11
4.8405022440944885
21
-4.2361562598425193
0
LINE
8
BLACK
6
CONTINUOUS
10
4.8405022440944885
20
-4.2361562598425193
11
4.8405137007874011
21
-4.2361905511811022
0
LINE
8
BLACK
6
CONTINUOUS
10
4.8405137007874011
20
-4.2361905511811022
11
4.8404470078740154
21
-4.2364339763779526
0
LINE
8
BLACK
6
CONTINUOUS
10
4.8404470078740154
20
-4.2364339763779526
11
4.8403977952755906
21
-4.2366815354330711
0
LINE
8
BLACK
6
CONTINUOUS
10
4.8403977952755906
20
-4.2366815354330711
11
4.8403722440944881
21
-4.236707047244094
0
LINE
8
BLACK
6
CONTINUOUS
10
4.8403722440944881
20
-4.236707047244094
11
4.8403514173228341
21
-4.2367831889763776
0
LINE
8
BLACK
6
CONTINUOUS
10
4.8403514173228341
20
-4.2367831889763776
11
4.8394140551181097
21
-4.2386579133858264
0
LINE
8
BLACK
6
CONTINUOUS
10
4.8394140551181097
20
-4.2386579133858264
11
4.8392594488188978
21
-4.238857086614173
0
LINE
8
BLACK
6
CONTINUOUS
10
4.8392594488188978
20
-4.238857086614173
11
4.8391190551181102
21
-4.2390672440944881
0
LINE
8
BLACK
6
CONTINUOUS
10
4.8391190551181102
20
-4.2390672440944881
11
4.8381816535433071
21
-4.2400046062992125
0
LINE
8
BLACK
6
CONTINUOUS
10
4.8381816535433071
20
-4.2400046062992125
11
4.8379718110236221
21
-4.2401447637795275
0
LINE
8
BLACK
6
CONTINUOUS
10
4.8379718110236221
20
-4.2401447637795275
11
4.8377723622047242
21
-4.2402996062992129
0
LINE
8
BLACK
6
CONTINUOUS
10
4.8377723622047242
20
-4.2402996062992129
11
4.8358975984251966
21
-4.2412369685039373
0
LINE
8
BLACK
6
CONTINUOUS
10
4.8358975984251966
20
-4.2412369685039373
11
4.8357312992125987
21
-4.2412824803149602
0
LINE
8
BLACK
6
CONTINUOUS
10
4.8357312992125987
20
-4.2412824803149602
11
4.8355752755905508
21
-4.2413562204724409
0
LINE
8
BLACK
6
CONTINUOUS
10
4.8355752755905508
20
-4.2413562204724409
11
4.8318257874015744
21
-4.242293622047244
0
LINE
8
BLACK
6
CONTINUOUS
10
4.8318257874015744
20
-4.242293622047244
11
4.831632992125984
21
-4.2423029921259845
0
LINE
8
BLACK
6
CONTINUOUS
10
4.831632992125984
20
-4.2423029921259845
11
4.8314438188976379
21
-4.2423406299212596
0
LINE
8
BLACK
6
CONTINUOUS
10
4.8314438188976379
20
-4.2423406299212596
11
4.8267568897637796
21
-4.2423406299212596
0
LINE
8
BLACK
6
CONTINUOUS
10
4.8267568897637796
20
-4.2423406299212596
11
4.8265676771653538
21
-4.2423029921259845
0
LINE
8
BLACK
6
CONTINUOUS
10
4.8265676771653538
20
-4.2423029921259845
11
4.8263749212598421
21
-4.242293622047244
0
LINE
8
BLACK
6
CONTINUOUS
10
4.8263749212598421
20
-4.242293622047244
11
4.822625393700787
21
-4.2413562204724409
0
LINE
8
BLACK
6
CONTINUOUS
10
4.822625393700787
20
-4.2413562204724409
11
4.82246937007874
21
-4.2412824803149602
0
LINE
8
BLACK
6
CONTINUOUS
10
4.82246937007874
20
-4.2412824803149602
11
4.8223030708661412
21
-4.2412369685039373
0
LINE
8
BLACK
6
CONTINUOUS
10
4.8223030708661412
20
-4.2412369685039373
11
4.8204283464566924
21
-4.2402996062992129
0
LINE
8
BLACK
6
CONTINUOUS
10
4.8204283464566924
20
-4.2402996062992129
11
4.8202291338582679
21
-4.2401450000000001
0
LINE
8
BLACK
6
CONTINUOUS
10
4.8202291338582679
20
-4.2401450000000001
11
4.8200190157480316
21
-4.2400046062992125
0
LINE
8
BLACK
6
CONTINUOUS
10
4.8200190157480316
20
-4.2400046062992125
11
4.8190816535433072
21
-4.2390672047244093
0
LINE
8
BLACK
6
CONTINUOUS
10
4.8190816535433072
20
-4.2390672047244093
11
4.8189414173228347
21
-4.2388572834645668
0
LINE
8
BLACK
6
CONTINUOUS
10
4.8189414173228347
20
-4.2388572834645668
11
4.8187866929133856
21
-4.2386579527559052
0
LINE
8
BLACK
6
CONTINUOUS
10
4.8187866929133856
20
-4.2386579527559052
11
4.8178492913385824
21
-4.2367831889763776
0
LINE
8
BLACK
6
CONTINUOUS
10
4.8178492913385824
20
-4.2367831889763776
11
4.8178284251968506
21
-4.236707047244094
0
LINE
8
BLACK
6
CONTINUOUS
10
4.8178284251968506
20
-4.236707047244094
11
4.8178029133858269
21
-4.2366815354330711
0
LINE
8
BLACK
6
CONTINUOUS
10
4.8178029133858269
20
-4.2366815354330711
11
4.8177536614173224
21
-4.2364339763779526
0
LINE
8
BLACK
6
CONTINUOUS
10
4.8177536614173224
20
-4.2364339763779526
11
4.8176870078740155
21
-4.2361905511811022
0
LINE
8
BLACK
6
CONTINUOUS
10
4.8176870078740155
20
-4.2361905511811022
11
4.8176984251968502
21
-4.2361562598425193
0
LINE
8
BLACK
6
CONTINUOUS
10
4.8176984251968502
20
-4.2361562598425193
11
4.8176830314960633
21
-4.2360788976377952
0
LINE
8
BLACK
6
CONTINUOUS
10
4.8176830314960633
20
-4.2360788976377952
11
4.8176830314960633
21
-4.2342041338582677
0
LINE
8
BLACK
6
CONTINUOUS
10
4.8176830314960633
20
-4.2342041338582677
11
4.8176984251968502
21
-4.2341267322834648
0
LINE
8
BLACK
6
CONTINUOUS
10
4.8176984251968502
20
-4.2341267322834648
11
4.8176870078740155
21
-4.2340924803149607
0
LINE
8
BLACK
6
CONTINUOUS
10
4.8176870078740155
20
-4.2340924803149607
11
4.8177536614173224
21
-4.2338490157480315
0
LINE
8
BLACK
6
CONTINUOUS
10
4.8177536614173224
20
-4.2338490157480315
11
4.8178029133858269
21
-4.2336014960629917
0
LINE
8
BLACK
6
CONTINUOUS
10
4.8178029133858269
20
-4.2336014960629917
11
4.8178284251968506
21
-4.2335759448818893
0
LINE
8
BLACK
6
CONTINUOUS
10
4.8178284251968506
20
-4.2335759448818893
11
4.8178492913385824
21
-4.2334998425196853
0
LINE
8
BLACK
6
CONTINUOUS
10
4.8178492913385824
20
-4.2334998425196853
11
4.8187866929133856
21
-4.2316250787401577
0
LINE
8
BLACK
6
CONTINUOUS
10
4.8187866929133856
20
-4.2316250787401577
11
4.8189415748031497
21
-4.2314254724409448
0
LINE
8
BLACK
6
CONTINUOUS
10
4.8189415748031497
20
-4.2314254724409448
11
4.819081692913386
21
-4.2312158267716535
0
LINE
8
BLACK
6
CONTINUOUS
10
4.819081692913386
20
-4.2312158267716535
11
4.8200190551181104
21
-4.2302784645669291
0
LINE
8
BLACK
6
CONTINUOUS
10
4.8200190551181104
20
-4.2302784645669291
11
4.8202287007874016
21
-4.2301383464566928
0
LINE
8
BLACK
6
CONTINUOUS
10
4.8202287007874016
20
-4.2301383464566928
11
4.8204283070866136
21
-4.2299834645669288
0
LINE
8
BLACK
6
CONTINUOUS
10
4.8204283070866136
20
-4.2299834645669288
11
4.8223030708661412
21
-4.2290460629921256
0
LINE
8
BLACK
6
CONTINUOUS
10
4.8223030708661412
20
-4.2290460629921256
11
4.8224694488188975
21
-4.2290004724409451
0
LINE
8
BLACK
6
CONTINUOUS
10
4.8224694488188975
20
-4.2290004724409451
11
4.8226254330708658
21
-4.228926811023622
0
LINE
8
BLACK
6
CONTINUOUS
10
4.8226254330708658
20
-4.228926811023622
11
4.8263749606299209
21
-4.2279894488188976
0
LINE
8
BLACK
6
CONTINUOUS
10
4.8263749606299209
20
-4.2279894488188976
11
4.8265676771653538
21
-4.2279800393700784
0
LINE
8
BLACK
6
CONTINUOUS
10
4.8265676771653538
20
-4.2279800393700784
11
4.8267568897637796
21
-4.227942440944882
0
LINE
8
BLACK
6
CONTINUOUS
10
4.8267568897637796
20
-4.227942440944882
11
4.8314438188976379
21
-4.227942440944882
0
LINE
8
BLACK
6
CONTINUOUS
10
4.8314438188976379
20
-4.227942440944882
11
4.831632992125984
21
-4.2279800393700784
0
LINE
8
BLACK
6
CONTINUOUS
10
4.8235570078740153
20
-4.2319404724409448
11
4.8220653937007869
21
-4.2326862598425192
0
LINE
8
BLACK
6
CONTINUOUS
10
4.8220653937007869
20
-4.2326862598425192
11
4.821489488188976
21
-4.233262165354331
0
LINE
8
BLACK
6
CONTINUOUS
10
4.821489488188976
20
-4.233262165354331
11
4.8208326377952755
21
-4.2345759055118108
0
LINE
8
BLACK
6
CONTINUOUS
10
4.8208326377952755
20
-4.2345759055118108
11
4.8208326377952755
21
-4.2357070866141733
0
LINE
8
BLACK
6
CONTINUOUS
10
4.8208326377952755
20
-4.2357070866141733
11
4.821489488188976
21
-4.2370207874015744
0
LINE
8
BLACK
6
CONTINUOUS
10
4.821489488188976
20
-4.2370207874015744
11
4.8220654330708657
21
-4.2375968110236215
0
LINE
8
BLACK
6
CONTINUOUS
10
4.8220654330708657
20
-4.2375968110236215
11
4.8235568503937003
21
-4.2383425196850393
0
LINE
8
BLACK
6
CONTINUOUS
10
4.8235568503937003
20
-4.2383425196850393
11
4.8269507874015751
21
-4.2391910236220474
0
LINE
8
BLACK
6
CONTINUOUS
10
4.8269507874015751
20
-4.2391910236220474
11
4.8312498818897636
21
-4.2391910236220474
0
LINE
8
BLACK
6
CONTINUOUS
10
4.8312498818897636
20
-4.2391910236220474
11
4.8346437795275587
21
-4.2383425196850393
0
LINE
8
BLACK
6
CONTINUOUS
10
4.8346437795275587
20
-4.2383425196850393
11
4.8361352755905509
21
-4.2375967716535436
0
LINE
8
BLACK
6
CONTINUOUS
10
4.8361352755905509
20
-4.2375967716535436
11
4.8367112598425193
21
-4.2370207480314956
0
LINE
8
BLACK
6
CONTINUOUS
10
4.8367112598425193
20
-4.2370207480314956
11
4.837368070866142
21
-4.2357071653543308
0
LINE
8
BLACK
6
CONTINUOUS
10
4.837368070866142
20
-4.2357071653543308
11
4.837368070866142
21
-4.2345758267716533
0
LINE
8
BLACK
6
CONTINUOUS
10
4.837368070866142
20
-4.2345758267716533
11
4.8367112598425193
21
-4.2332622047244097
0
LINE
8
BLACK
6
CONTINUOUS
10
4.8367112598425193
20
-4.2332622047244097
11
4.8361352362204721
21
-4.2326862598425192
0
LINE
8
BLACK
6
CONTINUOUS
10
4.8361352362204721
20
-4.2326862598425192
11
4.8346436614173225
21
-4.2319404724409448
0
LINE
8
BLACK
6
CONTINUOUS
10
4.8346436614173225
20
-4.2319404724409448
11
4.8312499212598423
21
-4.2310920472440943
0
LINE
8
BLACK
6
CONTINUOUS
10
4.8312499212598423
20
-4.2310920472440943
11
4.8269507874015751
21
-4.2310920472440943
0
LINE
8
BLACK
6
CONTINUOUS
10
4.8269507874015751
20
-4.2310920472440943
11
4.8235570078740153
21
-4.2319404724409448
0
LINE
8
BLACK
6
CONTINUOUS
10
4.8260717716535435
20
-4.2097377952755908
11
4.826452952755905
21
-4.2108812598425196
0
LINE
8
BLACK
6
CONTINUOUS
10
4.826452952755905
20
-4.2108812598425196
11
4.8262906692913381
21
-4.211473897637795
0
LINE
8
BLACK
6
CONTINUOUS
10
4.8262906692913381
20
-4.211473897637795
11
4.8253533070866137
21
-4.2133486220472438
0
LINE
8
BLACK
6
CONTINUOUS
10
4.8253533070866137
20
-4.2133486220472438
11
4.8251987007874018
21
-4.2135477952755904
0
LINE
8
BLACK
6
CONTINUOUS
10
4.8251987007874018
20
-4.2135477952755904
11
4.8250583070866142
21
-4.2137579527559055
0
LINE
8
BLACK
6
CONTINUOUS
10
4.8250583070866142
20
-4.2137579527559055
11
4.8239971259842518
21
-4.2148190944881891
0
LINE
8
BLACK
6
CONTINUOUS
10
4.8239971259842518
20
-4.2148190944881891
11
4.837368070866142
21
-4.2148190944881891
0
LINE
8
BLACK
6
CONTINUOUS
10
4.837368070866142
20
-4.2148190944881891
11
4.837368070866142
21
-4.2107696062992126
0
LINE
8
BLACK
6
CONTINUOUS
10
4.837368070866142
20
-4.2107696062992126
11
4.8374879527559056
21
-4.2101669685039367
0
LINE
8
BLACK
6
CONTINUOUS
10
4.8374879527559056
20
-4.2101669685039367
11
4.8383402362204722
21
-4.2093146850393701
0
LINE
8
BLACK
6
CONTINUOUS
10
4.8383402362204722
20
-4.2093146850393701
11
4.8395455118110231
21
-4.2093146850393701
0
LINE
8
BLACK
6
CONTINUOUS
10
4.8395455118110231
20
-4.2093146850393701
11
4.8403977952755906
21
-4.2101669685039367
0
LINE
8
BLACK
6
CONTINUOUS
10
4.8403977952755906
20
-4.2101669685039367
11
4.8405176771653542
21
-4.2107696062992126
0
LINE
8
BLACK
6
CONTINUOUS
10
4.8405176771653542
20
-4.2107696062992126
11
4.8405176771653542
21
-4.2220181889763779
0
LINE
8
BLACK
6
CONTINUOUS
10
4.8405176771653542
20
-4.2220181889763779
11
4.8403977952755906
21
-4.2226208267716538
0
LINE
8
BLACK
6
CONTINUOUS
10
4.8403977952755906
20
-4.2226208267716538
11
4.8395455118110231
21
-4.2234731102362204
0
LINE
8
BLACK
6
CONTINUOUS
10
4.8395455118110231
20
-4.2234731102362204
11
4.8383402362204722
21
-4.2234731102362204
0
LINE
8
BLACK
6
CONTINUOUS
10
4.8383402362204722
20
-4.2234731102362204
11
4.8374879527559056
21
-4.2226208267716538
0
LINE
8
BLACK
6
CONTINUOUS
10
4.8374879527559056
20
-4.2226208267716538
11
4.837368070866142
21
-4.2220181889763779
0
LINE
8
BLACK
6
CONTINUOUS
10
4.837368070866142
20
-4.2220181889763779
11
4.837368070866142
21
-4.2179687007874014
0
LINE
8
BLACK
6
CONTINUOUS
10
4.837368070866142
20
-4.2179687007874014
11
4.8192578346456694
21
-4.2179687007874014
0
LINE
8
BLACK
6
CONTINUOUS
10
4.8192578346456694
20
-4.2179687007874014
11
4.8186551968503935
21
-4.2178488188976377
0
LINE
8
BLACK
6
CONTINUOUS
10
4.8186551968503935
20
-4.2178488188976377
11
4.8185405118110234
21
-4.2177341338582677
0
LINE
8
BLACK
6
CONTINUOUS
10
4.8185405118110234
20
-4.2177341338582677
11
4.8183815354330708
21
-4.2177023622047241
0
LINE
8
BLACK
6
CONTINUOUS
10
4.8183815354330708
20
-4.2177023622047241
11
4.818127125984252
21
-4.2173207480314963
0
LINE
8
BLACK
6
CONTINUOUS
10
4.818127125984252
20
-4.2173207480314963
11
4.8178029133858269
21
-4.2169965354330712
0
LINE
8
BLACK
6
CONTINUOUS
10
4.8178029133858269
20
-4.2169965354330712
11
4.8178029133858269
21
-4.2168344094488184
0
LINE
8
BLACK
6
CONTINUOUS
10
4.8178029133858269
20
-4.2168344094488184
11
4.8177129921259843
21
-4.2166995275590553
0
LINE
8
BLACK
6
CONTINUOUS
10
4.8177129921259843
20
-4.2166995275590553
11
4.8178029133858269
21
-4.2162498818897634
0
LINE
8
BLACK
6
CONTINUOUS
10
4.8178029133858269
20
-4.2162498818897634
11
4.8178029133858269
21
-4.2157912598425193
0
LINE
8
BLACK
6
CONTINUOUS
10
4.8178029133858269
20
-4.2157912598425193
11
4.8179175590551182
21
-4.2156765748031493
0
LINE
8
BLACK
6
CONTINUOUS
10
4.8179175590551182
20
-4.2156765748031493
11
4.8179493700787397
21
-4.2155175984251967
0
LINE
8
BLACK
6
CONTINUOUS
10
4.8179493700787397
20
-4.2155175984251967
11
4.8183842913385826
21
-4.2150835826771651
0
LINE
8
BLACK
6
CONTINUOUS
10
4.8183842913385826
20
-4.2150835826771651
11
4.8210667322834642
21
-4.2132952755905508
0
LINE
8
BLACK
6
CONTINUOUS
10
4.8210667322834642
20
-4.2132952755905508
11
4.8226505118110232
21
-4.211711456692913
0
LINE
8
BLACK
6
CONTINUOUS
10
4.8226505118110232
20
-4.211711456692913
11
4.8234735826771651
21
-4.2100653543307089
0
LINE
8
BLACK
6
CONTINUOUS
10
4.8234735826771651
20
-4.2100653543307089
11
4.8238502755905515
21
-4.2095799606299211
0
LINE
8
BLACK
6
CONTINUOUS
10
4.8238502755905515
20
-4.2095799606299211
11
4.8249937401574803
21
-4.2091987795275587
0
LINE
8
BLACK
6
CONTINUOUS
10
4.8249937401574803
20
-4.2091987795275587
11
4.8260717716535435
21
-4.2097377952755908
0
LINE
8
BLACK
6
CONTINUOUS
10
4.8395455118110231
20
-4.1905670078740158
11
4.8403977952755906
21
-4.1914192913385824
0
LINE
8
BLACK
6
CONTINUOUS
10
4.8403977952755906
20
-4.1914192913385824
11
4.8403977952755906
21
-4.1926245669291333
0
LINE
8
BLACK
6
CONTINUOUS
10
4.8403977952755906
20
-4.1926245669291333
11
4.8395455118110231
21
-4.1934768503937008
0
LINE
8
BLACK
6
CONTINUOUS
10
4.8395455118110231
20
-4.1934768503937008
11
4.8389428740157481
21
-4.1935967322834644
0
LINE
8
BLACK
6
CONTINUOUS
10
4.8389428740157481
20
-4.1935967322834644
11
4.8311438582677164
21
-4.1935967322834644
0
LINE
8
BLACK
6
CONTINUOUS
10
4.8311438582677164
20
-4.1935967322834644
11
4.8311438582677164
21
-4.195888937007874
0
LINE
8
BLACK
6
CONTINUOUS
10
4.8311438582677164
20
-4.195888937007874
11
4.8398459842519683
21
-4.2019803937007874
0
LINE
8
BLACK
6
CONTINUOUS
10
4.8398459842519683
20
-4.2019803937007874
11
4.8402709448818895
21
-4.202424173228346
0
LINE
8
BLACK
6
CONTINUOUS
10
4.8402709448818895
20
-4.202424173228346
11
4.840480393700787
21
-4.2036111417322832
0
LINE
8
BLACK
6
CONTINUOUS
10
4.840480393700787
20
-4.2036111417322832
11
4.8397892125984248
21
-4.2045985433070863
0
LINE
8
BLACK
6
CONTINUOUS
10
4.8397892125984248
20
-4.2045985433070863
11
4.8386022440944885
21
-4.2048080314960625
0
LINE
8
BLACK
6
CONTINUOUS
10
4.8386022440944885
20
-4.2048080314960625
11
4.8380398031496066
21
-4.2045606299212599
0
LINE
8
BLACK
6
CONTINUOUS
10
4.8380398031496066
20
-4.2045606299212599
11
4.8311173228346451
21
-4.1997149212598428
0
LINE
8
BLACK
6
CONTINUOUS
10
4.8311173228346451
20
-4.1997149212598428
11
4.8310731889763776
21
-4.1998760629921259
0
LINE
8
BLACK
6
CONTINUOUS
10
4.8310731889763776
20
-4.1998760629921259
11
4.8310239763779528
21
-4.2001236220472444
0
LINE
8
BLACK
6
CONTINUOUS
10
4.8310239763779528
20
-4.2001236220472444
11
4.8309984251968503
21
-4.2001491338582673
0
LINE
8
BLACK
6
CONTINUOUS
10
4.8309984251968503
20
-4.2001491338582673
11
4.8309775984251964
21
-4.2002252755905509
0
LINE
8
BLACK
6
CONTINUOUS
10
4.8309775984251964
20
-4.2002252755905509
11
4.8300401968503932
21
-4.2021000393700785
0
LINE
8
BLACK
6
CONTINUOUS
10
4.8300401968503932
20
-4.2021000393700785
11
4.8298852755905513
21
-4.2022996062992126
0
LINE
8
BLACK
6
CONTINUOUS
10
4.8298852755905513
20
-4.2022996062992126
11
4.8297452362204725
21
-4.2025092519685039
0
LINE
8
BLACK
6
CONTINUOUS
10
4.8297452362204725
20
-4.2025092519685039
11
4.8288078740157481
21
-4.2034466929133858
0
LINE
8
BLACK
6
CONTINUOUS
10
4.8288078740157481
20
-4.2034466929133858
11
4.8285979133858268
21
-4.2035869291338583
0
LINE
8
BLACK
6
CONTINUOUS
10
4.8285979133858268
20
-4.2035869291338583
11
4.8283985433070864
21
-4.2037416929133862
0
LINE
8
BLACK
6
CONTINUOUS
10
4.8283985433070864
20
-4.2037416929133862
11
4.8265237795275588
21
-4.2046790551181106
0
LINE
8
BLACK
6
CONTINUOUS
10
4.8265237795275588
20
-4.2046790551181106
11
4.8264476771653539
21
-4.2046998818897636
0
LINE
8
BLACK
6
CONTINUOUS
10
4.8264476771653539
20
-4.2046998818897636
11
4.8264221653543302
21
-4.2047254330708661
0
LINE
8
BLACK
6
CONTINUOUS
10
4.8264221653543302
20
-4.2047254330708661
11
4.8261744488188976
21
-4.2047746850393697
0
LINE
8
BLACK
6
CONTINUOUS
10
4.8261744488188976
20
-4.2047746850393697
11
4.8259311417322834
21
-4.2048413385826775
0
LINE
8
BLACK
6
CONTINUOUS
10
4.8259311417322834
20
-4.2048413385826775
11
4.8258968897637793
21
-4.2048299212598428
0
LINE
8
BLACK
6
CONTINUOUS
10
4.8258968897637793
20
-4.2048299212598428
11
4.8258195275590552
21
-4.2048453149606297
0
LINE
8
BLACK
6
CONTINUOUS
10
4.8258195275590552
20
-4.2048453149606297
11
4.8230073622047245
21
-4.2048453149606297
0
LINE
8
BLACK
6
CONTINUOUS
10
4.8230073622047245
20
-4.2048453149606297
11
4.8229299606299207
21
-4.204829881889764
0
LINE
8
BLACK
6
CONTINUOUS
10
4.8229299606299207
20
-4.204829881889764
11
4.8228957086614175
21
-4.2048413385826775
0
LINE
8
BLACK
6
CONTINUOUS
10
4.8228957086614175
20
-4.2048413385826775
11
4.8226522440944883
21
-4.2047746456692909
0
LINE
8
BLACK
6
CONTINUOUS
10
4.8226522440944883
20
-4.2047746456692909
11
4.8224047244094486
21
-4.2047254330708661
0
LINE
8
BLACK
6
CONTINUOUS
10
4.8224047244094486
20
-4.2047254330708661
11
4.8223791732283461
21
-4.2046998818897636
0
LINE
8
BLACK
6
CONTINUOUS
10
4.8223791732283461
20
-4.2046998818897636
11
4.8223030708661412
21
-4.2046790551181106
0
LINE
8
BLACK
6
CONTINUOUS
10
4.8223030708661412
20
-4.2046790551181106
11
4.8204283464566924
21
-4.2037416929133862
0
LINE
8
BLACK
6
CONTINUOUS
10
4.8204283464566924
20
-4.2037416929133862
11
4.8202291338582679
21
-4.2035870866141734
0
LINE
8
BLACK
6
CONTINUOUS
10
4.8202291338582679
20
-4.2035870866141734
11
4.8200190157480316
21
-4.2034466929133858
0
LINE
8
BLACK
6
CONTINUOUS
10
4.8200190157480316
20
-4.2034466929133858
11
4.8190816535433072
21
-4.2025092913385826
0
LINE
8
BLACK
6
CONTINUOUS
10
4.8190816535433072
20
-4.2025092913385826
11
4.8189414173228347
21
-4.2022993700787401
0
LINE
8
BLACK
6
CONTINUOUS
10
4.8189414173228347
20
-4.2022993700787401
11
4.8187866929133856
21
-4.2021000393700785
0
LINE
8
BLACK
6
CONTINUOUS
10
4.8187866929133856
20
-4.2021000393700785
11
4.8178492913385824
21
-4.2002252755905509
0
LINE
8
BLACK
6
CONTINUOUS
10
4.8178492913385824
20
-4.2002252755905509
11
4.8178284251968506
21
-4.2001491338582673
0
LINE
8
BLACK
6
CONTINUOUS
10
4.8178284251968506
20
-4.2001491338582673
11
4.8178029133858269
21
-4.2001236220472444
0
LINE
8
BLACK
6
CONTINUOUS
10
4.8178029133858269
20
-4.2001236220472444
11
4.8177536614173224
21
-4.1998760629921259
0
LINE
8
BLACK
6
CONTINUOUS
10
4.8177536614173224
20
-4.1998760629921259
11
4.8176870078740155
21
-4.1996326377952755
0
LINE
8
BLACK
6
CONTINUOUS
10
4.8176870078740155
20
-4.1996326377952755
11
4.8176984251968502
21
-4.1995983464566926
0
LINE
8
BLACK
6
CONTINUOUS
10
4.8176984251968502
20
-4.1995983464566926
11
4.8176830314960633
21
-4.1995209842519685
0
LINE
8
BLACK
6
CONTINUOUS
10
4.8176830314960633
20
-4.1995209842519685
11
4.8176830314960633
21
-4.1920219291338583
0
LINE
8
BLACK
6
CONTINUOUS
10
4.8176830314960633
20
-4.1920219291338583
11
4.8178029133858269
21
-4.1914192913385824
0
LINE
8
BLACK
6
CONTINUOUS
10
4.8178029133858269
20
-4.1914192913385824
11
4.8186551968503935
21
-4.1905670078740158
0
LINE
8
BLACK
6
CONTINUOUS
10
4.8186551968503935
20
-4.1905670078740158
11
4.8192578346456694
21
-4.1904471259842522
0
LINE
8
BLACK
6
CONTINUOUS
10
4.8192578346456694
20
-4.1904471259842522
11
4.8389428740157481
21
-4.1904471259842522
0
LINE
8
BLACK
6
CONTINUOUS
10
4.8389428740157481
20
-4.1904471259842522
11
4.8395455118110231
21
-4.1905670078740158
0
LINE
8
BLACK
6
CONTINUOUS
10
4.8208326377952755
20
-4.1991491732283466
11
4.821489488188976
21
-4.2004628740157477
0
LINE
8
BLACK
6
CONTINUOUS
10
4.821489488188976
20
-4.2004628740157477
11
4.8220654330708657
21
-4.2010388976377948
0
LINE
8
BLACK
6
CONTINUOUS
10
4.8220654330708657
20
-4.2010388976377948
11
4.8233790944881889
21
-4.2016957086614175
0
LINE
8
BLACK
6
CONTINUOUS
10
4.8233790944881889
20
-4.2016957086614175
11
4.8254477952755908
21
-4.2016957086614175
0
LINE
8
BLACK
6
CONTINUOUS
10
4.8254477952755908
20
-4.2016957086614175
11
4.8267613779527556
21
-4.2010388976377948
0
LINE
8
BLACK
6
CONTINUOUS
10
4.8267613779527556
20
-4.2010388976377948
11
4.827337362204724
21
-4.2004628740157477
0
LINE
8
BLACK
6
CONTINUOUS
10
4.827337362204724
20
-4.2004628740157477
11
4.8279942519685042
21
-4.1991491732283466
0
LINE
8
BLACK
6
CONTINUOUS
10
4.8279942519685042
20
-4.1991491732283466
11
4.8279942519685042
21
-4.1935967322834644
0
LINE
8
BLACK
6
CONTINUOUS
10
4.8279942519685042
20
-4.1935967322834644
11
4.8208326377952755
21
-4.1935967322834644
0
LINE
8
BLACK
6
CONTINUOUS
10
4.8208326377952755
20
-4.1935967322834644
11
4.8208326377952755
21
-4.1991491732283466
0
LINE
8
BLACK
6
CONTINUOUS
10
4.8553596062992126
20
-4.174736456692913
11
4.856424960629921
21
-4.1758018110236224
0
LINE
8
BLACK
6
CONTINUOUS
10
4.856424960629921
20
-4.1758018110236224
11
4.8565748031496065
21
-4.1765551181102358
0
LINE
8
BLACK
6
CONTINUOUS
10
4.8565748031496065
20
-4.1765551181102358
11
4.8565748031496065
21
-4.2552952755905507
0
LINE
8
BLACK
6
CONTINUOUS
10
4.8565748031496065
20
-4.2552952755905507
11
4.856424960629921
21
-4.256048582677165
0
LINE
8
BLACK
6
CONTINUOUS
10
4.856424960629921
20
-4.256048582677165
11
4.8553596062992126
21
-4.2571139370078743
0
LINE
8
BLACK
6
CONTINUOUS
10
4.8553596062992126
20
-4.2571139370078743
11
4.8546062992125982
21
-4.257263779527559
0
LINE
8
BLACK
6
CONTINUOUS
10
4.8546062992125982
20
-4.257263779527559
11
4.805393700787401
21
-4.257263779527559
0
LINE
8
BLACK
6
CONTINUOUS
10
4.805393700787401
20
-4.257263779527559
11
4.8046403937007875
21
-4.2571139370078743
0
LINE
8
BLACK
6
CONTINUOUS
10
4.8046403937007875
20
-4.2571139370078743
11
4.8035750393700782
21
-4.256048582677165
0
LINE
8
BLACK
6
CONTINUOUS
10
4.8035750393700782
20
-4.256048582677165
11
4.8034251968503936
21
-4.2552952755905507
0
LINE
8
BLACK
6
CONTINUOUS
10
4.8034251968503936
20
-4.2552952755905507
11
4.8034251968503936
21
-4.1765551181102358
0
LINE
8
BLACK
6
CONTINUOUS
10
4.8034251968503936
20
-4.1765551181102358
11
4.8035750393700782
21
-4.1758018110236224
0
LINE
8
BLACK
6
CONTINUOUS
10
4.8035750393700782
20
-4.1758018110236224
11
4.8046403937007875
21
-4.174736456692913
0
LINE
8
BLACK
6
CONTINUOUS
10
4.8046403937007875
20
-4.174736456692913
11
4.805393700787401
21
-4.1745866141732284
0
LINE
8
BLACK
6
CONTINUOUS
10
4.805393700787401
20
-4.1745866141732284
11
4.8546062992125982
21
-4.1745866141732284
0
LINE
8
BLACK
6
CONTINUOUS
10
4.8546062992125982
20
-4.1745866141732284
11
4.8553596062992126
21
-4.174736456692913
0
LINE
8
BLACK
6
CONTINUOUS
10
4.8073622047244093
20
-4.1785236220472441
11
4.8073622047244093
21
-4.2533267716535432
0
LINE
8
BLACK
6
CONTINUOUS
10
4.8073622047244093
20
-4.2533267716535432
11
4.8526377952755908
21
-4.2533267716535432
0
LINE
8
BLACK
6
CONTINUOUS
10
4.8526377952755908
20
-4.2533267716535432
11
4.8526377952755908
21
-4.1785236220472441
0
LINE
8
BLACK
6
CONTINUOUS
10
4.8526377952755908
20
-4.1785236220472441
11
4.8073622047244093
21
-4.1785236220472441
0
LINE
8
BLACK
6
CONTINUOUS
10
5.797321771653543
20
-4.1978029133858268
11
5.7981740551181105
21
-4.1986551968503933
0
LINE
8
BLACK
6
CONTINUOUS
10
5.7981740551181105
20
-4.1986551968503933
11
5.7981740551181105
21
-4.1998604724409452
0
LINE
8
BLACK
6
CONTINUOUS
10
5.7981740551181105
20
-4.1998604724409452
11
5.797321771653543
21
-4.2007127559055117
0
LINE
8
BLACK
6
CONTINUOUS
10
5.797321771653543
20
-4.2007127559055117
11
5.796719133858268
21
-4.2008326377952754
0
LINE
8
BLACK
6
CONTINUOUS
10
5.796719133858268
20
-4.2008326377952754
11
5.7880036614173225
21
-4.2008326377952754
0
LINE
8
BLACK
6
CONTINUOUS
10
5.7880036614173225
20
-4.2008326377952754
11
5.7922799999999999
21
-4.2057198818897641
0
LINE
8
BLACK
6
CONTINUOUS
10
5.7922799999999999
20
-4.2057198818897641
11
5.7925034251968501
21
-4.2061079133858268
0
LINE
8
BLACK
6
CONTINUOUS
10
5.7925034251968501
20
-4.2061079133858268
11
5.7925497637795278
21
-4.2061542519685036
0
LINE
8
BLACK
6
CONTINUOUS
10
5.7925497637795278
20
-4.2061542519685036
11
5.7925497637795278
21
-4.2061883464566927
0
LINE
8
BLACK
6
CONTINUOUS
10
5.7925497637795278
20
-4.2061883464566927
11
5.7925866141732278
21
-4.2062523622047241
0
LINE
8
BLACK
6
CONTINUOUS
10
5.7925866141732278
20
-4.2062523622047241
11
5.7925497637795278
21
-4.2068052362204726
0
LINE
8
BLACK
6
CONTINUOUS
10
5.7925497637795278
20
-4.2068052362204726
11
5.7925497637795278
21
-4.2073595275590554
0
LINE
8
BLACK
6
CONTINUOUS
10
5.7925497637795278
20
-4.2073595275590554
11
5.7925101574803151
21
-4.2073990944881885
0
LINE
8
BLACK
6
CONTINUOUS
10
5.7925101574803151
20
-4.2073990944881885
11
5.7925064566929132
21
-4.2074549999999995
0
LINE
8
BLACK
6
CONTINUOUS
10
5.7925064566929132
20
-4.2074549999999995
11
5.7920891338582674
21
-4.2078201181102362
0
LINE
8
BLACK
6
CONTINUOUS
10
5.7920891338582674
20
-4.2078201181102362
11
5.7916974803149603
21
-4.208211811023622
0
LINE
8
BLACK
6
CONTINUOUS
10
5.7916974803149603
20
-4.208211811023622
11
5.7916250393700786
21
-4.2082261811023622
0
LINE
8
BLACK
6
CONTINUOUS
10
5.7916250393700786
20
-4.2082261811023622
11
5.7915994094488186
21
-4.2082486614173229
0
LINE
8
BLACK
6
CONTINUOUS
10
5.7915994094488186
20
-4.2082486614173229
11
5.7915340944881892
21
-4.2082442913385822
0
LINE
8
BLACK
6
CONTINUOUS
10
5.7915340944881892
20
-4.2082442913385822
11
5.7910948425196853
21
-4.2083316929133856
0
LINE
8
BLACK
6
CONTINUOUS
10
5.7910948425196853
20
-4.2083316929133856
11
5.7886544488188978
21
-4.2083316929133856
0
LINE
8
BLACK
6
CONTINUOUS
10
5.7886544488188978
20
-4.2083316929133856
11
5.787340708661417
21
-4.2089885433070862
0
LINE
8
BLACK
6
CONTINUOUS
10
5.787340708661417
20
-4.2089885433070862
11
5.7867648031496062
21
-4.2095644488188979
0
LINE
8
BLACK
6
CONTINUOUS
10
5.7867648031496062
20
-4.2095644488188979
11
5.7861079527559056
21
-4.2108781889763778
0
LINE
8
BLACK
6
CONTINUOUS
10
5.7861079527559056
20
-4.2108781889763778
11
5.7861079527559056
21
-4.2148215354330709
0
LINE
8
BLACK
6
CONTINUOUS
10
5.7861079527559056
20
-4.2148215354330709
11
5.7867648031496062
21
-4.216135236220472
0
LINE
8
BLACK
6
CONTINUOUS
10
5.7867648031496062
20
-4.216135236220472
11
5.7873407480314958
21
-4.2167112598425192
0
LINE
8
BLACK
6
CONTINUOUS
10
5.7873407480314958
20
-4.2167112598425192
11
5.788654409448819
21
-4.2173680708661418
0
LINE
8
BLACK
6
CONTINUOUS
10
5.788654409448819
20
-4.2173680708661418
11
5.793535236220472
21
-4.2173680708661418
0
LINE
8
BLACK
6
CONTINUOUS
10
5.793535236220472
20
-4.2173680708661418
11
5.7948488976377952
21
-4.2167112204724413
0
LINE
8
BLACK
6
CONTINUOUS
10
5.7948488976377952
20
-4.2167112204724413
11
5.7956055511811027
21
-4.2159545669291338
0
LINE
8
BLACK
6
CONTINUOUS
10
5.7956055511811027
20
-4.2159545669291338
11
5.7961164566929133
21
-4.2156131889763779
0
LINE
8
BLACK
6
CONTINUOUS
10
5.7961164566929133
20
-4.2156131889763779
11
5.797321771653543
21
-4.2156131889763779
0
LINE
8
BLACK
6
CONTINUOUS
10
5.797321771653543
20
-4.2156131889763779
11
5.7981740551181105
21
-4.2164654724409445
0
LINE
8
BLACK
6
CONTINUOUS
10
5.7981740551181105
20
-4.2164654724409445
11
5.7981740551181105
21
-4.2176707874015751
0
LINE
8
BLACK
6
CONTINUOUS
10
5.7981740551181105
20
-4.2176707874015751
11
5.7978326771653546
21
-4.2181816929133857
0
LINE
8
BLACK
6
CONTINUOUS
10
5.7978326771653546
20
-4.2181816929133857
11
5.7968952755905514
21
-4.2191190551181101
0
LINE
8
BLACK
6
CONTINUOUS
10
5.7968952755905514
20
-4.2191190551181101
11
5.7966854330708664
21
-4.2192592125984252
0
LINE
8
BLACK
6
CONTINUOUS
10
5.7966854330708664
20
-4.2192592125984252
11
5.7964859842519685
21
-4.2194140551181105
0
LINE
8
BLACK
6
CONTINUOUS
10
5.7964859842519685
20
-4.2194140551181105
11
5.7946112204724409
21
-4.2203514173228349
0
LINE
8
BLACK
6
CONTINUOUS
10
5.7946112204724409
20
-4.2203514173228349
11
5.794535118110236
21
-4.220372244094488
0
LINE
8
BLACK
6
CONTINUOUS
10
5.794535118110236
20
-4.220372244094488
11
5.7945096062992123
21
-4.2203977952755904
0
LINE
8
BLACK
6
CONTINUOUS
10
5.7945096062992123
20
-4.2203977952755904
11
5.7942618897637796
21
-4.220447047244094
0
LINE
8
BLACK
6
CONTINUOUS
10
5.7942618897637796
20
-4.220447047244094
11
5.7940185826771655
21
-4.2205137007874018
0
LINE
8
BLACK
6
CONTINUOUS
10
5.7940185826771655
20
-4.2205137007874018
11
5.7939843307086614
21
-4.2205022834645671
0
LINE
8
BLACK
6
CONTINUOUS
10
5.7939843307086614
20
-4.2205022834645671
11
5.7939069685039373
21
-4.2205176771653541
0
LINE
8
BLACK
6
CONTINUOUS
10
5.7939069685039373
20
-4.2205176771653541
11
5.7882826771653546
21
-4.2205176771653541
0
LINE
8
BLACK
6
CONTINUOUS
10
5.7882826771653546
20
-4.2205176771653541
11
5.7882052755905509
21
-4.2205022440944884
0
LINE
8
BLACK
6
CONTINUOUS
10
5.7882052755905509
20
-4.2205022440944884
11
5.7881710236220467
21
-4.2205137007874018
0
LINE
8
BLACK
6
CONTINUOUS
10
5.7881710236220467
20
-4.2205137007874018
11
5.7879275590551176
21
-4.2204470078740153
0
LINE
8
BLACK
6
CONTINUOUS
10
5.7879275590551176
20
-4.2204470078740153
11
5.7876800393700787
21
-4.2203977952755904
0
LINE
8
BLACK
6
CONTINUOUS
10
5.7876800393700787
20
-4.2203977952755904
11
5.7876544881889762
21
-4.220372244094488
0
LINE
8
BLACK
6
CONTINUOUS
10
5.7876544881889762
20
-4.220372244094488
11
5.7875783858267713
21
-4.2203514173228349
0
LINE
8
BLACK
6
CONTINUOUS
10
5.7875783858267713
20
-4.2203514173228349
11
5.7857036614173225
21
-4.2194140551181105
0
LINE
8
BLACK
6
CONTINUOUS
10
5.7857036614173225
20
-4.2194140551181105
11
5.7855044488188971
21
-4.2192594488188977
0
LINE
8
BLACK
6
CONTINUOUS
10
5.7855044488188971
20
-4.2192594488188977
11
5.7852943307086617
21
-4.2191190551181101
0
LINE
8
BLACK
6
CONTINUOUS
10
5.7852943307086617
20
-4.2191190551181101
11
5.7843569685039364
21
-4.218181653543307
0
LINE
8
BLACK
6
CONTINUOUS
10
5.7843569685039364
20
-4.218181653543307
11
5.7842167322834648
21
-4.2179717322834644
0
LINE
8
BLACK
6
CONTINUOUS
10
5.7842167322834648
20
-4.2179717322834644
11
5.7840620078740157
21
-4.2177724015748028
0
LINE
8
BLACK
6
CONTINUOUS
10
5.7840620078740157
20
-4.2177724015748028
11
5.7831246062992125
21
-4.2158976377952753
0
LINE
8
BLACK
6
CONTINUOUS
10
5.7831246062992125
20
-4.2158976377952753
11
5.7831037401574799
21
-4.2158214960629916
0
LINE
8
BLACK
6
CONTINUOUS
10
5.7831037401574799
20
-4.2158214960629916
11
5.7830782283464561
21
-4.2157959842519688
0
LINE
8
BLACK
6
CONTINUOUS
10
5.7830782283464561
20
-4.2157959842519688
11
5.7830289763779525
21
-4.2155484251968502
0
LINE
8
BLACK
6
CONTINUOUS
10
5.7830289763779525
20
-4.2155484251968502
11
5.7829623228346456
21
-4.2153049999999999
0
LINE
8
BLACK
6
CONTINUOUS
10
5.7829623228346456
20
-4.2153049999999999
11
5.7829737401574803
21
-4.215270708661417
0
LINE
8
BLACK
6
CONTINUOUS
10
5.7829737401574803
20
-4.215270708661417
11
5.7829583464566925
21
-4.2151933464566929
0
LINE
8
BLACK
6
CONTINUOUS
10
5.7829583464566925
20
-4.2151933464566929
11
5.7829583464566925
21
-4.2105064173228346
0
LINE
8
BLACK
6
CONTINUOUS
10
5.7829583464566925
20
-4.2105064173228346
11
5.7829737401574803
21
-4.2104290157480317
0
LINE
8
BLACK
6
CONTINUOUS
10
5.7829737401574803
20
-4.2104290157480317
11
5.7829623228346456
21
-4.2103947637795276
0
LINE
8
BLACK
6
CONTINUOUS
10
5.7829623228346456
20
-4.2103947637795276
11
5.7830289763779525
21
-4.2101512992125985
0
LINE
8
BLACK
6
CONTINUOUS
10
5.7830289763779525
20
-4.2101512992125985
11
5.7830782283464561
21
-4.2099037795275587
0
LINE
8
BLACK
6
CONTINUOUS
10
5.7830782283464561
20
-4.2099037795275587
11
5.7831037401574799
21
-4.2098782283464562
0
LINE
8
BLACK
6
CONTINUOUS
10
5.7831037401574799
20
-4.2098782283464562
11
5.7831246062992125
21
-4.2098021259842522
0
LINE
8
BLACK
6
CONTINUOUS
10
5.7831246062992125
20
-4.2098021259842522
11
5.7840620078740157
21
-4.2079273622047246
0
LINE
8
BLACK
6
CONTINUOUS
10
5.7840620078740157
20
-4.2079273622047246
11
5.7842168897637798
21
-4.2077277559055117
0
LINE
8
BLACK
6
CONTINUOUS
10
5.7842168897637798
20
-4.2077277559055117
11
5.7843570078740152
21
-4.2075181102362205
0
LINE
8
BLACK
6
CONTINUOUS
10
5.7843570078740152
20
-4.2075181102362205
11
5.7852943700787396
21
-4.2065807480314961
0
LINE
8
BLACK
6
CONTINUOUS
10
5.7852943700787396
20
-4.2065807480314961
11
5.7855040157480317
21
-4.2064406299212598
0
LINE
8
BLACK
6
CONTINUOUS
10
5.7855040157480317
20
-4.2064406299212598
11
5.7857036220472438
21
-4.2062857480314957
0
LINE
8
BLACK
6
CONTINUOUS
10
5.7857036220472438
20
-4.2062857480314957
11
5.7875783858267713
21
-4.2053483464566925
0
LINE
8
BLACK
6
CONTINUOUS
10
5.7875783858267713
20
-4.2053483464566925
11
5.7876544881889762
21
-4.2053274803149607
0
LINE
8
BLACK
6
CONTINUOUS
10
5.7876544881889762
20
-4.2053274803149607
11
5.7876800393700787
21
-4.205301968503937
0
LINE
8
BLACK
6
CONTINUOUS
10
5.7876800393700787
20
-4.205301968503937
11
5.7877219291338582
21
-4.2052936220472441
0
LINE
8
BLACK
6
CONTINUOUS
10
5.7877219291338582
20
-4.2052936220472441
11
5.783347992125984
21
-4.2002948425196847
0
LINE
8
BLACK
6
CONTINUOUS
10
5.783347992125984
20
-4.2002948425196847
11
5.783124527559055
21
-4.1999067716535432
0
LINE
8
BLACK
6
CONTINUOUS
10
5.783124527559055
20
-4.1999067716535432
11
5.7830782283464561
21
-4.1998604724409452
0
LINE
8
BLACK
6
CONTINUOUS
10
5.7830782283464561
20
-4.1998604724409452
11
5.7830782283464561
21
-4.1998263385826773
0
LINE
8
BLACK
6
CONTINUOUS
10
5.7830782283464561
20
-4.1998263385826773
11
5.7830413779527561
21
-4.1997623622047247
0
LINE
8
BLACK
6
CONTINUOUS
10
5.7830413779527561
20
-4.1997623622047247
11
5.7830782283464561
21
-4.1992094488188974
0
LINE
8
BLACK
6
CONTINUOUS
10
5.7830782283464561
20
-4.1992094488188974
11
5.7830782283464561
21
-4.1986551968503933
0
LINE
8
BLACK
6
CONTINUOUS
10
5.7830782283464561
20
-4.1986551968503933
11
5.7831177952755901
21
-4.1986155905511806
0
LINE
8
BLACK
6
CONTINUOUS
10
5.7831177952755901
20
-4.1986155905511806
11
5.7831215354330707
21
-4.1985597244094484
0
LINE
8
BLACK
6
CONTINUOUS
10
5.7831215354330707
20
-4.1985597244094484
11
5.7835387007874015
21
-4.1981946850393701
0
LINE
8
BLACK
6
CONTINUOUS
10
5.7835387007874015
20
-4.1981946850393701
11
5.7839305118110236
21
-4.1978029133858268
0
LINE
8
BLACK
6
CONTINUOUS
10
5.7839305118110236
20
-4.1978029133858268
11
5.7840029527559054
21
-4.197788464566929
0
LINE
8
BLACK
6
CONTINUOUS
10
5.7840029527559054
20
-4.197788464566929
11
5.7840286220472441
21
-4.1977660629921258
0
LINE
8
BLACK
6
CONTINUOUS
10
5.7840286220472441
20
-4.1977660629921258
11
5.7840938582677168
21
-4.1977703937007877
0
LINE
8
BLACK
6
CONTINUOUS
10
5.7840938582677168
20
-4.1977703937007877
11
5.7845331496062995
21
-4.1976830314960631
0
LINE
8
BLACK
6
CONTINUOUS
10
5.7845331496062995
20
-4.1976830314960631
11
5.796719133858268
21
-4.1976830314960631
0
LINE
8
BLACK
6
CONTINUOUS
10
5.796719133858268
20
-4.1976830314960631
11
5.797321771653543
21
-4.1978029133858268
0
LINE
8
BLACK
6
CONTINUOUS
10
5.8151320472440942
20
-4.1978029133858268
11
5.8159843307086616
21
-4.1986551968503933
0
LINE
8
BLACK
6
CONTINUOUS
10
5.8159843307086616
20
-4.1986551968503933
11
5.8161042125984252
21
-4.1992578346456693
0
LINE
8
BLACK
6
CONTINUOUS
10
5.8161042125984252
20
-4.1992578346456693
11
5.8161042125984252
21
-4.218942874015748
0
LINE
8
BLACK
6
CONTINUOUS
10
5.8161042125984252
20
-4.218942874015748
11
5.8159843307086616
21
-4.2195455118110239
0
LINE
8
BLACK
6
CONTINUOUS
10
5.8159843307086616
20
-4.2195455118110239
11
5.8151320472440942
21
-4.2203977952755904
0
LINE
8
BLACK
6
CONTINUOUS
10
5.8151320472440942
20
-4.2203977952755904
11
5.8139267716535432
21
-4.2203977952755904
0
LINE
8
BLACK
6
CONTINUOUS
10
5.8139267716535432
20
-4.2203977952755904
11
5.8130744881889767
21
-4.2195455118110239
0
LINE
8
BLACK
6
CONTINUOUS
10
5.8130744881889767
20
-4.2195455118110239
11
5.8129546062992121
21
-4.218942874015748
0
LINE
8
BLACK
6
CONTINUOUS
10
5.8129546062992121
20
-4.218942874015748
11
5.8129546062992121
21
-4.2111438582677163
0
LINE
8
BLACK
6
CONTINUOUS
10
5.8129546062992121
20
-4.2111438582677163
11
5.8106624015748034
21
-4.2111438582677163
0
LINE
8
BLACK
6
CONTINUOUS
10
5.8106624015748034
20
-4.2111438582677163
11
5.8045709448818901
21
-4.2198459448818895
0
LINE
8
BLACK
6
CONTINUOUS
10
5.8045709448818901
20
-4.2198459448818895
11
5.8041271653543305
21
-4.2202709055118106
0
LINE
8
BLACK
6
CONTINUOUS
10
5.8041271653543305
20
-4.2202709055118106
11
5.8029401968503933
21
-4.2204803937007869
0
LINE
8
BLACK
6
CONTINUOUS
10
5.8029401968503933
20
-4.2204803937007869
11
5.8019527952755903
21
-4.2197892125984255
0
LINE
8
BLACK
6
CONTINUOUS
10
5.8019527952755903
20
-4.2197892125984255
11
5.801743307086614
21
-4.2186022440944884
0
LINE
8
BLACK
6
CONTINUOUS
10
5.801743307086614
20
-4.2186022440944884
11
5.8019907086614175
21
-4.2180398031496065
0
LINE
8
BLACK
6
CONTINUOUS
10
5.8019907086614175
20
-4.2180398031496065
11
5.8068363779527559
21
-4.2111173228346459
0
LINE
8
BLACK
6
CONTINUOUS
10
5.8068363779527559
20
-4.2111173228346459
11
5.8066752362204719
21
-4.2110731889763775
0
LINE
8
BLACK
6
CONTINUOUS
10
5.8066752362204719
20
-4.2110731889763775
11
5.806427716535433
21
-4.2110239763779527
0
LINE
8
BLACK
6
CONTINUOUS
10
5.806427716535433
20
-4.2110239763779527
11
5.8064021653543305
21
-4.2109984251968502
0
LINE
8
BLACK
6
CONTINUOUS
10
5.8064021653543305
20
-4.2109984251968502
11
5.8063260629921256
21
-4.2109775984251971
0
LINE
8
BLACK
6
CONTINUOUS
10
5.8063260629921256
20
-4.2109775984251971
11
5.8044512992125981
21
-4.210040196850394
0
LINE
8
BLACK
6
CONTINUOUS
10
5.8044512992125981
20
-4.210040196850394
11
5.8042516929133861
21
-4.2098852755905511
0
LINE
8
BLACK
6
CONTINUOUS
10
5.8042516929133861
20
-4.2098852755905511
11
5.8040420866141735
21
-4.2097452362204724
0
LINE
8
BLACK
6
CONTINUOUS
10
5.8040420866141735
20
-4.2097452362204724
11
5.8031046456692916
21
-4.208807874015748
0
LINE
8
BLACK
6
CONTINUOUS
10
5.8031046456692916
20
-4.208807874015748
11
5.8029643700787403
21
-4.2085979133858267
0
LINE
8
BLACK
6
CONTINUOUS
10
5.8029643700787403
20
-4.2085979133858267
11
5.8028096456692912
21
-4.2083985433070863
0
LINE
8
BLACK
6
CONTINUOUS
10
5.8028096456692912
20
-4.2083985433070863
11
5.8018722834645668
21
-4.2065237795275587
0
LINE
8
BLACK
6
CONTINUOUS
10
5.8018722834645668
20
-4.2065237795275587
11
5.8018514173228342
21
-4.2064476771653538
0
LINE
8
BLACK
6
CONTINUOUS
10
5.8018514173228342
20
-4.2064476771653538
11
5.8018259055118113
21
-4.206422165354331
0
LINE
8
BLACK
6
CONTINUOUS
10
5.8018259055118113
20
-4.206422165354331
11
5.8017766141732281
21
-4.2061744488188975
0
LINE
8
BLACK
6
CONTINUOUS
10
5.8017766141732281
20
-4.2061744488188975
11
5.8017099999999999
21
-4.2059311417322833
0
LINE
8
BLACK
6
CONTINUOUS
10
5.8017099999999999
20
-4.2059311417322833
11
5.8017213779527559
21
-4.2058968897637792
0
LINE
8
BLACK
6
CONTINUOUS
10
5.8017213779527559
20
-4.2058968897637792
11
5.8017060236220468
21
-4.2058195275590551
0
LINE
8
BLACK
6
CONTINUOUS
10
5.8017060236220468
20
-4.2058195275590551
11
5.8017060236220468
21
-4.2030073622047244
0
LINE
8
BLACK
6
CONTINUOUS
10
5.8017060236220468
20
-4.2030073622047244
11
5.8017213779527559
21
-4.2029299606299215
0
LINE
8
BLACK
6
CONTINUOUS
10
5.8017213779527559
20
-4.2029299606299215
11
5.8017099999999999
21
-4.2028957480314961
0
LINE
8
BLACK
6
CONTINUOUS
10
5.8017099999999999
20
-4.2028957480314961
11
5.8017766141732281
21
-4.2026524015748032
0
LINE
8
BLACK
6
CONTINUOUS
10
5.8017766141732281
20
-4.2026524015748032
11
5.8018259055118113
21
-4.2024047244094485
0
LINE
8
BLACK
6
CONTINUOUS
10
5.8018259055118113
20
-4.2024047244094485
11
5.8018514173228342
21
-4.202379173228346
0
LINE
8
BLACK
6
CONTINUOUS
10
5.8018514173228342
20
-4.202379173228346
11
5.8018722834645668
21
-4.2023031102362207
0
LINE
8
BLACK
6
CONTINUOUS
10
5.8018722834645668
20
-4.2023031102362207
11
5.8028096456692912
21
-4.2004283464566932
0
LINE
8
BLACK
6
CONTINUOUS
10
5.8028096456692912
20
-4.2004283464566932
11
5.8029643700787403
21
-4.200228937007874
0
LINE
8
BLACK
6
CONTINUOUS
10
5.8029643700787403
20
-4.200228937007874
11
5.8031046456692916
21
-4.2000190157480315
0
LINE
8
BLACK
6
CONTINUOUS
10
5.8031046456692916
20
-4.2000190157480315
11
5.8040420866141735
21
-4.1990816535433071
0
LINE
8
BLACK
6
CONTINUOUS
10
5.8040420866141735
20
-4.1990816535433071
11
5.8042516929133861
21
-4.1989415748031496
0
LINE
8
BLACK
6
CONTINUOUS
10
5.8042516929133861
20
-4.1989415748031496
11
5.8044512992125981
21
-4.1987866929133855
0
LINE
8
BLACK
6
CONTINUOUS
10
5.8044512992125981
20
-4.1987866929133855
11
5.8063260629921256
21
-4.1978492913385823
0
LINE
8
BLACK
6
CONTINUOUS
10
5.8063260629921256
20
-4.1978492913385823
11
5.8064021653543305
21
-4.1978284251968505
0
LINE
8
BLACK
6
CONTINUOUS
10
5.8064021653543305
20
-4.1978284251968505
11
5.806427716535433
21
-4.1978029133858268
0
LINE
8
BLACK
6
CONTINUOUS
10
5.806427716535433
20
-4.1978029133858268
11
5.8066752362204719
21
-4.1977536614173223
0
LINE
8
BLACK
6
CONTINUOUS
10
5.8066752362204719
20
-4.1977536614173223
11
5.806918700787401
21
-4.1976870078740154
0
LINE
8
BLACK
6
CONTINUOUS
10
5.806918700787401
20
-4.1976870078740154
11
5.8069529527559052
21
-4.1976984251968501
0
LINE
8
BLACK
6
CONTINUOUS
10
5.8069529527559052
20
-4.1976984251968501
11
5.8070303543307089
21
-4.1976830314960631
0
LINE
8
BLACK
6
CONTINUOUS
10
5.8070303543307089
20
-4.1976830314960631
11
5.8145294094488191
21
-4.1976830314960631
0
LINE
8
BLACK
6
CONTINUOUS
10
5.8145294094488191
20
-4.1976830314960631
11
5.8151320472440942
21
-4.1978029133858268
0
LINE
8
BLACK
6
CONTINUOUS
10
5.8060884251968501
20
-4.2014894881889759
11
5.805512401574803
21
-4.2020654724409452
0
LINE
8
BLACK
6
CONTINUOUS
10
5.805512401574803
20
-4.2020654724409452
11
5.8048556299212599
21
-4.2033790944881888
0
LINE
8
BLACK
6
CONTINUOUS
10
5.8048556299212599
20
-4.2033790944881888
11
5.8048556299212599
21
-4.2054477952755907
0
LINE
8
BLACK
6
CONTINUOUS
10
5.8048556299212599
20
-4.2054477952755907
11
5.805512401574803
21
-4.2067613779527555
0
LINE
8
BLACK
6
CONTINUOUS
10
5.805512401574803
20
-4.2067613779527555
11
5.8060884251968501
21
-4.2073373622047239
0
LINE
8
BLACK
6
CONTINUOUS
10
5.8060884251968501
20
-4.2073373622047239
11
5.8074021259842521
21
-4.2079942519685041
0
LINE
8
BLACK
6
CONTINUOUS
10
5.8074021259842521
20
-4.2079942519685041
11
5.8129546062992121
21
-4.2079942519685041
0
LINE
8
BLACK
6
CONTINUOUS
10
5.8129546062992121
20
-4.2079942519685041
11
5.8129546062992121
21
-4.2008326377952754
0
LINE
8
BLACK
6
CONTINUOUS
10
5.8129546062992121
20
-4.2008326377952754
11
5.8074021259842521
21
-4.2008326377952754
0
LINE
8
BLACK
6
CONTINUOUS
10
5.8074021259842521
20
-4.2008326377952754
11
5.8060884251968501
21
-4.2014894881889759
0
LINE
8
BLACK
6
CONTINUOUS
10
5.8401233858267716
20
-4.183575039370079
11
5.84118874015748
21
-4.1846403937007874
0
LINE
8
BLACK
6
CONTINUOUS
10
5.84118874015748
20
-4.1846403937007874
11
5.8413385826771655
21
-4.1853937007874018
0
LINE
8
BLACK
6
CONTINUOUS
10
5.8413385826771655
20
-4.1853937007874018
11
5.8413385826771655
21
-4.2346062992125981
0
LINE
8
BLACK
6
CONTINUOUS
10
5.8413385826771655
20
-4.2346062992125981
11
5.84118874015748
21
-4.2353596062992125
0
LINE
8
BLACK
6
CONTINUOUS
10
5.84118874015748
20
-4.2353596062992125
11
5.8401233858267716
21
-4.2364249606299209
0
LINE
8
BLACK
6
CONTINUOUS
10
5.8401233858267716
20
-4.2364249606299209
11
5.8393700787401572
21
-4.2365748031496064
0
LINE
8
BLACK
6
CONTINUOUS
10
5.8393700787401572
20
-4.2365748031496064
11
5.7606299212598424
21
-4.2365748031496064
0
LINE
8
BLACK
6
CONTINUOUS
10
5.7606299212598424
20
-4.2365748031496064
11
5.759876614173228
21
-4.2364249606299209
0
LINE
8
BLACK
6
CONTINUOUS
10
5.759876614173228
20
-4.2364249606299209
11
5.7588112598425196
21
-4.2353596062992125
0
LINE
8
BLACK
6
CONTINUOUS
10
5.7588112598425196
20
-4.2353596062992125
11
5.7586614173228341
21
-4.2346062992125981
0
LINE
8
BLACK
6
CONTINUOUS
10
5.7586614173228341
20
-4.2346062992125981
11
5.7586614173228341
21
-4.1853937007874018
0
LINE
8
BLACK
6
CONTINUOUS
10
5.7586614173228341
20
-4.1853937007874018
11
5.7588112598425196
21
-4.1846403937007874
0
LINE
8
BLACK
6
CONTINUOUS
10
5.7588112598425196
20
-4.1846403937007874
11
5.759876614173228
21
-4.183575039370079
0
LINE
8
BLACK
6
CONTINUOUS
10
5.759876614173228
20
-4.183575039370079
11
5.7606299212598424
21
-4.1834251968503935
0
LINE
8
BLACK
6
CONTINUOUS
10
5.7606299212598424
20
-4.1834251968503935
11
5.8393700787401572
21
-4.1834251968503935
0
LINE
8
BLACK
6
CONTINUOUS
10
5.8393700787401572
20
-4.1834251968503935
11
5.8401233858267716
21
-4.183575039370079
0
LINE
8
BLACK
6
CONTINUOUS
10
5.7625984251968498
20
-4.1873622047244092
11
5.7625984251968498
21
-4.2326377952755907
0
LINE
8
BLACK
6
CONTINUOUS
10
5.7625984251968498
20
-4.2326377952755907
11
5.8374015748031498
21
-4.2326377952755907
0
LINE
8
BLACK
6
CONTINUOUS
10
5.8374015748031498
20
-4.2326377952755907
11
5.8374015748031498
21
-4.1873622047244092
0
LINE
8
BLACK
6
CONTINUOUS
10
5.8374015748031498
20
-4.1873622047244092
11
5.7625984251968498
21
-4.1873622047244092
0
LINE
8
BLACK
6
CONTINUOUS
10
6.4073012204724407
20
-4.1980451181102358
11
6.4083656299212599
21
-4.1984860236220474
0
LINE
8
BLACK
6
CONTINUOUS
10
6.4083656299212599
20
-4.1984860236220474
11
6.4091802755905514
21
-4.1993006692913388
0
LINE
8
BLACK
6
CONTINUOUS
10
6.4091802755905514
20
-4.1993006692913388
11
6.409621181102362
21
-4.2003650787401572
0
LINE
8
BLACK
6
CONTINUOUS
10
6.409621181102362
20
-4.2003650787401572
11
6.4096779133858268
21
-4.2009411417322831
0
LINE
8
BLACK
6
CONTINUOUS
10
6.4096779133858268
20
-4.2009411417322831
11
6.4096779133858268
21
-4.2103149606299208
0
LINE
8
BLACK
6
CONTINUOUS
10
6.4096779133858268
20
-4.2103149606299208
11
6.4096491732283463
21
-4.2106065354330706
0
LINE
8
BLACK
6
CONTINUOUS
10
6.4096491732283463
20
-4.2106065354330706
11
6.4096547244094486
21
-4.2106842913385822
0
LINE
8
BLACK
6
CONTINUOUS
10
6.4096547244094486
20
-4.2106842913385822
11
6.4096314566929129
21
-4.2107865354330709
0
LINE
8
BLACK
6
CONTINUOUS
10
6.4096314566929129
20
-4.2107865354330709
11
6.409621181102362
21
-4.2108910236220476
0
LINE
8
BLACK
6
CONTINUOUS
10
6.409621181102362
20
-4.2108910236220476
11
6.4095912992125985
21
-4.2109630708661419
0
LINE
8
BLACK
6
CONTINUOUS
10
6.4095912992125985
20
-4.2109630708661419
11
6.4095263779527558
21
-4.2112487401574805
0
LINE
8
BLACK
6
CONTINUOUS
10
6.4095263779527558
20
-4.2112487401574805
11
6.4076516141732283
21
-4.2168729921259844
0
LINE
8
BLACK
6
CONTINUOUS
10
6.4076516141732283
20
-4.2168729921259844
11
6.4074156299212595
21
-4.2174015748031497
0
LINE
8
BLACK
6
CONTINUOUS
10
6.4074156299212595
20
-4.2174015748031497
11
6.4073461417322832
21
-4.2174816535433068
0
LINE
8
BLACK
6
CONTINUOUS
10
6.4073461417322832
20
-4.2174816535433068
11
6.4073055511811026
21
-4.2175797244094486
0
LINE
8
BLACK
6
CONTINUOUS
10
6.4073055511811026
20
-4.2175797244094486
11
6.4069383070866142
21
-4.2180271653543304
0
LINE
8
BLACK
6
CONTINUOUS
10
6.4069383070866142
20
-4.2180271653543304
11
6.4031887401574803
21
-4.2217766929133855
0
LINE
8
BLACK
6
CONTINUOUS
10
6.4031887401574803
20
-4.2217766929133855
11
6.4029623622047245
21
-4.2219624409448819
0
LINE
8
BLACK
6
CONTINUOUS
10
6.4029623622047245
20
-4.2219624409448819
11
6.4029112204724408
21
-4.2220214566929135
0
LINE
8
BLACK
6
CONTINUOUS
10
6.4029112204724408
20
-4.2220214566929135
11
6.4028222834645669
21
-4.2220774015748033
0
LINE
8
BLACK
6
CONTINUOUS
10
6.4028222834645669
20
-4.2220774015748033
11
6.4027412598425197
21
-4.2221439370078739
0
LINE
8
BLACK
6
CONTINUOUS
10
6.4027412598425197
20
-4.2221439370078739
11
6.4026692125984255
21
-4.2221737401574799
0
LINE
8
BLACK
6
CONTINUOUS
10
6.4026692125984255
20
-4.2221737401574799
11
6.4024213385826769
21
-4.2223298031496066
0
LINE
8
BLACK
6
CONTINUOUS
10
6.4024213385826769
20
-4.2223298031496066
11
6.3986718110236218
21
-4.2242045669291342
0
LINE
8
BLACK
6
CONTINUOUS
10
6.3986718110236218
20
-4.2242045669291342
11
6.3986296850393698
21
-4.2242206692913387
0
LINE
8
BLACK
6
CONTINUOUS
10
6.3986296850393698
20
-4.2242206692913387
11
6.3986125590551177
21
-4.2242333858267713
0
LINE
8
BLACK
6
CONTINUOUS
10
6.3986125590551177
20
-4.2242333858267713
11
6.3983705905511812
21
-4.2243198031496059
0
LINE
8
BLACK
6
CONTINUOUS
10
6.3983705905511812
20
-4.2243198031496059
11
6.3981311811023618
21
-4.2244114566929136
0
LINE
8
BLACK
6
CONTINUOUS
10
6.3981311811023618
20
-4.2244114566929136
11
6.3981099212598425
21
-4.2244129527559053
0
LINE
8
BLACK
6
CONTINUOUS
10
6.3981099212598425
20
-4.2244129527559053
11
6.3980674409448817
21
-4.2244281496062994
0
LINE
8
BLACK
6
CONTINUOUS
10
6.3980674409448817
20
-4.2244281496062994
11
6.3905683858267714
21
-4.226302913385827
0
LINE
8
BLACK
6
CONTINUOUS
10
6.3905683858267714
20
-4.226302913385827
11
6.3904685039370079
21
-4.2263176771653539
0
LINE
8
BLACK
6
CONTINUOUS
10
6.3904685039370079
20
-4.2263176771653539
11
6.3904283070866139
21
-4.2263343307086609
0
LINE
8
BLACK
6
CONTINUOUS
10
6.3904283070866139
20
-4.2263343307086609
11
6.3902112598425198
21
-4.2263556692913387
0
LINE
8
BLACK
6
CONTINUOUS
10
6.3902112598425198
20
-4.2263556692913387
11
6.3899957874015749
21
-4.2263875590551176
0
LINE
8
BLACK
6
CONTINUOUS
10
6.3899957874015749
20
-4.2263875590551176
11
6.3899527559055116
21
-4.2263811417322836
0
LINE
8
BLACK
6
CONTINUOUS
10
6.3899527559055116
20
-4.2263811417322836
11
6.389852244094488
21
-4.2263910629921257
0
LINE
8
BLACK
6
CONTINUOUS
10
6.389852244094488
20
-4.2263910629921257
11
6.3842279527559054
21
-4.2263910629921257
0
LINE
8
BLACK
6
CONTINUOUS
10
6.3842279527559054
20
-4.2263910629921257
11
6.3841274015748031
21
-4.2263811417322836
0
LINE
8
BLACK
6
CONTINUOUS
10
6.3841274015748031
20
-4.2263811417322836
11
6.3840844094488185
21
-4.2263875590551176
0
LINE
8
BLACK
6
CONTINUOUS
10
6.3840844094488185
20
-4.2263875590551176
11
6.3838688976377949
21
-4.2263556692913387
0
LINE
8
BLACK
6
CONTINUOUS
10
6.3838688976377949
20
-4.2263556692913387
11
6.3836518897637795
21
-4.2263343307086609
0
LINE
8
BLACK
6
CONTINUOUS
10
6.3836518897637795
20
-4.2263343307086609
11
6.3836116535433067
21
-4.2263176771653539
0
LINE
8
BLACK
6
CONTINUOUS
10
6.3836116535433067
20
-4.2263176771653539
11
6.383511811023622
21
-4.226302913385827
0
LINE
8
BLACK
6
CONTINUOUS
10
6.383511811023622
20
-4.226302913385827
11
6.3760127559055118
21
-4.2244281496062994
0
LINE
8
BLACK
6
CONTINUOUS
10
6.3760127559055118
20
-4.2244281496062994
11
6.3759702362204722
21
-4.2244129527559053
0
LINE
8
BLACK
6
CONTINUOUS
10
6.3759702362204722
20
-4.2244129527559053
11
6.3759489763779529
21
-4.2244114566929136
0
LINE
8
BLACK
6
CONTINUOUS
10
6.3759489763779529
20
-4.2244114566929136
11
6.3757092125984247
21
-4.2243196850393696
0
LINE
8
BLACK
6
CONTINUOUS
10
6.3757092125984247
20
-4.2243196850393696
11
6.3754676377952757
21
-4.2242333858267713
0
LINE
8
BLACK
6
CONTINUOUS
10
6.3754676377952757
20
-4.2242333858267713
11
6.3754504724409449
21
-4.2242206692913387
0
LINE
8
BLACK
6
CONTINUOUS
10
6.3754504724409449
20
-4.2242206692913387
11
6.3754083858267716
21
-4.2242045669291342
0
LINE
8
BLACK
6
CONTINUOUS
10
6.3754083858267716
20
-4.2242045669291342
11
6.3716588582677165
21
-4.2223298031496066
0
LINE
8
BLACK
6
CONTINUOUS
10
6.3716588582677165
20
-4.2223298031496066
11
6.3714110236220467
21
-4.2221737795275587
0
LINE
8
BLACK
6
CONTINUOUS
10
6.3714110236220467
20
-4.2221737795275587
11
6.3713388976377949
21
-4.2221439370078739
0
LINE
8
BLACK
6
CONTINUOUS
10
6.3713388976377949
20
-4.2221439370078739
11
6.3712577165354327
21
-4.2220773228346458
0
LINE
8
BLACK
6
CONTINUOUS
10
6.3712577165354327
20
-4.2220773228346458
11
6.3711689763779527
21
-4.2220214566929135
0
LINE
8
BLACK
6
CONTINUOUS
10
6.3711689763779527
20
-4.2220214566929135
11
6.3711178346456689
21
-4.2219625196850394
0
LINE
8
BLACK
6
CONTINUOUS
10
6.3711178346456689
20
-4.2219625196850394
11
6.3708914566929131
21
-4.2217766929133855
0
LINE
8
BLACK
6
CONTINUOUS
10
6.3708914566929131
20
-4.2217766929133855
11
6.367141929133858
21
-4.2180271653543304
0
LINE
8
BLACK
6
CONTINUOUS
10
6.367141929133858
20
-4.2180271653543304
11
6.3667747244094484
21
-4.2175797244094486
0
LINE
8
BLACK
6
CONTINUOUS
10
6.3667747244094484
20
-4.2175797244094486
11
6.3667340944881889
21
-4.2174816535433068
0
LINE
8
BLACK
6
CONTINUOUS
10
6.3667340944881889
20
-4.2174816535433068
11
6.3666646062992127
21
-4.2174015354330709
0
LINE
8
BLACK
6
CONTINUOUS
10
6.3666646062992127
20
-4.2174015354330709
11
6.3664286220472439
21
-4.2168729921259844
0
LINE
8
BLACK
6
CONTINUOUS
10
6.3664286220472439
20
-4.2168729921259844
11
6.3645538582677164
21
-4.2112487007874018
0
LINE
8
BLACK
6
CONTINUOUS
10
6.3645538582677164
20
-4.2112487007874018
11
6.3644888976377949
21
-4.2109631102362206
0
LINE
8
BLACK
6
CONTINUOUS
10
6.3644888976377949
20
-4.2109631102362206
11
6.3644590551181102
21
-4.2108910236220476
0
LINE
8
BLACK
6
CONTINUOUS
10
6.3644590551181102
20
-4.2108910236220476
11
6.3644487401574805
21
-4.2107864960629922
0
LINE
8
BLACK
6
CONTINUOUS
10
6.3644487401574805
20
-4.2107864960629922
11
6.3644255118110236
21
-4.2106842519685035
0
LINE
8
BLACK
6
CONTINUOUS
10
6.3644255118110236
20
-4.2106842519685035
11
6.3644310236220472
21
-4.2106064960629919
0
LINE
8
BLACK
6
CONTINUOUS
10
6.3644310236220472
20
-4.2106064960629919
11
6.3644023228346454
21
-4.2103149606299208
0
LINE
8
BLACK
6
CONTINUOUS
10
6.3644023228346454
20
-4.2103149606299208
11
6.3644023228346454
21
-4.2009411417322831
0
LINE
8
BLACK
6
CONTINUOUS
10
6.3644023228346454
20
-4.2009411417322831
11
6.3644590551181102
21
-4.2003650787401572
0
LINE
8
BLACK
6
CONTINUOUS
10
6.3644590551181102
20
-4.2003650787401572
11
6.3648999606299208
21
-4.1993006692913388
0
LINE
8
BLACK
6
CONTINUOUS
10
6.3648999606299208
20
-4.1993006692913388
11
6.3657146062992123
21
-4.1984860236220474
0
LINE
8
BLACK
6
CONTINUOUS
10
6.3657146062992123
20
-4.1984860236220474
11
6.3667790157480315
21
-4.1980451181102358
0
LINE
8
BLACK
6
CONTINUOUS
10
6.3667790157480315
20
-4.1980451181102358
11
6.3673550787401574
21
-4.1979883858267719
0
LINE
8
BLACK
6
CONTINUOUS
10
6.3673550787401574
20
-4.1979883858267719
11
6.4067251574803148
21
-4.1979883858267719
0
LINE
8
BLACK
6
CONTINUOUS
10
6.4067251574803148
20
-4.1979883858267719
11
6.4073012204724407
21
-4.1980451181102358
0
LINE
8
BLACK
6
CONTINUOUS
10
6.3703078346456694
20
-4.209835787401575
11
6.37181062992126
21
-4.2143442125984247
0
LINE
8
BLACK
6
CONTINUOUS
10
6.37181062992126
20
-4.2143442125984247
11
6.3747284645669291
21
-4.2172620472440947
0
LINE
8
BLACK
6
CONTINUOUS
10
6.3747284645669291
20
-4.2172620472440947
11
6.3777594488188978
21
-4.2187775196850392
0
LINE
8
BLACK
6
CONTINUOUS
10
6.3777594488188978
20
-4.2187775196850392
11
6.3845914960629919
21
-4.2204855511811026
0
LINE
8
BLACK
6
CONTINUOUS
10
6.3845914960629919
20
-4.2204855511811026
11
6.3894887007874015
21
-4.2204855511811026
0
LINE
8
BLACK
6
CONTINUOUS
10
6.3894887007874015
20
-4.2204855511811026
11
6.3963207480314956
21
-4.2187775196850392
0
LINE
8
BLACK
6
CONTINUOUS
10
6.3963207480314956
20
-4.2187775196850392
11
6.3993517322834643
21
-4.2172620078740159
0
LINE
8
BLACK
6
CONTINUOUS
10
6.3993517322834643
20
-4.2172620078740159
11
6.4022696062992122
21
-4.214344173228346
0
LINE
8
BLACK
6
CONTINUOUS
10
6.4022696062992122
20
-4.214344173228346
11
6.4037724015748028
21
-4.2098358267716538
0
LINE
8
BLACK
6
CONTINUOUS
10
6.4037724015748028
20
-4.2098358267716538
11
6.4037724015748028
21
-4.2038938976377951
0
LINE
8
BLACK
6
CONTINUOUS
10
6.4037724015748028
20
-4.2038938976377951
11
6.3703078346456694
21
-4.2038938976377951
0
LINE
8
BLACK
6
CONTINUOUS
10
6.3703078346456694
20
-4.2038938976377951
11
6.3703078346456694
21
-4.209835787401575
0
LINE
8
BLACK
6
CONTINUOUS
10
4.9913713779527562
20
-4.1410350393700783
11
4.9914056692913382
21
-4.1410236220472436
0
LINE
8
BLACK
6
CONTINUOUS
10
4.9914056692913382
20
-4.1410236220472436
11
4.9916490944881886
21
-4.1410902755905514
0
LINE
8
BLACK
6
CONTINUOUS
10
4.9916490944881886
20
-4.1410902755905514
11
4.9918966535433071
21
-4.141139527559055
0
LINE
8
BLACK
6
CONTINUOUS
10
4.9918966535433071
20
-4.141139527559055
11
4.9919221653543309
21
-4.1411650393700787
0
LINE
8
BLACK
6
CONTINUOUS
10
4.9919221653543309
20
-4.1411650393700787
11
4.9919983070866136
21
-4.1411859055118105
0
LINE
8
BLACK
6
CONTINUOUS
10
4.9919983070866136
20
-4.1411859055118105
11
4.9938730708661412
21
-4.1421233070866137
0
LINE
8
BLACK
6
CONTINUOUS
10
4.9938730708661412
20
-4.1421233070866137
11
4.9940724015748028
21
-4.1422780314960628
0
LINE
8
BLACK
6
CONTINUOUS
10
4.9940724015748028
20
-4.1422780314960628
11
4.9942823228346453
21
-4.1424182677165353
0
LINE
8
BLACK
6
CONTINUOUS
10
4.9942823228346453
20
-4.1424182677165353
11
4.9952197244094485
21
-4.1433556299212597
0
LINE
8
BLACK
6
CONTINUOUS
10
4.9952197244094485
20
-4.1433556299212597
11
4.9953601181102361
21
-4.143565748031496
0
LINE
8
BLACK
6
CONTINUOUS
10
4.9953601181102361
20
-4.143565748031496
11
4.9955147244094489
21
-4.1437649606299214
0
LINE
8
BLACK
6
CONTINUOUS
10
4.9955147244094489
20
-4.1437649606299214
11
4.9964520866141733
21
-4.1456396850393702
0
LINE
8
BLACK
6
CONTINUOUS
10
4.9964520866141733
20
-4.1456396850393702
11
4.9964729133858263
21
-4.1457157874015751
0
LINE
8
BLACK
6
CONTINUOUS
10
4.9964729133858263
20
-4.1457157874015751
11
4.9964984645669288
21
-4.1457413385826767
0
LINE
8
BLACK
6
CONTINUOUS
10
4.9964984645669288
20
-4.1457413385826767
11
4.9965476771653545
21
-4.1459888582677165
0
LINE
8
BLACK
6
CONTINUOUS
10
4.9965476771653545
20
-4.1459888582677165
11
4.9966143700787402
21
-4.1462323228346456
0
LINE
8
BLACK
6
CONTINUOUS
10
4.9966143700787402
20
-4.1462323228346456
11
4.9966029133858267
21
-4.1462665748031498
0
LINE
8
BLACK
6
CONTINUOUS
10
4.9966029133858267
20
-4.1462665748031498
11
4.9966183464566924
21
-4.1463439763779526
0
LINE
8
BLACK
6
CONTINUOUS
10
4.9966183464566924
20
-4.1463439763779526
11
4.9966183464566924
21
-4.1510309055118109
0
LINE
8
BLACK
6
CONTINUOUS
10
4.9966183464566924
20
-4.1510309055118109
11
4.9966029133858267
21
-4.151108267716535
0
LINE
8
BLACK
6
CONTINUOUS
10
4.9966029133858267
20
-4.151108267716535
11
4.9966143700787402
21
-4.1511425590551179
0
LINE
8
BLACK
6
CONTINUOUS
10
4.9966143700787402
20
-4.1511425590551179
11
4.9965476771653545
21
-4.1513859842519683
0
LINE
8
BLACK
6
CONTINUOUS
10
4.9965476771653545
20
-4.1513859842519683
11
4.9964984645669288
21
-4.1516335433070868
0
LINE
8
BLACK
6
CONTINUOUS
10
4.9964984645669288
20
-4.1516335433070868
11
4.9964729133858263
21
-4.1516590551181105
0
LINE
8
BLACK
6
CONTINUOUS
10
4.9964729133858263
20
-4.1516590551181105
11
4.9964520866141733
21
-4.1517351968503933
0
LINE
8
BLACK
6
CONTINUOUS
10
4.9964520866141733
20
-4.1517351968503933
11
4.9955147244094489
21
-4.1536099212598421
0
LINE
8
BLACK
6
CONTINUOUS
10
4.9955147244094489
20
-4.1536099212598421
11
4.9953601181102361
21
-4.1538090944881887
0
LINE
8
BLACK
6
CONTINUOUS
10
4.9953601181102361
20
-4.1538090944881887
11
4.9952197244094485
21
-4.1540192519685037
0
LINE
8
BLACK
6
CONTINUOUS
10
4.9952197244094485
20
-4.1540192519685037
11
4.9942823228346453
21
-4.1549566141732281
0
LINE
8
BLACK
6
CONTINUOUS
10
4.9942823228346453
20
-4.1549566141732281
11
4.9940724015748028
21
-4.1550968110236219
0
LINE
8
BLACK
6
CONTINUOUS
10
4.9940724015748028
20
-4.1550968110236219
11
4.9938730708661412
21
-4.1552515748031498
0
LINE
8
BLACK
6
CONTINUOUS
10
4.9938730708661412
20
-4.1552515748031498
11
4.9919983070866136
21
-4.1561889763779529
0
LINE
8
BLACK
6
CONTINUOUS
10
4.9919983070866136
20
-4.1561889763779529
11
4.9919221653543309
21
-4.156209803149606
0
LINE
8
BLACK
6
CONTINUOUS
10
4.9919221653543309
20
-4.156209803149606
11
4.9918966535433071
21
-4.1562353543307085
0
LINE
8
BLACK
6
CONTINUOUS
10
4.9918966535433071
20
-4.1562353543307085
11
4.9916490944881886
21
-4.1562845669291342
0
LINE
8
BLACK
6
CONTINUOUS
10
4.9916490944881886
20
-4.1562845669291342
11
4.9914056692913382
21
-4.1563512598425199
0
LINE
8
BLACK
6
CONTINUOUS
10
4.9914056692913382
20
-4.1563512598425199
11
4.9913713779527562
21
-4.1563398031496064
0
LINE
8
BLACK
6
CONTINUOUS
10
4.9913713779527562
20
-4.1563398031496064
11
4.9912940157480312
21
-4.1563552362204721
0
LINE
8
BLACK
6
CONTINUOUS
10
4.9912940157480312
20
-4.1563552362204721
11
4.9875444881889761
21
-4.1563552362204721
0
LINE
8
BLACK
6
CONTINUOUS
10
4.9875444881889761
20
-4.1563552362204721
11
4.9874670866141733
21
-4.1563398031496064
0
LINE
8
BLACK
6
CONTINUOUS
10
4.9874670866141733
20
-4.1563398031496064
11
4.9874328346456691
21
-4.1563512598425199
0
LINE
8
BLACK
6
CONTINUOUS
10
4.9874328346456691
20
-4.1563512598425199
11
4.98718937007874
21
-4.1562845669291342
0
LINE
8
BLACK
6
CONTINUOUS
10
4.98718937007874
20
-4.1562845669291342
11
4.9869418503937011
21
-4.1562353543307085
0
LINE
8
BLACK
6
CONTINUOUS
10
4.9869418503937011
20
-4.1562353543307085
11
4.9869162992125986
21
-4.156209803149606
0
LINE
8
BLACK
6
CONTINUOUS
10
4.9869162992125986
20
-4.156209803149606
11
4.9868401968503937
21
-4.1561889763779529
0
LINE
8
BLACK
6
CONTINUOUS
10
4.9868401968503937
20
-4.1561889763779529
11
4.9858853543307085
21
-4.1557115354330705
0
LINE
8
BLACK
6
CONTINUOUS
10
4.9858853543307085
20
-4.1557115354330705
11
4.9861939763779528
21
-4.1569459842519683
0
LINE
8
BLACK
6
CONTINUOUS
10
4.9861939763779528
20
-4.1569459842519683
11
4.9878309055118111
21
-4.1594013779527561
0
LINE
8
BLACK
6
CONTINUOUS
10
4.9878309055118111
20
-4.1594013779527561
11
4.9884773228346457
21
-4.1600478740157483
0
LINE
8
BLACK
6
CONTINUOUS
10
4.9884773228346457
20
-4.1600478740157483
11
4.9897909842519681
21
-4.1607046850393701
0
LINE
8
BLACK
6
CONTINUOUS
10
4.9897909842519681
20
-4.1607046850393701
11
4.9931687795275588
21
-4.1607046850393701
0
LINE
8
BLACK
6
CONTINUOUS
10
4.9931687795275588
20
-4.1607046850393701
11
4.9937714173228347
21
-4.1608245669291337
0
LINE
8
BLACK
6
CONTINUOUS
10
4.9937714173228347
20
-4.1608245669291337
11
4.9946237007874013
21
-4.1616768503937003
0
LINE
8
BLACK
6
CONTINUOUS
10
4.9946237007874013
20
-4.1616768503937003
11
4.9946237007874013
21
-4.1628821259842521
0
LINE
8
BLACK
6
CONTINUOUS
10
4.9946237007874013
20
-4.1628821259842521
11
4.9937714173228347
21
-4.1637344094488187
0
LINE
8
BLACK
6
CONTINUOUS
10
4.9937714173228347
20
-4.1637344094488187
11
4.9931687795275588
21
-4.1638542913385823
0
LINE
8
BLACK
6
CONTINUOUS
10
4.9931687795275588
20
-4.1638542913385823
11
4.9894192519685037
21
-4.1638542913385823
0
LINE
8
BLACK
6
CONTINUOUS
10
4.9894192519685037
20
-4.1638542913385823
11
4.9893418503937008
21
-4.1638388582677166
0
LINE
8
BLACK
6
CONTINUOUS
10
4.9893418503937008
20
-4.1638388582677166
11
4.9893075984251967
21
-4.1638503149606301
0
LINE
8
BLACK
6
CONTINUOUS
10
4.9893075984251967
20
-4.1638503149606301
11
4.9890641338582675
21
-4.1637836220472444
0
LINE
8
BLACK
6
CONTINUOUS
10
4.9890641338582675
20
-4.1637836220472444
11
4.9888166141732286
21
-4.1637344094488187
0
LINE
8
BLACK
6
CONTINUOUS
10
4.9888166141732286
20
-4.1637344094488187
11
4.9887910629921262
21
-4.1637088582677162
0
LINE
8
BLACK
6
CONTINUOUS
10
4.9887910629921262
20
-4.1637088582677162
11
4.9887149606299213
21
-4.1636880314960631
0
LINE
8
BLACK
6
CONTINUOUS
10
4.9887149606299213
20
-4.1636880314960631
11
4.9868402362204725
21
-4.1627506692913387
0
LINE
8
BLACK
6
CONTINUOUS
10
4.9868402362204725
20
-4.1627506692913387
11
4.9866410236220471
21
-4.1625960629921259
0
LINE
8
BLACK
6
CONTINUOUS
10
4.9866410236220471
20
-4.1625960629921259
11
4.9864309055118108
21
-4.1624556692913384
0
LINE
8
BLACK
6
CONTINUOUS
10
4.9864309055118108
20
-4.1624556692913384
11
4.9854935433070864
21
-4.1615182677165352
0
LINE
8
BLACK
6
CONTINUOUS
10
4.9854935433070864
20
-4.1615182677165352
11
4.9854068897637793
21
-4.1613885826771648
0
LINE
8
BLACK
6
CONTINUOUS
10
4.9854068897637793
20
-4.1613885826771648
11
4.9852968110236215
21
-4.1612782677165354
0
LINE
8
BLACK
6
CONTINUOUS
10
4.9852968110236215
20
-4.1612782677165354
11
4.983422047244094
21
-4.1584661023622047
0
LINE
8
BLACK
6
CONTINUOUS
10
4.983422047244094
20
-4.1584661023622047
11
4.9833194094488187
21
-4.1582176377952758
0
LINE
8
BLACK
6
CONTINUOUS
10
4.9833194094488187
20
-4.1582176377952758
11
4.9832045669291336
21
-4.1579744881889766
0
LINE
8
BLACK
6
CONTINUOUS
10
4.9832045669291336
20
-4.1579744881889766
11
4.9822671653543305
21
-4.1542250000000003
0
LINE
8
BLACK
6
CONTINUOUS
10
4.9822671653543305
20
-4.1542250000000003
11
4.9822577559055121
21
-4.1540322047244089
0
LINE
8
BLACK
6
CONTINUOUS
10
4.9822577559055121
20
-4.1540322047244089
11
4.9822201574803149
21
-4.1538430314960628
0
LINE
8
BLACK
6
CONTINUOUS
10
4.9822201574803149
20
-4.1538430314960628
11
4.9822201574803149
21
-4.1463439763779526
0
LINE
8
BLACK
6
CONTINUOUS
10
4.9822201574803149
20
-4.1463439763779526
11
4.9822355511811018
21
-4.1462665748031498
0
LINE
8
BLACK
6
CONTINUOUS
10
4.9822355511811018
20
-4.1462665748031498
11
4.982224133858268
21
-4.1462323228346456
0
LINE
8
BLACK
6
CONTINUOUS
10
4.982224133858268
20
-4.1462323228346456
11
4.9822907874015749
21
-4.1459888582677165
0
LINE
8
BLACK
6
CONTINUOUS
10
4.9822907874015749
20
-4.1459888582677165
11
4.9823400393700785
21
-4.1457413385826767
0
LINE
8
BLACK
6
CONTINUOUS
10
4.9823400393700785
20
-4.1457413385826767
11
4.9823655511811022
21
-4.1457157874015751
0
LINE
8
BLACK
6
CONTINUOUS
10
4.9823655511811022
20
-4.1457157874015751
11
4.9823864173228349
21
-4.1456396850393702
0
LINE
8
BLACK
6
CONTINUOUS
10
4.9823864173228349
20
-4.1456396850393702
11
4.9833238188976381
21
-4.1437649212598426
0
LINE
8
BLACK
6
CONTINUOUS
10
4.9833238188976381
20
-4.1437649212598426
11
4.9834787007874013
21
-4.1435653149606297
0
LINE
8
BLACK
6
CONTINUOUS
10
4.9834787007874013
20
-4.1435653149606297
11
4.9836188188976376
21
-4.1433556692913385
0
LINE
8
BLACK
6
CONTINUOUS
10
4.9836188188976376
20
-4.1433556692913385
11
4.984556181102362
21
-4.1424183070866141
0
LINE
8
BLACK
6
CONTINUOUS
10
4.984556181102362
20
-4.1424183070866141
11
4.9847658267716533
21
-4.1422781889763778
0
LINE
8
BLACK
6
CONTINUOUS
10
4.9847658267716533
20
-4.1422781889763778
11
4.9849654330708661
21
-4.1421233070866137
0
LINE
8
BLACK
6
CONTINUOUS
10
4.9849654330708661
20
-4.1421233070866137
11
4.9868401968503937
21
-4.1411859055118105
0
LINE
8
BLACK
6
CONTINUOUS
10
4.9868401968503937
20
-4.1411859055118105
11
4.9869162992125986
21
-4.1411650393700787
0
LINE
8
BLACK
6
CONTINUOUS
10
4.9869162992125986
20
-4.1411650393700787
11
4.9869418503937011
21
-4.141139527559055
0
LINE
8
BLACK
6
CONTINUOUS
10
4.9869418503937011
20
-4.141139527559055
11
4.98718937007874
21
-4.1410902755905514
0
LINE
8
BLACK
6
CONTINUOUS
10
4.98718937007874
20
-4.1410902755905514
11
4.9874328346456691
21
-4.1410236220472436
0
LINE
8
BLACK
6
CONTINUOUS
10
4.9874328346456691
20
-4.1410236220472436
11
4.9874670866141733
21
-4.1410350393700783
0
LINE
8
BLACK
6
CONTINUOUS
10
4.9874670866141733
20
-4.1410350393700783
11
4.9875444881889761
21
-4.1410196456692914
0
LINE
8
BLACK
6
CONTINUOUS
10
4.9875444881889761
20
-4.1410196456692914
11
4.9912940157480312
21
-4.1410196456692914
0
LINE
8
BLACK
6
CONTINUOUS
10
4.9912940157480312
20
-4.1410196456692914
11
4.9913713779527562
21
-4.1410350393700783
0
LINE
8
BLACK
6
CONTINUOUS
10
4.9866025196850394
20
-4.1448261023622051
11
4.9860266141732286
21
-4.1454020078740159
0
LINE
8
BLACK
6
CONTINUOUS
10
4.9860266141732286
20
-4.1454020078740159
11
4.9853697637795271
21
-4.1467157480314958
0
LINE
8
BLACK
6
CONTINUOUS
10
4.9853697637795271
20
-4.1467157480314958
11
4.9853697637795271
21
-4.1506590944881889
0
LINE
8
BLACK
6
CONTINUOUS
10
4.9853697637795271
20
-4.1506590944881889
11
4.9860266141732286
21
-4.1519728346456688
0
LINE
8
BLACK
6
CONTINUOUS
10
4.9860266141732286
20
-4.1519728346456688
11
4.9866025196850394
21
-4.1525487401574805
0
LINE
8
BLACK
6
CONTINUOUS
10
4.9866025196850394
20
-4.1525487401574805
11
4.9879162598425193
21
-4.1532056299212599
0
LINE
8
BLACK
6
CONTINUOUS
10
4.9879162598425193
20
-4.1532056299212599
11
4.990922244094488
21
-4.1532056299212599
0
LINE
8
BLACK
6
CONTINUOUS
10
4.990922244094488
20
-4.1532056299212599
11
4.9922359055118113
21
-4.1525487401574805
0
LINE
8
BLACK
6
CONTINUOUS
10
4.9922359055118113
20
-4.1525487401574805
11
4.9928119291338584
21
-4.15197279527559
0
LINE
8
BLACK
6
CONTINUOUS
10
4.9928119291338584
20
-4.15197279527559
11
4.9934687401574802
21
-4.1506591732283464
0
LINE
8
BLACK
6
CONTINUOUS
10
4.9934687401574802
20
-4.1506591732283464
11
4.9934687401574802
21
-4.1467156692913383
0
LINE
8
BLACK
6
CONTINUOUS
10
4.9934687401574802
20
-4.1467156692913383
11
4.9928119291338584
21
-4.1454020472440947
0
LINE
8
BLACK
6
CONTINUOUS
10
4.9928119291338584
20
-4.1454020472440947
11
4.9922359055118113
21
-4.1448261023622051
0
LINE
8
BLACK
6
CONTINUOUS
10
4.9922359055118113
20
-4.1448261023622051
11
4.990922244094488
21
-4.1441692519685036
0
LINE
8
BLACK
6
CONTINUOUS
10
4.990922244094488
20
-4.1441692519685036
11
4.9879162598425193
21
-4.1441692519685036
0
LINE
8
BLACK
6
CONTINUOUS
10
4.9879162598425193
20
-4.1441692519685036
11
4.9866025196850394
21
-4.1448261023622051
0
LINE
8
BLACK
6
CONTINUOUS
10
5.0143938582677166
20
-4.141139527559055
11
5.0152461417322831
21
-4.1419918110236216
0
LINE
8
BLACK
6
CONTINUOUS
10
5.0152461417322831
20
-4.1419918110236216
11
5.0153660236220468
21
-4.1425944488188975
0
LINE
8
BLACK
6
CONTINUOUS
10
5.0153660236220468
20
-4.1425944488188975
11
5.0153660236220468
21
-4.1622794881889762
0
LINE
8
BLACK
6
CONTINUOUS
10
5.0153660236220468
20
-4.1622794881889762
11
5.0152461417322831
21
-4.1628821259842521
0
LINE
8
BLACK
6
CONTINUOUS
10
5.0152461417322831
20
-4.1628821259842521
11
5.0143938582677166
21
-4.1637344094488187
0
LINE
8
BLACK
6
CONTINUOUS
10
5.0143938582677166
20
-4.1637344094488187
11
5.0131885826771656
21
-4.1637344094488187
0
LINE
8
BLACK
6
CONTINUOUS
10
5.0131885826771656
20
-4.1637344094488187
11
5.0123362992125982
21
-4.1628821259842521
0
LINE
8
BLACK
6
CONTINUOUS
10
5.0123362992125982
20
-4.1628821259842521
11
5.0122164173228345
21
-4.1622794881889762
0
LINE
8
BLACK
6
CONTINUOUS
10
5.0122164173228345
20
-4.1622794881889762
11
5.0122164173228345
21
-4.1544804724409445
0
LINE
8
BLACK
6
CONTINUOUS
10
5.0122164173228345
20
-4.1544804724409445
11
5.0099242125984249
21
-4.1544804724409445
0
LINE
8
BLACK
6
CONTINUOUS
10
5.0099242125984249
20
-4.1544804724409445
11
5.0038327559055116
21
-4.1631825590551177
0
LINE
8
BLACK
6
CONTINUOUS
10
5.0038327559055116
20
-4.1631825590551177
11
5.0033889763779529
21
-4.1636075196850388
0
LINE
8
BLACK
6
CONTINUOUS
10
5.0033889763779529
20
-4.1636075196850388
11
5.0022020078740157
21
-4.163817007874016
0
LINE
8
BLACK
6
CONTINUOUS
10
5.0022020078740157
20
-4.163817007874016
11
5.0012146062992127
21
-4.1631258267716538
0
LINE
8
BLACK
6
CONTINUOUS
10
5.0012146062992127
20
-4.1631258267716538
11
5.0010051181102364
21
-4.1619388582677166
0
LINE
8
BLACK
6
CONTINUOUS
10
5.0010051181102364
20
-4.1619388582677166
11
5.001252519685039
21
-4.1613764173228347
0
LINE
8
BLACK
6
CONTINUOUS
10
5.001252519685039
20
-4.1613764173228347
11
5.0060981889763783
21
-4.1544539370078741
0
LINE
8
BLACK
6
CONTINUOUS
10
5.0060981889763783
20
-4.1544539370078741
11
5.0059370472440943
21
-4.1544098031496066
0
LINE
8
BLACK
6
CONTINUOUS
10
5.0059370472440943
20
-4.1544098031496066
11
5.0056895275590554
21
-4.1543605905511809
0
LINE
8
BLACK
6
CONTINUOUS
10
5.0056895275590554
20
-4.1543605905511809
11
5.0056639763779529
21
-4.1543350393700784
0
LINE
8
BLACK
6
CONTINUOUS
10
5.0056639763779529
20
-4.1543350393700784
11
5.005587874015748
21
-4.1543142125984254
0
LINE
8
BLACK
6
CONTINUOUS
10
5.005587874015748
20
-4.1543142125984254
11
5.0037131102362205
21
-4.1533768110236222
0
LINE
8
BLACK
6
CONTINUOUS
10
5.0037131102362205
20
-4.1533768110236222
11
5.0035135039370076
21
-4.1532218897637794
0
LINE
8
BLACK
6
CONTINUOUS
10
5.0035135039370076
20
-4.1532218897637794
11
5.003303897637795
21
-4.1530818503937006
0
LINE
8
BLACK
6
CONTINUOUS
10
5.003303897637795
20
-4.1530818503937006
11
5.0023664566929131
21
-4.1521444881889762
0
LINE
8
BLACK
6
CONTINUOUS
10
5.0023664566929131
20
-4.1521444881889762
11
5.0022261811023618
21
-4.1519345275590549
0
LINE
8
BLACK
6
CONTINUOUS
10
5.0022261811023618
20
-4.1519345275590549
11
5.0020714566929136
21
-4.1517351574803145
0
LINE
8
BLACK
6
CONTINUOUS
10
5.0020714566929136
20
-4.1517351574803145
11
5.0011340944881892
21
-4.149860393700787
0
LINE
8
BLACK
6
CONTINUOUS
10
5.0011340944881892
20
-4.149860393700787
11
5.0011132283464566
21
-4.149784291338583
0
LINE
8
BLACK
6
CONTINUOUS
10
5.0011132283464566
20
-4.149784291338583
11
5.0010877165354328
21
-4.1497587795275592
0
LINE
8
BLACK
6
CONTINUOUS
10
5.0010877165354328
20
-4.1497587795275592
11
5.0010384251968505
21
-4.1495110629921257
0
LINE
8
BLACK
6
CONTINUOUS
10
5.0010384251968505
20
-4.1495110629921257
11
5.0009718110236223
21
-4.1492677559055116
0
LINE
8
BLACK
6
CONTINUOUS
10
5.0009718110236223
20
-4.1492677559055116
11
5.0009831889763783
21
-4.1492335039370074
0
LINE
8
BLACK
6
CONTINUOUS
10
5.0009831889763783
20
-4.1492335039370074
11
5.0009678346456692
21
-4.1491561417322833
0
LINE
8
BLACK
6
CONTINUOUS
10
5.0009678346456692
20
-4.1491561417322833
11
5.0009678346456692
21
-4.1463439763779526
0
LINE
8
BLACK
6
CONTINUOUS
10
5.0009678346456692
20
-4.1463439763779526
11
5.0009831889763783
21
-4.1462665748031498
0
LINE
8
BLACK
6
CONTINUOUS
10
5.0009831889763783
20
-4.1462665748031498
11
5.0009718110236223
21
-4.1462323622047244
0
LINE
8
BLACK
6
CONTINUOUS
10
5.0009718110236223
20
-4.1462323622047244
11
5.0010384251968505
21
-4.1459890157480315
0
LINE
8
BLACK
6
CONTINUOUS
10
5.0010384251968505
20
-4.1459890157480315
11
5.0010877165354328
21
-4.1457413385826767
0
LINE
8
BLACK
6
CONTINUOUS
10
5.0010877165354328
20
-4.1457413385826767
11
5.0011132283464566
21
-4.1457157874015751
0
LINE
8
BLACK
6
CONTINUOUS
10
5.0011132283464566
20
-4.1457157874015751
11
5.0011340944881892
21
-4.1456397244094489
0
LINE
8
BLACK
6
CONTINUOUS
10
5.0011340944881892
20
-4.1456397244094489
11
5.0020714566929136
21
-4.1437649606299214
0
LINE
8
BLACK
6
CONTINUOUS
10
5.0020714566929136
20
-4.1437649606299214
11
5.0022261811023618
21
-4.1435655511811023
0
LINE
8
BLACK
6
CONTINUOUS
10
5.0022261811023618
20
-4.1435655511811023
11
5.0023664566929131
21
-4.1433556299212597
0
LINE
8
BLACK
6
CONTINUOUS
10
5.0023664566929131
20
-4.1433556299212597
11
5.003303897637795
21
-4.1424182677165353
0
LINE
8
BLACK
6
CONTINUOUS
10
5.003303897637795
20
-4.1424182677165353
11
5.0035135039370076
21
-4.1422781889763778
0
LINE
8
BLACK
6
CONTINUOUS
10
5.0035135039370076
20
-4.1422781889763778
11
5.0037131102362205
21
-4.1421233070866137
0
LINE
8
BLACK
6
CONTINUOUS
10
5.0037131102362205
20
-4.1421233070866137
11
5.005587874015748
21
-4.1411859055118105
0
LINE
8
BLACK
6
CONTINUOUS
10
5.005587874015748
20
-4.1411859055118105
11
5.0056639763779529
21
-4.1411650393700787
0
LINE
8
BLACK
6
CONTINUOUS
10
5.0056639763779529
20
-4.1411650393700787
11
5.0056895275590554
21
-4.141139527559055
0
LINE
8
BLACK
6
CONTINUOUS
10
5.0056895275590554
20
-4.141139527559055
11
5.0059370472440943
21
-4.1410902755905514
0
LINE
8
BLACK
6
CONTINUOUS
10
5.0059370472440943
20
-4.1410902755905514
11
5.0061805118110234
21
-4.1410236220472436
0
LINE
8
BLACK
6
CONTINUOUS
10
5.0061805118110234
20
-4.1410236220472436
11
5.0062147637795276
21
-4.1410350393700783
0
LINE
8
BLACK
6
CONTINUOUS
10
5.0062147637795276
20
-4.1410350393700783
11
5.0062921653543304
21
-4.1410196456692914
0
LINE
8
BLACK
6
CONTINUOUS
10
5.0062921653543304
20
-4.1410196456692914
11
5.0137912204724406
21
-4.1410196456692914
0
LINE
8
BLACK
6
CONTINUOUS
10
5.0137912204724406
20
-4.1410196456692914
11
5.0143938582677166
21
-4.141139527559055
0
LINE
8
BLACK
6
CONTINUOUS
10
5.0053502362204725
20
-4.1448261023622051
11
5.0047742125984254
21
-4.1454020866141734
0
LINE
8
BLACK
6
CONTINUOUS
10
5.0047742125984254
20
-4.1454020866141734
11
5.0041174409448814
21
-4.146715708661417
0
LINE
8
BLACK
6
CONTINUOUS
10
5.0041174409448814
20
-4.146715708661417
11
5.0041174409448814
21
-4.1487844094488189
0
LINE
8
BLACK
6
CONTINUOUS
10
5.0041174409448814
20
-4.1487844094488189
11
5.0047742125984254
21
-4.1500979921259837
0
LINE
8
BLACK
6
CONTINUOUS
10
5.0047742125984254
20
-4.1500979921259837
11
5.0053502362204725
21
-4.150673976377953
0
LINE
8
BLACK
6
CONTINUOUS
10
5.0053502362204725
20
-4.150673976377953
11
5.0066639370078736
21
-4.1513308661417323
0
LINE
8
BLACK
6
CONTINUOUS
10
5.0066639370078736
20
-4.1513308661417323
11
5.0122164173228345
21
-4.1513308661417323
0
LINE
8
BLACK
6
CONTINUOUS
10
5.0122164173228345
20
-4.1513308661417323
11
5.0122164173228345
21
-4.1441692519685036
0
LINE
8
BLACK
6
CONTINUOUS
10
5.0122164173228345
20
-4.1441692519685036
11
5.0066639370078736
21
-4.1441692519685036
0
LINE
8
BLACK
6
CONTINUOUS
10
5.0066639370078736
20
-4.1441692519685036
11
5.0053502362204725
21
-4.1448261023622051
0
LINE
8
BLACK
6
CONTINUOUS
10
5.039385196850394
20
-4.1269116535433072
11
5.0404505511811024
21
-4.1279770078740157
0
LINE
8
BLACK
6
CONTINUOUS
10
5.0404505511811024
20
-4.1279770078740157
11
5.0406003937007871
21
-4.12873031496063
0
LINE
8
BLACK
6
CONTINUOUS
10
5.0406003937007871
20
-4.12873031496063
11
5.0406003937007871
21
-4.1779429133858264
0
LINE
8
BLACK
6
CONTINUOUS
10
5.0406003937007871
20
-4.1779429133858264
11
5.0404505511811024
21
-4.1786962204724407
0
LINE
8
BLACK
6
CONTINUOUS
10
5.0404505511811024
20
-4.1786962204724407
11
5.039385196850394
21
-4.1797615748031491
0
LINE
8
BLACK
6
CONTINUOUS
10
5.039385196850394
20
-4.1797615748031491
11
5.0386318897637796
21
-4.1799114173228347
0
LINE
8
BLACK
6
CONTINUOUS
10
5.0386318897637796
20
-4.1799114173228347
11
4.9598917322834648
21
-4.1799114173228347
0
LINE
8
BLACK
6
CONTINUOUS
10
4.9598917322834648
20
-4.1799114173228347
11
4.9591384251968504
21
-4.1797615748031491
0
LINE
8
BLACK
6
CONTINUOUS
10
4.9591384251968504
20
-4.1797615748031491
11
4.958073070866142
21
-4.1786962204724407
0
LINE
8
BLACK
6
CONTINUOUS
10
4.958073070866142
20
-4.1786962204724407
11
4.9579232283464565
21
-4.1779429133858264
0
LINE
8
BLACK
6
CONTINUOUS
10
4.9579232283464565
20
-4.1779429133858264
11
4.9579232283464565
21
-4.12873031496063
0
LINE
8
BLACK
6
CONTINUOUS
10
4.9579232283464565
20
-4.12873031496063
11
4.958073070866142
21
-4.1279770078740157
0
LINE
8
BLACK
6
CONTINUOUS
10
4.958073070866142
20
-4.1279770078740157
11
4.9591384251968504
21
-4.1269116535433072
0
LINE
8
BLACK
6
CONTINUOUS
10
4.9591384251968504
20
-4.1269116535433072
11
4.9598917322834648
21
-4.1267618110236217
0
LINE
8
BLACK
6
CONTINUOUS
10
4.9598917322834648
20
-4.1267618110236217
11
5.0386318897637796
21
-4.1267618110236217
0
LINE
8
BLACK
6
CONTINUOUS
10
5.0386318897637796
20
-4.1267618110236217
11
5.039385196850394
21
-4.1269116535433072
0
LINE
8
BLACK
6
CONTINUOUS
10
4.9618602362204722
20
-4.1306988188976375
11
4.9618602362204722
21
-4.1759744094488189
0
LINE
8
BLACK
6
CONTINUOUS
10
4.9618602362204722
20
-4.1759744094488189
11
5.0366633858267713
21
-4.1759744094488189
0
LINE
8
BLACK
6
CONTINUOUS
10
5.0366633858267713
20
-4.1759744094488189
11
5.0366633858267713
21
-4.1306988188976375
0
LINE
8
BLACK
6
CONTINUOUS
10
5.0366633858267713
20
-4.1306988188976375
11
4.9618602362204722
21
-4.1306988188976375
0
LINE
8
BLACK
6
CONTINUOUS
10
6.3930469685039366
20
-4.0976984251968505
11
6.3930812598425195
21
-4.0976870078740157
0
LINE
8
BLACK
6
CONTINUOUS
10
6.3930812598425195
20
-4.0976870078740157
11
6.3933246850393699
21
-4.0977536614173227
0
LINE
8
BLACK
6
CONTINUOUS
10
6.3933246850393699
20
-4.0977536614173227
11
6.3935722440944884
21
-4.0978029133858263
0
LINE
8
BLACK
6
CONTINUOUS
10
6.3935722440944884
20
-4.0978029133858263
11
6.3935977559055113
21
-4.09782842519685
0
LINE
8
BLACK
6
CONTINUOUS
10
6.3935977559055113
20
-4.09782842519685
11
6.3936738976377949
21
-4.0978492913385827
0
LINE
8
BLACK
6
CONTINUOUS
10
6.3936738976377949
20
-4.0978492913385827
11
6.3955486614173225
21
-4.0987866929133858
0
LINE
8
BLACK
6
CONTINUOUS
10
6.3955486614173225
20
-4.0987866929133858
11
6.3957482283464566
21
-4.0989415748031499
0
LINE
8
BLACK
6
CONTINUOUS
10
6.3957482283464566
20
-4.0989415748031499
11
6.3959579133858266
21
-4.0990816929133853
0
LINE
8
BLACK
6
CONTINUOUS
10
6.3959579133858266
20
-4.0990816929133853
11
6.396895275590551
21
-4.1000190551181097
0
LINE
8
BLACK
6
CONTINUOUS
10
6.396895275590551
20
-4.1000190551181097
11
6.397236653543307
21
-4.1005299606299213
0
LINE
8
BLACK
6
CONTINUOUS
10
6.397236653543307
20
-4.1005299606299213
11
6.397236653543307
21
-4.1017352362204722
0
LINE
8
BLACK
6
CONTINUOUS
10
6.397236653543307
20
-4.1017352362204722
11
6.3963843700787404
21
-4.1025875196850397
0
LINE
8
BLACK
6
CONTINUOUS
10
6.3963843700787404
20
-4.1025875196850397
11
6.3951790944881886
21
-4.1025875196850397
0
LINE
8
BLACK
6
CONTINUOUS
10
6.3951790944881886
20
-4.1025875196850397
11
6.3946681889763779
21
-4.1022461417322837
0
LINE
8
BLACK
6
CONTINUOUS
10
6.3946681889763779
20
-4.1022461417322837
11
6.3939115354330704
21
-4.1014894881889763
0
LINE
8
BLACK
6
CONTINUOUS
10
6.3939115354330704
20
-4.1014894881889763
11
6.3925978346456693
21
-4.1008326377952757
0
LINE
8
BLACK
6
CONTINUOUS
10
6.3925978346456693
20
-4.1008326377952757
11
6.3886544488188974
21
-4.1008326377952757
0
LINE
8
BLACK
6
CONTINUOUS
10
6.3886544488188974
20
-4.1008326377952757
11
6.3873407086614176
21
-4.1014894881889763
0
LINE
8
BLACK
6
CONTINUOUS
10
6.3873407086614176
20
-4.1014894881889763
11
6.3867648031496058
21
-4.1020653937007872
0
LINE
8
BLACK
6
CONTINUOUS
10
6.3867648031496058
20
-4.1020653937007872
11
6.3861079527559053
21
-4.1033791338582679
0
LINE
8
BLACK
6
CONTINUOUS
10
6.3861079527559053
20
-4.1033791338582679
11
6.3861079527559053
21
-4.1046265748031496
0
LINE
8
BLACK
6
CONTINUOUS
10
6.3861079527559053
20
-4.1046265748031496
11
6.3868469291338581
21
-4.1068435826771656
0
LINE
8
BLACK
6
CONTINUOUS
10
6.3868469291338581
20
-4.1068435826771656
11
6.397832716535433
21
-4.1178293307086618
0
LINE
8
BLACK
6
CONTINUOUS
10
6.397832716535433
20
-4.1178293307086618
11
6.3981740551181101
21
-4.1183402362204724
0
LINE
8
BLACK
6
CONTINUOUS
10
6.3981740551181101
20
-4.1183402362204724
11
6.3981740551181101
21
-4.1195455511811021
0
LINE
8
BLACK
6
CONTINUOUS
10
6.3981740551181101
20
-4.1195455511811021
11
6.3973218110236223
21
-4.1203977952755908
0
LINE
8
BLACK
6
CONTINUOUS
10
6.3973218110236223
20
-4.1203977952755908
11
6.3973217716535435
21
-4.1203977952755908
0
LINE
8
BLACK
6
CONTINUOUS
10
6.3973217716535435
20
-4.1203977952755908
11
6.3967191338582676
21
-4.1205176771653544
0
LINE
8
BLACK
6
CONTINUOUS
10
6.3967191338582676
20
-4.1205176771653544
11
6.3845331496062991
21
-4.1205176771653544
0
LINE
8
BLACK
6
CONTINUOUS
10
6.3845331496062991
20
-4.1205176771653544
11
6.3839305118110232
21
-4.1203977952755908
0
LINE
8
BLACK
6
CONTINUOUS
10
6.3839305118110232
20
-4.1203977952755908
11
6.3830782283464567
21
-4.1195455118110234
0
LINE
8
BLACK
6
CONTINUOUS
10
6.3830782283464567
20
-4.1195455118110234
11
6.3830782283464567
21
-4.1183402362204724
0
LINE
8
BLACK
6
CONTINUOUS
10
6.3830782283464567
20
-4.1183402362204724
11
6.3839305118110232
21
-4.1174879527559058
0
LINE
8
BLACK
6
CONTINUOUS
10
6.3839305118110232
20
-4.1174879527559058
11
6.3845331496062991
21
-4.1173680708661413
0
LINE
8
BLACK
6
CONTINUOUS
10
6.3845331496062991
20
-4.1173680708661413
11
6.3929172047244096
21
-4.1173680708661413
0
LINE
8
BLACK
6
CONTINUOUS
10
6.3929172047244096
20
-4.1173680708661413
11
6.3843570078740157
21
-4.1088078346456696
0
LINE
8
BLACK
6
CONTINUOUS
10
6.3843570078740157
20
-4.1088078346456696
11
6.3843131889763782
21
-4.1087422440944881
0
LINE
8
BLACK
6
CONTINUOUS
10
6.3843131889763782
20
-4.1087422440944881
11
6.3842808661417321
21
-4.1087261023622048
0
LINE
8
BLACK
6
CONTINUOUS
10
6.3842808661417321
20
-4.1087261023622048
11
6.3841558267716536
21
-4.1085067322834643
0
LINE
8
BLACK
6
CONTINUOUS
10
6.3841558267716536
20
-4.1085067322834643
11
6.3840156299212598
21
-4.108296929133858
0
LINE
8
BLACK
6
CONTINUOUS
10
6.3840156299212598
20
-4.108296929133858
11
6.3840156299212598
21
-4.1082607874015746
0
LINE
8
BLACK
6
CONTINUOUS
10
6.3840156299212598
20
-4.1082607874015746
11
6.3839765748031496
21
-4.1081922834645672
0
LINE
8
BLACK
6
CONTINUOUS
10
6.3839765748031496
20
-4.1081922834645672
11
6.3830391732283465
21
-4.1053801181102365
0
LINE
8
BLACK
6
CONTINUOUS
10
6.3830391732283465
20
-4.1053801181102365
11
6.3830075984251966
21
-4.1051298031496062
0
LINE
8
BLACK
6
CONTINUOUS
10
6.3830075984251966
20
-4.1051298031496062
11
6.382958346456693
21
-4.1048821259842523
0
LINE
8
BLACK
6
CONTINUOUS
10
6.382958346456693
20
-4.1048821259842523
11
6.382958346456693
21
-4.1030073622047247
0
LINE
8
BLACK
6
CONTINUOUS
10
6.382958346456693
20
-4.1030073622047247
11
6.38297374015748
21
-4.102929960629921
0
LINE
8
BLACK
6
CONTINUOUS
10
6.38297374015748
20
-4.102929960629921
11
6.3829623228346453
21
-4.1028957086614168
0
LINE
8
BLACK
6
CONTINUOUS
10
6.3829623228346453
20
-4.1028957086614168
11
6.3830289763779522
21
-4.1026522440944877
0
LINE
8
BLACK
6
CONTINUOUS
10
6.3830289763779522
20
-4.1026522440944877
11
6.3830782283464567
21
-4.1024047244094488
0
LINE
8
BLACK
6
CONTINUOUS
10
6.3830782283464567
20
-4.1024047244094488
11
6.3831037401574804
21
-4.1023791732283463
0
LINE
8
BLACK
6
CONTINUOUS
10
6.3831037401574804
20
-4.1023791732283463
11
6.3831246062992122
21
-4.1023030708661414
0
LINE
8
BLACK
6
CONTINUOUS
10
6.3831246062992122
20
-4.1023030708661414
11
6.3840620078740153
21
-4.1004283070866139
0
LINE
8
BLACK
6
CONTINUOUS
10
6.3840620078740153
20
-4.1004283070866139
11
6.3842168897637794
21
-4.1002287007874019
0
LINE
8
BLACK
6
CONTINUOUS
10
6.3842168897637794
20
-4.1002287007874019
11
6.3843570078740157
21
-4.1000190551181097
0
LINE
8
BLACK
6
CONTINUOUS
10
6.3843570078740157
20
-4.1000190551181097
11
6.3852943700787401
21
-4.0990816929133853
0
LINE
8
BLACK
6
CONTINUOUS
10
6.3852943700787401
20
-4.0990816929133853
11
6.3855040157480314
21
-4.0989415748031499
0
LINE
8
BLACK
6
CONTINUOUS
10
6.3855040157480314
20
-4.0989415748031499
11
6.3857036220472443
21
-4.0987866929133858
0
LINE
8
BLACK
6
CONTINUOUS
10
6.3857036220472443
20
-4.0987866929133858
11
6.3875783858267718
21
-4.0978492913385827
0
LINE
8
BLACK
6
CONTINUOUS
10
6.3875783858267718
20
-4.0978492913385827
11
6.3876544881889759
21
-4.09782842519685
0
LINE
8
BLACK
6
CONTINUOUS
10
6.3876544881889759
20
-4.09782842519685
11
6.3876800393700783
21
-4.0978029133858263
0
LINE
8
BLACK
6
CONTINUOUS
10
6.3876800393700783
20
-4.0978029133858263
11
6.3879275590551181
21
-4.0977536614173227
0
LINE
8
BLACK
6
CONTINUOUS
10
6.3879275590551181
20
-4.0977536614173227
11
6.3881710236220473
21
-4.0976870078740157
0
LINE
8
BLACK
6
CONTINUOUS
10
6.3881710236220473
20
-4.0976870078740157
11
6.3882052755905514
21
-4.0976984251968505
0
LINE
8
BLACK
6
CONTINUOUS
10
6.3882052755905514
20
-4.0976984251968505
11
6.3882826771653543
21
-4.0976830314960626
0
LINE
8
BLACK
6
CONTINUOUS
10
6.3882826771653543
20
-4.0976830314960626
11
6.3929696062992125
21
-4.0976830314960626
0
LINE
8
BLACK
6
CONTINUOUS
10
6.3929696062992125
20
-4.0976830314960626
11
6.3930469685039366
21
-4.0976984251968505
0
LINE
8
BLACK
6
CONTINUOUS
10
6.40915279527559
20
-4.0977322834645671
11
6.4094031102362203
21
-4.0977638582677161
0
LINE
8
BLACK
6
CONTINUOUS
10
6.4094031102362203
20
-4.0977638582677161
11
6.4122152362204723
21
-4.0987012598425192
0
LINE
8
BLACK
6
CONTINUOUS
10
6.4122152362204723
20
-4.0987012598425192
11
6.4122837401574806
21
-4.0987403149606294
0
LINE
8
BLACK
6
CONTINUOUS
10
6.4122837401574806
20
-4.0987403149606294
11
6.412319881889764
21
-4.0987403149606294
0
LINE
8
BLACK
6
CONTINUOUS
10
6.412319881889764
20
-4.0987403149606294
11
6.4125296850393703
21
-4.0988805118110232
0
LINE
8
BLACK
6
CONTINUOUS
10
6.4125296850393703
20
-4.0988805118110232
11
6.4127490551181099
21
-4.0990055511811025
0
LINE
8
BLACK
6
CONTINUOUS
10
6.4127490551181099
20
-4.0990055511811025
11
6.4127651968503931
21
-4.0990378740157478
0
LINE
8
BLACK
6
CONTINUOUS
10
6.4127651968503931
20
-4.0990378740157478
11
6.4128307874015746
21
-4.0990816929133853
0
LINE
8
BLACK
6
CONTINUOUS
10
6.4128307874015746
20
-4.0990816929133853
11
6.4147055511811022
21
-4.1009564173228341
0
LINE
8
BLACK
6
CONTINUOUS
10
6.4147055511811022
20
-4.1009564173228341
11
6.4148458267716535
21
-4.1011663385826767
0
LINE
8
BLACK
6
CONTINUOUS
10
6.4148458267716535
20
-4.1011663385826767
11
6.4150005511811026
21
-4.101365708661417
0
LINE
8
BLACK
6
CONTINUOUS
10
6.4150005511811026
20
-4.101365708661417
11
6.4159379527559057
21
-4.1032404724409446
0
LINE
8
BLACK
6
CONTINUOUS
10
6.4159379527559057
20
-4.1032404724409446
11
6.4159835039370074
21
-4.1034068503937009
0
LINE
8
BLACK
6
CONTINUOUS
10
6.4159835039370074
20
-4.1034068503937009
11
6.4160572047244093
21
-4.1035628346456692
0
LINE
8
BLACK
6
CONTINUOUS
10
6.4160572047244093
20
-4.1035628346456692
11
6.4169945669291337
21
-4.1073123622047243
0
LINE
8
BLACK
6
CONTINUOUS
10
6.4169945669291337
20
-4.1073123622047243
11
6.4170039370078742
21
-4.1075050787401572
0
LINE
8
BLACK
6
CONTINUOUS
10
6.4170039370078742
20
-4.1075050787401572
11
6.4170415748031493
21
-4.107694291338583
0
LINE
8
BLACK
6
CONTINUOUS
10
6.4170415748031493
20
-4.107694291338583
11
6.4170415748031493
21
-4.1105064173228349
0
LINE
8
BLACK
6
CONTINUOUS
10
6.4170415748031493
20
-4.1105064173228349
11
6.4170039370078742
21
-4.1106955905511811
0
LINE
8
BLACK
6
CONTINUOUS
10
6.4170039370078742
20
-4.1106955905511811
11
6.4169945669291337
21
-4.1108883464566928
0
LINE
8
BLACK
6
CONTINUOUS
10
6.4169945669291337
20
-4.1108883464566928
11
6.4160572047244093
21
-4.1146378740157479
0
LINE
8
BLACK
6
CONTINUOUS
10
6.4160572047244093
20
-4.1146378740157479
11
6.4159835039370074
21
-4.1147938188976374
0
LINE
8
BLACK
6
CONTINUOUS
10
6.4159835039370074
20
-4.1147938188976374
11
6.4159379527559057
21
-4.1149602362204725
0
LINE
8
BLACK
6
CONTINUOUS
10
6.4159379527559057
20
-4.1149602362204725
11
6.4150005511811026
21
-4.116835
0
LINE
8
BLACK
6
CONTINUOUS
10
6.4150005511811026
20
-4.116835
11
6.4148456299212597
21
-4.1170345669291342
0
LINE
8
BLACK
6
CONTINUOUS
10
6.4148456299212597
20
-4.1170345669291342
11
6.4147055511811022
21
-4.1172442519685042
0
LINE
8
BLACK
6
CONTINUOUS
10
6.4147055511811022
20
-4.1172442519685042
11
6.4128308267716534
21
-4.1191190551181105
0
LINE
8
BLACK
6
CONTINUOUS
10
6.4128308267716534
20
-4.1191190551181105
11
6.4127651968503931
21
-4.119162874015748
0
LINE
8
BLACK
6
CONTINUOUS
10
6.4127651968503931
20
-4.119162874015748
11
6.4127490551181099
21
-4.1191951968503933
0
LINE
8
BLACK
6
CONTINUOUS
10
6.4127490551181099
20
-4.1191951968503933
11
6.4125299606299215
21
-4.1193200393700788
0
LINE
8
BLACK
6
CONTINUOUS
10
6.4125299606299215
20
-4.1193200393700788
11
6.4123199212598427
21
-4.1194604330708664
0
LINE
8
BLACK
6
CONTINUOUS
10
6.4123199212598427
20
-4.1194604330708664
11
6.4122837401574806
21
-4.1194604330708664
0
LINE
8
BLACK
6
CONTINUOUS
10
6.4122837401574806
20
-4.1194604330708664
11
6.4122152362204723
21
-4.1194994881889766
0
LINE
8
BLACK
6
CONTINUOUS
10
6.4122152362204723
20
-4.1194994881889766
11
6.4094031102362203
21
-4.120436850393701
0
LINE
8
BLACK
6
CONTINUOUS
10
6.4094031102362203
20
-4.120436850393701
11
6.40915279527559
21
-4.1204683858267712
0
LINE
8
BLACK
6
CONTINUOUS
10
6.40915279527559
20
-4.1204683858267712
11
6.4089051181102361
21
-4.1205176771653544
0
LINE
8
BLACK
6
CONTINUOUS
10
6.4089051181102361
20
-4.1205176771653544
11
6.4070303543307086
21
-4.1205176771653544
0
LINE
8
BLACK
6
CONTINUOUS
10
6.4070303543307086
20
-4.1205176771653544
11
6.4067829133858263
21
-4.12046842519685
0
LINE
8
BLACK
6
CONTINUOUS
10
6.4067829133858263
20
-4.12046842519685
11
6.4065324015748031
21
-4.1204368897637798
0
LINE
8
BLACK
6
CONTINUOUS
10
6.4065324015748031
20
-4.1204368897637798
11
6.4037201968503936
21
-4.1194994881889766
0
LINE
8
BLACK
6
CONTINUOUS
10
6.4037201968503936
20
-4.1194994881889766
11
6.4036516929133853
21
-4.1194604330708664
0
LINE
8
BLACK
6
CONTINUOUS
10
6.4036516929133853
20
-4.1194604330708664
11
6.4036155118110232
21
-4.1194604330708664
0
LINE
8
BLACK
6
CONTINUOUS
10
6.4036155118110232
20
-4.1194604330708664
11
6.4034053149606294
21
-4.1193199606299213
0
LINE
8
BLACK
6
CONTINUOUS
10
6.4034053149606294
20
-4.1193199606299213
11
6.4031864173228348
21
-4.1191951968503933
0
LINE
8
BLACK
6
CONTINUOUS
10
6.4031864173228348
20
-4.1191951968503933
11
6.4031702755905506
21
-4.1191629133858267
0
LINE
8
BLACK
6
CONTINUOUS
10
6.4031702755905506
20
-4.1191629133858267
11
6.4031046062992125
21
-4.1191190551181105
0
LINE
8
BLACK
6
CONTINUOUS
10
6.4031046062992125
20
-4.1191190551181105
11
6.4021672440944881
21
-4.1181816535433073
0
LINE
8
BLACK
6
CONTINUOUS
10
6.4021672440944881
20
-4.1181816535433073
11
6.401825905511811
21
-4.1176707480314958
0
LINE
8
BLACK
6
CONTINUOUS
10
6.401825905511811
20
-4.1176707480314958
11
6.4018259448818897
21
-4.1164654330708661
0
LINE
8
BLACK
6
CONTINUOUS
10
6.4018259448818897
20
-4.1164654330708661
11
6.4026781889763775
21
-4.1156131889763783
0
LINE
8
BLACK
6
CONTINUOUS
10
6.4026781889763775
20
-4.1156131889763783
11
6.4038835039370081
21
-4.115613228346457
0
LINE
8
BLACK
6
CONTINUOUS
10
6.4038835039370081
20
-4.115613228346457
11
6.4043944094488188
21
-4.1159545669291342
0
LINE
8
BLACK
6
CONTINUOUS
10
6.4043944094488188
20
-4.1159545669291342
11
6.4050688582677164
21
-4.1166290944881885
0
LINE
8
BLACK
6
CONTINUOUS
10
6.4050688582677164
20
-4.1166290944881885
11
6.4072858661417325
21
-4.1173680708661413
0
LINE
8
BLACK
6
CONTINUOUS
10
6.4072858661417325
20
-4.1173680708661413
11
6.4086496062992122
21
-4.1173680708661413
0
LINE
8
BLACK
6
CONTINUOUS
10
6.4086496062992122
20
-4.1173680708661413
11
6.4108665354330707
21
-4.1166290551181097
0
LINE
8
BLACK
6
CONTINUOUS
10
6.4108665354330707
20
-4.1166290551181097
11
6.4122977559055121
21
-4.1151978346456692
0
LINE
8
BLACK
6
CONTINUOUS
10
6.4122977559055121
20
-4.1151978346456692
11
6.4130435039370077
21
-4.1137062598425196
0
LINE
8
BLACK
6
CONTINUOUS
10
6.4130435039370077
20
-4.1137062598425196
11
6.4138919685039371
21
-4.1103125196850394
0
LINE
8
BLACK
6
CONTINUOUS
10
6.4138919685039371
20
-4.1103125196850394
11
6.4138919685039371
21
-4.1078881496062989
0
LINE
8
BLACK
6
CONTINUOUS
10
6.4138919685039371
20
-4.1078881496062989
11
6.4130435039370077
21
-4.1044944094488187
0
LINE
8
BLACK
6
CONTINUOUS
10
6.4130435039370077
20
-4.1044944094488187
11
6.4122977559055121
21
-4.1030028346456691
0
LINE
8
BLACK
6
CONTINUOUS
10
6.4122977559055121
20
-4.1030028346456691
11
6.4108665354330707
21
-4.1015716141732286
0
LINE
8
BLACK
6
CONTINUOUS
10
6.4108665354330707
20
-4.1015716141732286
11
6.4086496062992122
21
-4.1008326377952757
0
LINE
8
BLACK
6
CONTINUOUS
10
6.4086496062992122
20
-4.1008326377952757
11
6.4072858661417325
21
-4.1008326377952757
0
LINE
8
BLACK
6
CONTINUOUS
10
6.4072858661417325
20
-4.1008326377952757
11
6.4050688582677164
21
-4.1015716141732286
0
LINE
8
BLACK
6
CONTINUOUS
10
6.4050688582677164
20
-4.1015716141732286
11
6.40439437007874
21
-4.1022461417322837
0
LINE
8
BLACK
6
CONTINUOUS
10
6.40439437007874
20
-4.1022461417322837
11
6.4038834645669294
21
-4.1025875196850397
0
LINE
8
BLACK
6
CONTINUOUS
10
6.4038834645669294
20
-4.1025875196850397
11
6.4026781889763775
21
-4.1025875196850397
0
LINE
8
BLACK
6
CONTINUOUS
10
6.4026781889763775
20
-4.1025875196850397
11
6.401825905511811
21
-4.1017352362204722
0
LINE
8
BLACK
6
CONTINUOUS
10
6.401825905511811
20
-4.1017352362204722
11
6.401825905511811
21
-4.1005299606299213
0
LINE
8
BLACK
6
CONTINUOUS
10
6.401825905511811
20
-4.1005299606299213
11
6.4021672834645669
21
-4.1000190551181097
0
LINE
8
BLACK
6
CONTINUOUS
10
6.4021672834645669
20
-4.1000190551181097
11
6.4031046456692913
21
-4.0990816929133853
0
LINE
8
BLACK
6
CONTINUOUS
10
6.4031046456692913
20
-4.0990816929133853
11
6.4031701968503931
21
-4.0990378740157478
0
LINE
8
BLACK
6
CONTINUOUS
10
6.4031701968503931
20
-4.0990378740157478
11
6.403186377952756
21
-4.0990055511811025
0
LINE
8
BLACK
6
CONTINUOUS
10
6.403186377952756
20
-4.0990055511811025
11
6.4034057086614169
21
-4.0988805118110232
0
LINE
8
BLACK
6
CONTINUOUS
10
6.4034057086614169
20
-4.0988805118110232
11
6.4036155511811019
21
-4.0987403149606294
0
LINE
8
BLACK
6
CONTINUOUS
10
6.4036155511811019
20
-4.0987403149606294
11
6.4036516929133853
21
-4.0987403149606294
0
LINE
8
BLACK
6
CONTINUOUS
10
6.4036516929133853
20
-4.0987403149606294
11
6.4037201968503936
21
-4.0987012598425192
0
LINE
8
BLACK
6
CONTINUOUS
10
6.4037201968503936
20
-4.0987012598425192
11
6.4065323622047243
21
-4.0977638582677161
0
LINE
8
BLACK
6
CONTINUOUS
10
6.4065323622047243
20
-4.0977638582677161
11
6.406782637795275
21
-4.0977322834645671
0
LINE
8
BLACK
6
CONTINUOUS
10
6.406782637795275
20
-4.0977322834645671
11
6.4070303543307086
21
-4.0976830314960626
0
LINE
8
BLACK
6
CONTINUOUS
10
6.4070303543307086
20
-4.0976830314960626
11
6.4089051181102361
21
-4.0976830314960626
0
LINE
8
BLACK
6
CONTINUOUS
10
6.4089051181102361
20
-4.0976830314960626
11
6.40915279527559
21
-4.0977322834645671
0
LINE
8
BLACK
6
CONTINUOUS
10
6.4401233858267712
20
-4.0835750393700785
11
6.4411887401574806
21
-4.0846403937007869
0
LINE
8
BLACK
6
CONTINUOUS
10
6.4411887401574806
20
-4.0846403937007869
11
6.4413385826771652
21
-4.0853937007874013
0
LINE
8
BLACK
6
CONTINUOUS
10
6.4413385826771652
20
-4.0853937007874013
11
6.4413385826771652
21
-4.1346062992125985
0
LINE
8
BLACK
6
CONTINUOUS
10
6.4413385826771652
20
-4.1346062992125985
11
6.4411887401574806
21
-4.1353596062992128
0
LINE
8
BLACK
6
CONTINUOUS
10
6.4411887401574806
20
-4.1353596062992128
11
6.4401233858267712
21
-4.1364249606299213
0
LINE
8
BLACK
6
CONTINUOUS
10
6.4401233858267712
20
-4.1364249606299213
11
6.4393700787401578
21
-4.1365748031496059
0
LINE
8
BLACK
6
CONTINUOUS
10
6.4393700787401578
20
-4.1365748031496059
11
6.3606299212598421
21
-4.1365748031496059
0
LINE
8
BLACK
6
CONTINUOUS
10
6.3606299212598421
20
-4.1365748031496059
11
6.3598766141732286
21
-4.1364249606299213
0
LINE
8
BLACK
6
CONTINUOUS
10
6.3598766141732286
20
-4.1364249606299213
11
6.3588112598425193
21
-4.1353596062992128
0
LINE
8
BLACK
6
CONTINUOUS
10
6.3588112598425193
20
-4.1353596062992128
11
6.3586614173228346
21
-4.1346062992125985
0
LINE
8
BLACK
6
CONTINUOUS
10
6.3586614173228346
20
-4.1346062992125985
11
6.3586614173228346
21
-4.0853937007874013
0
LINE
8
BLACK
6
CONTINUOUS
10
6.3586614173228346
20
-4.0853937007874013
11
6.3588112598425193
21
-4.0846403937007869
0
LINE
8
BLACK
6
CONTINUOUS
10
6.3588112598425193
20
-4.0846403937007869
11
6.3598766141732286
21
-4.0835750393700785
0
LINE
8
BLACK
6
CONTINUOUS
10
6.3598766141732286
20
-4.0835750393700785
11
6.3606299212598421
21
-4.0834251968503938
0
LINE
8
BLACK
6
CONTINUOUS
10
6.3606299212598421
20
-4.0834251968503938
11
6.4393700787401578
21
-4.0834251968503938
0
LINE
8
BLACK
6
CONTINUOUS
10
6.4393700787401578
20
-4.0834251968503938
11
6.4401233858267712
21
-4.0835750393700785
0
LINE
8
BLACK
6
CONTINUOUS
10
6.3625984251968504
20
-4.0873622047244096
11
6.3625984251968504
21
-4.1326377952755902
0
LINE
8
BLACK
6
CONTINUOUS
10
6.3625984251968504
20
-4.1326377952755902
11
6.4374015748031495
21
-4.1326377952755902
0
LINE
8
BLACK
6
CONTINUOUS
10
6.4374015748031495
20
-4.1326377952755902
11
6.4374015748031495
21
-4.0873622047244096
0
LINE
8
BLACK
6
CONTINUOUS
10
6.4374015748031495
20
-4.0873622047244096
11
6.3625984251968504
21
-4.0873622047244096
0
LINE
8
BLACK
6
CONTINUOUS
10
6.5402348031496063
20
-4.0876984251968507
11
6.5402690944881892
21
-4.087687007874016
0
LINE
8
BLACK
6
CONTINUOUS
10
6.5402690944881892
20
-4.087687007874016
11
6.5405125196850395
21
-4.0877536614173229
0
LINE
8
BLACK
6
CONTINUOUS
10
6.5405125196850395
20
-4.0877536614173229
11
6.5407600787401572
21
-4.0878029133858265
0
LINE
8
BLACK
6
CONTINUOUS
10
6.5407600787401572
20
-4.0878029133858265
11
6.5407855905511809
21
-4.0878284251968502
0
LINE
8
BLACK
6
CONTINUOUS
10
6.5407855905511809
20
-4.0878284251968502
11
6.5408617322834646
21
-4.0878492913385829
0
LINE
8
BLACK
6
CONTINUOUS
10
6.5408617322834646
20
-4.0878492913385829
11
6.5427364960629921
21
-4.088786692913386
0
LINE
8
BLACK
6
CONTINUOUS
10
6.5427364960629921
20
-4.088786692913386
11
6.5429358267716538
21
-4.0889414173228342
0
LINE
8
BLACK
6
CONTINUOUS
10
6.5429358267716538
20
-4.0889414173228342
11
6.5431457480314963
21
-4.0890816535433068
0
LINE
8
BLACK
6
CONTINUOUS
10
6.5431457480314963
20
-4.0890816535433068
11
6.5440831496062994
21
-4.0900190157480312
0
LINE
8
BLACK
6
CONTINUOUS
10
6.5440831496062994
20
-4.0900190157480312
11
6.5441698031496065
21
-4.0901487007874016
0
LINE
8
BLACK
6
CONTINUOUS
10
6.5441698031496065
20
-4.0901487007874016
11
6.5442799212598421
21
-4.0902590551181097
0
LINE
8
BLACK
6
CONTINUOUS
10
6.5442799212598421
20
-4.0902590551181097
11
6.5461546850393697
21
-4.0930712204724404
0
LINE
8
BLACK
6
CONTINUOUS
10
6.5461546850393697
20
-4.0930712204724404
11
6.5462572047244096
21
-4.0933195275590553
0
LINE
8
BLACK
6
CONTINUOUS
10
6.5462572047244096
20
-4.0933195275590553
11
6.546372165354331
21
-4.0935628346456694
0
LINE
8
BLACK
6
CONTINUOUS
10
6.546372165354331
20
-4.0935628346456694
11
6.5473095275590554
21
-4.0973123622047245
0
LINE
8
BLACK
6
CONTINUOUS
10
6.5473095275590554
20
-4.0973123622047245
11
6.547318897637795
21
-4.0975050787401575
0
LINE
8
BLACK
6
CONTINUOUS
10
6.547318897637795
20
-4.0975050787401575
11
6.5473565354330709
21
-4.0976942913385823
0
LINE
8
BLACK
6
CONTINUOUS
10
6.5473565354330709
20
-4.0976942913385823
11
6.5473565354330709
21
-4.1051933464566925
0
LINE
8
BLACK
6
CONTINUOUS
10
6.5473565354330709
20
-4.1051933464566925
11
6.5473411023622043
21
-4.1052707086614175
0
LINE
8
BLACK
6
CONTINUOUS
10
6.5473411023622043
20
-4.1052707086614175
11
6.5473525590551178
21
-4.1053049999999995
0
LINE
8
BLACK
6
CONTINUOUS
10
6.5473525590551178
20
-4.1053049999999995
11
6.5472858661417321
21
-4.1055484251968499
0
LINE
8
BLACK
6
CONTINUOUS
10
6.5472858661417321
20
-4.1055484251968499
11
6.5472366535433073
21
-4.1057959842519685
0
LINE
8
BLACK
6
CONTINUOUS
10
6.5472366535433073
20
-4.1057959842519685
11
6.5472111023622048
21
-4.1058214960629922
0
LINE
8
BLACK
6
CONTINUOUS
10
6.5472111023622048
20
-4.1058214960629922
11
6.5471902755905509
21
-4.1058976377952758
0
LINE
8
BLACK
6
CONTINUOUS
10
6.5471902755905509
20
-4.1058976377952758
11
6.5462529133858265
21
-4.1077723622047246
0
LINE
8
BLACK
6
CONTINUOUS
10
6.5462529133858265
20
-4.1077723622047246
11
6.5460983070866137
21
-4.1079715354330704
0
LINE
8
BLACK
6
CONTINUOUS
10
6.5460983070866137
20
-4.1079715354330704
11
6.545957913385827
21
-4.1081816929133854
0
LINE
8
BLACK
6
CONTINUOUS
10
6.545957913385827
20
-4.1081816929133854
11
6.5450205118110238
21
-4.1091190551181098
0
LINE
8
BLACK
6
CONTINUOUS
10
6.5450205118110238
20
-4.1091190551181098
11
6.5448106692913388
21
-4.1092592125984249
0
LINE
8
BLACK
6
CONTINUOUS
10
6.5448106692913388
20
-4.1092592125984249
11
6.5446112204724409
21
-4.1094140551181102
0
LINE
8
BLACK
6
CONTINUOUS
10
6.5446112204724409
20
-4.1094140551181102
11
6.5427364566929134
21
-4.1103514173228346
0
LINE
8
BLACK
6
CONTINUOUS
10
6.5427364566929134
20
-4.1103514173228346
11
6.5426603543307085
21
-4.1103722440944885
0
LINE
8
BLACK
6
CONTINUOUS
10
6.5426603543307085
20
-4.1103722440944885
11
6.5426348425196847
21
-4.1103977952755901
0
LINE
8
BLACK
6
CONTINUOUS
10
6.5426348425196847
20
-4.1103977952755901
11
6.5423871259842521
21
-4.1104470472440946
0
LINE
8
BLACK
6
CONTINUOUS
10
6.5423871259842521
20
-4.1104470472440946
11
6.542143818897638
21
-4.1105137007874015
0
LINE
8
BLACK
6
CONTINUOUS
10
6.542143818897638
20
-4.1105137007874015
11
6.5421095669291338
21
-4.1105022834645668
0
LINE
8
BLACK
6
CONTINUOUS
10
6.5421095669291338
20
-4.1105022834645668
11
6.5420322047244097
21
-4.1105176771653547
0
LINE
8
BLACK
6
CONTINUOUS
10
6.5420322047244097
20
-4.1105176771653547
11
6.5382826771653546
21
-4.1105176771653547
0
LINE
8
BLACK
6
CONTINUOUS
10
6.5382826771653546
20
-4.1105176771653547
11
6.5382052755905509
21
-4.1105022440944881
0
LINE
8
BLACK
6
CONTINUOUS
10
6.5382052755905509
20
-4.1105022440944881
11
6.5381710236220467
21
-4.1105137007874015
0
LINE
8
BLACK
6
CONTINUOUS
10
6.5381710236220467
20
-4.1105137007874015
11
6.5379275590551176
21
-4.1104470078740158
0
LINE
8
BLACK
6
CONTINUOUS
10
6.5379275590551176
20
-4.1104470078740158
11
6.5376800393700787
21
-4.1103977952755901
0
LINE
8
BLACK
6
CONTINUOUS
10
6.5376800393700787
20
-4.1103977952755901
11
6.5376544881889762
21
-4.1103722440944885
0
LINE
8
BLACK
6
CONTINUOUS
10
6.5376544881889762
20
-4.1103722440944885
11
6.5375783858267713
21
-4.1103514173228346
0
LINE
8
BLACK
6
CONTINUOUS
10
6.5375783858267713
20
-4.1103514173228346
11
6.5357036614173225
21
-4.1094140551181102
0
LINE
8
BLACK
6
CONTINUOUS
10
6.5357036614173225
20
-4.1094140551181102
11
6.5355044488188971
21
-4.1092594488188974
0
LINE
8
BLACK
6
CONTINUOUS
10
6.5355044488188971
20
-4.1092594488188974
11
6.5352943307086608
21
-4.1091190551181098
0
LINE
8
BLACK
6
CONTINUOUS
10
6.5352943307086608
20
-4.1091190551181098
11
6.5343569685039364
21
-4.1081816535433067
0
LINE
8
BLACK
6
CONTINUOUS
10
6.5343569685039364
20
-4.1081816535433067
11
6.5342167322834648
21
-4.1079717322834641
0
LINE
8
BLACK
6
CONTINUOUS
10
6.5342167322834648
20
-4.1079717322834641
11
6.5340620078740157
21
-4.1077724015748034
0
LINE
8
BLACK
6
CONTINUOUS
10
6.5340620078740157
20
-4.1077724015748034
11
6.5331246062992125
21
-4.1058976377952758
0
LINE
8
BLACK
6
CONTINUOUS
10
6.5331246062992125
20
-4.1058976377952758
11
6.5331037401574799
21
-4.1058214960629922
0
LINE
8
BLACK
6
CONTINUOUS
10
6.5331037401574799
20
-4.1058214960629922
11
6.5330782283464561
21
-4.1057959842519685
0
LINE
8
BLACK
6
CONTINUOUS
10
6.5330782283464561
20
-4.1057959842519685
11
6.5330289763779525
21
-4.1055484251968499
0
LINE
8
BLACK
6
CONTINUOUS
10
6.5330289763779525
20
-4.1055484251968499
11
6.5329623228346456
21
-4.1053049999999995
0
LINE
8
BLACK
6
CONTINUOUS
10
6.5329623228346456
20
-4.1053049999999995
11
6.5329737401574803
21
-4.1052707086614175
0
LINE
8
BLACK
6
CONTINUOUS
10
6.5329737401574803
20
-4.1052707086614175
11
6.5329583464566925
21
-4.1051933464566925
0
LINE
8
BLACK
6
CONTINUOUS
10
6.5329583464566925
20
-4.1051933464566925
11
6.5329583464566925
21
-4.1005064173228343
0
LINE
8
BLACK
6
CONTINUOUS
10
6.5329583464566925
20
-4.1005064173228343
11
6.5329737401574803
21
-4.1004290157480314
0
LINE
8
BLACK
6
CONTINUOUS
10
6.5329737401574803
20
-4.1004290157480314
11
6.5329623228346456
21
-4.1003947637795273
0
LINE
8
BLACK
6
CONTINUOUS
10
6.5329623228346456
20
-4.1003947637795273
11
6.5330289763779525
21
-4.1001512992125981
0
LINE
8
BLACK
6
CONTINUOUS
10
6.5330289763779525
20
-4.1001512992125981
11
6.5330782283464561
21
-4.0999037795275592
0
LINE
8
BLACK
6
CONTINUOUS
10
6.5330782283464561
20
-4.0999037795275592
11
6.5331037401574799
21
-4.0998782283464568
0
LINE
8
BLACK
6
CONTINUOUS
10
6.5331037401574799
20
-4.0998782283464568
11
6.5331246062992125
21
-4.0998021259842519
0
LINE
8
BLACK
6
CONTINUOUS
10
6.5331246062992125
20
-4.0998021259842519
11
6.5340620078740157
21
-4.0979273622047243
0
LINE
8
BLACK
6
CONTINUOUS
10
6.5340620078740157
20
-4.0979273622047243
11
6.5342168897637798
21
-4.0977277559055114
0
LINE
8
BLACK
6
CONTINUOUS
10
6.5342168897637798
20
-4.0977277559055114
11
6.5343570078740152
21
-4.0975181102362201
0
LINE
8
BLACK
6
CONTINUOUS
10
6.5343570078740152
20
-4.0975181102362201
11
6.5352943700787396
21
-4.0965807480314957
0
LINE
8
BLACK
6
CONTINUOUS
10
6.5352943700787396
20
-4.0965807480314957
11
6.5355040157480317
21
-4.0964406299212595
0
LINE
8
BLACK
6
CONTINUOUS
10
6.5355040157480317
20
-4.0964406299212595
11
6.5357036220472438
21
-4.0962857480314963
0
LINE
8
BLACK
6
CONTINUOUS
10
6.5357036220472438
20
-4.0962857480314963
11
6.5375783858267713
21
-4.0953483464566931
0
LINE
8
BLACK
6
CONTINUOUS
10
6.5375783858267713
20
-4.0953483464566931
11
6.5376544881889762
21
-4.0953274803149604
0
LINE
8
BLACK
6
CONTINUOUS
10
6.5376544881889762
20
-4.0953274803149604
11
6.5376800393700787
21
-4.0953019685039367
0
LINE
8
BLACK
6
CONTINUOUS
10
6.5376800393700787
20
-4.0953019685039367
11
6.5379275590551176
21
-4.0952527165354331
0
LINE
8
BLACK
6
CONTINUOUS
10
6.5379275590551176
20
-4.0952527165354331
11
6.5381710236220467
21
-4.0951860629921262
0
LINE
8
BLACK
6
CONTINUOUS
10
6.5381710236220467
20
-4.0951860629921262
11
6.5382052755905509
21
-4.0951974803149609
0
LINE
8
BLACK
6
CONTINUOUS
10
6.5382052755905509
20
-4.0951974803149609
11
6.5382826771653546
21
-4.095182086614173
0
LINE
8
BLACK
6
CONTINUOUS
10
6.5382826771653546
20
-4.095182086614173
11
6.5420322047244097
21
-4.095182086614173
0
LINE
8
BLACK
6
CONTINUOUS
10
6.5420322047244097
20
-4.095182086614173
11
6.5421095669291338
21
-4.0951974803149609
0
LINE
8
BLACK
6
CONTINUOUS
10
6.5421095669291338
20
-4.0951974803149609
11
6.5421438582677167
21
-4.0951860629921262
0
LINE
8
BLACK
6
CONTINUOUS
10
6.5421438582677167
20
-4.0951860629921262
11
6.5423872834645671
21
-4.0952527165354331
0
LINE
8
BLACK
6
CONTINUOUS
10
6.5423872834645671
20
-4.0952527165354331
11
6.5426348425196847
21
-4.0953019685039367
0
LINE
8
BLACK
6
CONTINUOUS
10
6.5426348425196847
20
-4.0953019685039367
11
6.5426603543307085
21
-4.0953274803149604
0
LINE
8
BLACK
6
CONTINUOUS
10
6.5426603543307085
20
-4.0953274803149604
11
6.5427364960629921
21
-4.0953483464566931
0
LINE
8
BLACK
6
CONTINUOUS
10
6.5427364960629921
20
-4.0953483464566931
11
6.5436912992125986
21
-4.0958257480314959
0
LINE
8
BLACK
6
CONTINUOUS
10
6.5436912992125986
20
-4.0958257480314959
11
6.543382716535433
21
-4.0945912992125981
0
LINE
8
BLACK
6
CONTINUOUS
10
6.543382716535433
20
-4.0945912992125981
11
6.541745748031496
21
-4.0921358267716537
0
LINE
8
BLACK
6
CONTINUOUS
10
6.541745748031496
20
-4.0921358267716537
11
6.5410993307086613
21
-4.0914894881889765
0
LINE
8
BLACK
6
CONTINUOUS
10
6.5410993307086613
20
-4.0914894881889765
11
6.5397856692913381
21
-4.0908326377952751
0
LINE
8
BLACK
6
CONTINUOUS
10
6.5397856692913381
20
-4.0908326377952751
11
6.5364079133858271
21
-4.0908326377952751
0
LINE
8
BLACK
6
CONTINUOUS
10
6.5364079133858271
20
-4.0908326377952751
11
6.5358052755905511
21
-4.0907127559055114
0
LINE
8
BLACK
6
CONTINUOUS
10
6.5358052755905511
20
-4.0907127559055114
11
6.5349529921259837
21
-4.0898604724409449
0
LINE
8
BLACK
6
CONTINUOUS
10
6.5349529921259837
20
-4.0898604724409449
11
6.5349529921259837
21
-4.0886551968503939
0
LINE
8
BLACK
6
CONTINUOUS
10
6.5349529921259837
20
-4.0886551968503939
11
6.5358052755905511
21
-4.0878029133858265
0
LINE
8
BLACK
6
CONTINUOUS
10
6.5358052755905511
20
-4.0878029133858265
11
6.5364079133858271
21
-4.0876830314960628
0
LINE
8
BLACK
6
CONTINUOUS
10
6.5364079133858271
20
-4.0876830314960628
11
6.5401574409448822
21
-4.0876830314960628
0
LINE
8
BLACK
6
CONTINUOUS
10
6.5401574409448822
20
-4.0876830314960628
11
6.5402348031496063
21
-4.0876984251968507
0
LINE
8
BLACK
6
CONTINUOUS
10
6.537340708661417
20
-4.0989885433070867
11
6.5367648031496062
21
-4.0995644488188976
0
LINE
8
BLACK
6
CONTINUOUS
10
6.5367648031496062
20
-4.0995644488188976
11
6.5361079527559056
21
-4.1008781889763775
0
LINE
8
BLACK
6
CONTINUOUS
10
6.5361079527559056
20
-4.1008781889763775
11
6.5361079527559056
21
-4.1048215354330706
0
LINE
8
BLACK
6
CONTINUOUS
10
6.5361079527559056
20
-4.1048215354330706
11
6.5367648031496062
21
-4.1061352362204726
0
LINE
8
BLACK
6
CONTINUOUS
10
6.5367648031496062
20
-4.1061352362204726
11
6.5373407480314958
21
-4.1067112598425197
0
LINE
8
BLACK
6
CONTINUOUS
10
6.5373407480314958
20
-4.1067112598425197
11
6.538654409448819
21
-4.1073680708661415
0
LINE
8
BLACK
6
CONTINUOUS
10
6.538654409448819
20
-4.1073680708661415
11
6.5416604724409444
21
-4.1073680708661415
0
LINE
8
BLACK
6
CONTINUOUS
10
6.5416604724409444
20
-4.1073680708661415
11
6.5429741338582676
21
-4.106711220472441
0
LINE
8
BLACK
6
CONTINUOUS
10
6.5429741338582676
20
-4.106711220472441
11
6.543550118110236
21
-4.1061351968503939
0
LINE
8
BLACK
6
CONTINUOUS
10
6.543550118110236
20
-4.1061351968503939
11
6.5442069291338578
21
-4.1048216141732281
0
LINE
8
BLACK
6
CONTINUOUS
10
6.5442069291338578
20
-4.1048216141732281
11
6.5442069291338578
21
-4.10087811023622
0
LINE
8
BLACK
6
CONTINUOUS
10
6.5442069291338578
20
-4.10087811023622
11
6.543550118110236
21
-4.0995644881889763
0
LINE
8
BLACK
6
CONTINUOUS
10
6.543550118110236
20
-4.0995644881889763
11
6.5429740944881889
21
-4.0989885433070867
0
LINE
8
BLACK
6
CONTINUOUS
10
6.5429740944881889
20
-4.0989885433070867
11
6.5416604330708656
21
-4.0983316929133862
0
LINE
8
BLACK
6
CONTINUOUS
10
6.5416604330708656
20
-4.0983316929133862
11
6.5386544488188978
21
-4.0983316929133862
0
LINE
8
BLACK
6
CONTINUOUS
10
6.5386544488188978
20
-4.0983316929133862
11
6.537340708661417
21
-4.0989885433070867
0
LINE
8
BLACK
6
CONTINUOUS
10
6.5651320472440942
20
-4.0878029133858265
11
6.5659843307086616
21
-4.0886551968503939
0
LINE
8
BLACK
6
CONTINUOUS
10
6.5659843307086616
20
-4.0886551968503939
11
6.5661042125984252
21
-4.0892578346456689
0
LINE
8
BLACK
6
CONTINUOUS
10
6.5661042125984252
20
-4.0892578346456689
11
6.5661042125984252
21
-4.1089428740157476
0
LINE
8
BLACK
6
CONTINUOUS
10
6.5661042125984252
20
-4.1089428740157476
11
6.5659843307086616
21
-4.1095455118110236
0
LINE
8
BLACK
6
CONTINUOUS
10
6.5659843307086616
20
-4.1095455118110236
11
6.5651320472440942
21
-4.1103977952755901
0
LINE
8
BLACK
6
CONTINUOUS
10
6.5651320472440942
20
-4.1103977952755901
11
6.5639267716535432
21
-4.1103977952755901
0
LINE
8
BLACK
6
CONTINUOUS
10
6.5639267716535432
20
-4.1103977952755901
11
6.5630744881889767
21
-4.1095455118110236
0
LINE
8
BLACK
6
CONTINUOUS
10
6.5630744881889767
20
-4.1095455118110236
11
6.5629546062992121
21
-4.1089428740157476
0
LINE
8
BLACK
6
CONTINUOUS
10
6.5629546062992121
20
-4.1089428740157476
11
6.5629546062992121
21
-4.1011438582677169
0
LINE
8
BLACK
6
CONTINUOUS
10
6.5629546062992121
20
-4.1011438582677169
11
6.5606624015748034
21
-4.1011438582677169
0
LINE
8
BLACK
6
CONTINUOUS
10
6.5606624015748034
20
-4.1011438582677169
11
6.5545709448818892
21
-4.10984594488189
0
LINE
8
BLACK
6
CONTINUOUS
10
6.5545709448818892
20
-4.10984594488189
11
6.5541271653543305
21
-4.1102709055118112
0
LINE
8
BLACK
6
CONTINUOUS
10
6.5541271653543305
20
-4.1102709055118112
11
6.5529401968503933
21
-4.1104803937007874
0
LINE
8
BLACK
6
CONTINUOUS
10
6.5529401968503933
20
-4.1104803937007874
11
6.5519527952755903
21
-4.1097892125984252
0
LINE
8
BLACK
6
CONTINUOUS
10
6.5519527952755903
20
-4.1097892125984252
11
6.551743307086614
21
-4.108602244094488
0
LINE
8
BLACK
6
CONTINUOUS
10
6.551743307086614
20
-4.108602244094488
11
6.5519907086614175
21
-4.1080398031496062
0
LINE
8
BLACK
6
CONTINUOUS
10
6.5519907086614175
20
-4.1080398031496062
11
6.5568363779527559
21
-4.1011173228346456
0
LINE
8
BLACK
6
CONTINUOUS
10
6.5568363779527559
20
-4.1011173228346456
11
6.5566752362204719
21
-4.1010731889763781
0
LINE
8
BLACK
6
CONTINUOUS
10
6.5566752362204719
20
-4.1010731889763781
11
6.556427716535433
21
-4.1010239763779524
0
LINE
8
BLACK
6
CONTINUOUS
10
6.556427716535433
20
-4.1010239763779524
11
6.5564021653543305
21
-4.1009984251968499
0
LINE
8
BLACK
6
CONTINUOUS
10
6.5564021653543305
20
-4.1009984251968499
11
6.5563260629921256
21
-4.1009775984251968
0
LINE
8
BLACK
6
CONTINUOUS
10
6.5563260629921256
20
-4.1009775984251968
11
6.5544512992125981
21
-4.1000401968503937
0
LINE
8
BLACK
6
CONTINUOUS
10
6.5544512992125981
20
-4.1000401968503937
11
6.5542516929133861
21
-4.0998852755905508
0
LINE
8
BLACK
6
CONTINUOUS
10
6.5542516929133861
20
-4.0998852755905508
11
6.5540420866141726
21
-4.099745236220472
0
LINE
8
BLACK
6
CONTINUOUS
10
6.5540420866141726
20
-4.099745236220472
11
6.5531046456692916
21
-4.0988078740157476
0
LINE
8
BLACK
6
CONTINUOUS
10
6.5531046456692916
20
-4.0988078740157476
11
6.5529643700787403
21
-4.0985979133858264
0
LINE
8
BLACK
6
CONTINUOUS
10
6.5529643700787403
20
-4.0985979133858264
11
6.5528096456692912
21
-4.0983985433070869
0
LINE
8
BLACK
6
CONTINUOUS
10
6.5528096456692912
20
-4.0983985433070869
11
6.5518722834645668
21
-4.0965237795275593
0
LINE
8
BLACK
6
CONTINUOUS
10
6.5518722834645668
20
-4.0965237795275593
11
6.5518514173228342
21
-4.0964476771653544
0
LINE
8
BLACK
6
CONTINUOUS
10
6.5518514173228342
20
-4.0964476771653544
11
6.5518259055118104
21
-4.0964221653543307
0
LINE
8
BLACK
6
CONTINUOUS
10
6.5518259055118104
20
-4.0964221653543307
11
6.5517766141732281
21
-4.0961744488188971
0
LINE
8
BLACK
6
CONTINUOUS
10
6.5517766141732281
20
-4.0961744488188971
11
6.5517099999999999
21
-4.095931141732283
0
LINE
8
BLACK
6
CONTINUOUS
10
6.5517099999999999
20
-4.095931141732283
11
6.5517213779527559
21
-4.0958968897637797
0
LINE
8
BLACK
6
CONTINUOUS
10
6.5517213779527559
20
-4.0958968897637797
11
6.5517060236220468
21
-4.0958195275590548
0
LINE
8
BLACK
6
CONTINUOUS
10
6.5517060236220468
20
-4.0958195275590548
11
6.5517060236220468
21
-4.0930073622047241
0
LINE
8
BLACK
6
CONTINUOUS
10
6.5517060236220468
20
-4.0930073622047241
11
6.5517213779527559
21
-4.0929299606299212
0
LINE
8
BLACK
6
CONTINUOUS
10
6.5517213779527559
20
-4.0929299606299212
11
6.5517099999999999
21
-4.0928957480314958
0
LINE
8
BLACK
6
CONTINUOUS
10
6.5517099999999999
20
-4.0928957480314958
11
6.5517766141732281
21
-4.0926524015748029
0
LINE
8
BLACK
6
CONTINUOUS
10
6.5517766141732281
20
-4.0926524015748029
11
6.5518259055118104
21
-4.092404724409449
0
LINE
8
BLACK
6
CONTINUOUS
10
6.5518259055118104
20
-4.092404724409449
11
6.5518514173228342
21
-4.0923791732283465
0
LINE
8
BLACK
6
CONTINUOUS
10
6.5518514173228342
20
-4.0923791732283465
11
6.5518722834645668
21
-4.0923031102362204
0
LINE
8
BLACK
6
CONTINUOUS
10
6.5518722834645668
20
-4.0923031102362204
11
6.5528096456692912
21
-4.0904283464566928
0
LINE
8
BLACK
6
CONTINUOUS
10
6.5528096456692912
20
-4.0904283464566928
11
6.5529643700787403
21
-4.0902289370078737
0
LINE
8
BLACK
6
CONTINUOUS
10
6.5529643700787403
20
-4.0902289370078737
11
6.5531046456692916
21
-4.0900190157480312
0
LINE
8
BLACK
6
CONTINUOUS
10
6.5531046456692916
20
-4.0900190157480312
11
6.5540420866141726
21
-4.0890816535433068
0
LINE
8
BLACK
6
CONTINUOUS
10
6.5540420866141726
20
-4.0890816535433068
11
6.5542516929133861
21
-4.0889415748031492
0
LINE
8
BLACK
6
CONTINUOUS
10
6.5542516929133861
20
-4.0889415748031492
11
6.5544512992125981
21
-4.088786692913386
0
LINE
8
BLACK
6
CONTINUOUS
10
6.5544512992125981
20
-4.088786692913386
11
6.5563260629921256
21
-4.0878492913385829
0
LINE
8
BLACK
6
CONTINUOUS
10
6.5563260629921256
20
-4.0878492913385829
11
6.5564021653543305
21
-4.0878284251968502
0
LINE
8
BLACK
6
CONTINUOUS
10
6.5564021653543305
20
-4.0878284251968502
11
6.556427716535433
21
-4.0878029133858265
0
LINE
8
BLACK
6
CONTINUOUS
10
6.556427716535433
20
-4.0878029133858265
11
6.5566752362204719
21
-4.0877536614173229
0
LINE
8
BLACK
6
CONTINUOUS
10
6.5566752362204719
20
-4.0877536614173229
11
6.556918700787401
21
-4.087687007874016
0
LINE
8
BLACK
6
CONTINUOUS
10
6.556918700787401
20
-4.087687007874016
11
6.5569529527559052
21
-4.0876984251968507
0
LINE
8
BLACK
6
CONTINUOUS
10
6.5569529527559052
20
-4.0876984251968507
11
6.5570303543307089
21
-4.0876830314960628
0
LINE
8
BLACK
6
CONTINUOUS
10
6.5570303543307089
20
-4.0876830314960628
11
6.5645294094488191
21
-4.0876830314960628
0
LINE
8
BLACK
6
CONTINUOUS
10
6.5645294094488191
20
-4.0876830314960628
11
6.5651320472440942
21
-4.0878029133858265
0
LINE
8
BLACK
6
CONTINUOUS
10
6.5560884251968501
20
-4.0914894881889765
11
6.555512401574803
21
-4.0920654724409449
0
LINE
8
BLACK
6
CONTINUOUS
10
6.555512401574803
20
-4.0920654724409449
11
6.5548556299212599
21
-4.0933790944881885
0
LINE
8
BLACK
6
CONTINUOUS
10
6.5548556299212599
20
-4.0933790944881885
11
6.5548556299212599
21
-4.0954477952755903
0
LINE
8
BLACK
6
CONTINUOUS
10
6.5548556299212599
20
-4.0954477952755903
11
6.555512401574803
21
-4.0967613779527561
0
LINE
8
BLACK
6
CONTINUOUS
10
6.555512401574803
20
-4.0967613779527561
11
6.5560884251968501
21
-4.0973373622047244
0
LINE
8
BLACK
6
CONTINUOUS
10
6.5560884251968501
20
-4.0973373622047244
11
6.5574021259842521
21
-4.0979942519685038
0
LINE
8
BLACK
6
CONTINUOUS
10
6.5574021259842521
20
-4.0979942519685038
11
6.5629546062992121
21
-4.0979942519685038
0
LINE
8
BLACK
6
CONTINUOUS
10
6.5629546062992121
20
-4.0979942519685038
11
6.5629546062992121
21
-4.0908326377952751
0
LINE
8
BLACK
6
CONTINUOUS
10
6.5629546062992121
20
-4.0908326377952751
11
6.5574021259842521
21
-4.0908326377952751
0
LINE
8
BLACK
6
CONTINUOUS
10
6.5574021259842521
20
-4.0908326377952751
11
6.5560884251968501
21
-4.0914894881889765
0
LINE
8
BLACK
6
CONTINUOUS
10
6.5901233858267716
20
-4.0735750393700787
11
6.59118874015748
21
-4.0746403937007871
0
LINE
8
BLACK
6
CONTINUOUS
10
6.59118874015748
20
-4.0746403937007871
11
6.5913385826771655
21
-4.0753937007874015
0
LINE
8
BLACK
6
CONTINUOUS
10
6.5913385826771655
20
-4.0753937007874015
11
6.5913385826771655
21
-4.1246062992125987
0
LINE
8
BLACK
6
CONTINUOUS
10
6.5913385826771655
20
-4.1246062992125987
11
6.59118874015748
21
-4.1253596062992122
0
LINE
8
BLACK
6
CONTINUOUS
10
6.59118874015748
20
-4.1253596062992122
11
6.5901233858267716
21
-4.1264249606299215
0
LINE
8
BLACK
6
CONTINUOUS
10
6.5901233858267716
20
-4.1264249606299215
11
6.5893700787401572
21
-4.1265748031496061
0
LINE
8
BLACK
6
CONTINUOUS
10
6.5893700787401572
20
-4.1265748031496061
11
6.5106299212598424
21
-4.1265748031496061
0
LINE
8
BLACK
6
CONTINUOUS
10
6.5106299212598424
20
-4.1265748031496061
11
6.509876614173228
21
-4.1264249606299215
0
LINE
8
BLACK
6
CONTINUOUS
10
6.509876614173228
20
-4.1264249606299215
11
6.5088112598425196
21
-4.1253596062992122
0
LINE
8
BLACK
6
CONTINUOUS
10
6.5088112598425196
20
-4.1253596062992122
11
6.5086614173228341
21
-4.1246062992125987
0
LINE
8
BLACK
6
CONTINUOUS
10
6.5086614173228341
20
-4.1246062992125987
11
6.5086614173228341
21
-4.0753937007874015
0
LINE
8
BLACK
6
CONTINUOUS
10
6.5086614173228341
20
-4.0753937007874015
11
6.5088112598425196
21
-4.0746403937007871
0
LINE
8
BLACK
6
CONTINUOUS
10
6.5088112598425196
20
-4.0746403937007871
11
6.509876614173228
21
-4.0735750393700787
0
LINE
8
BLACK
6
CONTINUOUS
10
6.509876614173228
20
-4.0735750393700787
11
6.5106299212598424
21
-4.0734251968503932
0
LINE
8
BLACK
6
CONTINUOUS
10
6.5106299212598424
20
-4.0734251968503932
11
6.5893700787401572
21
-4.0734251968503932
0
LINE
8
BLACK
6
CONTINUOUS
10
6.5893700787401572
20
-4.0734251968503932
11
6.5901233858267716
21
-4.0735750393700787
0
LINE
8
BLACK
6
CONTINUOUS
10
6.5125984251968498
20
-4.0773622047244098
11
6.5125984251968498
21
-4.1226377952755904
0
LINE
8
BLACK
6
CONTINUOUS
10
6.5125984251968498
20
-4.1226377952755904
11
6.5874015748031498
21
-4.1226377952755904
0
LINE
8
BLACK
6
CONTINUOUS
10
6.5874015748031498
20
-4.1226377952755904
11
6.5874015748031498
21
-4.0773622047244098
0
LINE
8
BLACK
6
CONTINUOUS
10
6.5874015748031498
20
-4.0773622047244098
11
6.5125984251968498
21
-4.0773622047244098
0
LINE
8
BLACK
6
CONTINUOUS
10
6.2336123228346452
20
-4.0122017322834642
11
6.23418405511811
21
-4.0139169291338579
0
LINE
8
BLACK
6
CONTINUOUS
10
6.23418405511811
20
-4.0139169291338579
11
6.2339406299212596
21
-4.0148058661417325
0
LINE
8
BLACK
6
CONTINUOUS
10
6.2339406299212596
20
-4.0148058661417325
11
6.2324408267716533
21
-4.0178055511811026
0
LINE
8
BLACK
6
CONTINUOUS
10
6.2324408267716533
20
-4.0178055511811026
11
6.2322084251968501
21
-4.0181049606299215
0
LINE
8
BLACK
6
CONTINUOUS
10
6.2322084251968501
20
-4.0181049606299215
11
6.2319983070866138
21
-4.0184194488188973
0
LINE
8
BLACK
6
CONTINUOUS
10
6.2319983070866138
20
-4.0184194488188973
11
6.2300315748031494
21
-4.0203861811023618
0
LINE
8
BLACK
6
CONTINUOUS
10
6.2300315748031494
20
-4.0203861811023618
11
6.2519627952755901
21
-4.0203861811023618
0
LINE
8
BLACK
6
CONTINUOUS
10
6.2519627952755901
20
-4.0203861811023618
11
6.2519627952755901
21
-4.0137494881889761
0
LINE
8
BLACK
6
CONTINUOUS
10
6.2519627952755901
20
-4.0137494881889761
11
6.2521425984251966
21
-4.0128455118110233
0
LINE
8
BLACK
6
CONTINUOUS
10
6.2521425984251966
20
-4.0128455118110233
11
6.2534210236220469
21
-4.011567086614173
0
LINE
8
BLACK
6
CONTINUOUS
10
6.2534210236220469
20
-4.011567086614173
11
6.2552289763779525
21
-4.011567086614173
0
LINE
8
BLACK
6
CONTINUOUS
10
6.2552289763779525
20
-4.011567086614173
11
6.2565074015748028
21
-4.0128455118110233
0
LINE
8
BLACK
6
CONTINUOUS
10
6.2565074015748028
20
-4.0128455118110233
11
6.2566872047244093
21
-4.0137494881889761
0
LINE
8
BLACK
6
CONTINUOUS
10
6.2566872047244093
20
-4.0137494881889761
11
6.2566872047244093
21
-4.0317472440944879
0
LINE
8
BLACK
6
CONTINUOUS
10
6.2566872047244093
20
-4.0317472440944879
11
6.2565074015748028
21
-4.0326512204724407
0
LINE
8
BLACK
6
CONTINUOUS
10
6.2565074015748028
20
-4.0326512204724407
11
6.2552289763779525
21
-4.033929645669291
0
LINE
8
BLACK
6
CONTINUOUS
10
6.2552289763779525
20
-4.033929645669291
11
6.2534210236220469
21
-4.033929645669291
0
LINE
8
BLACK
6
CONTINUOUS
10
6.2534210236220469
20
-4.033929645669291
11
6.2521425984251966
21
-4.0326512204724407
0
LINE
8
BLACK
6
CONTINUOUS
10
6.2521425984251966
20
-4.0326512204724407
11
6.2519627952755901
21
-4.0317472440944879
0
LINE
8
BLACK
6
CONTINUOUS
10
6.2519627952755901
20
-4.0317472440944879
11
6.2519627952755901
21
-4.025110590551181
0
LINE
8
BLACK
6
CONTINUOUS
10
6.2519627952755901
20
-4.025110590551181
11
6.2228289370078738
21
-4.025110590551181
0
LINE
8
BLACK
6
CONTINUOUS
10
6.2228289370078738
20
-4.025110590551181
11
6.221924960629921
21
-4.0249307874015745
0
LINE
8
BLACK
6
CONTINUOUS
10
6.221924960629921
20
-4.0249307874015745
11
6.2217529921259844
21
-4.024758818897638
0
LINE
8
BLACK
6
CONTINUOUS
10
6.2217529921259844
20
-4.024758818897638
11
6.2215145275590551
21
-4.0247111417322836
0
LINE
8
BLACK
6
CONTINUOUS
10
6.2215145275590551
20
-4.0247111417322836
11
6.2211329527559052
21
-4.0241387795275587
0
LINE
8
BLACK
6
CONTINUOUS
10
6.2211329527559052
20
-4.0241387795275587
11
6.2206465354330707
21
-4.0236523622047242
0
LINE
8
BLACK
6
CONTINUOUS
10
6.2206465354330707
20
-4.0236523622047242
11
6.2206465354330707
21
-4.0234091338582676
0
LINE
8
BLACK
6
CONTINUOUS
10
6.2206465354330707
20
-4.0234091338582676
11
6.2205116535433067
21
-4.0232068110236217
0
LINE
8
BLACK
6
CONTINUOUS
10
6.2205116535433067
20
-4.0232068110236217
11
6.2206465354330707
21
-4.0225323228346452
0
LINE
8
BLACK
6
CONTINUOUS
10
6.2206465354330707
20
-4.0225323228346452
11
6.2206465354330707
21
-4.0218444094488186
0
LINE
8
BLACK
6
CONTINUOUS
10
6.2206465354330707
20
-4.0218444094488186
11
6.2208184645669293
21
-4.0216724409448821
0
LINE
8
BLACK
6
CONTINUOUS
10
6.2208184645669293
20
-4.0216724409448821
11
6.2208661811023624
21
-4.0214339763779527
0
LINE
8
BLACK
6
CONTINUOUS
10
6.2208661811023624
20
-4.0214339763779527
11
6.2215186220472436
21
-4.0207829133858271
0
LINE
8
BLACK
6
CONTINUOUS
10
6.2215186220472436
20
-4.0207829133858271
11
6.2258233858267715
21
-4.0179130314960627
0
LINE
8
BLACK
6
CONTINUOUS
10
6.2258233858267715
20
-4.0179130314960627
11
6.2283865354330707
21
-4.0153498425196847
0
LINE
8
BLACK
6
CONTINUOUS
10
6.2283865354330707
20
-4.0153498425196847
11
6.2297149606299209
21
-4.0126930708661419
0
LINE
8
BLACK
6
CONTINUOUS
10
6.2297149606299209
20
-4.0126930708661419
11
6.2302800393700783
21
-4.0119649606299213
0
LINE
8
BLACK
6
CONTINUOUS
10
6.2302800393700783
20
-4.0119649606299213
11
6.231995236220472
21
-4.0113932283464564
0
LINE
8
BLACK
6
CONTINUOUS
10
6.231995236220472
20
-4.0113932283464564
11
6.2336123228346452
21
-4.0122017322834642
0
LINE
8
BLACK
6
CONTINUOUS
10
6.2552289763779525
20
-3.9875701181102361
11
6.2565074015748028
21
-3.9888485433070864
0
LINE
8
BLACK
6
CONTINUOUS
10
6.2565074015748028
20
-3.9888485433070864
11
6.2566872047244093
21
-3.9897525196850392
0
LINE
8
BLACK
6
CONTINUOUS
10
6.2566872047244093
20
-3.9897525196850392
11
6.2566872047244093
21
-4.0047506299212596
0
LINE
8
BLACK
6
CONTINUOUS
10
6.2566872047244093
20
-4.0047506299212596
11
6.2565074015748028
21
-4.0056546062992124
0
LINE
8
BLACK
6
CONTINUOUS
10
6.2565074015748028
20
-4.0056546062992124
11
6.2552289763779525
21
-4.0069330314960627
0
LINE
8
BLACK
6
CONTINUOUS
10
6.2552289763779525
20
-4.0069330314960627
11
6.2534210236220469
21
-4.0069330314960627
0
LINE
8
BLACK
6
CONTINUOUS
10
6.2534210236220469
20
-4.0069330314960627
11
6.2521425984251966
21
-4.0056546062992124
0
LINE
8
BLACK
6
CONTINUOUS
10
6.2521425984251966
20
-4.0056546062992124
11
6.2519627952755901
21
-4.0047506299212596
0
LINE
8
BLACK
6
CONTINUOUS
10
6.2519627952755901
20
-4.0047506299212596
11
6.2519627952755901
21
-3.9921147244094488
0
LINE
8
BLACK
6
CONTINUOUS
10
6.2519627952755901
20
-3.9921147244094488
11
6.2228289370078738
21
-3.9921147244094488
0
LINE
8
BLACK
6
CONTINUOUS
10
6.2228289370078738
20
-3.9921147244094488
11
6.221924960629921
21
-3.9919349212598423
0
LINE
8
BLACK
6
CONTINUOUS
10
6.221924960629921
20
-3.9919349212598423
11
6.2206465354330707
21
-3.990656496062992
0
LINE
8
BLACK
6
CONTINUOUS
10
6.2206465354330707
20
-3.990656496062992
11
6.2206465354330707
21
-3.9888485433070864
0
LINE
8
BLACK
6
CONTINUOUS
10
6.2206465354330707
20
-3.9888485433070864
11
6.221924960629921
21
-3.9875701181102361
0
LINE
8
BLACK
6
CONTINUOUS
10
6.221924960629921
20
-3.9875701181102361
11
6.2228289370078738
21
-3.98739031496063
0
LINE
8
BLACK
6
CONTINUOUS
10
6.2228289370078738
20
-3.98739031496063
11
6.2543249999999997
21
-3.98739031496063
0
LINE
8
BLACK
6
CONTINUOUS
10
6.2543249999999997
20
-3.98739031496063
11
6.2552289763779525
21
-3.9875701181102361
0
LINE
8
BLACK
6
CONTINUOUS
10
6.2899659055118109
20
-3.9451892125984251
11
6.2910312598425193
21
-3.9462545669291336
0
LINE
8
BLACK
6
CONTINUOUS
10
6.2910312598425193
20
-3.9462545669291336
11
6.2911811023622048
21
-3.9470078740157479
0
LINE
8
BLACK
6
CONTINUOUS
10
6.2911811023622048
20
-3.9470078740157479
11
6.2911811023622048
21
-4.0729921259842516
0
LINE
8
BLACK
6
CONTINUOUS
10
6.2911811023622048
20
-4.0729921259842516
11
6.2910312598425193
21
-4.073745433070866
0
LINE
8
BLACK
6
CONTINUOUS
10
6.2910312598425193
20
-4.073745433070866
11
6.2899659055118109
21
-4.0748107874015744
0
LINE
8
BLACK
6
CONTINUOUS
10
6.2899659055118109
20
-4.0748107874015744
11
6.2892125984251965
21
-4.07496062992126
0
LINE
8
BLACK
6
CONTINUOUS
10
6.2892125984251965
20
-4.07496062992126
11
6.190787401574803
21
-4.07496062992126
0
LINE
8
BLACK
6
CONTINUOUS
10
6.190787401574803
20
-4.07496062992126
11
6.1900340944881886
21
-4.0748107874015744
0
LINE
8
BLACK
6
CONTINUOUS
10
6.1900340944881886
20
-4.0748107874015744
11
6.1889687401574802
21
-4.073745433070866
0
LINE
8
BLACK
6
CONTINUOUS
10
6.1889687401574802
20
-4.073745433070866
11
6.1888188976377947
21
-4.0729921259842516
0
LINE
8
BLACK
6
CONTINUOUS
10
6.1888188976377947
20
-4.0729921259842516
11
6.1888188976377947
21
-3.9470078740157479
0
LINE
8
BLACK
6
CONTINUOUS
10
6.1888188976377947
20
-3.9470078740157479
11
6.1889687401574802
21
-3.9462545669291336
0
LINE
8
BLACK
6
CONTINUOUS
10
6.1889687401574802
20
-3.9462545669291336
11
6.1900340944881886
21
-3.9451892125984251
0
LINE
8
BLACK
6
CONTINUOUS
10
6.1900340944881886
20
-3.9451892125984251
11
6.190787401574803
21
-3.9450393700787401
0
LINE
8
BLACK
6
CONTINUOUS
10
6.190787401574803
20
-3.9450393700787401
11
6.2892125984251965
21
-3.9450393700787401
0
LINE
8
BLACK
6
CONTINUOUS
10
6.2892125984251965
20
-3.9450393700787401
11
6.2899659055118109
21
-3.9451892125984251
0
LINE
8
BLACK
6
CONTINUOUS
10
6.1927559055118113
20
-3.9489763779527558
11
6.1927559055118113
21
-4.0710236220472442
0
LINE
8
BLACK
6
CONTINUOUS
10
6.1927559055118113
20
-4.0710236220472442
11
6.2872440944881891
21
-4.0710236220472442
0
LINE
8
BLACK
6
CONTINUOUS
10
6.2872440944881891
20
-4.0710236220472442
11
6.2872440944881891
21
-3.9489763779527558
0
LINE
8
BLACK
6
CONTINUOUS
10
6.2872440944881891
20
-3.9489763779527558
11
6.1927559055118113
21
-3.9489763779527558
0
LINE
8
BLACK
6
CONTINUOUS
10
6.0865152755905507
20
-4.0168212598425193
11
6.086613267716535
21
-4.0168618503937008
0
LINE
8
BLACK
6
CONTINUOUS
10
6.086613267716535
20
-4.0168618503937008
11
6.0867190944881893
21
-4.0168693700787399
0
LINE
8
BLACK
6
CONTINUOUS
10
6.0867190944881893
20
-4.0168693700787399
11
6.0872597244094484
21
-4.0170762598425194
0
LINE
8
BLACK
6
CONTINUOUS
10
6.0872597244094484
20
-4.0170762598425194
11
6.0910092519685035
21
-4.0189510236220469
0
LINE
8
BLACK
6
CONTINUOUS
10
6.0910092519685035
20
-4.0189510236220469
11
6.0912572440944883
21
-4.0191070866141727
0
LINE
8
BLACK
6
CONTINUOUS
10
6.0912572440944883
20
-4.0191070866141727
11
6.0913292125984251
21
-4.0191369291338583
0
LINE
8
BLACK
6
CONTINUOUS
10
6.0913292125984251
20
-4.0191369291338583
11
6.0914101574803148
21
-4.0192033858267715
0
LINE
8
BLACK
6
CONTINUOUS
10
6.0914101574803148
20
-4.0192033858267715
11
6.0914991338582674
21
-4.01925937007874
0
LINE
8
BLACK
6
CONTINUOUS
10
6.0914991338582674
20
-4.01925937007874
11
6.0915502755905511
21
-4.0193183464566928
0
LINE
8
BLACK
6
CONTINUOUS
10
6.0915502755905511
20
-4.0193183464566928
11
6.0917766535433069
21
-4.019504133858268
0
LINE
8
BLACK
6
CONTINUOUS
10
6.0917766535433069
20
-4.019504133858268
11
6.0936514173228344
21
-4.0213788976377955
0
LINE
8
BLACK
6
CONTINUOUS
10
6.0936514173228344
20
-4.0213788976377955
11
6.0940186220472441
21
-4.0218263385826774
0
LINE
8
BLACK
6
CONTINUOUS
10
6.0940186220472441
20
-4.0218263385826774
11
6.0944595275590547
21
-4.0228907480314957
0
LINE
8
BLACK
6
CONTINUOUS
10
6.0944595275590547
20
-4.0228907480314957
11
6.0944595275590547
21
-4.0240428346456696
0
LINE
8
BLACK
6
CONTINUOUS
10
6.0944595275590547
20
-4.0240428346456696
11
6.0940186220472441
21
-4.0251072440944879
0
LINE
8
BLACK
6
CONTINUOUS
10
6.0940186220472441
20
-4.0251072440944879
11
6.0932039370078739
21
-4.0259219291338582
0
LINE
8
BLACK
6
CONTINUOUS
10
6.0932039370078739
20
-4.0259219291338582
11
6.0921395275590546
21
-4.0263628346456688
0
LINE
8
BLACK
6
CONTINUOUS
10
6.0921395275590546
20
-4.0263628346456688
11
6.0909874409448816
21
-4.0263628346456688
0
LINE
8
BLACK
6
CONTINUOUS
10
6.0909874409448816
20
-4.0263628346456688
11
6.0899230314960633
21
-4.0259219291338582
0
LINE
8
BLACK
6
CONTINUOUS
10
6.0899230314960633
20
-4.0259219291338582
11
6.0894755905511806
21
-4.0255547244094485
0
LINE
8
BLACK
6
CONTINUOUS
10
6.0894755905511806
20
-4.0255547244094485
11
6.0879396456692909
21
-4.0240187795275588
0
LINE
8
BLACK
6
CONTINUOUS
10
6.0879396456692909
20
-4.0240187795275588
11
6.0852421653543303
21
-4.0226700393700785
0
LINE
8
BLACK
6
CONTINUOUS
10
6.0852421653543303
20
-4.0226700393700785
11
6.0772624409448817
21
-4.0226700393700785
0
LINE
8
BLACK
6
CONTINUOUS
10
6.0772624409448817
20
-4.0226700393700785
11
6.074564960629921
21
-4.0240187795275588
0
LINE
8
BLACK
6
CONTINUOUS
10
6.074564960629921
20
-4.0240187795275588
11
6.0733678346456692
21
-4.0252159055118106
0
LINE
8
BLACK
6
CONTINUOUS
10
6.0733678346456692
20
-4.0252159055118106
11
6.0720190944881889
21
-4.0279133858267713
0
LINE
8
BLACK
6
CONTINUOUS
10
6.0720190944881889
20
-4.0279133858267713
11
6.0720190944881889
21
-4.030486692913386
0
LINE
8
BLACK
6
CONTINUOUS
10
6.0720190944881889
20
-4.030486692913386
11
6.0735218897637795
21
-4.0349951181102357
0
LINE
8
BLACK
6
CONTINUOUS
10
6.0735218897637795
20
-4.0349951181102357
11
6.095526181102362
21
-4.0569994488188978
0
LINE
8
BLACK
6
CONTINUOUS
10
6.095526181102362
20
-4.0569994488188978
11
6.0958934251968504
21
-4.0574468897637797
0
LINE
8
BLACK
6
CONTINUOUS
10
6.0958934251968504
20
-4.0574468897637797
11
6.0963342913385823
21
-4.0585113385826768
0
LINE
8
BLACK
6
CONTINUOUS
10
6.0963342913385823
20
-4.0585113385826768
11
6.0963342913385823
21
-4.0596634251968506
0
LINE
8
BLACK
6
CONTINUOUS
10
6.0963342913385823
20
-4.0596634251968506
11
6.0958933858267716
21
-4.060727834645669
0
LINE
8
BLACK
6
CONTINUOUS
10
6.0958933858267716
20
-4.060727834645669
11
6.0950787401574802
21
-4.0615425196850392
0
LINE
8
BLACK
6
CONTINUOUS
10
6.0950787401574802
20
-4.0615425196850392
11
6.0943260629921259
21
-4.0618542519685041
0
LINE
8
BLACK
6
CONTINUOUS
10
6.0943260629921259
20
-4.0618542519685041
11
6.0940143307086609
21
-4.061983385826772
0
LINE
8
BLACK
6
CONTINUOUS
10
6.0940143307086609
20
-4.061983385826772
11
6.0934382677165351
21
-4.0620401181102359
0
LINE
8
BLACK
6
CONTINUOUS
10
6.0934382677165351
20
-4.0620401181102359
11
6.0690663385826769
21
-4.0620401181102359
0
LINE
8
BLACK
6
CONTINUOUS
10
6.0690663385826769
20
-4.0620401181102359
11
6.068490275590551
21
-4.061983385826772
0
LINE
8
BLACK
6
CONTINUOUS
10
6.068490275590551
20
-4.061983385826772
11
6.0674258661417317
21
-4.0615424803149605
0
LINE
8
BLACK
6
CONTINUOUS
10
6.0674258661417317
20
-4.0615424803149605
11
6.0666112204724412
21
-4.060727834645669
0
LINE
8
BLACK
6
CONTINUOUS
10
6.0666112204724412
20
-4.060727834645669
11
6.0661703149606296
21
-4.0596634251968506
0
LINE
8
BLACK
6
CONTINUOUS
10
6.0661703149606296
20
-4.0596634251968506
11
6.0661703149606296
21
-4.058511299212598
0
LINE
8
BLACK
6
CONTINUOUS
10
6.0661703149606296
20
-4.058511299212598
11
6.0666112204724412
21
-4.0574468897637797
0
LINE
8
BLACK
6
CONTINUOUS
10
6.0666112204724412
20
-4.0574468897637797
11
6.0674258661417317
21
-4.0566322440944882
0
LINE
8
BLACK
6
CONTINUOUS
10
6.0674258661417317
20
-4.0566322440944882
11
6.068490275590551
21
-4.0561913385826767
0
LINE
8
BLACK
6
CONTINUOUS
10
6.068490275590551
20
-4.0561913385826767
11
6.0690663385826769
21
-4.0561346062992127
0
LINE
8
BLACK
6
CONTINUOUS
10
6.0690663385826769
20
-4.0561346062992127
11
6.0863096850393701
21
-4.0561346062992127
0
LINE
8
BLACK
6
CONTINUOUS
10
6.0863096850393701
20
-4.0561346062992127
11
6.0688531889763775
21
-4.0386780708661414
0
LINE
8
BLACK
6
CONTINUOUS
10
6.0688531889763775
20
-4.0386780708661414
11
6.0684859842519687
21
-4.0382306299212596
0
LINE
8
BLACK
6
CONTINUOUS
10
6.0684859842519687
20
-4.0382306299212596
11
6.0684453543307084
21
-4.0381325590551178
0
LINE
8
BLACK
6
CONTINUOUS
10
6.0684453543307084
20
-4.0381325590551178
11
6.0683758661417322
21
-4.0380524409448819
0
LINE
8
BLACK
6
CONTINUOUS
10
6.0683758661417322
20
-4.0380524409448819
11
6.0681398818897634
21
-4.0375238976377954
0
LINE
8
BLACK
6
CONTINUOUS
10
6.0681398818897634
20
-4.0375238976377954
11
6.0662651181102358
21
-4.0318996062992127
0
LINE
8
BLACK
6
CONTINUOUS
10
6.0662651181102358
20
-4.0318996062992127
11
6.0662001574803144
21
-4.0316140157480316
0
LINE
8
BLACK
6
CONTINUOUS
10
6.0662001574803144
20
-4.0316140157480316
11
6.0661703149606296
21
-4.0315419291338586
0
LINE
8
BLACK
6
CONTINUOUS
10
6.0661703149606296
20
-4.0315419291338586
11
6.06616
21
-4.0314374015748031
0
LINE
8
BLACK
6
CONTINUOUS
10
6.06616
20
-4.0314374015748031
11
6.066136771653543
21
-4.0313351574803145
0
LINE
8
BLACK
6
CONTINUOUS
10
6.066136771653543
20
-4.0313351574803145
11
6.0661422834645666
21
-4.0312574015748028
0
LINE
8
BLACK
6
CONTINUOUS
10
6.0661422834645666
20
-4.0312574015748028
11
6.0661135826771648
21
-4.0309658661417318
0
LINE
8
BLACK
6
CONTINUOUS
10
6.0661135826771648
20
-4.0309658661417318
11
6.0661135826771648
21
-4.0272163385826767
0
LINE
8
BLACK
6
CONTINUOUS
10
6.0661135826771648
20
-4.0272163385826767
11
6.0661703149606296
21
-4.0266402755905508
0
LINE
8
BLACK
6
CONTINUOUS
10
6.0661703149606296
20
-4.0266402755905508
11
6.0662109055118112
21
-4.0265422440944878
0
LINE
8
BLACK
6
CONTINUOUS
10
6.0662109055118112
20
-4.0265422440944878
11
6.0662184251968503
21
-4.0264364566929132
0
LINE
8
BLACK
6
CONTINUOUS
10
6.0662184251968503
20
-4.0264364566929132
11
6.0664253149606298
21
-4.0258958267716531
0
LINE
8
BLACK
6
CONTINUOUS
10
6.0664253149606298
20
-4.0258958267716531
11
6.0683000787401573
21
-4.022146299212598
0
LINE
8
BLACK
6
CONTINUOUS
10
6.0683000787401573
20
-4.022146299212598
11
6.0684561417322831
21
-4.0218982677165354
0
LINE
8
BLACK
6
CONTINUOUS
10
6.0684561417322831
20
-4.0218982677165354
11
6.0684859842519687
21
-4.0218263385826774
0
LINE
8
BLACK
6
CONTINUOUS
10
6.0684859842519687
20
-4.0218263385826774
11
6.0685524409448819
21
-4.0217453543307089
0
LINE
8
BLACK
6
CONTINUOUS
10
6.0685524409448819
20
-4.0217453543307089
11
6.0686084251968504
21
-4.0216564173228342
0
LINE
8
BLACK
6
CONTINUOUS
10
6.0686084251968504
20
-4.0216564173228342
11
6.0686674015748032
21
-4.0216052362204726
0
LINE
8
BLACK
6
CONTINUOUS
10
6.0686674015748032
20
-4.0216052362204726
11
6.0688531889763775
21
-4.0213788976377955
0
LINE
8
BLACK
6
CONTINUOUS
10
6.0688531889763775
20
-4.0213788976377955
11
6.070727952755905
21
-4.019504133858268
0
LINE
8
BLACK
6
CONTINUOUS
10
6.070727952755905
20
-4.019504133858268
11
6.0709542913385821
21
-4.0193183464566928
0
LINE
8
BLACK
6
CONTINUOUS
10
6.0709542913385821
20
-4.0193183464566928
11
6.0710054724409446
21
-4.01925937007874
0
LINE
8
BLACK
6
CONTINUOUS
10
6.0710054724409446
20
-4.01925937007874
11
6.0710944094488184
21
-4.0192033858267715
0
LINE
8
BLACK
6
CONTINUOUS
10
6.0710944094488184
20
-4.0192033858267715
11
6.0711753937007868
21
-4.0191369291338583
0
LINE
8
BLACK
6
CONTINUOUS
10
6.0711753937007868
20
-4.0191369291338583
11
6.0712473228346457
21
-4.0191070866141727
0
LINE
8
BLACK
6
CONTINUOUS
10
6.0712473228346457
20
-4.0191070866141727
11
6.0714953543307084
21
-4.0189510236220469
0
LINE
8
BLACK
6
CONTINUOUS
10
6.0714953543307084
20
-4.0189510236220469
11
6.0752448818897635
21
-4.0170762598425194
0
LINE
8
BLACK
6
CONTINUOUS
10
6.0752448818897635
20
-4.0170762598425194
11
6.0757854724409448
21
-4.0168693700787399
0
LINE
8
BLACK
6
CONTINUOUS
10
6.0757854724409448
20
-4.0168693700787399
11
6.0758913385826769
21
-4.0168618110236221
0
LINE
8
BLACK
6
CONTINUOUS
10
6.0758913385826769
20
-4.0168618110236221
11
6.0759893307086612
21
-4.0168212598425193
0
LINE
8
BLACK
6
CONTINUOUS
10
6.0759893307086612
20
-4.0168212598425193
11
6.0765653937007871
21
-4.0167645275590553
0
LINE
8
BLACK
6
CONTINUOUS
10
6.0765653937007871
20
-4.0167645275590553
11
6.0859392125984249
21
-4.0167645275590553
0
LINE
8
BLACK
6
CONTINUOUS
10
6.0859392125984249
20
-4.0167645275590553
11
6.0865152755905507
21
-4.0168212598425193
0
LINE
8
BLACK
6
CONTINUOUS
10
6.1296348818897632
20
-4.0168212598425193
11
6.1306992913385825
21
-4.0172621653543308
0
LINE
8
BLACK
6
CONTINUOUS
10
6.1306992913385825
20
-4.0172621653543308
11
6.1315139370078739
21
-4.0180768110236222
0
LINE
8
BLACK
6
CONTINUOUS
10
6.1315139370078739
20
-4.0180768110236222
11
6.1319548425196846
21
-4.0191412204724406
0
LINE
8
BLACK
6
CONTINUOUS
10
6.1319548425196846
20
-4.0191412204724406
11
6.1320115748031494
21
-4.0197172834645665
0
LINE
8
BLACK
6
CONTINUOUS
10
6.1320115748031494
20
-4.0197172834645665
11
6.1320115748031494
21
-4.0590873622047239
0
LINE
8
BLACK
6
CONTINUOUS
10
6.1320115748031494
20
-4.0590873622047239
11
6.1319548425196846
21
-4.0596634251968506
0
LINE
8
BLACK
6
CONTINUOUS
10
6.1319548425196846
20
-4.0596634251968506
11
6.1315139370078739
21
-4.060727834645669
0
LINE
8
BLACK
6
CONTINUOUS
10
6.1315139370078739
20
-4.060727834645669
11
6.1306992913385825
21
-4.0615424803149605
0
LINE
8
BLACK
6
CONTINUOUS
10
6.1306992913385825
20
-4.0615424803149605
11
6.1296348818897632
21
-4.061983385826772
0
LINE
8
BLACK
6
CONTINUOUS
10
6.1296348818897632
20
-4.061983385826772
11
6.1290588188976374
21
-4.0620401181102359
0
LINE
8
BLACK
6
CONTINUOUS
10
6.1290588188976374
20
-4.0620401181102359
11
6.1196849999999996
21
-4.0620401181102359
0
LINE
8
BLACK
6
CONTINUOUS
10
6.1196849999999996
20
-4.0620401181102359
11
6.1193933858267719
21
-4.0620113779527562
0
LINE
8
BLACK
6
CONTINUOUS
10
6.1193933858267719
20
-4.0620113779527562
11
6.1193156692913382
21
-4.0620169291338586
0
LINE
8
BLACK
6
CONTINUOUS
10
6.1193156692913382
20
-4.0620169291338586
11
6.1192133858267717
21
-4.0619936614173229
0
LINE
8
BLACK
6
CONTINUOUS
10
6.1192133858267717
20
-4.0619936614173229
11
6.1191089370078737
21
-4.061983385826772
0
LINE
8
BLACK
6
CONTINUOUS
10
6.1191089370078737
20
-4.061983385826772
11
6.1190368503937007
21
-4.0619535039370076
0
LINE
8
BLACK
6
CONTINUOUS
10
6.1190368503937007
20
-4.0619535039370076
11
6.1187512204724408
21
-4.0618885826771649
0
LINE
8
BLACK
6
CONTINUOUS
10
6.1187512204724408
20
-4.0618885826771649
11
6.1131269685039369
21
-4.0600138188976373
0
LINE
8
BLACK
6
CONTINUOUS
10
6.1131269685039369
20
-4.0600138188976373
11
6.1125983858267716
21
-4.0597778346456694
0
LINE
8
BLACK
6
CONTINUOUS
10
6.1125983858267716
20
-4.0597778346456694
11
6.1125182677165357
21
-4.0597083464566932
0
LINE
8
BLACK
6
CONTINUOUS
10
6.1125182677165357
20
-4.0597083464566932
11
6.1124202362204727
21
-4.0596677559055117
0
LINE
8
BLACK
6
CONTINUOUS
10
6.1124202362204727
20
-4.0596677559055117
11
6.11197279527559
21
-4.0593005118110232
0
LINE
8
BLACK
6
CONTINUOUS
10
6.11197279527559
20
-4.0593005118110232
11
6.1082232677165349
21
-4.0555509448818894
0
LINE
8
BLACK
6
CONTINUOUS
10
6.1082232677165349
20
-4.0555509448818894
11
6.1080374803149606
21
-4.0553245669291336
0
LINE
8
BLACK
6
CONTINUOUS
10
6.1080374803149606
20
-4.0553245669291336
11
6.1079785039370078
21
-4.0552734251968507
0
LINE
8
BLACK
6
CONTINUOUS
10
6.1079785039370078
20
-4.0552734251968507
11
6.1079225196850393
21
-4.055184488188976
0
LINE
8
BLACK
6
CONTINUOUS
10
6.1079225196850393
20
-4.055184488188976
11
6.1078560236220474
21
-4.0551034645669288
0
LINE
8
BLACK
6
CONTINUOUS
10
6.1078560236220474
20
-4.0551034645669288
11
6.1078261811023618
21
-4.0550314173228346
0
LINE
8
BLACK
6
CONTINUOUS
10
6.1078261811023618
20
-4.0550314173228346
11
6.1076701574803147
21
-4.0547835433070869
0
LINE
8
BLACK
6
CONTINUOUS
10
6.1076701574803147
20
-4.0547835433070869
11
6.1057953937007872
21
-4.0510340157480318
0
LINE
8
BLACK
6
CONTINUOUS
10
6.1057953937007872
20
-4.0510340157480318
11
6.1057792519685039
21
-4.0509918897637798
0
LINE
8
BLACK
6
CONTINUOUS
10
6.1057792519685039
20
-4.0509918897637798
11
6.1057665748031491
21
-4.0509747637795277
0
LINE
8
BLACK
6
CONTINUOUS
10
6.1057665748031491
20
-4.0509747637795277
11
6.1056801181102358
21
-4.0507327952755903
0
LINE
8
BLACK
6
CONTINUOUS
10
6.1056801181102358
20
-4.0507327952755903
11
6.1055885039370077
21
-4.0504933858267718
0
LINE
8
BLACK
6
CONTINUOUS
10
6.1055885039370077
20
-4.0504933858267718
11
6.1055869685039372
21
-4.0504721259842515
0
LINE
8
BLACK
6
CONTINUOUS
10
6.1055869685039372
20
-4.0504721259842515
11
6.1055718110236219
21
-4.0504296456692916
0
LINE
8
BLACK
6
CONTINUOUS
10
6.1055718110236219
20
-4.0504296456692916
11
6.1036970472440943
21
-4.0429305905511814
0
LINE
8
BLACK
6
CONTINUOUS
10
6.1036970472440943
20
-4.0429305905511814
11
6.1036822440944878
21
-4.042830708661417
0
LINE
8
BLACK
6
CONTINUOUS
10
6.1036822440944878
20
-4.042830708661417
11
6.1036656299212595
21
-4.0427905118110239
0
LINE
8
BLACK
6
CONTINUOUS
10
6.1036656299212595
20
-4.0427905118110239
11
6.1036442519685039
21
-4.0425734645669289
0
LINE
8
BLACK
6
CONTINUOUS
10
6.1036442519685039
20
-4.0425734645669289
11
6.1036124015748028
21
-4.042357992125984
0
LINE
8
BLACK
6
CONTINUOUS
10
6.1036124015748028
20
-4.042357992125984
11
6.1036187795275589
21
-4.0423149606299216
0
LINE
8
BLACK
6
CONTINUOUS
10
6.1036187795275589
20
-4.0423149606299216
11
6.1036088976377956
21
-4.0422144488188971
0
LINE
8
BLACK
6
CONTINUOUS
10
6.1036088976377956
20
-4.0422144488188971
11
6.1036088976377956
21
-4.0365901574803145
0
LINE
8
BLACK
6
CONTINUOUS
10
6.1036088976377956
20
-4.0365901574803145
11
6.1036187795275589
21
-4.0364896062992122
0
LINE
8
BLACK
6
CONTINUOUS
10
6.1036187795275589
20
-4.0364896062992122
11
6.1036124015748028
21
-4.0364466141732285
0
LINE
8
BLACK
6
CONTINUOUS
10
6.1036124015748028
20
-4.0364466141732285
11
6.1036442519685039
21
-4.0362311023622048
0
LINE
8
BLACK
6
CONTINUOUS
10
6.1036442519685039
20
-4.0362311023622048
11
6.1036656299212595
21
-4.0360140944881886
0
LINE
8
BLACK
6
CONTINUOUS
10
6.1036656299212595
20
-4.0360140944881886
11
6.1036822440944878
21
-4.0359738582677167
0
LINE
8
BLACK
6
CONTINUOUS
10
6.1036822440944878
20
-4.0359738582677167
11
6.1036970472440943
21
-4.0358740157480311
0
LINE
8
BLACK
6
CONTINUOUS
10
6.1036970472440943
20
-4.0358740157480311
11
6.1055718110236219
21
-4.0283749606299208
0
LINE
8
BLACK
6
CONTINUOUS
10
6.1055718110236219
20
-4.0283749606299208
11
6.1055869685039372
21
-4.0283324409448822
0
LINE
8
BLACK
6
CONTINUOUS
10
6.1055869685039372
20
-4.0283324409448822
11
6.1055885039370077
21
-4.0283112204724407
0
LINE
8
BLACK
6
CONTINUOUS
10
6.1055885039370077
20
-4.0283112204724407
11
6.1056801181102358
21
-4.0280717716535435
0
LINE
8
BLACK
6
CONTINUOUS
10
6.1056801181102358
20
-4.0280717716535435
11
6.1057665748031491
21
-4.0278298425196848
0
LINE
8
BLACK
6
CONTINUOUS
10
6.1057665748031491
20
-4.0278298425196848
11
6.1057792519685039
21
-4.027812677165354
0
LINE
8
BLACK
6
CONTINUOUS
10
6.1057792519685039
20
-4.027812677165354
11
6.1057953937007872
21
-4.0277705905511807
0
LINE
8
BLACK
6
CONTINUOUS
10
6.1057953937007872
20
-4.0277705905511807
11
6.1076701574803147
21
-4.0240210629921256
0
LINE
8
BLACK
6
CONTINUOUS
10
6.1076701574803147
20
-4.0240210629921256
11
6.1078262204724405
21
-4.0237730314960629
0
LINE
8
BLACK
6
CONTINUOUS
10
6.1078262204724405
20
-4.0237730314960629
11
6.1078560629921261
21
-4.0237011023622049
0
LINE
8
BLACK
6
CONTINUOUS
10
6.1078560629921261
20
-4.0237011023622049
11
6.1079225196850393
21
-4.0236201181102365
0
LINE
8
BLACK
6
CONTINUOUS
10
6.1079225196850393
20
-4.0236201181102365
11
6.1079785039370078
21
-4.0235311811023617
0
LINE
8
BLACK
6
CONTINUOUS
10
6.1079785039370078
20
-4.0235311811023617
11
6.1080374803149606
21
-4.0234800000000002
0
LINE
8
BLACK
6
CONTINUOUS
10
6.1080374803149606
20
-4.0234800000000002
11
6.1082232677165349
21
-4.0232536614173231
0
LINE
8
BLACK
6
CONTINUOUS
10
6.1082232677165349
20
-4.0232536614173231
11
6.11197279527559
21
-4.019504133858268
0
LINE
8
BLACK
6
CONTINUOUS
10
6.11197279527559
20
-4.019504133858268
11
6.1124202362204727
21
-4.0191368897637796
0
LINE
8
BLACK
6
CONTINUOUS
10
6.1124202362204727
20
-4.0191368897637796
11
6.1125182677165357
21
-4.0190962598425193
0
LINE
8
BLACK
6
CONTINUOUS
10
6.1125182677165357
20
-4.0190962598425193
11
6.1125983858267716
21
-4.0190268110236218
0
LINE
8
BLACK
6
CONTINUOUS
10
6.1125983858267716
20
-4.0190268110236218
11
6.1131269685039369
21
-4.0187908267716539
0
LINE
8
BLACK
6
CONTINUOUS
10
6.1131269685039369
20
-4.0187908267716539
11
6.1187512204724408
21
-4.0169160629921263
0
LINE
8
BLACK
6
CONTINUOUS
10
6.1187512204724408
20
-4.0169160629921263
11
6.1190368503937007
21
-4.0168511023622049
0
LINE
8
BLACK
6
CONTINUOUS
10
6.1190368503937007
20
-4.0168511023622049
11
6.1191089370078737
21
-4.0168212598425193
0
LINE
8
BLACK
6
CONTINUOUS
10
6.1191089370078737
20
-4.0168212598425193
11
6.1192133858267717
21
-4.0168109448818896
0
LINE
8
BLACK
6
CONTINUOUS
10
6.1192133858267717
20
-4.0168109448818896
11
6.1193156692913382
21
-4.0167877165354327
0
LINE
8
BLACK
6
CONTINUOUS
10
6.1193156692913382
20
-4.0167877165354327
11
6.1193933858267719
21
-4.0167932283464562
0
LINE
8
BLACK
6
CONTINUOUS
10
6.1193933858267719
20
-4.0167932283464562
11
6.1196849999999996
21
-4.0167645275590553
0
LINE
8
BLACK
6
CONTINUOUS
10
6.1196849999999996
20
-4.0167645275590553
11
6.1290588188976374
21
-4.0167645275590553
0
LINE
8
BLACK
6
CONTINUOUS
10
6.1290588188976374
20
-4.0167645275590553
11
6.1296348818897632
21
-4.0168212598425193
0
LINE
8
BLACK
6
CONTINUOUS
10
6.1156557480314957
20
-4.0241728346456691
11
6.1127379133858266
21
-4.0270906692913382
0
LINE
8
BLACK
6
CONTINUOUS
10
6.1127379133858266
20
-4.0270906692913382
11
6.1112224015748033
21
-4.0301216535433069
0
LINE
8
BLACK
6
CONTINUOUS
10
6.1112224015748033
20
-4.0301216535433069
11
6.1095144094488187
21
-4.0369537007874019
0
LINE
8
BLACK
6
CONTINUOUS
10
6.1095144094488187
20
-4.0369537007874019
11
6.1095144094488187
21
-4.0418509055118106
0
LINE
8
BLACK
6
CONTINUOUS
10
6.1095144094488187
20
-4.0418509055118106
11
6.1112224015748033
21
-4.0486829527559056
0
LINE
8
BLACK
6
CONTINUOUS
10
6.1112224015748033
20
-4.0486829527559056
11
6.1127379133858266
21
-4.0517139370078743
0
LINE
8
BLACK
6
CONTINUOUS
10
6.1127379133858266
20
-4.0517139370078743
11
6.1156557480314957
21
-4.0546318110236221
0
LINE
8
BLACK
6
CONTINUOUS
10
6.1156557480314957
20
-4.0546318110236221
11
6.1201641338582675
21
-4.0561346062992127
0
LINE
8
BLACK
6
CONTINUOUS
10
6.1201641338582675
20
-4.0561346062992127
11
6.1261060629921262
21
-4.0561346062992127
0
LINE
8
BLACK
6
CONTINUOUS
10
6.1261060629921262
20
-4.0561346062992127
11
6.1261060629921262
21
-4.0226700393700785
0
LINE
8
BLACK
6
CONTINUOUS
10
6.1261060629921262
20
-4.0226700393700785
11
6.1201641338582675
21
-4.0226700393700785
0
LINE
8
BLACK
6
CONTINUOUS
10
6.1201641338582675
20
-4.0226700393700785
11
6.1156557480314957
21
-4.0241728346456691
0
LINE
8
BLACK
6
CONTINUOUS
10
6.4106320472440945
20
-3.9831845275590552
11
6.4107444488188978
21
-3.9837495275590551
0
LINE
8
BLACK
6
CONTINUOUS
10
6.4107444488188978
20
-3.9837495275590551
11
6.4107444488188978
21
-3.9926818897637792
0
LINE
8
BLACK
6
CONTINUOUS
10
6.4107444488188978
20
-3.9926818897637792
11
6.4157949212598426
21
-3.988262716535433
0
LINE
8
BLACK
6
CONTINUOUS
10
6.4157949212598426
20
-3.988262716535433
11
6.4161587007874017
21
-3.9880532283464567
0
LINE
8
BLACK
6
CONTINUOUS
10
6.4161587007874017
20
-3.9880532283464567
11
6.4162021259842517
21
-3.988009842519685
0
LINE
8
BLACK
6
CONTINUOUS
10
6.4162021259842517
20
-3.988009842519685
11
6.416234094488189
21
-3.988009842519685
0
LINE
8
BLACK
6
CONTINUOUS
10
6.416234094488189
20
-3.988009842519685
11
6.4162941338582673
21
-3.9879752755905509
0
LINE
8
BLACK
6
CONTINUOUS
10
6.4162941338582673
20
-3.9879752755905509
11
6.4168126771653542
21
-3.988009842519685
0
LINE
8
BLACK
6
CONTINUOUS
10
6.4168126771653542
20
-3.988009842519685
11
6.4173321259842515
21
-3.988009842519685
0
LINE
8
BLACK
6
CONTINUOUS
10
6.4173321259842515
20
-3.988009842519685
11
6.417369212598425
21
-3.9880469291338581
0
LINE
8
BLACK
6
CONTINUOUS
10
6.417369212598425
20
-3.9880469291338581
11
6.4174215748031491
21
-3.9880504330708662
0
LINE
8
BLACK
6
CONTINUOUS
10
6.4174215748031491
20
-3.9880504330708662
11
6.4177635826771651
21
-3.9884412992125982
0
LINE
8
BLACK
6
CONTINUOUS
10
6.4177635826771651
20
-3.9884412992125982
11
6.4181311023622047
21
-3.9888088188976378
0
LINE
8
BLACK
6
CONTINUOUS
10
6.4181311023622047
20
-3.9888088188976378
11
6.4181446062992125
21
-3.9888767322834644
0
LINE
8
BLACK
6
CONTINUOUS
10
6.4181446062992125
20
-3.9888767322834644
11
6.418165669291338
21
-3.9889008267716535
0
LINE
8
BLACK
6
CONTINUOUS
10
6.418165669291338
20
-3.9889008267716535
11
6.4181615748031495
21
-3.9889620472440943
0
LINE
8
BLACK
6
CONTINUOUS
10
6.4181615748031495
20
-3.9889620472440943
11
6.418243503937008
21
-3.9893738188976378
0
LINE
8
BLACK
6
CONTINUOUS
10
6.418243503937008
20
-3.9893738188976378
11
6.418243503937008
21
-3.991837401574803
0
LINE
8
BLACK
6
CONTINUOUS
10
6.418243503937008
20
-3.991837401574803
11
6.4189178740157482
21
-3.9931861417322834
0
LINE
8
BLACK
6
CONTINUOUS
10
6.4189178740157482
20
-3.9931861417322834
11
6.4195164173228347
21
-3.9937847244094486
0
LINE
8
BLACK
6
CONTINUOUS
10
6.4195164173228347
20
-3.9937847244094486
11
6.4208651968503938
21
-3.9944591338582676
0
LINE
8
BLACK
6
CONTINUOUS
10
6.4208651968503938
20
-3.9944591338582676
11
6.4248550393700787
21
-3.9944591338582676
0
LINE
8
BLACK
6
CONTINUOUS
10
6.4248550393700787
20
-3.9944591338582676
11
6.4262038188976378
21
-3.9937846850393699
0
LINE
8
BLACK
6
CONTINUOUS
10
6.4262038188976378
20
-3.9937846850393699
11
6.4268024015748031
21
-3.9931861417322834
0
LINE
8
BLACK
6
CONTINUOUS
10
6.4268024015748031
20
-3.9931861417322834
11
6.4274767322834645
21
-3.9918374803149606
0
LINE
8
BLACK
6
CONTINUOUS
10
6.4274767322834645
20
-3.9918374803149606
11
6.4274767322834645
21
-3.986910157480315
0
LINE
8
BLACK
6
CONTINUOUS
10
6.4274767322834645
20
-3.986910157480315
11
6.4268024015748031
21
-3.9855614960629921
0
LINE
8
BLACK
6
CONTINUOUS
10
6.4268024015748031
20
-3.9855614960629921
11
6.4260343700787397
21
-3.9847935039370079
0
LINE
8
BLACK
6
CONTINUOUS
10
6.4260343700787397
20
-3.9847935039370079
11
6.4257143700787402
21
-3.9843144881889763
0
LINE
8
BLACK
6
CONTINUOUS
10
6.4257143700787402
20
-3.9843144881889763
11
6.4257143700787402
21
-3.9831845669291339
0
LINE
8
BLACK
6
CONTINUOUS
10
6.4257143700787402
20
-3.9831845669291339
11
6.4265133858267713
21
-3.9823855511811024
0
LINE
8
BLACK
6
CONTINUOUS
10
6.4265133858267713
20
-3.9823855511811024
11
6.4276433070866137
21
-3.9823855511811024
0
LINE
8
BLACK
6
CONTINUOUS
10
6.4276433070866137
20
-3.9823855511811024
11
6.4281223228346454
21
-3.9827055511811023
0
LINE
8
BLACK
6
CONTINUOUS
10
6.4281223228346454
20
-3.9827055511811023
11
6.4290596850393698
21
-3.9836429527559054
0
LINE
8
BLACK
6
CONTINUOUS
10
6.4290596850393698
20
-3.9836429527559054
11
6.4291911417322831
21
-3.9838396850393698
0
LINE
8
BLACK
6
CONTINUOUS
10
6.4291911417322831
20
-3.9838396850393698
11
6.4293362598425192
21
-3.9840266929133858
0
LINE
8
BLACK
6
CONTINUOUS
10
6.4293362598425192
20
-3.9840266929133858
11
6.4302736220472436
21
-3.9859014173228347
0
LINE
8
BLACK
6
CONTINUOUS
10
6.4302736220472436
20
-3.9859014173228347
11
6.4302931496062987
21
-3.9859727559055118
0
LINE
8
BLACK
6
CONTINUOUS
10
6.4302931496062987
20
-3.9859727559055118
11
6.4303170866141732
21
-3.9859966929133859
0
LINE
8
BLACK
6
CONTINUOUS
10
6.4303170866141732
20
-3.9859966929133859
11
6.430363267716535
21
-3.9862288582677166
0
LINE
8
BLACK
6
CONTINUOUS
10
6.430363267716535
20
-3.9862288582677166
11
6.4304257480314959
21
-3.9864570472440946
0
LINE
8
BLACK
6
CONTINUOUS
10
6.4304257480314959
20
-3.9864570472440946
11
6.4304150393700787
21
-3.986489094488189
0
LINE
8
BLACK
6
CONTINUOUS
10
6.4304150393700787
20
-3.986489094488189
11
6.4304294881889765
21
-3.9865616929133858
0
LINE
8
BLACK
6
CONTINUOUS
10
6.4304294881889765
20
-3.9865616929133858
11
6.4304294881889765
21
-3.9921859842519685
0
LINE
8
BLACK
6
CONTINUOUS
10
6.4304294881889765
20
-3.9921859842519685
11
6.4304150393700787
21
-3.9922585433070865
0
LINE
8
BLACK
6
CONTINUOUS
10
6.4304150393700787
20
-3.9922585433070865
11
6.4304257480314959
21
-3.9922906299212597
0
LINE
8
BLACK
6
CONTINUOUS
10
6.4304257480314959
20
-3.9922906299212597
11
6.430363267716535
21
-3.992518779527559
0
LINE
8
BLACK
6
CONTINUOUS
10
6.430363267716535
20
-3.992518779527559
11
6.4303170866141732
21
-3.9927509842519684
0
LINE
8
BLACK
6
CONTINUOUS
10
6.4303170866141732
20
-3.9927509842519684
11
6.4302931496062987
21
-3.9927748818897637
0
LINE
8
BLACK
6
CONTINUOUS
10
6.4302931496062987
20
-3.9927748818897637
11
6.4302736220472436
21
-3.9928462598425196
0
LINE
8
BLACK
6
CONTINUOUS
10
6.4302736220472436
20
-3.9928462598425196
11
6.4293362598425192
21
-3.9947209842519684
0
LINE
8
BLACK
6
CONTINUOUS
10
6.4293362598425192
20
-3.9947209842519684
11
6.4291912204724406
21
-3.994907834645669
0
LINE
8
BLACK
6
CONTINUOUS
10
6.4291912204724406
20
-3.994907834645669
11
6.4290596850393698
21
-3.9951047244094489
0
LINE
8
BLACK
6
CONTINUOUS
10
6.4290596850393698
20
-3.9951047244094489
11
6.4281222834645666
21
-3.9960420866141733
0
LINE
8
BLACK
6
CONTINUOUS
10
6.4281222834645666
20
-3.9960420866141733
11
6.4279255511811026
21
-3.9961735039370079
0
LINE
8
BLACK
6
CONTINUOUS
10
6.4279255511811026
20
-3.9961735039370079
11
6.4277386220472437
21
-3.996318622047244
0
LINE
8
BLACK
6
CONTINUOUS
10
6.4277386220472437
20
-3.996318622047244
11
6.4258638582677161
21
-3.9972560236220471
0
LINE
8
BLACK
6
CONTINUOUS
10
6.4258638582677161
20
-3.9972560236220471
11
6.4257924803149606
21
-3.9972755511811022
0
LINE
8
BLACK
6
CONTINUOUS
10
6.4257924803149606
20
-3.9972755511811022
11
6.4257685826771649
21
-3.9972994881889763
0
LINE
8
BLACK
6
CONTINUOUS
10
6.4257685826771649
20
-3.9972994881889763
11
6.4255363779527555
21
-3.9973456692913385
0
LINE
8
BLACK
6
CONTINUOUS
10
6.4255363779527555
20
-3.9973456692913385
11
6.4253082283464567
21
-3.997408149606299
0
LINE
8
BLACK
6
CONTINUOUS
10
6.4253082283464567
20
-3.997408149606299
11
6.4252761023622043
21
-3.9973974409448818
0
LINE
8
BLACK
6
CONTINUOUS
10
6.4252761023622043
20
-3.9973974409448818
11
6.425203582677165
21
-3.9974118897637796
0
LINE
8
BLACK
6
CONTINUOUS
10
6.425203582677165
20
-3.9974118897637796
11
6.4205166535433067
21
-3.9974118897637796
0
LINE
8
BLACK
6
CONTINUOUS
10
6.4205166535433067
20
-3.9974118897637796
11
6.4204440944881886
21
-3.9973974409448818
0
LINE
8
BLACK
6
CONTINUOUS
10
6.4204440944881886
20
-3.9973974409448818
11
6.4204120078740159
21
-3.997408149606299
0
LINE
8
BLACK
6
CONTINUOUS
10
6.4204120078740159
20
-3.997408149606299
11
6.4201838188976375
21
-3.9973456692913385
0
LINE
8
BLACK
6
CONTINUOUS
10
6.4201838188976375
20
-3.9973456692913385
11
6.4199516535433068
21
-3.9972994881889763
0
LINE
8
BLACK
6
CONTINUOUS
10
6.4199516535433068
20
-3.9972994881889763
11
6.4199277165354331
21
-3.9972755511811022
0
LINE
8
BLACK
6
CONTINUOUS
10
6.4199277165354331
20
-3.9972755511811022
11
6.4198563779527555
21
-3.9972560236220471
0
LINE
8
BLACK
6
CONTINUOUS
10
6.4198563779527555
20
-3.9972560236220471
11
6.417981614173228
21
-3.996318622047244
0
LINE
8
BLACK
6
CONTINUOUS
10
6.417981614173228
20
-3.996318622047244
11
6.4177945275590549
21
-3.9961733858267716
0
LINE
8
BLACK
6
CONTINUOUS
10
6.4177945275590549
20
-3.9961733858267716
11
6.4175979133858263
21
-3.9960420472440945
0
LINE
8
BLACK
6
CONTINUOUS
10
6.4175979133858263
20
-3.9960420472440945
11
6.4166605511811019
21
-3.9951047244094489
0
LINE
8
BLACK
6
CONTINUOUS
10
6.4166605511811019
20
-3.9951047244094489
11
6.416529015748031
21
-3.9949078740157478
0
LINE
8
BLACK
6
CONTINUOUS
10
6.416529015748031
20
-3.9949078740157478
11
6.4163840157480312
21
-3.9947210236220472
0
LINE
8
BLACK
6
CONTINUOUS
10
6.4163840157480312
20
-3.9947210236220472
11
6.415446614173228
21
-3.9928462598425196
0
LINE
8
BLACK
6
CONTINUOUS
10
6.415446614173228
20
-3.9928462598425196
11
6.4154270472440942
21
-3.9927748818897637
0
LINE
8
BLACK
6
CONTINUOUS
10
6.4154270472440942
20
-3.9927748818897637
11
6.4154031496062993
21
-3.9927509842519684
0
LINE
8
BLACK
6
CONTINUOUS
10
6.4154031496062993
20
-3.9927509842519684
11
6.4153655118110233
21
-3.9925619291338581
0
LINE
8
BLACK
6
CONTINUOUS
10
6.4153655118110233
20
-3.9925619291338581
11
6.4102402755905512
21
-3.9970466141732284
0
LINE
8
BLACK
6
CONTINUOUS
10
6.4102402755905512
20
-3.9970466141732284
11
6.4098764566929134
21
-3.9972560629921259
0
LINE
8
BLACK
6
CONTINUOUS
10
6.4098764566929134
20
-3.9972560629921259
11
6.4098330708661413
21
-3.9972994881889763
0
LINE
8
BLACK
6
CONTINUOUS
10
6.4098330708661413
20
-3.9972994881889763
11
6.4098011023622048
21
-3.9972994881889763
0
LINE
8
BLACK
6
CONTINUOUS
10
6.4098011023622048
20
-3.9972994881889763
11
6.4097410629921256
21
-3.99733405511811
0
LINE
8
BLACK
6
CONTINUOUS
10
6.4097410629921256
20
-3.99733405511811
11
6.4092225196850396
21
-3.9972994881889763
0
LINE
8
BLACK
6
CONTINUOUS
10
6.4092225196850396
20
-3.9972994881889763
11
6.4087030708661414
21
-3.9972994881889763
0
LINE
8
BLACK
6
CONTINUOUS
10
6.4087030708661414
20
-3.9972994881889763
11
6.4086659448818892
21
-3.9972623622047245
0
LINE
8
BLACK
6
CONTINUOUS
10
6.4086659448818892
20
-3.9972623622047245
11
6.4086136220472438
21
-3.9972588976377952
0
LINE
8
BLACK
6
CONTINUOUS
10
6.4086136220472438
20
-3.9972588976377952
11
6.4082716141732279
21
-3.9968680314960627
0
LINE
8
BLACK
6
CONTINUOUS
10
6.4082716141732279
20
-3.9968680314960627
11
6.4079040944881891
21
-3.9965005118110235
0
LINE
8
BLACK
6
CONTINUOUS
10
6.4079040944881891
20
-3.9965005118110235
11
6.4078905511811026
21
-3.9964325590551182
0
LINE
8
BLACK
6
CONTINUOUS
10
6.4078905511811026
20
-3.9964325590551182
11
6.4078695275590549
21
-3.9964085039370079
0
LINE
8
BLACK
6
CONTINUOUS
10
6.4078695275590549
20
-3.9964085039370079
11
6.4078735826771656
21
-3.9963472440944883
0
LINE
8
BLACK
6
CONTINUOUS
10
6.4078735826771656
20
-3.9963472440944883
11
6.4077916929133858
21
-3.9959355118110236
0
LINE
8
BLACK
6
CONTINUOUS
10
6.4077916929133858
20
-3.9959355118110236
11
6.4077916929133858
21
-3.9837495275590551
0
LINE
8
BLACK
6
CONTINUOUS
10
6.4077916929133858
20
-3.9837495275590551
11
6.4079040944881891
21
-3.9831845275590552
0
LINE
8
BLACK
6
CONTINUOUS
10
6.4079040944881891
20
-3.9831845275590552
11
6.4087030708661414
21
-3.9823855511811024
0
LINE
8
BLACK
6
CONTINUOUS
10
6.4087030708661414
20
-3.9823855511811024
11
6.4098330708661413
21
-3.9823855511811024
0
LINE
8
BLACK
6
CONTINUOUS
10
6.4098330708661413
20
-3.9823855511811024
11
6.4106320472440945
21
-3.9831845275590552
0
LINE
8
BLACK
6
CONTINUOUS
10
6.4252761023622043
20
-3.9635398818897638
11
6.4253082283464567
21
-3.9635292125984249
0
LINE
8
BLACK
6
CONTINUOUS
10
6.4253082283464567
20
-3.9635292125984249
11
6.4255363779527555
21
-3.9635916535433071
0
LINE
8
BLACK
6
CONTINUOUS
10
6.4255363779527555
20
-3.9635916535433071
11
6.4257685826771649
21
-3.9636378740157481
0
LINE
8
BLACK
6
CONTINUOUS
10
6.4257685826771649
20
-3.9636378740157481
11
6.4257924803149606
21
-3.9636617716535434
0
LINE
8
BLACK
6
CONTINUOUS
10
6.4257924803149606
20
-3.9636617716535434
11
6.4258638582677161
21
-3.9636813385826772
0
LINE
8
BLACK
6
CONTINUOUS
10
6.4258638582677161
20
-3.9636813385826772
11
6.4277386220472437
21
-3.9646187401574804
0
LINE
8
BLACK
6
CONTINUOUS
10
6.4277386220472437
20
-3.9646187401574804
11
6.4279255511811026
21
-3.9647638188976377
0
LINE
8
BLACK
6
CONTINUOUS
10
6.4279255511811026
20
-3.9647638188976377
11
6.4281222834645666
21
-3.9648952755905511
0
LINE
8
BLACK
6
CONTINUOUS
10
6.4281222834645666
20
-3.9648952755905511
11
6.4290596850393698
21
-3.9658326377952755
0
LINE
8
BLACK
6
CONTINUOUS
10
6.4290596850393698
20
-3.9658326377952755
11
6.4291912204724406
21
-3.9660294881889762
0
LINE
8
BLACK
6
CONTINUOUS
10
6.4291912204724406
20
-3.9660294881889762
11
6.4293362598425192
21
-3.9662163779527559
0
LINE
8
BLACK
6
CONTINUOUS
10
6.4293362598425192
20
-3.9662163779527559
11
6.4302736220472436
21
-3.9680911023622047
0
LINE
8
BLACK
6
CONTINUOUS
10
6.4302736220472436
20
-3.9680911023622047
11
6.4302931496062987
21
-3.9681624409448819
0
LINE
8
BLACK
6
CONTINUOUS
10
6.4302931496062987
20
-3.9681624409448819
11
6.4303170866141732
21
-3.968186377952756
0
LINE
8
BLACK
6
CONTINUOUS
10
6.4303170866141732
20
-3.968186377952756
11
6.430363267716535
21
-3.9684185433070867
0
LINE
8
BLACK
6
CONTINUOUS
10
6.430363267716535
20
-3.9684185433070867
11
6.4304257480314959
21
-3.9686467322834647
0
LINE
8
BLACK
6
CONTINUOUS
10
6.4304257480314959
20
-3.9686467322834647
11
6.4304150393700787
21
-3.9686787795275591
0
LINE
8
BLACK
6
CONTINUOUS
10
6.4304150393700787
20
-3.9686787795275591
11
6.4304294881889765
21
-3.9687513779527559
0
LINE
8
BLACK
6
CONTINUOUS
10
6.4304294881889765
20
-3.9687513779527559
11
6.4304294881889765
21
-3.972500905511811
0
LINE
8
BLACK
6
CONTINUOUS
10
6.4304294881889765
20
-3.972500905511811
11
6.4304150393700787
21
-3.9725734645669291
0
LINE
8
BLACK
6
CONTINUOUS
10
6.4304150393700787
20
-3.9725734645669291
11
6.4304257480314959
21
-3.9726055511811023
0
LINE
8
BLACK
6
CONTINUOUS
10
6.4304257480314959
20
-3.9726055511811023
11
6.430363267716535
21
-3.9728337007874015
0
LINE
8
BLACK
6
CONTINUOUS
10
6.430363267716535
20
-3.9728337007874015
11
6.4303170866141732
21
-3.9730659055118109
0
LINE
8
BLACK
6
CONTINUOUS
10
6.4303170866141732
20
-3.9730659055118109
11
6.4302931496062987
21
-3.9730898031496062
0
LINE
8
BLACK
6
CONTINUOUS
10
6.4302931496062987
20
-3.9730898031496062
11
6.4302736220472436
21
-3.9731611811023622
0
LINE
8
BLACK
6
CONTINUOUS
10
6.4302736220472436
20
-3.9731611811023622
11
6.4293362598425192
21
-3.975035905511811
0
LINE
8
BLACK
6
CONTINUOUS
10
6.4293362598425192
20
-3.975035905511811
11
6.4291911417322831
21
-3.9752228740157478
0
LINE
8
BLACK
6
CONTINUOUS
10
6.4291911417322831
20
-3.9752228740157478
11
6.4290596850393698
21
-3.9754196456692914
0
LINE
8
BLACK
6
CONTINUOUS
10
6.4290596850393698
20
-3.9754196456692914
11
6.4281223228346454
21
-3.9763570472440946
0
LINE
8
BLACK
6
CONTINUOUS
10
6.4281223228346454
20
-3.9763570472440946
11
6.4279253149606301
21
-3.9764886220472442
0
LINE
8
BLACK
6
CONTINUOUS
10
6.4279253149606301
20
-3.9764886220472442
11
6.4277385826771649
21
-3.9766335826771653
0
LINE
8
BLACK
6
CONTINUOUS
10
6.4277385826771649
20
-3.9766335826771653
11
6.4258638188976374
21
-3.9775709448818897
0
LINE
8
BLACK
6
CONTINUOUS
10
6.4258638188976374
20
-3.9775709448818897
11
6.4257925196850394
21
-3.977590433070866
0
LINE
8
BLACK
6
CONTINUOUS
10
6.4257925196850394
20
-3.977590433070866
11
6.4257685826771649
21
-3.9776144094488188
0
LINE
8
BLACK
6
CONTINUOUS
10
6.4257685826771649
20
-3.9776144094488188
11
6.4255362204724404
21
-3.977660590551181
0
LINE
8
BLACK
6
CONTINUOUS
10
6.4255362204724404
20
-3.977660590551181
11
6.4253081889763779
21
-3.9777230708661415
0
LINE
8
BLACK
6
CONTINUOUS
10
6.4253081889763779
20
-3.9777230708661415
11
6.4252761023622043
21
-3.9777123622047244
0
LINE
8
BLACK
6
CONTINUOUS
10
6.4252761023622043
20
-3.9777123622047244
11
6.425203582677165
21
-3.9777268110236221
0
LINE
8
BLACK
6
CONTINUOUS
10
6.425203582677165
20
-3.9777268110236221
11
6.4092680708661414
21
-3.9777268110236221
0
LINE
8
BLACK
6
CONTINUOUS
10
6.4092680708661414
20
-3.9777268110236221
11
6.4087030708661414
21
-3.9776144094488188
0
LINE
8
BLACK
6
CONTINUOUS
10
6.4087030708661414
20
-3.9776144094488188
11
6.4079040944881891
21
-3.976815433070866
0
LINE
8
BLACK
6
CONTINUOUS
10
6.4079040944881891
20
-3.976815433070866
11
6.4079040944881891
21
-3.9756854330708662
0
LINE
8
BLACK
6
CONTINUOUS
10
6.4079040944881891
20
-3.9756854330708662
11
6.4087030708661414
21
-3.9748864566929134
0
LINE
8
BLACK
6
CONTINUOUS
10
6.4087030708661414
20
-3.9748864566929134
11
6.4092680708661414
21
-3.9747740551181101
0
LINE
8
BLACK
6
CONTINUOUS
10
6.4092680708661414
20
-3.9747740551181101
11
6.4248550787401575
21
-3.9747740551181101
0
LINE
8
BLACK
6
CONTINUOUS
10
6.4248550787401575
20
-3.9747740551181101
11
6.4262037401574803
21
-3.9740996850393699
0
LINE
8
BLACK
6
CONTINUOUS
10
6.4262037401574803
20
-3.9740996850393699
11
6.4268024015748031
21
-3.9735010629921259
0
LINE
8
BLACK
6
CONTINUOUS
10
6.4268024015748031
20
-3.9735010629921259
11
6.4274767322834645
21
-3.9721524015748031
0
LINE
8
BLACK
6
CONTINUOUS
10
6.4274767322834645
20
-3.9721524015748031
11
6.4274767322834645
21
-3.9690998425196851
0
LINE
8
BLACK
6
CONTINUOUS
10
6.4274767322834645
20
-3.9690998425196851
11
6.4268024015748031
21
-3.9677511811023622
0
LINE
8
BLACK
6
CONTINUOUS
10
6.4268024015748031
20
-3.9677511811023622
11
6.4262038188976378
21
-3.9671526377952757
0
LINE
8
BLACK
6
CONTINUOUS
10
6.4262038188976378
20
-3.9671526377952757
11
6.4248550393700787
21
-3.9664782283464568
0
LINE
8
BLACK
6
CONTINUOUS
10
6.4248550393700787
20
-3.9664782283464568
11
6.4092680708661414
21
-3.9664782283464568
0
LINE
8
BLACK
6
CONTINUOUS
10
6.4092680708661414
20
-3.9664782283464568
11
6.4087030708661414
21
-3.9663658267716535
0
LINE
8
BLACK
6
CONTINUOUS
10
6.4087030708661414
20
-3.9663658267716535
11
6.4079040944881891
21
-3.9655668503937007
0
LINE
8
BLACK
6
CONTINUOUS
10
6.4079040944881891
20
-3.9655668503937007
11
6.4079040944881891
21
-3.9644368503937009
0
LINE
8
BLACK
6
CONTINUOUS
10
6.4079040944881891
20
-3.9644368503937009
11
6.4087030708661414
21
-3.9636378740157481
0
LINE
8
BLACK
6
CONTINUOUS
10
6.4087030708661414
20
-3.9636378740157481
11
6.4092680708661414
21
-3.9635254724409448
0
LINE
8
BLACK
6
CONTINUOUS
10
6.4092680708661414
20
-3.9635254724409448
11
6.425203582677165
21
-3.9635254724409448
0
LINE
8
BLACK
6
CONTINUOUS
10
6.425203582677165
20
-3.9635254724409448
11
6.4252761023622043
21
-3.9635398818897638
0
LINE
8
BLACK
6
CONTINUOUS
10
6.4305958267716532
20
-3.9171577165354328
11
6.4312344488188975
21
-3.9175844488188973
0
LINE
8
BLACK
6
CONTINUOUS
10
6.4312344488188975
20
-3.9175844488188973
11
6.4568250000000003
21
-3.9431750000000001
0
LINE
8
BLACK
6
CONTINUOUS
10
6.4568250000000003
20
-3.9431750000000001
11
6.4572517322834644
21
-3.9438136220472439
0
LINE
8
BLACK
6
CONTINUOUS
10
6.4572517322834644
20
-3.9438136220472439
11
6.457401574803149
21
-3.9445669291338583
0
LINE
8
BLACK
6
CONTINUOUS
10
6.457401574803149
20
-3.9445669291338583
11
6.457401574803149
21
-4.041023622047244
0
LINE
8
BLACK
6
CONTINUOUS
10
6.457401574803149
20
-4.041023622047244
11
6.4572517322834644
21
-4.0417769291338583
0
LINE
8
BLACK
6
CONTINUOUS
10
6.4572517322834644
20
-4.0417769291338583
11
6.456186377952756
21
-4.0428422834645668
0
LINE
8
BLACK
6
CONTINUOUS
10
6.456186377952756
20
-4.0428422834645668
11
6.4554330708661416
21
-4.0429921259842523
0
LINE
8
BLACK
6
CONTINUOUS
10
6.4554330708661416
20
-4.0429921259842523
11
6.3845669291338583
21
-4.0429921259842523
0
LINE
8
BLACK
6
CONTINUOUS
10
6.3845669291338583
20
-4.0429921259842523
11
6.3838136220472439
21
-4.0428422834645668
0
LINE
8
BLACK
6
CONTINUOUS
10
6.3838136220472439
20
-4.0428422834645668
11
6.3827482677165355
21
-4.0417769291338583
0
LINE
8
BLACK
6
CONTINUOUS
10
6.3827482677165355
20
-4.0417769291338583
11
6.3825984251968499
21
-4.041023622047244
0
LINE
8
BLACK
6
CONTINUOUS
10
6.3825984251968499
20
-4.041023622047244
11
6.3825984251968499
21
-3.918976377952756
0
LINE
8
BLACK
6
CONTINUOUS
10
6.3825984251968499
20
-3.918976377952756
11
6.3827482677165355
21
-3.9182230708661416
0
LINE
8
BLACK
6
CONTINUOUS
10
6.3827482677165355
20
-3.9182230708661416
11
6.3838136220472439
21
-3.9171577165354328
0
LINE
8
BLACK
6
CONTINUOUS
10
6.3838136220472439
20
-3.9171577165354328
11
6.3845669291338583
21
-3.9170078740157481
0
LINE
8
BLACK
6
CONTINUOUS
10
6.3845669291338583
20
-3.9170078740157481
11
6.4298425196850388
21
-3.9170078740157481
0
LINE
8
BLACK
6
CONTINUOUS
10
6.4298425196850388
20
-3.9170078740157481
11
6.4305958267716532
21
-3.9171577165354328
0
LINE
8
BLACK
6
CONTINUOUS
10
6.3865354330708657
20
-3.9209448818897639
11
6.3865354330708657
21
-4.0390551181102365
0
LINE
8
BLACK
6
CONTINUOUS
10
6.3865354330708657
20
-4.0390551181102365
11
6.4534645669291333
21
-4.0390551181102365
0
LINE
8
BLACK
6
CONTINUOUS
10
6.4534645669291333
20
-4.0390551181102365
11
6.4534645669291333
21
-3.9453822834645669
0
LINE
8
BLACK
6
CONTINUOUS
10
6.4534645669291333
20
-3.9453822834645669
11
6.4290271653543307
21
-3.9209448818897639
0
LINE
8
BLACK
6
CONTINUOUS
10
6.4290271653543307
20
-3.9209448818897639
11
6.3865354330708657
21
-3.9209448818897639
0
LINE
8
BLACK
6
CONTINUOUS
10
4.9110572440944882
20
-3.9978029133858266
11
4.9119095275590547
21
-3.9986551968503936
0
LINE
8
BLACK
6
CONTINUOUS
10
4.9119095275590547
20
-3.9986551968503936
11
4.9120294094488184
21
-3.9992578346456691
0
LINE
8
BLACK
6
CONTINUOUS
10
4.9120294094488184
20
-3.9992578346456691
11
4.9120294094488184
21
-4.0189428740157478
0
LINE
8
BLACK
6
CONTINUOUS
10
4.9120294094488184
20
-4.0189428740157478
11
4.9119095275590547
21
-4.0195455118110237
0
LINE
8
BLACK
6
CONTINUOUS
10
4.9119095275590547
20
-4.0195455118110237
11
4.9110572440944882
21
-4.0203977952755903
0
LINE
8
BLACK
6
CONTINUOUS
10
4.9110572440944882
20
-4.0203977952755903
11
4.9098519685039372
21
-4.0203977952755903
0
LINE
8
BLACK
6
CONTINUOUS
10
4.9098519685039372
20
-4.0203977952755903
11
4.9089996850393698
21
-4.0195455118110237
0
LINE
8
BLACK
6
CONTINUOUS
10
4.9089996850393698
20
-4.0195455118110237
11
4.9088798031496061
21
-4.0189428740157478
0
LINE
8
BLACK
6
CONTINUOUS
10
4.9088798031496061
20
-4.0189428740157478
11
4.9088798031496061
21
-4.0111438582677161
0
LINE
8
BLACK
6
CONTINUOUS
10
4.9088798031496061
20
-4.0111438582677161
11
4.9065875984251965
21
-4.0111438582677161
0
LINE
8
BLACK
6
CONTINUOUS
10
4.9065875984251965
20
-4.0111438582677161
11
4.9004961417322832
21
-4.0198459448818893
0
LINE
8
BLACK
6
CONTINUOUS
10
4.9004961417322832
20
-4.0198459448818893
11
4.9000523622047245
21
-4.0202709055118113
0
LINE
8
BLACK
6
CONTINUOUS
10
4.9000523622047245
20
-4.0202709055118113
11
4.8988653937007873
21
-4.0204803937007876
0
LINE
8
BLACK
6
CONTINUOUS
10
4.8988653937007873
20
-4.0204803937007876
11
4.8978779921259843
21
-4.0197892125984254
0
LINE
8
BLACK
6
CONTINUOUS
10
4.8978779921259843
20
-4.0197892125984254
11
4.897668503937008
21
-4.0186022440944882
0
LINE
8
BLACK
6
CONTINUOUS
10
4.897668503937008
20
-4.0186022440944882
11
4.8979159055118107
21
-4.0180398031496063
0
LINE
8
BLACK
6
CONTINUOUS
10
4.8979159055118107
20
-4.0180398031496063
11
4.9027615748031499
21
-4.0111173228346457
0
LINE
8
BLACK
6
CONTINUOUS
10
4.9027615748031499
20
-4.0111173228346457
11
4.9026004330708659
21
-4.0110731889763782
0
LINE
8
BLACK
6
CONTINUOUS
10
4.9026004330708659
20
-4.0110731889763782
11
4.902352913385827
21
-4.0110239763779525
0
LINE
8
BLACK
6
CONTINUOUS
10
4.902352913385827
20
-4.0110239763779525
11
4.9023273622047245
21
-4.01099842519685
0
LINE
8
BLACK
6
CONTINUOUS
10
4.9023273622047245
20
-4.01099842519685
11
4.9022512598425196
21
-4.010977598425197
0
LINE
8
BLACK
6
CONTINUOUS
10
4.9022512598425196
20
-4.010977598425197
11
4.9003764960629921
21
-4.0100401968503938
0
LINE
8
BLACK
6
CONTINUOUS
10
4.9003764960629921
20
-4.0100401968503938
11
4.9001768897637792
21
-4.009885275590551
0
LINE
8
BLACK
6
CONTINUOUS
10
4.9001768897637792
20
-4.009885275590551
11
4.8999672834645667
21
-4.0097452362204722
0
LINE
8
BLACK
6
CONTINUOUS
10
4.8999672834645667
20
-4.0097452362204722
11
4.8990298425196848
21
-4.0088078740157478
0
LINE
8
BLACK
6
CONTINUOUS
10
4.8990298425196848
20
-4.0088078740157478
11
4.8988895669291335
21
-4.0085979133858265
0
LINE
8
BLACK
6
CONTINUOUS
10
4.8988895669291335
20
-4.0085979133858265
11
4.8987348425196853
21
-4.0083985433070861
0
LINE
8
BLACK
6
CONTINUOUS
10
4.8987348425196853
20
-4.0083985433070861
11
4.8977974803149609
21
-4.0065237795275586
0
LINE
8
BLACK
6
CONTINUOUS
10
4.8977974803149609
20
-4.0065237795275586
11
4.8977766141732282
21
-4.0064476771653545
0
LINE
8
BLACK
6
CONTINUOUS
10
4.8977766141732282
20
-4.0064476771653545
11
4.8977511023622045
21
-4.0064221653543308
0
LINE
8
BLACK
6
CONTINUOUS
10
4.8977511023622045
20
-4.0064221653543308
11
4.8977018110236221
21
-4.0061744488188973
0
LINE
8
BLACK
6
CONTINUOUS
10
4.8977018110236221
20
-4.0061744488188973
11
4.8976351968503939
21
-4.0059311417322832
0
LINE
8
BLACK
6
CONTINUOUS
10
4.8976351968503939
20
-4.0059311417322832
11
4.8976465748031499
21
-4.005896889763779
0
LINE
8
BLACK
6
CONTINUOUS
10
4.8976465748031499
20
-4.005896889763779
11
4.8976312204724408
21
-4.0058195275590549
0
LINE
8
BLACK
6
CONTINUOUS
10
4.8976312204724408
20
-4.0058195275590549
11
4.8976312204724408
21
-4.0030073622047242
0
LINE
8
BLACK
6
CONTINUOUS
10
4.8976312204724408
20
-4.0030073622047242
11
4.8976465748031499
21
-4.0029299606299213
0
LINE
8
BLACK
6
CONTINUOUS
10
4.8976465748031499
20
-4.0029299606299213
11
4.8976351968503939
21
-4.0028957480314959
0
LINE
8
BLACK
6
CONTINUOUS
10
4.8976351968503939
20
-4.0028957480314959
11
4.8977018110236221
21
-4.0026524015748031
0
LINE
8
BLACK
6
CONTINUOUS
10
4.8977018110236221
20
-4.0026524015748031
11
4.8977511023622045
21
-4.0024047244094492
0
LINE
8
BLACK
6
CONTINUOUS
10
4.8977511023622045
20
-4.0024047244094492
11
4.8977766141732282
21
-4.0023791732283467
0
LINE
8
BLACK
6
CONTINUOUS
10
4.8977766141732282
20
-4.0023791732283467
11
4.8977974803149609
21
-4.0023031102362205
0
LINE
8
BLACK
6
CONTINUOUS
10
4.8977974803149609
20
-4.0023031102362205
11
4.8987348425196853
21
-4.000428346456693
0
LINE
8
BLACK
6
CONTINUOUS
10
4.8987348425196853
20
-4.000428346456693
11
4.8988895669291335
21
-4.0002289370078739
0
LINE
8
BLACK
6
CONTINUOUS
10
4.8988895669291335
20
-4.0002289370078739
11
4.8990298425196848
21
-4.0000190157480313
0
LINE
8
BLACK
6
CONTINUOUS
10
4.8990298425196848
20
-4.0000190157480313
11
4.8999672834645667
21
-3.9990816535433069
0
LINE
8
BLACK
6
CONTINUOUS
10
4.8999672834645667
20
-3.9990816535433069
11
4.9001768897637792
21
-3.9989415748031494
0
LINE
8
BLACK
6
CONTINUOUS
10
4.9001768897637792
20
-3.9989415748031494
11
4.9003764960629921
21
-3.9987866929133857
0
LINE
8
BLACK
6
CONTINUOUS
10
4.9003764960629921
20
-3.9987866929133857
11
4.9022512598425196
21
-3.9978492913385826
0
LINE
8
BLACK
6
CONTINUOUS
10
4.9022512598425196
20
-3.9978492913385826
11
4.9023273622047245
21
-3.9978284251968503
0
LINE
8
BLACK
6
CONTINUOUS
10
4.9023273622047245
20
-3.9978284251968503
11
4.902352913385827
21
-3.9978029133858266
0
LINE
8
BLACK
6
CONTINUOUS
10
4.902352913385827
20
-3.9978029133858266
11
4.9026004330708659
21
-3.9977536614173226
0
LINE
8
BLACK
6
CONTINUOUS
10
4.9026004330708659
20
-3.9977536614173226
11
4.902843897637795
21
-3.9976870078740157
0
LINE
8
BLACK
6
CONTINUOUS
10
4.902843897637795
20
-3.9976870078740157
11
4.9028781496062992
21
-3.9976984251968504
0
LINE
8
BLACK
6
CONTINUOUS
10
4.9028781496062992
20
-3.9976984251968504
11
4.902955551181102
21
-3.997683031496063
0
LINE
8
BLACK
6
CONTINUOUS
10
4.902955551181102
20
-3.997683031496063
11
4.9104546062992123
21
-3.997683031496063
0
LINE
8
BLACK
6
CONTINUOUS
10
4.9104546062992123
20
-3.997683031496063
11
4.9110572440944882
21
-3.9978029133858266
0
LINE
8
BLACK
6
CONTINUOUS
10
4.9020136220472441
20
-4.0014894881889767
11
4.901437598425197
21
-4.002065472440945
0
LINE
8
BLACK
6
CONTINUOUS
10
4.901437598425197
20
-4.002065472440945
11
4.9007808267716531
21
-4.0033790944881886
0
LINE
8
BLACK
6
CONTINUOUS
10
4.9007808267716531
20
-4.0033790944881886
11
4.9007808267716531
21
-4.0054477952755905
0
LINE
8
BLACK
6
CONTINUOUS
10
4.9007808267716531
20
-4.0054477952755905
11
4.901437598425197
21
-4.0067613779527562
0
LINE
8
BLACK
6
CONTINUOUS
10
4.901437598425197
20
-4.0067613779527562
11
4.9020136220472441
21
-4.0073373622047246
0
LINE
8
BLACK
6
CONTINUOUS
10
4.9020136220472441
20
-4.0073373622047246
11
4.9033273228346452
21
-4.0079942519685039
0
LINE
8
BLACK
6
CONTINUOUS
10
4.9033273228346452
20
-4.0079942519685039
11
4.9088798031496061
21
-4.0079942519685039
0
LINE
8
BLACK
6
CONTINUOUS
10
4.9088798031496061
20
-4.0079942519685039
11
4.9088798031496061
21
-4.0008326377952752
0
LINE
8
BLACK
6
CONTINUOUS
10
4.9088798031496061
20
-4.0008326377952752
11
4.9033273228346452
21
-4.0008326377952752
0
LINE
8
BLACK
6
CONTINUOUS
10
4.9033273228346452
20
-4.0008326377952752
11
4.9020136220472441
21
-4.0014894881889767
0
LINE
8
BLACK
6
CONTINUOUS
10
4.8882097244094487
20
-3.9972886614173229
11
4.8885140157480311
21
-3.9978224803149605
0
LINE
8
BLACK
6
CONTINUOUS
10
4.8885140157480311
20
-3.9978224803149605
11
4.8932009055118106
21
-4.0118831889763777
0
LINE
8
BLACK
6
CONTINUOUS
10
4.8932009055118106
20
-4.0118831889763777
11
4.8932777559055118
21
-4.012492834645669
0
LINE
8
BLACK
6
CONTINUOUS
10
4.8932777559055118
20
-4.012492834645669
11
4.8931618503937004
21
-4.0127246456692909
0
LINE
8
BLACK
6
CONTINUOUS
10
4.8931618503937004
20
-4.0127246456692909
11
4.8931618503937004
21
-4.0129838188976379
0
LINE
8
BLACK
6
CONTINUOUS
10
4.8931618503937004
20
-4.0129838188976379
11
4.8929026771653543
21
-4.013242992125984
0
LINE
8
BLACK
6
CONTINUOUS
10
4.8929026771653543
20
-4.013242992125984
11
4.8927387401574798
21
-4.0135708661417322
0
LINE
8
BLACK
6
CONTINUOUS
10
4.8927387401574798
20
-4.0135708661417322
11
4.8924928346456689
21
-4.0136528346456695
0
LINE
8
BLACK
6
CONTINUOUS
10
4.8924928346456689
20
-4.0136528346456695
11
4.8923095669291339
21
-4.0138361023622044
0
LINE
8
BLACK
6
CONTINUOUS
10
4.8923095669291339
20
-4.0138361023622044
11
4.891706929133858
21
-4.0139559842519681
0
LINE
8
BLACK
6
CONTINUOUS
10
4.891706929133858
20
-4.0139559842519681
11
4.8839079133858263
21
-4.0139559842519681
0
LINE
8
BLACK
6
CONTINUOUS
10
4.8839079133858263
20
-4.0139559842519681
11
4.8839079133858263
21
-4.0189428740157478
0
LINE
8
BLACK
6
CONTINUOUS
10
4.8839079133858263
20
-4.0189428740157478
11
4.8837880314960627
21
-4.0195455118110237
0
LINE
8
BLACK
6
CONTINUOUS
10
4.8837880314960627
20
-4.0195455118110237
11
4.8829357480314961
21
-4.0203977952755903
0
LINE
8
BLACK
6
CONTINUOUS
10
4.8829357480314961
20
-4.0203977952755903
11
4.8817304724409452
21
-4.0203977952755903
0
LINE
8
BLACK
6
CONTINUOUS
10
4.8817304724409452
20
-4.0203977952755903
11
4.8808781889763777
21
-4.0195455118110237
0
LINE
8
BLACK
6
CONTINUOUS
10
4.8808781889763777
20
-4.0195455118110237
11
4.8807583070866141
21
-4.0189428740157478
0
LINE
8
BLACK
6
CONTINUOUS
10
4.8807583070866141
20
-4.0189428740157478
11
4.8807583070866141
21
-4.0139559842519681
0
LINE
8
BLACK
6
CONTINUOUS
10
4.8807583070866141
20
-4.0139559842519681
11
4.8795209842519682
21
-4.0139559842519681
0
LINE
8
BLACK
6
CONTINUOUS
10
4.8795209842519682
20
-4.0139559842519681
11
4.8789183464566932
21
-4.0138361023622044
0
LINE
8
BLACK
6
CONTINUOUS
10
4.8789183464566932
20
-4.0138361023622044
11
4.8780660629921258
21
-4.0129838188976379
0
LINE
8
BLACK
6
CONTINUOUS
10
4.8780660629921258
20
-4.0129838188976379
11
4.8780660629921258
21
-4.0117785433070869
0
LINE
8
BLACK
6
CONTINUOUS
10
4.8780660629921258
20
-4.0117785433070869
11
4.8789183464566932
21
-4.0109262598425195
0
LINE
8
BLACK
6
CONTINUOUS
10
4.8789183464566932
20
-4.0109262598425195
11
4.8795209842519682
21
-4.0108063779527559
0
LINE
8
BLACK
6
CONTINUOUS
10
4.8795209842519682
20
-4.0108063779527559
11
4.8807583070866141
21
-4.0108063779527559
0
LINE
8
BLACK
6
CONTINUOUS
10
4.8807583070866141
20
-4.0108063779527559
11
4.8807583070866141
21
-4.0058195275590549
0
LINE
8
BLACK
6
CONTINUOUS
10
4.8807583070866141
20
-4.0058195275590549
11
4.8808781889763777
21
-4.0052168897637799
0
LINE
8
BLACK
6
CONTINUOUS
10
4.8808781889763777
20
-4.0052168897637799
11
4.8817304724409452
21
-4.0043646062992124
0
LINE
8
BLACK
6
CONTINUOUS
10
4.8817304724409452
20
-4.0043646062992124
11
4.8829357480314961
21
-4.0043646062992124
0
LINE
8
BLACK
6
CONTINUOUS
10
4.8829357480314961
20
-4.0043646062992124
11
4.8837880314960627
21
-4.0052168897637799
0
LINE
8
BLACK
6
CONTINUOUS
10
4.8837880314960627
20
-4.0052168897637799
11
4.8839079133858263
21
-4.0058195275590549
0
LINE
8
BLACK
6
CONTINUOUS
10
4.8839079133858263
20
-4.0058195275590549
11
4.8839079133858263
21
-4.0108063779527559
0
LINE
8
BLACK
6
CONTINUOUS
10
4.8839079133858263
20
-4.0108063779527559
11
4.8895220078740156
21
-4.0108063779527559
0
LINE
8
BLACK
6
CONTINUOUS
10
4.8895220078740156
20
-4.0108063779527559
11
4.8855260629921258
21
-3.9988184645669289
0
LINE
8
BLACK
6
CONTINUOUS
10
4.8855260629921258
20
-3.9988184645669289
11
4.8854492125984255
21
-3.9982088582677164
0
LINE
8
BLACK
6
CONTINUOUS
10
4.8854492125984255
20
-3.9982088582677164
11
4.8859882283464566
21
-3.9971307874015749
0
LINE
8
BLACK
6
CONTINUOUS
10
4.8859882283464566
20
-3.9971307874015749
11
4.8871316535433067
21
-3.9967496456692913
0
LINE
8
BLACK
6
CONTINUOUS
10
4.8871316535433067
20
-3.9967496456692913
11
4.8882097244094487
21
-3.9972886614173229
0
LINE
8
BLACK
6
CONTINUOUS
10
4.9360485826771656
20
-3.9835750393700788
11
4.937113937007874
21
-3.9846403937007873
0
LINE
8
BLACK
6
CONTINUOUS
10
4.937113937007874
20
-3.9846403937007873
11
4.9372637795275587
21
-3.9853937007874016
0
LINE
8
BLACK
6
CONTINUOUS
10
4.9372637795275587
20
-3.9853937007874016
11
4.9372637795275587
21
-4.0346062992125979
0
LINE
8
BLACK
6
CONTINUOUS
10
4.9372637795275587
20
-4.0346062992125979
11
4.937113937007874
21
-4.0353596062992123
0
LINE
8
BLACK
6
CONTINUOUS
10
4.937113937007874
20
-4.0353596062992123
11
4.9360485826771656
21
-4.0364249606299207
0
LINE
8
BLACK
6
CONTINUOUS
10
4.9360485826771656
20
-4.0364249606299207
11
4.9352952755905513
21
-4.0365748031496063
0
LINE
8
BLACK
6
CONTINUOUS
10
4.9352952755905513
20
-4.0365748031496063
11
4.8565551181102364
21
-4.0365748031496063
0
LINE
8
BLACK
6
CONTINUOUS
10
4.8565551181102364
20
-4.0365748031496063
11
4.8558018110236221
21
-4.0364249606299207
0
LINE
8
BLACK
6
CONTINUOUS
10
4.8558018110236221
20
-4.0364249606299207
11
4.8547364566929136
21
-4.0353596062992123
0
LINE
8
BLACK
6
CONTINUOUS
10
4.8547364566929136
20
-4.0353596062992123
11
4.8545866141732281
21
-4.0346062992125979
0
LINE
8
BLACK
6
CONTINUOUS
10
4.8545866141732281
20
-4.0346062992125979
11
4.8545866141732281
21
-3.9853937007874016
0
LINE
8
BLACK
6
CONTINUOUS
10
4.8545866141732281
20
-3.9853937007874016
11
4.8547364566929136
21
-3.9846403937007873
0
LINE
8
BLACK
6
CONTINUOUS
10
4.8547364566929136
20
-3.9846403937007873
11
4.8558018110236221
21
-3.9835750393700788
0
LINE
8
BLACK
6
CONTINUOUS
10
4.8558018110236221
20
-3.9835750393700788
11
4.8565551181102364
21
-3.9834251968503938
0
LINE
8
BLACK
6
CONTINUOUS
10
4.8565551181102364
20
-3.9834251968503938
11
4.9352952755905513
21
-3.9834251968503938
0
LINE
8
BLACK
6
CONTINUOUS
10
4.9352952755905513
20
-3.9834251968503938
11
4.9360485826771656
21
-3.9835750393700788
0
LINE
8
BLACK
6
CONTINUOUS
10
4.8585236220472439
20
-3.9873622047244095
11
4.8585236220472439
21
-4.0326377952755905
0
LINE
8
BLACK
6
CONTINUOUS
10
4.8585236220472439
20
-4.0326377952755905
11
4.9333267716535429
21
-4.0326377952755905
0
LINE
8
BLACK
6
CONTINUOUS
10
4.9333267716535429
20
-4.0326377952755905
11
4.9333267716535429
21
-3.9873622047244095
0
LINE
8
BLACK
6
CONTINUOUS
10
4.9333267716535429
20
-3.9873622047244095
11
4.8585236220472439
21
-3.9873622047244095
0
LINE
8
BLACK
6
CONTINUOUS
10
5.1430469685039366
20
-3.9976984251968504
11
5.1430812598425195
21
-3.9976870078740157
0
LINE
8
BLACK
6
CONTINUOUS
10
5.1430812598425195
20
-3.9976870078740157
11
5.1433246850393699
21
-3.9977536614173226
0
LINE
8
BLACK
6
CONTINUOUS
10
5.1433246850393699
20
-3.9977536614173226
11
5.1435722440944884
21
-3.9978029133858266
0
LINE
8
BLACK
6
CONTINUOUS
10
5.1435722440944884
20
-3.9978029133858266
11
5.1435977559055113
21
-3.9978284251968503
0
LINE
8
BLACK
6
CONTINUOUS
10
5.1435977559055113
20
-3.9978284251968503
11
5.1436738976377949
21
-3.9978492913385826
0
LINE
8
BLACK
6
CONTINUOUS
10
5.1436738976377949
20
-3.9978492913385826
11
5.1455486614173225
21
-3.9987866929133857
0
LINE
8
BLACK
6
CONTINUOUS
10
5.1455486614173225
20
-3.9987866929133857
11
5.1457482283464566
21
-3.9989415748031494
0
LINE
8
BLACK
6
CONTINUOUS
10
5.1457482283464566
20
-3.9989415748031494
11
5.1459579133858266
21
-3.9990816929133857
0
LINE
8
BLACK
6
CONTINUOUS
10
5.1459579133858266
20
-3.9990816929133857
11
5.146895275590551
21
-4.0000190551181101
0
LINE
8
BLACK
6
CONTINUOUS
10
5.146895275590551
20
-4.0000190551181101
11
5.147236653543307
21
-4.0005299606299216
0
LINE
8
BLACK
6
CONTINUOUS
10
5.147236653543307
20
-4.0005299606299216
11
5.147236653543307
21
-4.0017352362204726
0
LINE
8
BLACK
6
CONTINUOUS
10
5.147236653543307
20
-4.0017352362204726
11
5.1463843700787404
21
-4.0025875196850391
0
LINE
8
BLACK
6
CONTINUOUS
10
5.1463843700787404
20
-4.0025875196850391
11
5.1451790944881886
21
-4.0025875196850391
0
LINE
8
BLACK
6
CONTINUOUS
10
5.1451790944881886
20
-4.0025875196850391
11
5.1446681889763779
21
-4.0022461417322832
0
LINE
8
BLACK
6
CONTINUOUS
10
5.1446681889763779
20
-4.0022461417322832
11
5.1439115354330704
21
-4.0014894881889767
0
LINE
8
BLACK
6
CONTINUOUS
10
5.1439115354330704
20
-4.0014894881889767
11
5.1425978346456693
21
-4.0008326377952752
0
LINE
8
BLACK
6
CONTINUOUS
10
5.1425978346456693
20
-4.0008326377952752
11
5.1386544488188974
21
-4.0008326377952752
0
LINE
8
BLACK
6
CONTINUOUS
10
5.1386544488188974
20
-4.0008326377952752
11
5.1373407086614176
21
-4.0014894881889767
0
LINE
8
BLACK
6
CONTINUOUS
10
5.1373407086614176
20
-4.0014894881889767
11
5.1367648031496058
21
-4.0020653937007875
0
LINE
8
BLACK
6
CONTINUOUS
10
5.1367648031496058
20
-4.0020653937007875
11
5.1361079527559053
21
-4.0033791338582674
0
LINE
8
BLACK
6
CONTINUOUS
10
5.1361079527559053
20
-4.0033791338582674
11
5.1361079527559053
21
-4.0046265748031491
0
LINE
8
BLACK
6
CONTINUOUS
10
5.1361079527559053
20
-4.0046265748031491
11
5.1368469291338581
21
-4.0068435826771651
0
LINE
8
BLACK
6
CONTINUOUS
10
5.1368469291338581
20
-4.0068435826771651
11
5.147832716535433
21
-4.0178293307086612
0
LINE
8
BLACK
6
CONTINUOUS
10
5.147832716535433
20
-4.0178293307086612
11
5.1481740551181101
21
-4.0183402362204728
0
LINE
8
BLACK
6
CONTINUOUS
10
5.1481740551181101
20
-4.0183402362204728
11
5.1481740551181101
21
-4.0195455511811025
0
LINE
8
BLACK
6
CONTINUOUS
10
5.1481740551181101
20
-4.0195455511811025
11
5.1473218110236223
21
-4.0203977952755903
0
LINE
8
BLACK
6
CONTINUOUS
10
5.1473218110236223
20
-4.0203977952755903
11
5.1473217716535435
21
-4.0203977952755903
0
LINE
8
BLACK
6
CONTINUOUS
10
5.1473217716535435
20
-4.0203977952755903
11
5.1467191338582676
21
-4.0205176771653539
0
LINE
8
BLACK
6
CONTINUOUS
10
5.1467191338582676
20
-4.0205176771653539
11
5.1345331496062991
21
-4.0205176771653539
0
LINE
8
BLACK
6
CONTINUOUS
10
5.1345331496062991
20
-4.0205176771653539
11
5.1339305118110232
21
-4.0203977952755903
0
LINE
8
BLACK
6
CONTINUOUS
10
5.1339305118110232
20
-4.0203977952755903
11
5.1330782283464567
21
-4.0195455118110237
0
LINE
8
BLACK
6
CONTINUOUS
10
5.1330782283464567
20
-4.0195455118110237
11
5.1330782283464567
21
-4.0183402362204728
0
LINE
8
BLACK
6
CONTINUOUS
10
5.1330782283464567
20
-4.0183402362204728
11
5.1339305118110232
21
-4.0174879527559053
0
LINE
8
BLACK
6
CONTINUOUS
10
5.1339305118110232
20
-4.0174879527559053
11
5.1345331496062991
21
-4.0173680708661417
0
LINE
8
BLACK
6
CONTINUOUS
10
5.1345331496062991
20
-4.0173680708661417
11
5.1429172047244096
21
-4.0173680708661417
0
LINE
8
BLACK
6
CONTINUOUS
10
5.1429172047244096
20
-4.0173680708661417
11
5.1343570078740157
21
-4.008807834645669
0
LINE
8
BLACK
6
CONTINUOUS
10
5.1343570078740157
20
-4.008807834645669
11
5.1343131889763782
21
-4.0087422440944884
0
LINE
8
BLACK
6
CONTINUOUS
10
5.1343131889763782
20
-4.0087422440944884
11
5.1342808661417321
21
-4.0087261023622043
0
LINE
8
BLACK
6
CONTINUOUS
10
5.1342808661417321
20
-4.0087261023622043
11
5.1341558267716536
21
-4.0085067322834647
0
LINE
8
BLACK
6
CONTINUOUS
10
5.1341558267716536
20
-4.0085067322834647
11
5.1340156299212598
21
-4.0082969291338584
0
LINE
8
BLACK
6
CONTINUOUS
10
5.1340156299212598
20
-4.0082969291338584
11
5.1340156299212598
21
-4.008260787401575
0
LINE
8
BLACK
6
CONTINUOUS
10
5.1340156299212598
20
-4.008260787401575
11
5.1339765748031496
21
-4.0081922834645667
0
LINE
8
BLACK
6
CONTINUOUS
10
5.1339765748031496
20
-4.0081922834645667
11
5.1330391732283465
21
-4.005380118110236
0
LINE
8
BLACK
6
CONTINUOUS
10
5.1330391732283465
20
-4.005380118110236
11
5.1330075984251966
21
-4.0051298031496065
0
LINE
8
BLACK
6
CONTINUOUS
10
5.1330075984251966
20
-4.0051298031496065
11
5.132958346456693
21
-4.0048821259842518
0
LINE
8
BLACK
6
CONTINUOUS
10
5.132958346456693
20
-4.0048821259842518
11
5.132958346456693
21
-4.0030073622047242
0
LINE
8
BLACK
6
CONTINUOUS
10
5.132958346456693
20
-4.0030073622047242
11
5.13297374015748
21
-4.0029299606299213
0
LINE
8
BLACK
6
CONTINUOUS
10
5.13297374015748
20
-4.0029299606299213
11
5.1329623228346453
21
-4.0028957086614172
0
LINE
8
BLACK
6
CONTINUOUS
10
5.1329623228346453
20
-4.0028957086614172
11
5.1330289763779531
21
-4.0026522440944881
0
LINE
8
BLACK
6
CONTINUOUS
10
5.1330289763779531
20
-4.0026522440944881
11
5.1330782283464567
21
-4.0024047244094492
0
LINE
8
BLACK
6
CONTINUOUS
10
5.1330782283464567
20
-4.0024047244094492
11
5.1331037401574804
21
-4.0023791732283467
0
LINE
8
BLACK
6
CONTINUOUS
10
5.1331037401574804
20
-4.0023791732283467
11
5.1331246062992122
21
-4.0023030708661418
0
LINE
8
BLACK
6
CONTINUOUS
10
5.1331246062992122
20
-4.0023030708661418
11
5.1340620078740153
21
-4.0004283070866142
0
LINE
8
BLACK
6
CONTINUOUS
10
5.1340620078740153
20
-4.0004283070866142
11
5.1342168897637794
21
-4.0002287007874013
0
LINE
8
BLACK
6
CONTINUOUS
10
5.1342168897637794
20
-4.0002287007874013
11
5.1343570078740157
21
-4.0000190551181101
0
LINE
8
BLACK
6
CONTINUOUS
10
5.1343570078740157
20
-4.0000190551181101
11
5.1352943700787401
21
-3.9990816929133857
0
LINE
8
BLACK
6
CONTINUOUS
10
5.1352943700787401
20
-3.9990816929133857
11
5.1355040157480314
21
-3.9989415748031494
0
LINE
8
BLACK
6
CONTINUOUS
10
5.1355040157480314
20
-3.9989415748031494
11
5.1357036220472443
21
-3.9987866929133857
0
LINE
8
BLACK
6
CONTINUOUS
10
5.1357036220472443
20
-3.9987866929133857
11
5.1375783858267718
21
-3.9978492913385826
0
LINE
8
BLACK
6
CONTINUOUS
10
5.1375783858267718
20
-3.9978492913385826
11
5.1376544881889759
21
-3.9978284251968503
0
LINE
8
BLACK
6
CONTINUOUS
10
5.1376544881889759
20
-3.9978284251968503
11
5.1376800393700783
21
-3.9978029133858266
0
LINE
8
BLACK
6
CONTINUOUS
10
5.1376800393700783
20
-3.9978029133858266
11
5.1379275590551181
21
-3.9977536614173226
0
LINE
8
BLACK
6
CONTINUOUS
10
5.1379275590551181
20
-3.9977536614173226
11
5.1381710236220473
21
-3.9976870078740157
0
LINE
8
BLACK
6
CONTINUOUS
10
5.1381710236220473
20
-3.9976870078740157
11
5.1382052755905514
21
-3.9976984251968504
0
LINE
8
BLACK
6
CONTINUOUS
10
5.1382052755905514
20
-3.9976984251968504
11
5.1382826771653543
21
-3.997683031496063
0
LINE
8
BLACK
6
CONTINUOUS
10
5.1382826771653543
20
-3.997683031496063
11
5.1429696062992125
21
-3.997683031496063
0
LINE
8
BLACK
6
CONTINUOUS
10
5.1429696062992125
20
-3.997683031496063
11
5.1430469685039366
21
-3.9976984251968504
0
LINE
8
BLACK
6
CONTINUOUS
10
5.1651320472440947
20
-3.9978029133858266
11
5.1659843307086613
21
-3.9986551968503936
0
LINE
8
BLACK
6
CONTINUOUS
10
5.1659843307086613
20
-3.9986551968503936
11
5.1661042125984249
21
-3.9992578346456691
0
LINE
8
BLACK
6
CONTINUOUS
10
5.1661042125984249
20
-3.9992578346456691
11
5.1661042125984249
21
-4.0189428740157478
0
LINE
8
BLACK
6
CONTINUOUS
10
5.1661042125984249
20
-4.0189428740157478
11
5.1659843307086613
21
-4.0195455118110237
0
LINE
8
BLACK
6
CONTINUOUS
10
5.1659843307086613
20
-4.0195455118110237
11
5.1651320472440947
21
-4.0203977952755903
0
LINE
8
BLACK
6
CONTINUOUS
10
5.1651320472440947
20
-4.0203977952755903
11
5.1639267716535429
21
-4.0203977952755903
0
LINE
8
BLACK
6
CONTINUOUS
10
5.1639267716535429
20
-4.0203977952755903
11
5.1630744881889763
21
-4.0195455118110237
0
LINE
8
BLACK
6
CONTINUOUS
10
5.1630744881889763
20
-4.0195455118110237
11
5.1629546062992127
21
-4.0189428740157478
0
LINE
8
BLACK
6
CONTINUOUS
10
5.1629546062992127
20
-4.0189428740157478
11
5.1629546062992127
21
-4.0111438582677161
0
LINE
8
BLACK
6
CONTINUOUS
10
5.1629546062992127
20
-4.0111438582677161
11
5.160662401574803
21
-4.0111438582677161
0
LINE
8
BLACK
6
CONTINUOUS
10
5.160662401574803
20
-4.0111438582677161
11
5.1545709448818897
21
-4.0198459448818893
0
LINE
8
BLACK
6
CONTINUOUS
10
5.1545709448818897
20
-4.0198459448818893
11
5.154127165354331
21
-4.0202709055118113
0
LINE
8
BLACK
6
CONTINUOUS
10
5.154127165354331
20
-4.0202709055118113
11
5.1529401968503938
21
-4.0204803937007876
0
LINE
8
BLACK
6
CONTINUOUS
10
5.1529401968503938
20
-4.0204803937007876
11
5.1519527952755908
21
-4.0197892125984254
0
LINE
8
BLACK
6
CONTINUOUS
10
5.1519527952755908
20
-4.0197892125984254
11
5.1517433070866137
21
-4.0186022440944882
0
LINE
8
BLACK
6
CONTINUOUS
10
5.1517433070866137
20
-4.0186022440944882
11
5.1519907086614172
21
-4.0180398031496063
0
LINE
8
BLACK
6
CONTINUOUS
10
5.1519907086614172
20
-4.0180398031496063
11
5.1568363779527555
21
-4.0111173228346457
0
LINE
8
BLACK
6
CONTINUOUS
10
5.1568363779527555
20
-4.0111173228346457
11
5.1566752362204724
21
-4.0110731889763782
0
LINE
8
BLACK
6
CONTINUOUS
10
5.1566752362204724
20
-4.0110731889763782
11
5.1564277165354326
21
-4.0110239763779525
0
LINE
8
BLACK
6
CONTINUOUS
10
5.1564277165354326
20
-4.0110239763779525
11
5.1564021653543302
21
-4.01099842519685
0
LINE
8
BLACK
6
CONTINUOUS
10
5.1564021653543302
20
-4.01099842519685
11
5.1563260629921261
21
-4.010977598425197
0
LINE
8
BLACK
6
CONTINUOUS
10
5.1563260629921261
20
-4.010977598425197
11
5.1544512992125986
21
-4.0100401968503938
0
LINE
8
BLACK
6
CONTINUOUS
10
5.1544512992125986
20
-4.0100401968503938
11
5.1542516929133857
21
-4.009885275590551
0
LINE
8
BLACK
6
CONTINUOUS
10
5.1542516929133857
20
-4.009885275590551
11
5.1540420866141732
21
-4.0097452362204722
0
LINE
8
BLACK
6
CONTINUOUS
10
5.1540420866141732
20
-4.0097452362204722
11
5.1531046456692913
21
-4.0088078740157478
0
LINE
8
BLACK
6
CONTINUOUS
10
5.1531046456692913
20
-4.0088078740157478
11
5.15296437007874
21
-4.0085979133858265
0
LINE
8
BLACK
6
CONTINUOUS
10
5.15296437007874
20
-4.0085979133858265
11
5.1528096456692909
21
-4.0083985433070861
0
LINE
8
BLACK
6
CONTINUOUS
10
5.1528096456692909
20
-4.0083985433070861
11
5.1518722834645665
21
-4.0065237795275586
0
LINE
8
BLACK
6
CONTINUOUS
10
5.1518722834645665
20
-4.0065237795275586
11
5.1518514173228347
21
-4.0064476771653545
0
LINE
8
BLACK
6
CONTINUOUS
10
5.1518514173228347
20
-4.0064476771653545
11
5.151825905511811
21
-4.0064221653543308
0
LINE
8
BLACK
6
CONTINUOUS
10
5.151825905511811
20
-4.0064221653543308
11
5.1517766141732286
21
-4.0061744488188973
0
LINE
8
BLACK
6
CONTINUOUS
10
5.1517766141732286
20
-4.0061744488188973
11
5.1517099999999996
21
-4.0059311417322832
0
LINE
8
BLACK
6
CONTINUOUS
10
5.1517099999999996
20
-4.0059311417322832
11
5.1517213779527555
21
-4.005896889763779
0
LINE
8
BLACK
6
CONTINUOUS
10
5.1517213779527555
20
-4.005896889763779
11
5.1517060236220473
21
-4.0058195275590549
0
LINE
8
BLACK
6
CONTINUOUS
10
5.1517060236220473
20
-4.0058195275590549
11
5.1517060236220473
21
-4.0030073622047242
0
LINE
8
BLACK
6
CONTINUOUS
10
5.1517060236220473
20
-4.0030073622047242
11
5.1517213779527555
21
-4.0029299606299213
0
LINE
8
BLACK
6
CONTINUOUS
10
5.1517213779527555
20
-4.0029299606299213
11
5.1517099999999996
21
-4.0028957480314959
0
LINE
8
BLACK
6
CONTINUOUS
10
5.1517099999999996
20
-4.0028957480314959
11
5.1517766141732286
21
-4.0026524015748031
0
LINE
8
BLACK
6
CONTINUOUS
10
5.1517766141732286
20
-4.0026524015748031
11
5.151825905511811
21
-4.0024047244094492
0
LINE
8
BLACK
6
CONTINUOUS
10
5.151825905511811
20
-4.0024047244094492
11
5.1518514173228347
21
-4.0023791732283467
0
LINE
8
BLACK
6
CONTINUOUS
10
5.1518514173228347
20
-4.0023791732283467
11
5.1518722834645665
21
-4.0023031102362205
0
LINE
8
BLACK
6
CONTINUOUS
10
5.1518722834645665
20
-4.0023031102362205
11
5.1528096456692909
21
-4.000428346456693
0
LINE
8
BLACK
6
CONTINUOUS
10
5.1528096456692909
20
-4.000428346456693
11
5.15296437007874
21
-4.0002289370078739
0
LINE
8
BLACK
6
CONTINUOUS
10
5.15296437007874
20
-4.0002289370078739
11
5.1531046456692913
21
-4.0000190157480313
0
LINE
8
BLACK
6
CONTINUOUS
10
5.1531046456692913
20
-4.0000190157480313
11
5.1540420866141732
21
-3.9990816535433069
0
LINE
8
BLACK
6
CONTINUOUS
10
5.1540420866141732
20
-3.9990816535433069
11
5.1542516929133857
21
-3.9989415748031494
0
LINE
8
BLACK
6
CONTINUOUS
10
5.1542516929133857
20
-3.9989415748031494
11
5.1544512992125986
21
-3.9987866929133857
0
LINE
8
BLACK
6
CONTINUOUS
10
5.1544512992125986
20
-3.9987866929133857
11
5.1563260629921261
21
-3.9978492913385826
0
LINE
8
BLACK
6
CONTINUOUS
10
5.1563260629921261
20
-3.9978492913385826
11
5.1564021653543302
21
-3.9978284251968503
0
LINE
8
BLACK
6
CONTINUOUS
10
5.1564021653543302
20
-3.9978284251968503
11
5.1564277165354326
21
-3.9978029133858266
0
LINE
8
BLACK
6
CONTINUOUS
10
5.1564277165354326
20
-3.9978029133858266
11
5.1566752362204724
21
-3.9977536614173226
0
LINE
8
BLACK
6
CONTINUOUS
10
5.1566752362204724
20
-3.9977536614173226
11
5.1569187007874016
21
-3.9976870078740157
0
LINE
8
BLACK
6
CONTINUOUS
10
5.1569187007874016
20
-3.9976870078740157
11
5.1569529527559057
21
-3.9976984251968504
0
LINE
8
BLACK
6
CONTINUOUS
10
5.1569529527559057
20
-3.9976984251968504
11
5.1570303543307086
21
-3.997683031496063
0
LINE
8
BLACK
6
CONTINUOUS
10
5.1570303543307086
20
-3.997683031496063
11
5.1645294094488188
21
-3.997683031496063
0
LINE
8
BLACK
6
CONTINUOUS
10
5.1645294094488188
20
-3.997683031496063
11
5.1651320472440947
21
-3.9978029133858266
0
LINE
8
BLACK
6
CONTINUOUS
10
5.1560884251968506
20
-4.0014894881889767
11
5.1555124015748026
21
-4.002065472440945
0
LINE
8
BLACK
6
CONTINUOUS
10
5.1555124015748026
20
-4.002065472440945
11
5.1548556299212596
21
-4.0033790944881886
0
LINE
8
BLACK
6
CONTINUOUS
10
5.1548556299212596
20
-4.0033790944881886
11
5.1548556299212596
21
-4.0054477952755905
0
LINE
8
BLACK
6
CONTINUOUS
10
5.1548556299212596
20
-4.0054477952755905
11
5.1555124015748026
21
-4.0067613779527562
0
LINE
8
BLACK
6
CONTINUOUS
10
5.1555124015748026
20
-4.0067613779527562
11
5.1560884251968506
21
-4.0073373622047246
0
LINE
8
BLACK
6
CONTINUOUS
10
5.1560884251968506
20
-4.0073373622047246
11
5.1574021259842517
21
-4.0079942519685039
0
LINE
8
BLACK
6
CONTINUOUS
10
5.1574021259842517
20
-4.0079942519685039
11
5.1629546062992127
21
-4.0079942519685039
0
LINE
8
BLACK
6
CONTINUOUS
10
5.1629546062992127
20
-4.0079942519685039
11
5.1629546062992127
21
-4.0008326377952752
0
LINE
8
BLACK
6
CONTINUOUS
10
5.1629546062992127
20
-4.0008326377952752
11
5.1574021259842517
21
-4.0008326377952752
0
LINE
8
BLACK
6
CONTINUOUS
10
5.1574021259842517
20
-4.0008326377952752
11
5.1560884251968506
21
-4.0014894881889767
0
LINE
8
BLACK
6
CONTINUOUS
10
5.1901233858267712
20
-3.9835750393700788
11
5.1911887401574806
21
-3.9846403937007873
0
LINE
8
BLACK
6
CONTINUOUS
10
5.1911887401574806
20
-3.9846403937007873
11
5.1913385826771652
21
-3.9853937007874016
0
LINE
8
BLACK
6
CONTINUOUS
10
5.1913385826771652
20
-3.9853937007874016
11
5.1913385826771652
21
-4.0346062992125979
0
LINE
8
BLACK
6
CONTINUOUS
10
5.1913385826771652
20
-4.0346062992125979
11
5.1911887401574806
21
-4.0353596062992123
0
LINE
8
BLACK
6
CONTINUOUS
10
5.1911887401574806
20
-4.0353596062992123
11
5.1901233858267712
21
-4.0364249606299207
0
LINE
8
BLACK
6
CONTINUOUS
10
5.1901233858267712
20
-4.0364249606299207
11
5.1893700787401578
21
-4.0365748031496063
0
LINE
8
BLACK
6
CONTINUOUS
10
5.1893700787401578
20
-4.0365748031496063
11
5.1106299212598421
21
-4.0365748031496063
0
LINE
8
BLACK
6
CONTINUOUS
10
5.1106299212598421
20
-4.0365748031496063
11
5.1098766141732286
21
-4.0364249606299207
0
LINE
8
BLACK
6
CONTINUOUS
10
5.1098766141732286
20
-4.0364249606299207
11
5.1088112598425193
21
-4.0353596062992123
0
LINE
8
BLACK
6
CONTINUOUS
10
5.1088112598425193
20
-4.0353596062992123
11
5.1086614173228346
21
-4.0346062992125979
0
LINE
8
BLACK
6
CONTINUOUS
10
5.1086614173228346
20
-4.0346062992125979
11
5.1086614173228346
21
-3.9853937007874016
0
LINE
8
BLACK
6
CONTINUOUS
10
5.1086614173228346
20
-3.9853937007874016
11
5.1088112598425193
21
-3.9846403937007873
0
LINE
8
BLACK
6
CONTINUOUS
10
5.1088112598425193
20
-3.9846403937007873
11
5.1098766141732286
21
-3.9835750393700788
0
LINE
8
BLACK
6
CONTINUOUS
10
5.1098766141732286
20
-3.9835750393700788
11
5.1106299212598421
21
-3.9834251968503938
0
LINE
8
BLACK
6
CONTINUOUS
10
5.1106299212598421
20
-3.9834251968503938
11
5.1893700787401578
21
-3.9834251968503938
0
LINE
8
BLACK
6
CONTINUOUS
10
5.1893700787401578
20
-3.9834251968503938
11
5.1901233858267712
21
-3.9835750393700788
0
LINE
8
BLACK
6
CONTINUOUS
10
5.1125984251968504
20
-3.9873622047244095
11
5.1125984251968504
21
-4.0326377952755905
0
LINE
8
BLACK
6
CONTINUOUS
10
5.1125984251968504
20
-4.0326377952755905
11
5.1874015748031495
21
-4.0326377952755905
0
LINE
8
BLACK
6
CONTINUOUS
10
5.1874015748031495
20
-4.0326377952755905
11
5.1874015748031495
21
-3.9873622047244095
0
LINE
8
BLACK
6
CONTINUOUS
10
5.1874015748031495
20
-3.9873622047244095
11
5.1125984251968504
21
-3.9873622047244095
0
LINE
8
BLACK
6
CONTINUOUS
10
5.390301417322835
20
-3.9978029133858266
11
5.3907600787401577
21
-3.9978029133858266
0
LINE
8
BLACK
6
CONTINUOUS
10
5.3907600787401577
20
-3.9978029133858266
11
5.390874724409449
21
-3.9979175590551179
0
LINE
8
BLACK
6
CONTINUOUS
10
5.390874724409449
20
-3.9979175590551179
11
5.3910337401574804
21
-3.9979493700787399
0
LINE
8
BLACK
6
CONTINUOUS
10
5.3910337401574804
20
-3.9979493700787399
11
5.391467755905512
21
-3.9983842913385828
0
LINE
8
BLACK
6
CONTINUOUS
10
5.391467755905512
20
-3.9983842913385828
11
5.3932560236220475
21
-4.0010667322834648
0
LINE
8
BLACK
6
CONTINUOUS
10
5.3932560236220475
20
-4.0010667322834648
11
5.3948398425196853
21
-4.0026505118110238
0
LINE
8
BLACK
6
CONTINUOUS
10
5.3948398425196853
20
-4.0026505118110238
11
5.3964859842519681
21
-4.0034735826771657
0
LINE
8
BLACK
6
CONTINUOUS
10
5.3964859842519681
20
-4.0034735826771657
11
5.3969713779527559
21
-4.0038502755905512
0
LINE
8
BLACK
6
CONTINUOUS
10
5.3969713779527559
20
-4.0038502755905512
11
5.3973525590551183
21
-4.00499374015748
0
LINE
8
BLACK
6
CONTINUOUS
10
5.3973525590551183
20
-4.00499374015748
11
5.3968135433070863
21
-4.0060717716535432
0
LINE
8
BLACK
6
CONTINUOUS
10
5.3968135433070863
20
-4.0060717716535432
11
5.3956700787401575
21
-4.0064529527559056
0
LINE
8
BLACK
6
CONTINUOUS
10
5.3956700787401575
20
-4.0064529527559056
11
5.3950774409448821
21
-4.0062906692913387
0
LINE
8
BLACK
6
CONTINUOUS
10
5.3950774409448821
20
-4.0062906692913387
11
5.3932027165354333
21
-4.0053533070866143
0
LINE
8
BLACK
6
CONTINUOUS
10
5.3932027165354333
20
-4.0053533070866143
11
5.3930035039370079
21
-4.0051987007874015
0
LINE
8
BLACK
6
CONTINUOUS
10
5.3930035039370079
20
-4.0051987007874015
11
5.3927933858267716
21
-4.0050583070866139
0
LINE
8
BLACK
6
CONTINUOUS
10
5.3927933858267716
20
-4.0050583070866139
11
5.3917322440944879
21
-4.0039971259842515
0
LINE
8
BLACK
6
CONTINUOUS
10
5.3917322440944879
20
-4.0039971259842515
11
5.3917322440944879
21
-4.0173680708661417
0
LINE
8
BLACK
6
CONTINUOUS
10
5.3917322440944879
20
-4.0173680708661417
11
5.3957817322834645
21
-4.0173680708661417
0
LINE
8
BLACK
6
CONTINUOUS
10
5.3957817322834645
20
-4.0173680708661417
11
5.3963843700787404
21
-4.0174879527559053
0
LINE
8
BLACK
6
CONTINUOUS
10
5.3963843700787404
20
-4.0174879527559053
11
5.397236653543307
21
-4.0183402362204728
0
LINE
8
BLACK
6
CONTINUOUS
10
5.397236653543307
20
-4.0183402362204728
11
5.397236653543307
21
-4.0195455118110237
0
LINE
8
BLACK
6
CONTINUOUS
10
5.397236653543307
20
-4.0195455118110237
11
5.3963843700787404
21
-4.0203977952755903
0
LINE
8
BLACK
6
CONTINUOUS
10
5.3963843700787404
20
-4.0203977952755903
11
5.3957817322834645
21
-4.0205176771653539
0
LINE
8
BLACK
6
CONTINUOUS
10
5.3957817322834645
20
-4.0205176771653539
11
5.3845331496062991
21
-4.0205176771653539
0
LINE
8
BLACK
6
CONTINUOUS
10
5.3845331496062991
20
-4.0205176771653539
11
5.3839305118110232
21
-4.0203977952755903
0
LINE
8
BLACK
6
CONTINUOUS
10
5.3839305118110232
20
-4.0203977952755903
11
5.3830782283464567
21
-4.0195455118110237
0
LINE
8
BLACK
6
CONTINUOUS
10
5.3830782283464567
20
-4.0195455118110237
11
5.3830782283464567
21
-4.0183402362204728
0
LINE
8
BLACK
6
CONTINUOUS
10
5.3830782283464567
20
-4.0183402362204728
11
5.3839305118110232
21
-4.0174879527559053
0
LINE
8
BLACK
6
CONTINUOUS
10
5.3839305118110232
20
-4.0174879527559053
11
5.3845331496062991
21
-4.0173680708661417
0
LINE
8
BLACK
6
CONTINUOUS
10
5.3845331496062991
20
-4.0173680708661417
11
5.3885826377952757
21
-4.0173680708661417
0
LINE
8
BLACK
6
CONTINUOUS
10
5.3885826377952757
20
-4.0173680708661417
11
5.3885826377952757
21
-3.9992578346456691
0
LINE
8
BLACK
6
CONTINUOUS
10
5.3885826377952757
20
-3.9992578346456691
11
5.3887025196850393
21
-3.9986551968503936
0
LINE
8
BLACK
6
CONTINUOUS
10
5.3887025196850393
20
-3.9986551968503936
11
5.3888171653543306
21
-3.9985405118110235
0
LINE
8
BLACK
6
CONTINUOUS
10
5.3888171653543306
20
-3.9985405118110235
11
5.388848976377953
21
-3.998381535433071
0
LINE
8
BLACK
6
CONTINUOUS
10
5.388848976377953
20
-3.998381535433071
11
5.3892305511811021
21
-3.9981271259842517
0
LINE
8
BLACK
6
CONTINUOUS
10
5.3892305511811021
20
-3.9981271259842517
11
5.3895548031496059
21
-3.9978029133858266
0
LINE
8
BLACK
6
CONTINUOUS
10
5.3895548031496059
20
-3.9978029133858266
11
5.3897169291338578
21
-3.9978029133858266
0
LINE
8
BLACK
6
CONTINUOUS
10
5.3897169291338578
20
-3.9978029133858266
11
5.3898518110236218
21
-3.997712992125984
0
LINE
8
BLACK
6
CONTINUOUS
10
5.3898518110236218
20
-3.997712992125984
11
5.390301417322835
21
-3.9978029133858266
0
LINE
8
BLACK
6
CONTINUOUS
10
5.4151320472440947
20
-3.9978029133858266
11
5.4159843307086613
21
-3.9986551968503936
0
LINE
8
BLACK
6
CONTINUOUS
10
5.4159843307086613
20
-3.9986551968503936
11
5.4161042125984249
21
-3.9992578346456691
0
LINE
8
BLACK
6
CONTINUOUS
10
5.4161042125984249
20
-3.9992578346456691
11
5.4161042125984249
21
-4.0189428740157478
0
LINE
8
BLACK
6
CONTINUOUS
10
5.4161042125984249
20
-4.0189428740157478
11
5.4159843307086613
21
-4.0195455118110237
0
LINE
8
BLACK
6
CONTINUOUS
10
5.4159843307086613
20
-4.0195455118110237
11
5.4151320472440947
21
-4.0203977952755903
0
LINE
8
BLACK
6
CONTINUOUS
10
5.4151320472440947
20
-4.0203977952755903
11
5.4139267716535429
21
-4.0203977952755903
0
LINE
8
BLACK
6
CONTINUOUS
10
5.4139267716535429
20
-4.0203977952755903
11
5.4130744881889763
21
-4.0195455118110237
0
LINE
8
BLACK
6
CONTINUOUS
10
5.4130744881889763
20
-4.0195455118110237
11
5.4129546062992127
21
-4.0189428740157478
0
LINE
8
BLACK
6
CONTINUOUS
10
5.4129546062992127
20
-4.0189428740157478
11
5.4129546062992127
21
-4.0111438582677161
0
LINE
8
BLACK
6
CONTINUOUS
10
5.4129546062992127
20
-4.0111438582677161
11
5.410662401574803
21
-4.0111438582677161
0
LINE
8
BLACK
6
CONTINUOUS
10
5.410662401574803
20
-4.0111438582677161
11
5.4045709448818897
21
-4.0198459448818893
0
LINE
8
BLACK
6
CONTINUOUS
10
5.4045709448818897
20
-4.0198459448818893
11
5.404127165354331
21
-4.0202709055118113
0
LINE
8
BLACK
6
CONTINUOUS
10
5.404127165354331
20
-4.0202709055118113
11
5.4029401968503938
21
-4.0204803937007876
0
LINE
8
BLACK
6
CONTINUOUS
10
5.4029401968503938
20
-4.0204803937007876
11
5.4019527952755908
21
-4.0197892125984254
0
LINE
8
BLACK
6
CONTINUOUS
10
5.4019527952755908
20
-4.0197892125984254
11
5.4017433070866137
21
-4.0186022440944882
0
LINE
8
BLACK
6
CONTINUOUS
10
5.4017433070866137
20
-4.0186022440944882
11
5.4019907086614172
21
-4.0180398031496063
0
LINE
8
BLACK
6
CONTINUOUS
10
5.4019907086614172
20
-4.0180398031496063
11
5.4068363779527555
21
-4.0111173228346457
0
LINE
8
BLACK
6
CONTINUOUS
10
5.4068363779527555
20
-4.0111173228346457
11
5.4066752362204724
21
-4.0110731889763782
0
LINE
8
BLACK
6
CONTINUOUS
10
5.4066752362204724
20
-4.0110731889763782
11
5.4064277165354326
21
-4.0110239763779525
0
LINE
8
BLACK
6
CONTINUOUS
10
5.4064277165354326
20
-4.0110239763779525
11
5.4064021653543302
21
-4.01099842519685
0
LINE
8
BLACK
6
CONTINUOUS
10
5.4064021653543302
20
-4.01099842519685
11
5.4063260629921261
21
-4.010977598425197
0
LINE
8
BLACK
6
CONTINUOUS
10
5.4063260629921261
20
-4.010977598425197
11
5.4044512992125986
21
-4.0100401968503938
0
LINE
8
BLACK
6
CONTINUOUS
10
5.4044512992125986
20
-4.0100401968503938
11
5.4042516929133857
21
-4.009885275590551
0
LINE
8
BLACK
6
CONTINUOUS
10
5.4042516929133857
20
-4.009885275590551
11
5.4040420866141732
21
-4.0097452362204722
0
LINE
8
BLACK
6
CONTINUOUS
10
5.4040420866141732
20
-4.0097452362204722
11
5.4031046456692913
21
-4.0088078740157478
0
LINE
8
BLACK
6
CONTINUOUS
10
5.4031046456692913
20
-4.0088078740157478
11
5.40296437007874
21
-4.0085979133858265
0
LINE
8
BLACK
6
CONTINUOUS
10
5.40296437007874
20
-4.0085979133858265
11
5.4028096456692909
21
-4.0083985433070861
0
LINE
8
BLACK
6
CONTINUOUS
10
5.4028096456692909
20
-4.0083985433070861
11
5.4018722834645665
21
-4.0065237795275586
0
LINE
8
BLACK
6
CONTINUOUS
10
5.4018722834645665
20
-4.0065237795275586
11
5.4018514173228347
21
-4.0064476771653545
0
LINE
8
BLACK
6
CONTINUOUS
10
5.4018514173228347
20
-4.0064476771653545
11
5.401825905511811
21
-4.0064221653543308
0
LINE
8
BLACK
6
CONTINUOUS
10
5.401825905511811
20
-4.0064221653543308
11
5.4017766141732286
21
-4.0061744488188973
0
LINE
8
BLACK
6
CONTINUOUS
10
5.4017766141732286
20
-4.0061744488188973
11
5.4017099999999996
21
-4.0059311417322832
0
LINE
8
BLACK
6
CONTINUOUS
10
5.4017099999999996
20
-4.0059311417322832
11
5.4017213779527555
21
-4.005896889763779
0
LINE
8
BLACK
6
CONTINUOUS
10
5.4017213779527555
20
-4.005896889763779
11
5.4017060236220473
21
-4.0058195275590549
0
LINE
8
BLACK
6
CONTINUOUS
10
5.4017060236220473
20
-4.0058195275590549
11
5.4017060236220473
21
-4.0030073622047242
0
LINE
8
BLACK
6
CONTINUOUS
10
5.4017060236220473
20
-4.0030073622047242
11
5.4017213779527555
21
-4.0029299606299213
0
LINE
8
BLACK
6
CONTINUOUS
10
5.4017213779527555
20
-4.0029299606299213
11
5.4017099999999996
21
-4.0028957480314959
0
LINE
8
BLACK
6
CONTINUOUS
10
5.4017099999999996
20
-4.0028957480314959
11
5.4017766141732286
21
-4.0026524015748031
0
LINE
8
BLACK
6
CONTINUOUS
10
5.4017766141732286
20
-4.0026524015748031
11
5.401825905511811
21
-4.0024047244094492
0
LINE
8
BLACK
6
CONTINUOUS
10
5.401825905511811
20
-4.0024047244094492
11
5.4018514173228347
21
-4.0023791732283467
0
LINE
8
BLACK
6
CONTINUOUS
10
5.4018514173228347
20
-4.0023791732283467
11
5.4018722834645665
21
-4.0023031102362205
0
LINE
8
BLACK
6
CONTINUOUS
10
5.4018722834645665
20
-4.0023031102362205
11
5.4028096456692909
21
-4.000428346456693
0
LINE
8
BLACK
6
CONTINUOUS
10
5.4028096456692909
20
-4.000428346456693
11
5.40296437007874
21
-4.0002289370078739
0
LINE
8
BLACK
6
CONTINUOUS
10
5.40296437007874
20
-4.0002289370078739
11
5.4031046456692913
21
-4.0000190157480313
0
LINE
8
BLACK
6
CONTINUOUS
10
5.4031046456692913
20
-4.0000190157480313
11
5.4040420866141732
21
-3.9990816535433069
0
LINE
8
BLACK
6
CONTINUOUS
10
5.4040420866141732
20
-3.9990816535433069
11
5.4042516929133857
21
-3.9989415748031494
0
LINE
8
BLACK
6
CONTINUOUS
10
5.4042516929133857
20
-3.9989415748031494
11
5.4044512992125986
21
-3.9987866929133857
0
LINE
8
BLACK
6
CONTINUOUS
10
5.4044512992125986
20
-3.9987866929133857
11
5.4063260629921261
21
-3.9978492913385826
0
LINE
8
BLACK
6
CONTINUOUS
10
5.4063260629921261
20
-3.9978492913385826
11
5.4064021653543302
21
-3.9978284251968503
0
LINE
8
BLACK
6
CONTINUOUS
10
5.4064021653543302
20
-3.9978284251968503
11
5.4064277165354326
21
-3.9978029133858266
0
LINE
8
BLACK
6
CONTINUOUS
10
5.4064277165354326
20
-3.9978029133858266
11
5.4066752362204724
21
-3.9977536614173226
0
LINE
8
BLACK
6
CONTINUOUS
10
5.4066752362204724
20
-3.9977536614173226
11
5.4069187007874016
21
-3.9976870078740157
0
LINE
8
BLACK
6
CONTINUOUS
10
5.4069187007874016
20
-3.9976870078740157
11
5.4069529527559057
21
-3.9976984251968504
0
LINE
8
BLACK
6
CONTINUOUS
10
5.4069529527559057
20
-3.9976984251968504
11
5.4070303543307086
21
-3.997683031496063
0
LINE
8
BLACK
6
CONTINUOUS
10
5.4070303543307086
20
-3.997683031496063
11
5.4145294094488188
21
-3.997683031496063
0
LINE
8
BLACK
6
CONTINUOUS
10
5.4145294094488188
20
-3.997683031496063
11
5.4151320472440947
21
-3.9978029133858266
0
LINE
8
BLACK
6
CONTINUOUS
10
5.4060884251968506
20
-4.0014894881889767
11
5.4055124015748026
21
-4.002065472440945
0
LINE
8
BLACK
6
CONTINUOUS
10
5.4055124015748026
20
-4.002065472440945
11
5.4048556299212596
21
-4.0033790944881886
0
LINE
8
BLACK
6
CONTINUOUS
10
5.4048556299212596
20
-4.0033790944881886
11
5.4048556299212596
21
-4.0054477952755905
0
LINE
8
BLACK
6
CONTINUOUS
10
5.4048556299212596
20
-4.0054477952755905
11
5.4055124015748026
21
-4.0067613779527562
0
LINE
8
BLACK
6
CONTINUOUS
10
5.4055124015748026
20
-4.0067613779527562
11
5.4060884251968506
21
-4.0073373622047246
0
LINE
8
BLACK
6
CONTINUOUS
10
5.4060884251968506
20
-4.0073373622047246
11
5.4074021259842517
21
-4.0079942519685039
0
LINE
8
BLACK
6
CONTINUOUS
10
5.4074021259842517
20
-4.0079942519685039
11
5.4129546062992127
21
-4.0079942519685039
0
LINE
8
BLACK
6
CONTINUOUS
10
5.4129546062992127
20
-4.0079942519685039
11
5.4129546062992127
21
-4.0008326377952752
0
LINE
8
BLACK
6
CONTINUOUS
10
5.4129546062992127
20
-4.0008326377952752
11
5.4074021259842517
21
-4.0008326377952752
0
LINE
8
BLACK
6
CONTINUOUS
10
5.4074021259842517
20
-4.0008326377952752
11
5.4060884251968506
21
-4.0014894881889767
0
LINE
8
BLACK
6
CONTINUOUS
10
5.4401233858267712
20
-3.9835750393700788
11
5.4411887401574806
21
-3.9846403937007873
0
LINE
8
BLACK
6
CONTINUOUS
10
5.4411887401574806
20
-3.9846403937007873
11
5.4413385826771652
21
-3.9853937007874016
0
LINE
8
BLACK
6
CONTINUOUS
10
5.4413385826771652
20
-3.9853937007874016
11
5.4413385826771652
21
-4.0346062992125979
0
LINE
8
BLACK
6
CONTINUOUS
10
5.4413385826771652
20
-4.0346062992125979
11
5.4411887401574806
21
-4.0353596062992123
0
LINE
8
BLACK
6
CONTINUOUS
10
5.4411887401574806
20
-4.0353596062992123
11
5.4401233858267712
21
-4.0364249606299207
0
LINE
8
BLACK
6
CONTINUOUS
10
5.4401233858267712
20
-4.0364249606299207
11
5.4393700787401578
21
-4.0365748031496063
0
LINE
8
BLACK
6
CONTINUOUS
10
5.4393700787401578
20
-4.0365748031496063
11
5.3606299212598421
21
-4.0365748031496063
0
LINE
8
BLACK
6
CONTINUOUS
10
5.3606299212598421
20
-4.0365748031496063
11
5.3598766141732286
21
-4.0364249606299207
0
LINE
8
BLACK
6
CONTINUOUS
10
5.3598766141732286
20
-4.0364249606299207
11
5.3588112598425193
21
-4.0353596062992123
0
LINE
8
BLACK
6
CONTINUOUS
10
5.3588112598425193
20
-4.0353596062992123
11
5.3586614173228346
21
-4.0346062992125979
0
LINE
8
BLACK
6
CONTINUOUS
10
5.3586614173228346
20
-4.0346062992125979
11
5.3586614173228346
21
-3.9853937007874016
0
LINE
8
BLACK
6
CONTINUOUS
10
5.3586614173228346
20
-3.9853937007874016
11
5.3588112598425193
21
-3.9846403937007873
0
LINE
8
BLACK
6
CONTINUOUS
10
5.3588112598425193
20
-3.9846403937007873
11
5.3598766141732286
21
-3.9835750393700788
0
LINE
8
BLACK
6
CONTINUOUS
10
5.3598766141732286
20
-3.9835750393700788
11
5.3606299212598421
21
-3.9834251968503938
0
LINE
8
BLACK
6
CONTINUOUS
10
5.3606299212598421
20
-3.9834251968503938
11
5.4393700787401578
21
-3.9834251968503938
0
LINE
8
BLACK
6
CONTINUOUS
10
5.4393700787401578
20
-3.9834251968503938
11
5.4401233858267712
21
-3.9835750393700788
0
LINE
8
BLACK
6
CONTINUOUS
10
5.3625984251968504
20
-3.9873622047244095
11
5.3625984251968504
21
-4.0326377952755905
0
LINE
8
BLACK
6
CONTINUOUS
10
5.3625984251968504
20
-4.0326377952755905
11
5.4374015748031495
21
-4.0326377952755905
0
LINE
8
BLACK
6
CONTINUOUS
10
5.4374015748031495
20
-4.0326377952755905
11
5.4374015748031495
21
-3.9873622047244095
0
LINE
8
BLACK
6
CONTINUOUS
10
5.4374015748031495
20
-3.9873622047244095
11
5.3625984251968504
21
-3.9873622047244095
0
LINE
8
BLACK
6
CONTINUOUS
10
5.7479479527559052
20
-3.9978029133858266
11
5.7488002362204726
21
-3.9986551968503936
0
LINE
8
BLACK
6
CONTINUOUS
10
5.7488002362204726
20
-3.9986551968503936
11
5.7488002362204726
21
-3.999860472440945
0
LINE
8
BLACK
6
CONTINUOUS
10
5.7488002362204726
20
-3.999860472440945
11
5.7479479527559052
21
-4.0007127559055116
0
LINE
8
BLACK
6
CONTINUOUS
10
5.7479479527559052
20
-4.0007127559055116
11
5.7473453149606302
21
-4.0008326377952752
0
LINE
8
BLACK
6
CONTINUOUS
10
5.7473453149606302
20
-4.0008326377952752
11
5.7386298425196847
21
-4.0008326377952752
0
LINE
8
BLACK
6
CONTINUOUS
10
5.7386298425196847
20
-4.0008326377952752
11
5.7429061811023621
21
-4.0057198818897639
0
LINE
8
BLACK
6
CONTINUOUS
10
5.7429061811023621
20
-4.0057198818897639
11
5.7431296062992123
21
-4.0061079133858266
0
LINE
8
BLACK
6
CONTINUOUS
10
5.7431296062992123
20
-4.0061079133858266
11
5.74317594488189
21
-4.0061542519685043
0
LINE
8
BLACK
6
CONTINUOUS
10
5.74317594488189
20
-4.0061542519685043
11
5.74317594488189
21
-4.0061883464566925
0
LINE
8
BLACK
6
CONTINUOUS
10
5.74317594488189
20
-4.0061883464566925
11
5.74321279527559
21
-4.0062523622047239
0
LINE
8
BLACK
6
CONTINUOUS
10
5.74321279527559
20
-4.0062523622047239
11
5.74317594488189
21
-4.0068052362204725
0
LINE
8
BLACK
6
CONTINUOUS
10
5.74317594488189
20
-4.0068052362204725
11
5.74317594488189
21
-4.0073595275590552
0
LINE
8
BLACK
6
CONTINUOUS
10
5.74317594488189
20
-4.0073595275590552
11
5.7431363385826772
21
-4.0073990944881892
0
LINE
8
BLACK
6
CONTINUOUS
10
5.7431363385826772
20
-4.0073990944881892
11
5.7431326377952754
21
-4.0074550000000002
0
LINE
8
BLACK
6
CONTINUOUS
10
5.7431326377952754
20
-4.0074550000000002
11
5.7427153149606296
21
-4.007820118110236
0
LINE
8
BLACK
6
CONTINUOUS
10
5.7427153149606296
20
-4.007820118110236
11
5.7423236614173225
21
-4.0082118110236218
0
LINE
8
BLACK
6
CONTINUOUS
10
5.7423236614173225
20
-4.0082118110236218
11
5.7422512204724407
21
-4.0082261811023621
0
LINE
8
BLACK
6
CONTINUOUS
10
5.7422512204724407
20
-4.0082261811023621
11
5.7422255905511808
21
-4.0082486614173227
0
LINE
8
BLACK
6
CONTINUOUS
10
5.7422255905511808
20
-4.0082486614173227
11
5.7421602755905514
21
-4.008244291338583
0
LINE
8
BLACK
6
CONTINUOUS
10
5.7421602755905514
20
-4.008244291338583
11
5.7417210236220475
21
-4.0083316929133854
0
LINE
8
BLACK
6
CONTINUOUS
10
5.7417210236220475
20
-4.0083316929133854
11
5.73928062992126
21
-4.0083316929133854
0
LINE
8
BLACK
6
CONTINUOUS
10
5.73928062992126
20
-4.0083316929133854
11
5.7379668897637792
21
-4.0089885433070869
0
LINE
8
BLACK
6
CONTINUOUS
10
5.7379668897637792
20
-4.0089885433070869
11
5.7373909842519684
21
-4.0095644488188977
0
LINE
8
BLACK
6
CONTINUOUS
10
5.7373909842519684
20
-4.0095644488188977
11
5.7367341338582678
21
-4.0108781889763776
0
LINE
8
BLACK
6
CONTINUOUS
10
5.7367341338582678
20
-4.0108781889763776
11
5.7367341338582678
21
-4.0148215354330707
0
LINE
8
BLACK
6
CONTINUOUS
10
5.7367341338582678
20
-4.0148215354330707
11
5.7373909842519684
21
-4.0161352362204727
0
LINE
8
BLACK
6
CONTINUOUS
10
5.7373909842519684
20
-4.0161352362204727
11
5.737966929133858
21
-4.0167112598425199
0
LINE
8
BLACK
6
CONTINUOUS
10
5.737966929133858
20
-4.0167112598425199
11
5.7392805905511812
21
-4.0173680708661417
0
LINE
8
BLACK
6
CONTINUOUS
10
5.7392805905511812
20
-4.0173680708661417
11
5.7441614173228341
21
-4.0173680708661417
0
LINE
8
BLACK
6
CONTINUOUS
10
5.7441614173228341
20
-4.0173680708661417
11
5.7454750787401574
21
-4.0167112204724411
0
LINE
8
BLACK
6
CONTINUOUS
10
5.7454750787401574
20
-4.0167112204724411
11
5.7462317322834648
21
-4.0159545669291337
0
LINE
8
BLACK
6
CONTINUOUS
10
5.7462317322834648
20
-4.0159545669291337
11
5.7467426377952755
21
-4.0156131889763778
0
LINE
8
BLACK
6
CONTINUOUS
10
5.7467426377952755
20
-4.0156131889763778
11
5.7479479527559052
21
-4.0156131889763778
0
LINE
8
BLACK
6
CONTINUOUS
10
5.7479479527559052
20
-4.0156131889763778
11
5.7488002362204726
21
-4.0164654724409452
0
LINE
8
BLACK
6
CONTINUOUS
10
5.7488002362204726
20
-4.0164654724409452
11
5.7488002362204726
21
-4.0176707874015749
0
LINE
8
BLACK
6
CONTINUOUS
10
5.7488002362204726
20
-4.0176707874015749
11
5.7484588582677167
21
-4.0181816929133856
0
LINE
8
BLACK
6
CONTINUOUS
10
5.7484588582677167
20
-4.0181816929133856
11
5.7475214566929136
21
-4.01911905511811
0
LINE
8
BLACK
6
CONTINUOUS
10
5.7475214566929136
20
-4.01911905511811
11
5.7473116141732286
21
-4.019259212598425
0
LINE
8
BLACK
6
CONTINUOUS
10
5.7473116141732286
20
-4.019259212598425
11
5.7471121653543307
21
-4.0194140551181103
0
LINE
8
BLACK
6
CONTINUOUS
10
5.7471121653543307
20
-4.0194140551181103
11
5.7452374015748031
21
-4.0203514173228347
0
LINE
8
BLACK
6
CONTINUOUS
10
5.7452374015748031
20
-4.0203514173228347
11
5.7451612992125982
21
-4.0203722440944878
0
LINE
8
BLACK
6
CONTINUOUS
10
5.7451612992125982
20
-4.0203722440944878
11
5.7451357874015745
21
-4.0203977952755903
0
LINE
8
BLACK
6
CONTINUOUS
10
5.7451357874015745
20
-4.0203977952755903
11
5.7448880708661418
21
-4.0204470472440947
0
LINE
8
BLACK
6
CONTINUOUS
10
5.7448880708661418
20
-4.0204470472440947
11
5.7446447637795277
21
-4.0205137007874017
0
LINE
8
BLACK
6
CONTINUOUS
10
5.7446447637795277
20
-4.0205137007874017
11
5.7446105118110236
21
-4.020502283464567
0
LINE
8
BLACK
6
CONTINUOUS
10
5.7446105118110236
20
-4.020502283464567
11
5.7445331496062995
21
-4.0205176771653539
0
LINE
8
BLACK
6
CONTINUOUS
10
5.7445331496062995
20
-4.0205176771653539
11
5.7389088582677168
21
-4.0205176771653539
0
LINE
8
BLACK
6
CONTINUOUS
10
5.7389088582677168
20
-4.0205176771653539
11
5.7388314566929131
21
-4.0205022440944882
0
LINE
8
BLACK
6
CONTINUOUS
10
5.7388314566929131
20
-4.0205022440944882
11
5.7387972047244089
21
-4.0205137007874017
0
LINE
8
BLACK
6
CONTINUOUS
10
5.7387972047244089
20
-4.0205137007874017
11
5.7385537401574798
21
-4.020447007874016
0
LINE
8
BLACK
6
CONTINUOUS
10
5.7385537401574798
20
-4.020447007874016
11
5.7383062204724409
21
-4.0203977952755903
0
LINE
8
BLACK
6
CONTINUOUS
10
5.7383062204724409
20
-4.0203977952755903
11
5.7382806692913384
21
-4.0203722440944878
0
LINE
8
BLACK
6
CONTINUOUS
10
5.7382806692913384
20
-4.0203722440944878
11
5.7382045669291335
21
-4.0203514173228347
0
LINE
8
BLACK
6
CONTINUOUS
10
5.7382045669291335
20
-4.0203514173228347
11
5.7363298425196847
21
-4.0194140551181103
0
LINE
8
BLACK
6
CONTINUOUS
10
5.7363298425196847
20
-4.0194140551181103
11
5.7361306299212593
21
-4.0192594488188975
0
LINE
8
BLACK
6
CONTINUOUS
10
5.7361306299212593
20
-4.0192594488188975
11
5.7359205118110239
21
-4.01911905511811
0
LINE
8
BLACK
6
CONTINUOUS
10
5.7359205118110239
20
-4.01911905511811
11
5.7349831496062995
21
-4.0181816535433068
0
LINE
8
BLACK
6
CONTINUOUS
10
5.7349831496062995
20
-4.0181816535433068
11
5.734842913385827
21
-4.0179717322834643
0
LINE
8
BLACK
6
CONTINUOUS
10
5.734842913385827
20
-4.0179717322834643
11
5.7346881889763779
21
-4.0177724015748026
0
LINE
8
BLACK
6
CONTINUOUS
10
5.7346881889763779
20
-4.0177724015748026
11
5.7337507874015747
21
-4.0158976377952751
0
LINE
8
BLACK
6
CONTINUOUS
10
5.7337507874015747
20
-4.0158976377952751
11
5.733729921259842
21
-4.0158214960629923
0
LINE
8
BLACK
6
CONTINUOUS
10
5.733729921259842
20
-4.0158214960629923
11
5.7337044094488192
21
-4.0157959842519686
0
LINE
8
BLACK
6
CONTINUOUS
10
5.7337044094488192
20
-4.0157959842519686
11
5.7336551574803147
21
-4.0155484251968501
0
LINE
8
BLACK
6
CONTINUOUS
10
5.7336551574803147
20
-4.0155484251968501
11
5.7335885039370078
21
-4.0153049999999997
0
LINE
8
BLACK
6
CONTINUOUS
10
5.7335885039370078
20
-4.0153049999999997
11
5.7335999212598425
21
-4.0152707086614177
0
LINE
8
BLACK
6
CONTINUOUS
10
5.7335999212598425
20
-4.0152707086614177
11
5.7335845275590547
21
-4.0151933464566927
0
LINE
8
BLACK
6
CONTINUOUS
10
5.7335845275590547
20
-4.0151933464566927
11
5.7335845275590547
21
-4.0105064173228344
0
LINE
8
BLACK
6
CONTINUOUS
10
5.7335845275590547
20
-4.0105064173228344
11
5.7335999212598425
21
-4.0104290157480316
0
LINE
8
BLACK
6
CONTINUOUS
10
5.7335999212598425
20
-4.0104290157480316
11
5.7335885039370078
21
-4.0103947637795274
0
LINE
8
BLACK
6
CONTINUOUS
10
5.7335885039370078
20
-4.0103947637795274
11
5.7336551574803147
21
-4.0101512992125983
0
LINE
8
BLACK
6
CONTINUOUS
10
5.7336551574803147
20
-4.0101512992125983
11
5.7337044094488192
21
-4.0099037795275594
0
LINE
8
BLACK
6
CONTINUOUS
10
5.7337044094488192
20
-4.0099037795275594
11
5.733729921259842
21
-4.0098782283464569
0
LINE
8
BLACK
6
CONTINUOUS
10
5.733729921259842
20
-4.0098782283464569
11
5.7337507874015747
21
-4.009802125984252
0
LINE
8
BLACK
6
CONTINUOUS
10
5.7337507874015747
20
-4.009802125984252
11
5.7346881889763779
21
-4.0079273622047245
0
LINE
8
BLACK
6
CONTINUOUS
10
5.7346881889763779
20
-4.0079273622047245
11
5.734843070866142
21
-4.0077277559055116
0
LINE
8
BLACK
6
CONTINUOUS
10
5.734843070866142
20
-4.0077277559055116
11
5.7349831889763783
21
-4.0075181102362203
0
LINE
8
BLACK
6
CONTINUOUS
10
5.7349831889763783
20
-4.0075181102362203
11
5.7359205511811027
21
-4.0065807480314959
0
LINE
8
BLACK
6
CONTINUOUS
10
5.7359205511811027
20
-4.0065807480314959
11
5.7361301968503939
21
-4.0064406299212596
0
LINE
8
BLACK
6
CONTINUOUS
10
5.7361301968503939
20
-4.0064406299212596
11
5.7363298031496059
21
-4.0062857480314964
0
LINE
8
BLACK
6
CONTINUOUS
10
5.7363298031496059
20
-4.0062857480314964
11
5.7382045669291335
21
-4.0053483464566932
0
LINE
8
BLACK
6
CONTINUOUS
10
5.7382045669291335
20
-4.0053483464566932
11
5.7382806692913384
21
-4.0053274803149606
0
LINE
8
BLACK
6
CONTINUOUS
10
5.7382806692913384
20
-4.0053274803149606
11
5.7383062204724409
21
-4.0053019685039368
0
LINE
8
BLACK
6
CONTINUOUS
10
5.7383062204724409
20
-4.0053019685039368
11
5.7383481102362204
21
-4.0052936220472439
0
LINE
8
BLACK
6
CONTINUOUS
10
5.7383481102362204
20
-4.0052936220472439
11
5.7339741732283462
21
-4.0002948425196854
0
LINE
8
BLACK
6
CONTINUOUS
10
5.7339741732283462
20
-4.0002948425196854
11
5.7337507086614172
21
-3.999906771653543
0
LINE
8
BLACK
6
CONTINUOUS
10
5.7337507086614172
20
-3.999906771653543
11
5.7337044094488192
21
-3.999860472440945
0
LINE
8
BLACK
6
CONTINUOUS
10
5.7337044094488192
20
-3.999860472440945
11
5.7337044094488192
21
-3.9998263385826771
0
LINE
8
BLACK
6
CONTINUOUS
10
5.7337044094488192
20
-3.9998263385826771
11
5.7336675590551183
21
-3.9997623622047245
0
LINE
8
BLACK
6
CONTINUOUS
10
5.7336675590551183
20
-3.9997623622047245
11
5.7337044094488192
21
-3.9992094488188976
0
LINE
8
BLACK
6
CONTINUOUS
10
5.7337044094488192
20
-3.9992094488188976
11
5.7337044094488192
21
-3.9986551968503936
0
LINE
8
BLACK
6
CONTINUOUS
10
5.7337044094488192
20
-3.9986551968503936
11
5.7337439763779523
21
-3.9986155905511809
0
LINE
8
BLACK
6
CONTINUOUS
10
5.7337439763779523
20
-3.9986155905511809
11
5.7337477165354329
21
-3.9985597244094486
0
LINE
8
BLACK
6
CONTINUOUS
10
5.7337477165354329
20
-3.9985597244094486
11
5.7341648818897637
21
-3.9981946850393699
0
LINE
8
BLACK
6
CONTINUOUS
10
5.7341648818897637
20
-3.9981946850393699
11
5.7345566929133858
21
-3.9978029133858266
0
LINE
8
BLACK
6
CONTINUOUS
10
5.7345566929133858
20
-3.9978029133858266
11
5.7346291338582676
21
-3.9977884645669288
0
LINE
8
BLACK
6
CONTINUOUS
10
5.7346291338582676
20
-3.9977884645669288
11
5.7346548031496063
21
-3.9977660629921261
0
LINE
8
BLACK
6
CONTINUOUS
10
5.7346548031496063
20
-3.9977660629921261
11
5.734720039370079
21
-3.9977703937007871
0
LINE
8
BLACK
6
CONTINUOUS
10
5.734720039370079
20
-3.9977703937007871
11
5.7351593307086617
21
-3.997683031496063
0
LINE
8
BLACK
6
CONTINUOUS
10
5.7351593307086617
20
-3.997683031496063
11
5.7473453149606302
21
-3.997683031496063
0
LINE
8
BLACK
6
CONTINUOUS
10
5.7473453149606302
20
-3.997683031496063
11
5.7479479527559052
21
-3.9978029133858266
0
LINE
8
BLACK
6
CONTINUOUS
10
5.7596752362204722
20
-3.9978029133858266
11
5.7601338976377949
21
-3.9978029133858266
0
LINE
8
BLACK
6
CONTINUOUS
10
5.7601338976377949
20
-3.9978029133858266
11
5.7602485433070862
21
-3.9979175590551179
0
LINE
8
BLACK
6
CONTINUOUS
10
5.7602485433070862
20
-3.9979175590551179
11
5.7604075590551176
21
-3.9979493700787399
0
LINE
8
BLACK
6
CONTINUOUS
10
5.7604075590551176
20
-3.9979493700787399
11
5.7608415748031492
21
-3.9983842913385828
0
LINE
8
BLACK
6
CONTINUOUS
10
5.7608415748031492
20
-3.9983842913385828
11
5.7626298425196847
21
-4.0010667322834648
0
LINE
8
BLACK
6
CONTINUOUS
10
5.7626298425196847
20
-4.0010667322834648
11
5.7642136614173225
21
-4.0026505118110238
0
LINE
8
BLACK
6
CONTINUOUS
10
5.7642136614173225
20
-4.0026505118110238
11
5.7658598031496062
21
-4.0034735826771657
0
LINE
8
BLACK
6
CONTINUOUS
10
5.7658598031496062
20
-4.0034735826771657
11
5.7663451968503932
21
-4.0038502755905512
0
LINE
8
BLACK
6
CONTINUOUS
10
5.7663451968503932
20
-4.0038502755905512
11
5.7667263779527556
21
-4.00499374015748
0
LINE
8
BLACK
6
CONTINUOUS
10
5.7667263779527556
20
-4.00499374015748
11
5.7661873622047244
21
-4.0060717716535432
0
LINE
8
BLACK
6
CONTINUOUS
10
5.7661873622047244
20
-4.0060717716535432
11
5.7650438976377956
21
-4.0064529527559056
0
LINE
8
BLACK
6
CONTINUOUS
10
5.7650438976377956
20
-4.0064529527559056
11
5.7644512598425193
21
-4.0062906692913387
0
LINE
8
BLACK
6
CONTINUOUS
10
5.7644512598425193
20
-4.0062906692913387
11
5.7625765354330705
21
-4.0053533070866143
0
LINE
8
BLACK
6
CONTINUOUS
10
5.7625765354330705
20
-4.0053533070866143
11
5.7623773228346451
21
-4.0051987007874015
0
LINE
8
BLACK
6
CONTINUOUS
10
5.7623773228346451
20
-4.0051987007874015
11
5.7621672047244097
21
-4.0050583070866139
0
LINE
8
BLACK
6
CONTINUOUS
10
5.7621672047244097
20
-4.0050583070866139
11
5.761106062992126
21
-4.0039971259842515
0
LINE
8
BLACK
6
CONTINUOUS
10
5.761106062992126
20
-4.0039971259842515
11
5.761106062992126
21
-4.0173680708661417
0
LINE
8
BLACK
6
CONTINUOUS
10
5.761106062992126
20
-4.0173680708661417
11
5.7651555511811026
21
-4.0173680708661417
0
LINE
8
BLACK
6
CONTINUOUS
10
5.7651555511811026
20
-4.0173680708661417
11
5.7657581889763776
21
-4.0174879527559053
0
LINE
8
BLACK
6
CONTINUOUS
10
5.7657581889763776
20
-4.0174879527559053
11
5.766610472440945
21
-4.0183402362204728
0
LINE
8
BLACK
6
CONTINUOUS
10
5.766610472440945
20
-4.0183402362204728
11
5.766610472440945
21
-4.0195455118110237
0
LINE
8
BLACK
6
CONTINUOUS
10
5.766610472440945
20
-4.0195455118110237
11
5.7657581889763776
21
-4.0203977952755903
0
LINE
8
BLACK
6
CONTINUOUS
10
5.7657581889763776
20
-4.0203977952755903
11
5.7651555511811026
21
-4.0205176771653539
0
LINE
8
BLACK
6
CONTINUOUS
10
5.7651555511811026
20
-4.0205176771653539
11
5.7539069685039372
21
-4.0205176771653539
0
LINE
8
BLACK
6
CONTINUOUS
10
5.7539069685039372
20
-4.0205176771653539
11
5.7533043307086613
21
-4.0203977952755903
0
LINE
8
BLACK
6
CONTINUOUS
10
5.7533043307086613
20
-4.0203977952755903
11
5.7524520472440948
21
-4.0195455118110237
0
LINE
8
BLACK
6
CONTINUOUS
10
5.7524520472440948
20
-4.0195455118110237
11
5.7524520472440948
21
-4.0183402362204728
0
LINE
8
BLACK
6
CONTINUOUS
10
5.7524520472440948
20
-4.0183402362204728
11
5.7533043307086613
21
-4.0174879527559053
0
LINE
8
BLACK
6
CONTINUOUS
10
5.7533043307086613
20
-4.0174879527559053
11
5.7539069685039372
21
-4.0173680708661417
0
LINE
8
BLACK
6
CONTINUOUS
10
5.7539069685039372
20
-4.0173680708661417
11
5.7579564566929129
21
-4.0173680708661417
0
LINE
8
BLACK
6
CONTINUOUS
10
5.7579564566929129
20
-4.0173680708661417
11
5.7579564566929129
21
-3.9992578346456691
0
LINE
8
BLACK
6
CONTINUOUS
10
5.7579564566929129
20
-3.9992578346456691
11
5.7580763385826774
21
-3.9986551968503936
0
LINE
8
BLACK
6
CONTINUOUS
10
5.7580763385826774
20
-3.9986551968503936
11
5.7581909842519687
21
-3.9985405118110235
0
LINE
8
BLACK
6
CONTINUOUS
10
5.7581909842519687
20
-3.9985405118110235
11
5.7582227952755902
21
-3.998381535433071
0
LINE
8
BLACK
6
CONTINUOUS
10
5.7582227952755902
20
-3.998381535433071
11
5.7586043700787402
21
-3.9981271259842517
0
LINE
8
BLACK
6
CONTINUOUS
10
5.7586043700787402
20
-3.9981271259842517
11
5.758928622047244
21
-3.9978029133858266
0
LINE
8
BLACK
6
CONTINUOUS
10
5.758928622047244
20
-3.9978029133858266
11
5.7590907480314959
21
-3.9978029133858266
0
LINE
8
BLACK
6
CONTINUOUS
10
5.7590907480314959
20
-3.9978029133858266
11
5.7592256299212599
21
-3.997712992125984
0
LINE
8
BLACK
6
CONTINUOUS
10
5.7592256299212599
20
-3.997712992125984
11
5.7596752362204722
21
-3.9978029133858266
0
LINE
8
BLACK
6
CONTINUOUS
10
5.7845058661417319
20
-3.9978029133858266
11
5.7853581496062993
21
-3.9986551968503936
0
LINE
8
BLACK
6
CONTINUOUS
10
5.7853581496062993
20
-3.9986551968503936
11
5.785478031496063
21
-3.9992578346456691
0
LINE
8
BLACK
6
CONTINUOUS
10
5.785478031496063
20
-3.9992578346456691
11
5.785478031496063
21
-4.0189428740157478
0
LINE
8
BLACK
6
CONTINUOUS
10
5.785478031496063
20
-4.0189428740157478
11
5.7853581496062993
21
-4.0195455118110237
0
LINE
8
BLACK
6
CONTINUOUS
10
5.7853581496062993
20
-4.0195455118110237
11
5.7845058661417319
21
-4.0203977952755903
0
LINE
8
BLACK
6
CONTINUOUS
10
5.7845058661417319
20
-4.0203977952755903
11
5.783300590551181
21
-4.0203977952755903
0
LINE
8
BLACK
6
CONTINUOUS
10
5.783300590551181
20
-4.0203977952755903
11
5.7824483070866144
21
-4.0195455118110237
0
LINE
8
BLACK
6
CONTINUOUS
10
5.7824483070866144
20
-4.0195455118110237
11
5.7823284251968499
21
-4.0189428740157478
0
LINE
8
BLACK
6
CONTINUOUS
10
5.7823284251968499
20
-4.0189428740157478
11
5.7823284251968499
21
-4.0111438582677161
0
LINE
8
BLACK
6
CONTINUOUS
10
5.7823284251968499
20
-4.0111438582677161
11
5.7800362204724411
21
-4.0111438582677161
0
LINE
8
BLACK
6
CONTINUOUS
10
5.7800362204724411
20
-4.0111438582677161
11
5.7739447637795278
21
-4.0198459448818893
0
LINE
8
BLACK
6
CONTINUOUS
10
5.7739447637795278
20
-4.0198459448818893
11
5.7735009842519682
21
-4.0202709055118113
0
LINE
8
BLACK
6
CONTINUOUS
10
5.7735009842519682
20
-4.0202709055118113
11
5.772314015748031
21
-4.0204803937007876
0
LINE
8
BLACK
6
CONTINUOUS
10
5.772314015748031
20
-4.0204803937007876
11
5.771326614173228
21
-4.0197892125984254
0
LINE
8
BLACK
6
CONTINUOUS
10
5.771326614173228
20
-4.0197892125984254
11
5.7711171259842518
21
-4.0186022440944882
0
LINE
8
BLACK
6
CONTINUOUS
10
5.7711171259842518
20
-4.0186022440944882
11
5.7713645275590553
21
-4.0180398031496063
0
LINE
8
BLACK
6
CONTINUOUS
10
5.7713645275590553
20
-4.0180398031496063
11
5.7762101968503936
21
-4.0111173228346457
0
LINE
8
BLACK
6
CONTINUOUS
10
5.7762101968503936
20
-4.0111173228346457
11
5.7760490551181105
21
-4.0110731889763782
0
LINE
8
BLACK
6
CONTINUOUS
10
5.7760490551181105
20
-4.0110731889763782
11
5.7758015354330707
21
-4.0110239763779525
0
LINE
8
BLACK
6
CONTINUOUS
10
5.7758015354330707
20
-4.0110239763779525
11
5.7757759842519683
21
-4.01099842519685
0
LINE
8
BLACK
6
CONTINUOUS
10
5.7757759842519683
20
-4.01099842519685
11
5.7756998818897634
21
-4.010977598425197
0
LINE
8
BLACK
6
CONTINUOUS
10
5.7756998818897634
20
-4.010977598425197
11
5.7738251181102358
21
-4.0100401968503938
0
LINE
8
BLACK
6
CONTINUOUS
10
5.7738251181102358
20
-4.0100401968503938
11
5.7736255118110238
21
-4.009885275590551
0
LINE
8
BLACK
6
CONTINUOUS
10
5.7736255118110238
20
-4.009885275590551
11
5.7734159055118113
21
-4.0097452362204722
0
LINE
8
BLACK
6
CONTINUOUS
10
5.7734159055118113
20
-4.0097452362204722
11
5.7724784645669294
21
-4.0088078740157478
0
LINE
8
BLACK
6
CONTINUOUS
10
5.7724784645669294
20
-4.0088078740157478
11
5.7723381889763781
21
-4.0085979133858265
0
LINE
8
BLACK
6
CONTINUOUS
10
5.7723381889763781
20
-4.0085979133858265
11
5.772183464566929
21
-4.0083985433070861
0
LINE
8
BLACK
6
CONTINUOUS
10
5.772183464566929
20
-4.0083985433070861
11
5.7712461023622046
21
-4.0065237795275586
0
LINE
8
BLACK
6
CONTINUOUS
10
5.7712461023622046
20
-4.0065237795275586
11
5.7712252362204719
21
-4.0064476771653545
0
LINE
8
BLACK
6
CONTINUOUS
10
5.7712252362204719
20
-4.0064476771653545
11
5.7711997244094491
21
-4.0064221653543308
0
LINE
8
BLACK
6
CONTINUOUS
10
5.7711997244094491
20
-4.0064221653543308
11
5.7711504330708658
21
-4.0061744488188973
0
LINE
8
BLACK
6
CONTINUOUS
10
5.7711504330708658
20
-4.0061744488188973
11
5.7710838188976377
21
-4.0059311417322832
0
LINE
8
BLACK
6
CONTINUOUS
10
5.7710838188976377
20
-4.0059311417322832
11
5.7710951968503936
21
-4.005896889763779
0
LINE
8
BLACK
6
CONTINUOUS
10
5.7710951968503936
20
-4.005896889763779
11
5.7710798425196845
21
-4.0058195275590549
0
LINE
8
BLACK
6
CONTINUOUS
10
5.7710798425196845
20
-4.0058195275590549
11
5.7710798425196845
21
-4.0030073622047242
0
LINE
8
BLACK
6
CONTINUOUS
10
5.7710798425196845
20
-4.0030073622047242
11
5.7710951968503936
21
-4.0029299606299213
0
LINE
8
BLACK
6
CONTINUOUS
10
5.7710951968503936
20
-4.0029299606299213
11
5.7710838188976377
21
-4.0028957480314959
0
LINE
8
BLACK
6
CONTINUOUS
10
5.7710838188976377
20
-4.0028957480314959
11
5.7711504330708658
21
-4.0026524015748031
0
LINE
8
BLACK
6
CONTINUOUS
10
5.7711504330708658
20
-4.0026524015748031
11
5.7711997244094491
21
-4.0024047244094492
0
LINE
8
BLACK
6
CONTINUOUS
10
5.7711997244094491
20
-4.0024047244094492
11
5.7712252362204719
21
-4.0023791732283467
0
LINE
8
BLACK
6
CONTINUOUS
10
5.7712252362204719
20
-4.0023791732283467
11
5.7712461023622046
21
-4.0023031102362205
0
LINE
8
BLACK
6
CONTINUOUS
10
5.7712461023622046
20
-4.0023031102362205
11
5.772183464566929
21
-4.000428346456693
0
LINE
8
BLACK
6
CONTINUOUS
10
5.772183464566929
20
-4.000428346456693
11
5.7723381889763781
21
-4.0002289370078739
0
LINE
8
BLACK
6
CONTINUOUS
10
5.7723381889763781
20
-4.0002289370078739
11
5.7724784645669294
21
-4.0000190157480313
0
LINE
8
BLACK
6
CONTINUOUS
10
5.7724784645669294
20
-4.0000190157480313
11
5.7734159055118113
21
-3.9990816535433069
0
LINE
8
BLACK
6
CONTINUOUS
10
5.7734159055118113
20
-3.9990816535433069
11
5.7736255118110238
21
-3.9989415748031494
0
LINE
8
BLACK
6
CONTINUOUS
10
5.7736255118110238
20
-3.9989415748031494
11
5.7738251181102358
21
-3.9987866929133857
0
LINE
8
BLACK
6
CONTINUOUS
10
5.7738251181102358
20
-3.9987866929133857
11
5.7756998818897634
21
-3.9978492913385826
0
LINE
8
BLACK
6
CONTINUOUS
10
5.7756998818897634
20
-3.9978492913385826
11
5.7757759842519683
21
-3.9978284251968503
0
LINE
8
BLACK
6
CONTINUOUS
10
5.7757759842519683
20
-3.9978284251968503
11
5.7758015354330707
21
-3.9978029133858266
0
LINE
8
BLACK
6
CONTINUOUS
10
5.7758015354330707
20
-3.9978029133858266
11
5.7760490551181105
21
-3.9977536614173226
0
LINE
8
BLACK
6
CONTINUOUS
10
5.7760490551181105
20
-3.9977536614173226
11
5.7762925196850397
21
-3.9976870078740157
0
LINE
8
BLACK
6
CONTINUOUS
10
5.7762925196850397
20
-3.9976870078740157
11
5.7763267716535429
21
-3.9976984251968504
0
LINE
8
BLACK
6
CONTINUOUS
10
5.7763267716535429
20
-3.9976984251968504
11
5.7764041732283467
21
-3.997683031496063
0
LINE
8
BLACK
6
CONTINUOUS
10
5.7764041732283467
20
-3.997683031496063
11
5.7839032283464569
21
-3.997683031496063
0
LINE
8
BLACK
6
CONTINUOUS
10
5.7839032283464569
20
-3.997683031496063
11
5.7845058661417319
21
-3.9978029133858266
0
LINE
8
BLACK
6
CONTINUOUS
10
5.7754622440944878
20
-4.0014894881889767
11
5.7748862204724407
21
-4.002065472440945
0
LINE
8
BLACK
6
CONTINUOUS
10
5.7748862204724407
20
-4.002065472440945
11
5.7742294488188977
21
-4.0033790944881886
0
LINE
8
BLACK
6
CONTINUOUS
10
5.7742294488188977
20
-4.0033790944881886
11
5.7742294488188977
21
-4.0054477952755905
0
LINE
8
BLACK
6
CONTINUOUS
10
5.7742294488188977
20
-4.0054477952755905
11
5.7748862204724407
21
-4.0067613779527562
0
LINE
8
BLACK
6
CONTINUOUS
10
5.7748862204724407
20
-4.0067613779527562
11
5.7754622440944878
21
-4.0073373622047246
0
LINE
8
BLACK
6
CONTINUOUS
10
5.7754622440944878
20
-4.0073373622047246
11
5.7767759448818898
21
-4.0079942519685039
0
LINE
8
BLACK
6
CONTINUOUS
10
5.7767759448818898
20
-4.0079942519685039
11
5.7823284251968499
21
-4.0079942519685039
0
LINE
8
BLACK
6
CONTINUOUS
10
5.7823284251968499
20
-4.0079942519685039
11
5.7823284251968499
21
-4.0008326377952752
0
LINE
8
BLACK
6
CONTINUOUS
10
5.7823284251968499
20
-4.0008326377952752
11
5.7767759448818898
21
-4.0008326377952752
0
LINE
8
BLACK
6
CONTINUOUS
10
5.7767759448818898
20
-4.0008326377952752
11
5.7754622440944878
21
-4.0014894881889767
0
LINE
8
BLACK
6
CONTINUOUS
10
5.8001233858267716
20
-3.9835750393700788
11
5.80118874015748
21
-3.9846403937007873
0
LINE
8
BLACK
6
CONTINUOUS
10
5.80118874015748
20
-3.9846403937007873
11
5.8013385826771655
21
-3.9853937007874016
0
LINE
8
BLACK
6
CONTINUOUS
10
5.8013385826771655
20
-3.9853937007874016
11
5.8013385826771655
21
-4.0346062992125979
0
LINE
8
BLACK
6
CONTINUOUS
10
5.8013385826771655
20
-4.0346062992125979
11
5.80118874015748
21
-4.0353596062992123
0
LINE
8
BLACK
6
CONTINUOUS
10
5.80118874015748
20
-4.0353596062992123
11
5.8001233858267716
21
-4.0364249606299207
0
LINE
8
BLACK
6
CONTINUOUS
10
5.8001233858267716
20
-4.0364249606299207
11
5.7993700787401572
21
-4.0365748031496063
0
LINE
8
BLACK
6
CONTINUOUS
10
5.7993700787401572
20
-4.0365748031496063
11
5.7206299212598424
21
-4.0365748031496063
0
LINE
8
BLACK
6
CONTINUOUS
10
5.7206299212598424
20
-4.0365748031496063
11
5.719876614173228
21
-4.0364249606299207
0
LINE
8
BLACK
6
CONTINUOUS
10
5.719876614173228
20
-4.0364249606299207
11
5.7188112598425196
21
-4.0353596062992123
0
LINE
8
BLACK
6
CONTINUOUS
10
5.7188112598425196
20
-4.0353596062992123
11
5.718661417322835
21
-4.0346062992125979
0
LINE
8
BLACK
6
CONTINUOUS
10
5.718661417322835
20
-4.0346062992125979
11
5.718661417322835
21
-3.9853937007874016
0
LINE
8
BLACK
6
CONTINUOUS
10
5.718661417322835
20
-3.9853937007874016
11
5.7188112598425196
21
-3.9846403937007873
0
LINE
8
BLACK
6
CONTINUOUS
10
5.7188112598425196
20
-3.9846403937007873
11
5.719876614173228
21
-3.9835750393700788
0
LINE
8
BLACK
6
CONTINUOUS
10
5.719876614173228
20
-3.9835750393700788
11
5.7206299212598424
21
-3.9834251968503938
0
LINE
8
BLACK
6
CONTINUOUS
10
5.7206299212598424
20
-3.9834251968503938
11
5.7993700787401572
21
-3.9834251968503938
0
LINE
8
BLACK
6
CONTINUOUS
10
5.7993700787401572
20
-3.9834251968503938
11
5.8001233858267716
21
-3.9835750393700788
0
LINE
8
BLACK
6
CONTINUOUS
10
5.7225984251968507
20
-3.9873622047244095
11
5.7225984251968507
21
-4.0326377952755905
0
LINE
8
BLACK
6
CONTINUOUS
10
5.7225984251968507
20
-4.0326377952755905
11
5.7974015748031498
21
-4.0326377952755905
0
LINE
8
BLACK
6
CONTINUOUS
10
5.7974015748031498
20
-4.0326377952755905
11
5.7974015748031498
21
-3.9873622047244095
0
LINE
8
BLACK
6
CONTINUOUS
10
5.7974015748031498
20
-3.9873622047244095
11
5.7225984251968507
21
-3.9873622047244095
0
LINE
8
BLACK
6
CONTINUOUS
10
4.6577716535433069
20
-3.9826587795275588
11
4.6578059055118111
21
-3.9826474015748032
0
LINE
8
BLACK
6
CONTINUOUS
10
4.6578059055118111
20
-3.9826474015748032
11
4.6580492125984252
21
-3.9827140157480314
0
LINE
8
BLACK
6
CONTINUOUS
10
4.6580492125984252
20
-3.9827140157480314
11
4.6582969291338578
21
-3.9827633070866142
0
LINE
8
BLACK
6
CONTINUOUS
10
4.6582969291338578
20
-3.9827633070866142
11
4.6583224409448816
21
-3.9827888188976379
0
LINE
8
BLACK
6
CONTINUOUS
10
4.6583224409448816
20
-3.9827888188976379
11
4.6583985433070865
21
-3.9828096850393702
0
LINE
8
BLACK
6
CONTINUOUS
10
4.6583985433070865
20
-3.9828096850393702
11
4.660273307086614
21
-3.9837470472440946
0
LINE
8
BLACK
6
CONTINUOUS
10
4.660273307086614
20
-3.9837470472440946
11
4.6604726771653544
21
-3.9839017716535432
0
LINE
8
BLACK
6
CONTINUOUS
10
4.6604726771653544
20
-3.9839017716535432
11
4.6606826377952757
21
-3.9840420472440945
0
LINE
8
BLACK
6
CONTINUOUS
10
4.6606826377952757
20
-3.9840420472440945
11
4.6616200000000001
21
-3.9849794881889764
0
LINE
8
BLACK
6
CONTINUOUS
10
4.6616200000000001
20
-3.9849794881889764
11
4.6617600393700789
21
-3.9851890944881889
0
LINE
8
BLACK
6
CONTINUOUS
10
4.6617600393700789
20
-3.9851890944881889
11
4.6619149606299208
21
-3.9853887007874014
0
LINE
8
BLACK
6
CONTINUOUS
10
4.6619149606299208
20
-3.9853887007874014
11
4.662852362204724
21
-3.9872634645669289
0
LINE
8
BLACK
6
CONTINUOUS
10
4.662852362204724
20
-3.9872634645669289
11
4.6628731889763779
21
-3.9873395669291338
0
LINE
8
BLACK
6
CONTINUOUS
10
4.6628731889763779
20
-3.9873395669291338
11
4.6628987401574804
21
-3.9873651181102363
0
LINE
8
BLACK
6
CONTINUOUS
10
4.6628987401574804
20
-3.9873651181102363
11
4.6629479527559052
21
-3.9876126377952756
0
LINE
8
BLACK
6
CONTINUOUS
10
4.6629479527559052
20
-3.9876126377952756
11
4.6630146456692909
21
-3.9878561023622048
0
LINE
8
BLACK
6
CONTINUOUS
10
4.6630146456692909
20
-3.9878561023622048
11
4.6630031889763774
21
-3.9878903543307085
0
LINE
8
BLACK
6
CONTINUOUS
10
4.6630031889763774
20
-3.9878903543307085
11
4.663018622047244
21
-3.9879677559055118
0
LINE
8
BLACK
6
CONTINUOUS
10
4.663018622047244
20
-3.9879677559055118
11
4.663018622047244
21
-3.9917172834645669
0
LINE
8
BLACK
6
CONTINUOUS
10
4.663018622047244
20
-3.9917172834645669
11
4.6630031889763774
21
-3.9917946456692914
0
LINE
8
BLACK
6
CONTINUOUS
10
4.6630031889763774
20
-3.9917946456692914
11
4.6630146456692909
21
-3.9918289370078739
0
LINE
8
BLACK
6
CONTINUOUS
10
4.6630146456692909
20
-3.9918289370078739
11
4.6629479527559052
21
-3.9920723622047243
0
LINE
8
BLACK
6
CONTINUOUS
10
4.6629479527559052
20
-3.9920723622047243
11
4.6628987401574804
21
-3.9923199212598424
0
LINE
8
BLACK
6
CONTINUOUS
10
4.6628987401574804
20
-3.9923199212598424
11
4.6628731889763779
21
-3.9923454330708661
0
LINE
8
BLACK
6
CONTINUOUS
10
4.6628731889763779
20
-3.9923454330708661
11
4.662852362204724
21
-3.9924215748031493
0
LINE
8
BLACK
6
CONTINUOUS
10
4.662852362204724
20
-3.9924215748031493
11
4.6623749212598424
21
-3.9933763779527558
0
LINE
8
BLACK
6
CONTINUOUS
10
4.6623749212598424
20
-3.9933763779527558
11
4.6636093700787402
21
-3.9930677559055119
0
LINE
8
BLACK
6
CONTINUOUS
10
4.6636093700787402
20
-3.9930677559055119
11
4.6660647637795272
21
-3.9914308267716536
0
LINE
8
BLACK
6
CONTINUOUS
10
4.6660647637795272
20
-3.9914308267716536
11
4.6667112598425193
21
-3.990784409448819
0
LINE
8
BLACK
6
CONTINUOUS
10
4.6667112598425193
20
-3.990784409448819
11
4.667368070866142
21
-3.9894707874015749
0
LINE
8
BLACK
6
CONTINUOUS
10
4.667368070866142
20
-3.9894707874015749
11
4.667368070866142
21
-3.9860929921259842
0
LINE
8
BLACK
6
CONTINUOUS
10
4.667368070866142
20
-3.9860929921259842
11
4.6674879527559057
21
-3.9854903543307088
0
LINE
8
BLACK
6
CONTINUOUS
10
4.6674879527559057
20
-3.9854903543307088
11
4.6683402362204722
21
-3.9846380708661417
0
LINE
8
BLACK
6
CONTINUOUS
10
4.6683402362204722
20
-3.9846380708661417
11
4.6695455118110232
21
-3.9846380708661417
0
LINE
8
BLACK
6
CONTINUOUS
10
4.6695455118110232
20
-3.9846380708661417
11
4.6703977952755906
21
-3.9854903543307088
0
LINE
8
BLACK
6
CONTINUOUS
10
4.6703977952755906
20
-3.9854903543307088
11
4.6705176771653543
21
-3.9860929921259842
0
LINE
8
BLACK
6
CONTINUOUS
10
4.6705176771653543
20
-3.9860929921259842
11
4.6705176771653543
21
-3.9898425196850393
0
LINE
8
BLACK
6
CONTINUOUS
10
4.6705176771653543
20
-3.9898425196850393
11
4.6705022440944877
21
-3.9899198818897639
0
LINE
8
BLACK
6
CONTINUOUS
10
4.6705022440944877
20
-3.9899198818897639
11
4.6705137007874011
21
-3.9899541732283463
0
LINE
8
BLACK
6
CONTINUOUS
10
4.6705137007874011
20
-3.9899541732283463
11
4.6704470078740155
21
-3.9901975984251967
0
LINE
8
BLACK
6
CONTINUOUS
10
4.6704470078740155
20
-3.9901975984251967
11
4.6703977952755906
21
-3.9904451574803148
0
LINE
8
BLACK
6
CONTINUOUS
10
4.6703977952755906
20
-3.9904451574803148
11
4.6703722440944881
21
-3.9904706692913385
0
LINE
8
BLACK
6
CONTINUOUS
10
4.6703722440944881
20
-3.9904706692913385
11
4.6703514173228342
21
-3.9905468110236217
0
LINE
8
BLACK
6
CONTINUOUS
10
4.6703514173228342
20
-3.9905468110236217
11
4.6694140551181098
21
-3.992421535433071
0
LINE
8
BLACK
6
CONTINUOUS
10
4.6694140551181098
20
-3.992421535433071
11
4.6692594488188979
21
-3.9926207086614172
0
LINE
8
BLACK
6
CONTINUOUS
10
4.6692594488188979
20
-3.9926207086614172
11
4.6691190551181103
21
-3.9928308661417322
0
LINE
8
BLACK
6
CONTINUOUS
10
4.6691190551181103
20
-3.9928308661417322
11
4.6681816535433072
21
-3.9937682283464566
0
LINE
8
BLACK
6
CONTINUOUS
10
4.6681816535433072
20
-3.9937682283464566
11
4.6680519685039368
21
-3.9938548425196849
0
LINE
8
BLACK
6
CONTINUOUS
10
4.6680519685039368
20
-3.9938548425196849
11
4.6679416535433074
21
-3.993964960629921
0
LINE
8
BLACK
6
CONTINUOUS
10
4.6679416535433074
20
-3.993964960629921
11
4.6651294881889767
21
-3.9958397244094486
0
LINE
8
BLACK
6
CONTINUOUS
10
4.6651294881889767
20
-3.9958397244094486
11
4.6648810236220468
21
-3.9959423228346456
0
LINE
8
BLACK
6
CONTINUOUS
10
4.6648810236220468
20
-3.9959423228346456
11
4.6646378740157477
21
-3.9960572047244094
0
LINE
8
BLACK
6
CONTINUOUS
10
4.6646378740157477
20
-3.9960572047244094
11
4.6608883858267713
21
-3.9969946062992125
0
LINE
8
BLACK
6
CONTINUOUS
10
4.6608883858267713
20
-3.9969946062992125
11
4.6606955905511809
21
-3.9970039763779526
0
LINE
8
BLACK
6
CONTINUOUS
10
4.6606955905511809
20
-3.9970039763779526
11
4.6605064173228348
21
-3.9970416141732281
0
LINE
8
BLACK
6
CONTINUOUS
10
4.6605064173228348
20
-3.9970416141732281
11
4.6530073622047246
21
-3.9970416141732281
0
LINE
8
BLACK
6
CONTINUOUS
10
4.6530073622047246
20
-3.9970416141732281
11
4.6529299606299208
21
-3.997026181102362
0
LINE
8
BLACK
6
CONTINUOUS
10
4.6529299606299208
20
-3.997026181102362
11
4.6528957086614176
21
-3.9970376377952754
0
LINE
8
BLACK
6
CONTINUOUS
10
4.6528957086614176
20
-3.9970376377952754
11
4.6526522440944884
21
-3.9969709448818898
0
LINE
8
BLACK
6
CONTINUOUS
10
4.6526522440944884
20
-3.9969709448818898
11
4.6524047244094486
21
-3.9969217322834645
0
LINE
8
BLACK
6
CONTINUOUS
10
4.6524047244094486
20
-3.9969217322834645
11
4.6523791732283462
21
-3.996896181102362
0
LINE
8
BLACK
6
CONTINUOUS
10
4.6523791732283462
20
-3.996896181102362
11
4.6523030708661413
21
-3.9968753543307085
0
LINE
8
BLACK
6
CONTINUOUS
10
4.6523030708661413
20
-3.9968753543307085
11
4.6504283070866137
21
-3.9959379527559054
0
LINE
8
BLACK
6
CONTINUOUS
10
4.6504283070866137
20
-3.9959379527559054
11
4.6502287007874017
21
-3.995783031496063
0
LINE
8
BLACK
6
CONTINUOUS
10
4.6502287007874017
20
-3.995783031496063
11
4.6500190551181104
21
-3.9956429527559054
0
LINE
8
BLACK
6
CONTINUOUS
10
4.6500190551181104
20
-3.9956429527559054
11
4.649081692913386
21
-3.994705590551181
0
LINE
8
BLACK
6
CONTINUOUS
10
4.649081692913386
20
-3.994705590551181
11
4.6489415748031497
21
-3.994495905511811
0
LINE
8
BLACK
6
CONTINUOUS
10
4.6489415748031497
20
-3.994495905511811
11
4.6487866929133856
21
-3.9942963385826769
0
LINE
8
BLACK
6
CONTINUOUS
10
4.6487866929133856
20
-3.9942963385826769
11
4.6478492913385825
21
-3.9924215748031493
0
LINE
8
BLACK
6
CONTINUOUS
10
4.6478492913385825
20
-3.9924215748031493
11
4.6478284251968507
21
-3.9923454330708661
0
LINE
8
BLACK
6
CONTINUOUS
10
4.6478284251968507
20
-3.9923454330708661
11
4.647802913385827
21
-3.9923199212598424
0
LINE
8
BLACK
6
CONTINUOUS
10
4.647802913385827
20
-3.9923199212598424
11
4.6477536614173225
21
-3.9920723622047243
0
LINE
8
BLACK
6
CONTINUOUS
10
4.6477536614173225
20
-3.9920723622047243
11
4.6476870078740156
21
-3.9918289370078739
0
LINE
8
BLACK
6
CONTINUOUS
10
4.6476870078740156
20
-3.9918289370078739
11
4.6476984251968503
21
-3.9917946456692914
0
LINE
8
BLACK
6
CONTINUOUS
10
4.6476984251968503
20
-3.9917946456692914
11
4.6476830314960633
21
-3.9917172834645669
0
LINE
8
BLACK
6
CONTINUOUS
10
4.6476830314960633
20
-3.9917172834645669
11
4.6476830314960633
21
-3.9879677559055118
0
LINE
8
BLACK
6
CONTINUOUS
10
4.6476830314960633
20
-3.9879677559055118
11
4.6476984251968503
21
-3.9878903543307085
0
LINE
8
BLACK
6
CONTINUOUS
10
4.6476984251968503
20
-3.9878903543307085
11
4.6476870078740156
21
-3.9878561023622048
0
LINE
8
BLACK
6
CONTINUOUS
10
4.6476870078740156
20
-3.9878561023622048
11
4.6477536614173225
21
-3.9876126377952756
0
LINE
8
BLACK
6
CONTINUOUS
10
4.6477536614173225
20
-3.9876126377952756
11
4.647802913385827
21
-3.9873651181102363
0
LINE
8
BLACK
6
CONTINUOUS
10
4.647802913385827
20
-3.9873651181102363
11
4.6478284251968507
21
-3.9873395669291338
0
LINE
8
BLACK
6
CONTINUOUS
10
4.6478284251968507
20
-3.9873395669291338
11
4.6478492913385825
21
-3.9872634645669289
0
LINE
8
BLACK
6
CONTINUOUS
10
4.6478492913385825
20
-3.9872634645669289
11
4.6487866929133856
21
-3.9853887007874014
0
LINE
8
BLACK
6
CONTINUOUS
10
4.6487866929133856
20
-3.9853887007874014
11
4.6489414173228347
21
-3.9851893307086614
0
LINE
8
BLACK
6
CONTINUOUS
10
4.6489414173228347
20
-3.9851893307086614
11
4.6490816535433073
21
-3.9849794488188977
0
LINE
8
BLACK
6
CONTINUOUS
10
4.6490816535433073
20
-3.9849794488188977
11
4.6500190157480317
21
-3.9840420472440945
0
LINE
8
BLACK
6
CONTINUOUS
10
4.6500190157480317
20
-3.9840420472440945
11
4.650229133858268
21
-3.9839016141732282
0
LINE
8
BLACK
6
CONTINUOUS
10
4.650229133858268
20
-3.9839016141732282
11
4.6504283464566925
21
-3.9837470472440946
0
LINE
8
BLACK
6
CONTINUOUS
10
4.6504283464566925
20
-3.9837470472440946
11
4.6523030708661413
21
-3.9828096850393702
0
LINE
8
BLACK
6
CONTINUOUS
10
4.6523030708661413
20
-3.9828096850393702
11
4.6523791732283462
21
-3.9827888188976379
0
LINE
8
BLACK
6
CONTINUOUS
10
4.6523791732283462
20
-3.9827888188976379
11
4.6524047244094486
21
-3.9827633070866142
0
LINE
8
BLACK
6
CONTINUOUS
10
4.6524047244094486
20
-3.9827633070866142
11
4.6526522440944884
21
-3.9827140551181102
0
LINE
8
BLACK
6
CONTINUOUS
10
4.6526522440944884
20
-3.9827140551181102
11
4.6528957086614176
21
-3.9826474015748032
0
LINE
8
BLACK
6
CONTINUOUS
10
4.6528957086614176
20
-3.9826474015748032
11
4.6529299606299208
21
-3.9826588188976375
0
LINE
8
BLACK
6
CONTINUOUS
10
4.6529299606299208
20
-3.9826588188976375
11
4.6530073622047246
21
-3.9826434251968501
0
LINE
8
BLACK
6
CONTINUOUS
10
4.6530073622047246
20
-3.9826434251968501
11
4.6576942913385828
21
-3.9826434251968501
0
LINE
8
BLACK
6
CONTINUOUS
10
4.6576942913385828
20
-3.9826434251968501
11
4.6577716535433069
21
-3.9826587795275588
0
LINE
8
BLACK
6
CONTINUOUS
10
4.6520654330708657
20
-3.9864498031496063
11
4.6514894881889761
21
-3.9870258267716534
0
LINE
8
BLACK
6
CONTINUOUS
10
4.6514894881889761
20
-3.9870258267716534
11
4.6508326377952756
21
-3.988339527559055
0
LINE
8
BLACK
6
CONTINUOUS
10
4.6508326377952756
20
-3.988339527559055
11
4.6508326377952756
21
-3.991345472440945
0
LINE
8
BLACK
6
CONTINUOUS
10
4.6508326377952756
20
-3.991345472440945
11
4.6514894881889761
21
-3.9926592125984253
0
LINE
8
BLACK
6
CONTINUOUS
10
4.6514894881889761
20
-3.9926592125984253
11
4.652065393700787
21
-3.9932351181102361
0
LINE
8
BLACK
6
CONTINUOUS
10
4.652065393700787
20
-3.9932351181102361
11
4.6533791338582677
21
-3.9938920078740154
0
LINE
8
BLACK
6
CONTINUOUS
10
4.6533791338582677
20
-3.9938920078740154
11
4.6573225196850396
21
-3.9938920078740154
0
LINE
8
BLACK
6
CONTINUOUS
10
4.6573225196850396
20
-3.9938920078740154
11
4.6586362204724407
21
-3.9932351181102361
0
LINE
8
BLACK
6
CONTINUOUS
10
4.6586362204724407
20
-3.9932351181102361
11
4.6592121259842516
21
-3.9926592125984253
0
LINE
8
BLACK
6
CONTINUOUS
10
4.6592121259842516
20
-3.9926592125984253
11
4.6598690157480318
21
-3.991345472440945
0
LINE
8
BLACK
6
CONTINUOUS
10
4.6598690157480318
20
-3.991345472440945
11
4.6598690157480318
21
-3.988339527559055
0
LINE
8
BLACK
6
CONTINUOUS
10
4.6598690157480318
20
-3.988339527559055
11
4.6592121259842516
21
-3.9870258267716534
0
LINE
8
BLACK
6
CONTINUOUS
10
4.6592121259842516
20
-3.9870258267716534
11
4.6586361417322832
21
-3.9864498031496063
0
LINE
8
BLACK
6
CONTINUOUS
10
4.6586361417322832
20
-3.9864498031496063
11
4.6573225590551184
21
-3.9857930314960628
0
LINE
8
BLACK
6
CONTINUOUS
10
4.6573225590551184
20
-3.9857930314960628
11
4.653379094488189
21
-3.9857930314960628
0
LINE
8
BLACK
6
CONTINUOUS
10
4.653379094488189
20
-3.9857930314960628
11
4.6520654330708657
21
-3.9864498031496063
0
LINE
8
BLACK
6
CONTINUOUS
10
4.6606955905511809
20
-3.9629959842519682
11
4.6608883464566926
21
-3.9630053937007874
0
LINE
8
BLACK
6
CONTINUOUS
10
4.6608883464566926
20
-3.9630053937007874
11
4.6646378740157477
21
-3.9639427559055118
0
LINE
8
BLACK
6
CONTINUOUS
10
4.6646378740157477
20
-3.9639427559055118
11
4.6647938188976381
21
-3.9640164173228345
0
LINE
8
BLACK
6
CONTINUOUS
10
4.6647938188976381
20
-3.9640164173228345
11
4.6649602362204723
21
-3.9640620078740159
0
LINE
8
BLACK
6
CONTINUOUS
10
4.6649602362204723
20
-3.9640620078740159
11
4.6668349999999998
21
-3.964999409448819
0
LINE
8
BLACK
6
CONTINUOUS
10
4.6668349999999998
20
-3.964999409448819
11
4.6670343307086615
21
-3.9651541338582676
0
LINE
8
BLACK
6
CONTINUOUS
10
4.6670343307086615
20
-3.9651541338582676
11
4.667244251968504
21
-3.9652943700787402
0
LINE
8
BLACK
6
CONTINUOUS
10
4.667244251968504
20
-3.9652943700787402
11
4.6691190551181103
21
-3.9671691338582677
0
LINE
8
BLACK
6
CONTINUOUS
10
4.6691190551181103
20
-3.9671691338582677
11
4.6691628740157478
21
-3.9672347244094488
0
LINE
8
BLACK
6
CONTINUOUS
10
4.6691628740157478
20
-3.9672347244094488
11
4.669195196850394
21
-3.9672509055118108
0
LINE
8
BLACK
6
CONTINUOUS
10
4.669195196850394
20
-3.9672509055118108
11
4.6693200393700787
21
-3.9674699606299213
0
LINE
8
BLACK
6
CONTINUOUS
10
4.6693200393700787
20
-3.9674699606299213
11
4.6694604330708662
21
-3.9676800393700788
0
LINE
8
BLACK
6
CONTINUOUS
10
4.6694604330708662
20
-3.9676800393700788
11
4.6694604330708662
21
-3.9677161811023622
0
LINE
8
BLACK
6
CONTINUOUS
10
4.6694604330708662
20
-3.9677161811023622
11
4.6694994881889764
21
-3.9677847244094488
0
LINE
8
BLACK
6
CONTINUOUS
10
4.6694994881889764
20
-3.9677847244094488
11
4.6704368897637796
21
-3.9705968503937008
0
LINE
8
BLACK
6
CONTINUOUS
10
4.6704368897637796
20
-3.9705968503937008
11
4.6704684251968507
21
-3.970847440944882
0
LINE
8
BLACK
6
CONTINUOUS
10
4.6704684251968507
20
-3.970847440944882
11
4.6705176771653543
21
-3.971094842519685
0
LINE
8
BLACK
6
CONTINUOUS
10
4.6705176771653543
20
-3.971094842519685
11
4.6705176771653543
21
-3.9729696062992126
0
LINE
8
BLACK
6
CONTINUOUS
10
4.6705176771653543
20
-3.9729696062992126
11
4.6704684251968507
21
-3.9732170078740157
0
LINE
8
BLACK
6
CONTINUOUS
10
4.6704684251968507
20
-3.9732170078740157
11
4.6704368897637796
21
-3.9734675590551181
0
LINE
8
BLACK
6
CONTINUOUS
10
4.6704368897637796
20
-3.9734675590551181
11
4.6694994881889764
21
-3.9762797637795275
0
LINE
8
BLACK
6
CONTINUOUS
10
4.6694994881889764
20
-3.9762797637795275
11
4.6694604330708662
21
-3.9763482677165354
0
LINE
8
BLACK
6
CONTINUOUS
10
4.6694604330708662
20
-3.9763482677165354
11
4.6694604330708662
21
-3.9763844488188975
0
LINE
8
BLACK
6
CONTINUOUS
10
4.6694604330708662
20
-3.9763844488188975
11
4.6693199606299212
21
-3.9765946062992126
0
LINE
8
BLACK
6
CONTINUOUS
10
4.6693199606299212
20
-3.9765946062992126
11
4.669195196850394
21
-3.9768135433070864
0
LINE
8
BLACK
6
CONTINUOUS
10
4.669195196850394
20
-3.9768135433070864
11
4.6691629133858266
21
-3.9768296456692913
0
LINE
8
BLACK
6
CONTINUOUS
10
4.6691629133858266
20
-3.9768296456692913
11
4.6691190551181103
21
-3.9768953543307086
0
LINE
8
BLACK
6
CONTINUOUS
10
4.6691190551181103
20
-3.9768953543307086
11
4.6681816535433072
21
-3.977832716535433
0
LINE
8
BLACK
6
CONTINUOUS
10
4.6681816535433072
20
-3.977832716535433
11
4.6676707480314956
21
-3.9781740551181102
0
LINE
8
BLACK
6
CONTINUOUS
10
4.6676707480314956
20
-3.9781740551181102
11
4.6664654330708659
21
-3.9781740157480314
0
LINE
8
BLACK
6
CONTINUOUS
10
4.6664654330708659
20
-3.9781740157480314
11
4.6656131889763781
21
-3.9773217716535432
0
LINE
8
BLACK
6
CONTINUOUS
10
4.6656131889763781
20
-3.9773217716535432
11
4.6656132283464569
21
-3.9761164566929135
0
LINE
8
BLACK
6
CONTINUOUS
10
4.6656132283464569
20
-3.9761164566929135
11
4.665954566929134
21
-3.9756055511811024
0
LINE
8
BLACK
6
CONTINUOUS
10
4.665954566929134
20
-3.9756055511811024
11
4.6666290944881892
21
-3.974931062992126
0
LINE
8
BLACK
6
CONTINUOUS
10
4.6666290944881892
20
-3.974931062992126
11
4.667368070866142
21
-3.9727140944881887
0
LINE
8
BLACK
6
CONTINUOUS
10
4.667368070866142
20
-3.9727140944881887
11
4.667368070866142
21
-3.9713503149606297
0
LINE
8
BLACK
6
CONTINUOUS
10
4.667368070866142
20
-3.9713503149606297
11
4.6666290944881892
21
-3.9691333858267717
0
LINE
8
BLACK
6
CONTINUOUS
10
4.6666290944881892
20
-3.9691333858267717
11
4.6651978346456691
21
-3.9677022047244095
0
LINE
8
BLACK
6
CONTINUOUS
10
4.6651978346456691
20
-3.9677022047244095
11
4.6637062598425194
21
-3.9669564173228347
0
LINE
8
BLACK
6
CONTINUOUS
10
4.6637062598425194
20
-3.9669564173228347
11
4.6603125196850392
21
-3.9661079921259841
0
LINE
8
BLACK
6
CONTINUOUS
10
4.6603125196850392
20
-3.9661079921259841
11
4.6578881889763775
21
-3.9661079921259841
0
LINE
8
BLACK
6
CONTINUOUS
10
4.6578881889763775
20
-3.9661079921259841
11
4.6544944094488185
21
-3.9669564173228347
0
LINE
8
BLACK
6
CONTINUOUS
10
4.6544944094488185
20
-3.9669564173228347
11
4.6530028346456689
21
-3.9677021653543307
0
LINE
8
BLACK
6
CONTINUOUS
10
4.6530028346456689
20
-3.9677021653543307
11
4.6515716141732284
21
-3.9691333858267717
0
LINE
8
BLACK
6
CONTINUOUS
10
4.6515716141732284
20
-3.9691333858267717
11
4.6508326377952756
21
-3.9713503543307085
0
LINE
8
BLACK
6
CONTINUOUS
10
4.6508326377952756
20
-3.9713503543307085
11
4.6508326377952756
21
-3.9727140551181099
0
LINE
8
BLACK
6
CONTINUOUS
10
4.6508326377952756
20
-3.9727140551181099
11
4.6515716141732284
21
-3.974931062992126
0
LINE
8
BLACK
6
CONTINUOUS
10
4.6515716141732284
20
-3.974931062992126
11
4.6522461417322836
21
-3.9756055905511811
0
LINE
8
BLACK
6
CONTINUOUS
10
4.6522461417322836
20
-3.9756055905511811
11
4.6525875196850395
21
-3.9761164960629922
0
LINE
8
BLACK
6
CONTINUOUS
10
4.6525875196850395
20
-3.9761164960629922
11
4.6525875196850395
21
-3.9773217716535432
0
LINE
8
BLACK
6
CONTINUOUS
10
4.6525875196850395
20
-3.9773217716535432
11
4.651735236220472
21
-3.9781740551181102
0
LINE
8
BLACK
6
CONTINUOUS
10
4.651735236220472
20
-3.9781740551181102
11
4.6505299606299211
21
-3.9781740551181102
0
LINE
8
BLACK
6
CONTINUOUS
10
4.6505299606299211
20
-3.9781740551181102
11
4.6500190551181104
21
-3.9778326771653543
0
LINE
8
BLACK
6
CONTINUOUS
10
4.6500190551181104
20
-3.9778326771653543
11
4.649081692913386
21
-3.9768953149606299
0
LINE
8
BLACK
6
CONTINUOUS
10
4.649081692913386
20
-3.9768953149606299
11
4.6490378740157476
21
-3.9768297244094488
0
LINE
8
BLACK
6
CONTINUOUS
10
4.6490378740157476
20
-3.9768297244094488
11
4.6490055511811024
21
-3.9768135826771651
0
LINE
8
BLACK
6
CONTINUOUS
10
4.6490055511811024
20
-3.9768135826771651
11
4.6488805118110239
21
-3.976594212598425
0
LINE
8
BLACK
6
CONTINUOUS
10
4.6488805118110239
20
-3.976594212598425
11
4.6487403149606301
21
-3.9763844094488188
0
LINE
8
BLACK
6
CONTINUOUS
10
4.6487403149606301
20
-3.9763844094488188
11
4.6487403149606301
21
-3.9763482677165354
0
LINE
8
BLACK
6
CONTINUOUS
10
4.6487403149606301
20
-3.9763482677165354
11
4.6487012598425199
21
-3.9762797637795275
0
LINE
8
BLACK
6
CONTINUOUS
10
4.6487012598425199
20
-3.9762797637795275
11
4.6477638582677168
21
-3.9734675984251968
0
LINE
8
BLACK
6
CONTINUOUS
10
4.6477638582677168
20
-3.9734675984251968
11
4.6477322834645669
21
-3.9732172834645669
0
LINE
8
BLACK
6
CONTINUOUS
10
4.6477322834645669
20
-3.9732172834645669
11
4.6476830314960633
21
-3.9729696062992126
0
LINE
8
BLACK
6
CONTINUOUS
10
4.6476830314960633
20
-3.9729696062992126
11
4.6476830314960633
21
-3.971094842519685
0
LINE
8
BLACK
6
CONTINUOUS
10
4.6476830314960633
20
-3.971094842519685
11
4.6477322834645669
21
-3.9708471259842519
0
LINE
8
BLACK
6
CONTINUOUS
10
4.6477322834645669
20
-3.9708471259842519
11
4.6477638582677168
21
-3.9705968503937008
0
LINE
8
BLACK
6
CONTINUOUS
10
4.6477638582677168
20
-3.9705968503937008
11
4.6487012598425199
21
-3.9677847244094488
0
LINE
8
BLACK
6
CONTINUOUS
10
4.6487012598425199
20
-3.9677847244094488
11
4.6487403149606301
21
-3.9677161811023622
0
LINE
8
BLACK
6
CONTINUOUS
10
4.6487403149606301
20
-3.9677161811023622
11
4.6487403149606301
21
-3.9676800787401576
0
LINE
8
BLACK
6
CONTINUOUS
10
4.6487403149606301
20
-3.9676800787401576
11
4.6488805118110239
21
-3.9674702362204726
0
LINE
8
BLACK
6
CONTINUOUS
10
4.6488805118110239
20
-3.9674702362204726
11
4.6490055511811024
21
-3.9672509055118108
0
LINE
8
BLACK
6
CONTINUOUS
10
4.6490055511811024
20
-3.9672509055118108
11
4.6490378740157476
21
-3.9672347244094488
0
LINE
8
BLACK
6
CONTINUOUS
10
4.6490378740157476
20
-3.9672347244094488
11
4.649081692913386
21
-3.9671691732283465
0
LINE
8
BLACK
6
CONTINUOUS
10
4.649081692913386
20
-3.9671691732283465
11
4.6509564173228348
21
-3.9652944094488189
0
LINE
8
BLACK
6
CONTINUOUS
10
4.6509564173228348
20
-3.9652944094488189
11
4.6511663385826774
21
-3.9651540944881889
0
LINE
8
BLACK
6
CONTINUOUS
10
4.6511663385826774
20
-3.9651540944881889
11
4.6513657086614169
21
-3.964999409448819
0
LINE
8
BLACK
6
CONTINUOUS
10
4.6513657086614169
20
-3.964999409448819
11
4.6532404724409444
21
-3.9640620078740159
0
LINE
8
BLACK
6
CONTINUOUS
10
4.6532404724409444
20
-3.9640620078740159
11
4.6534068503937007
21
-3.9640164173228345
0
LINE
8
BLACK
6
CONTINUOUS
10
4.6534068503937007
20
-3.9640164173228345
11
4.653562834645669
21
-3.9639427559055118
0
LINE
8
BLACK
6
CONTINUOUS
10
4.653562834645669
20
-3.9639427559055118
11
4.6573123622047241
21
-3.9630053937007874
0
LINE
8
BLACK
6
CONTINUOUS
10
4.6573123622047241
20
-3.9630053937007874
11
4.6575050787401571
21
-3.9629959842519682
0
LINE
8
BLACK
6
CONTINUOUS
10
4.6575050787401571
20
-3.9629959842519682
11
4.6576942913385828
21
-3.9629583858267714
0
LINE
8
BLACK
6
CONTINUOUS
10
4.6576942913385828
20
-3.9629583858267714
11
4.6605064173228348
21
-3.9629583858267714
0
LINE
8
BLACK
6
CONTINUOUS
10
4.6605064173228348
20
-3.9629583858267714
11
4.6606955905511809
21
-3.9629959842519682
0
LINE
8
BLACK
6
CONTINUOUS
10
4.6853596062992127
20
-3.9388112598425198
11
4.6864249606299211
21
-3.9398766141732282
0
LINE
8
BLACK
6
CONTINUOUS
10
4.6864249606299211
20
-3.9398766141732282
11
4.6865748031496066
21
-3.9406299212598426
0
LINE
8
BLACK
6
CONTINUOUS
10
4.6865748031496066
20
-3.9406299212598426
11
4.6865748031496066
21
-4.0193700787401569
0
LINE
8
BLACK
6
CONTINUOUS
10
4.6865748031496066
20
-4.0193700787401569
11
4.6864249606299211
21
-4.0201233858267713
0
LINE
8
BLACK
6
CONTINUOUS
10
4.6864249606299211
20
-4.0201233858267713
11
4.6853596062992127
21
-4.0211887401574806
0
LINE
8
BLACK
6
CONTINUOUS
10
4.6853596062992127
20
-4.0211887401574806
11
4.6846062992125983
21
-4.0213385826771653
0
LINE
8
BLACK
6
CONTINUOUS
10
4.6846062992125983
20
-4.0213385826771653
11
4.6353937007874011
21
-4.0213385826771653
0
LINE
8
BLACK
6
CONTINUOUS
10
4.6353937007874011
20
-4.0213385826771653
11
4.6346403937007876
21
-4.0211887401574806
0
LINE
8
BLACK
6
CONTINUOUS
10
4.6346403937007876
20
-4.0211887401574806
11
4.6335750393700783
21
-4.0201233858267713
0
LINE
8
BLACK
6
CONTINUOUS
10
4.6335750393700783
20
-4.0201233858267713
11
4.6334251968503937
21
-4.0193700787401569
0
LINE
8
BLACK
6
CONTINUOUS
10
4.6334251968503937
20
-4.0193700787401569
11
4.6334251968503937
21
-3.9406299212598426
0
LINE
8
BLACK
6
CONTINUOUS
10
4.6334251968503937
20
-3.9406299212598426
11
4.6335750393700783
21
-3.9398766141732282
0
LINE
8
BLACK
6
CONTINUOUS
10
4.6335750393700783
20
-3.9398766141732282
11
4.6346403937007876
21
-3.9388112598425198
0
LINE
8
BLACK
6
CONTINUOUS
10
4.6346403937007876
20
-3.9388112598425198
11
4.6353937007874011
21
-3.9386614173228347
0
LINE
8
BLACK
6
CONTINUOUS
10
4.6353937007874011
20
-3.9386614173228347
11
4.6846062992125983
21
-3.9386614173228347
0
LINE
8
BLACK
6
CONTINUOUS
10
4.6846062992125983
20
-3.9386614173228347
11
4.6853596062992127
21
-3.9388112598425198
0
LINE
8
BLACK
6
CONTINUOUS
10
4.6373622047244094
20
-3.9425984251968504
11
4.6373622047244094
21
-4.0174015748031495
0
LINE
8
BLACK
6
CONTINUOUS
10
4.6373622047244094
20
-4.0174015748031495
11
4.6826377952755909
21
-4.0174015748031495
0
LINE
8
BLACK
6
CONTINUOUS
10
4.6826377952755909
20
-4.0174015748031495
11
4.6826377952755909
21
-3.9425984251968504
0
LINE
8
BLACK
6
CONTINUOUS
10
4.6826377952755909
20
-3.9425984251968504
11
4.6373622047244094
21
-3.9425984251968504
0
LINE
8
BLACK
6
CONTINUOUS
10
4.7652707086614168
20
-3.9826587795275588
11
4.7653049606299209
21
-3.9826474015748032
0
LINE
8
BLACK
6
CONTINUOUS
10
4.7653049606299209
20
-3.9826474015748032
11
4.7655482677165351
21
-3.9827140157480314
0
LINE
8
BLACK
6
CONTINUOUS
10
4.7655482677165351
20
-3.9827140157480314
11
4.7657959842519686
21
-3.9827633070866142
0
LINE
8
BLACK
6
CONTINUOUS
10
4.7657959842519686
20
-3.9827633070866142
11
4.7658214960629923
21
-3.9827888188976379
0
LINE
8
BLACK
6
CONTINUOUS
10
4.7658214960629923
20
-3.9827888188976379
11
4.7658975984251963
21
-3.9828096850393702
0
LINE
8
BLACK
6
CONTINUOUS
10
4.7658975984251963
20
-3.9828096850393702
11
4.7677723622047239
21
-3.9837470472440946
0
LINE
8
BLACK
6
CONTINUOUS
10
4.7677723622047239
20
-3.9837470472440946
11
4.7679718110236218
21
-3.9839018503937007
0
LINE
8
BLACK
6
CONTINUOUS
10
4.7679718110236218
20
-3.9839018503937007
11
4.7681816535433068
21
-3.9840420472440945
0
LINE
8
BLACK
6
CONTINUOUS
10
4.7681816535433068
20
-3.9840420472440945
11
4.76911905511811
21
-3.9849794094488189
0
LINE
8
BLACK
6
CONTINUOUS
10
4.76911905511811
20
-3.9849794094488189
11
4.7692594488188975
21
-3.9851895275590552
0
LINE
8
BLACK
6
CONTINUOUS
10
4.7692594488188975
20
-3.9851895275590552
11
4.7694140551181103
21
-3.9853887401574801
0
LINE
8
BLACK
6
CONTINUOUS
10
4.7694140551181103
20
-3.9853887401574801
11
4.7703514173228347
21
-3.9872634645669289
0
LINE
8
BLACK
6
CONTINUOUS
10
4.7703514173228347
20
-3.9872634645669289
11
4.7703722440944878
21
-3.9873395669291338
0
LINE
8
BLACK
6
CONTINUOUS
10
4.7703722440944878
20
-3.9873395669291338
11
4.7703977952755903
21
-3.9873651181102363
0
LINE
8
BLACK
6
CONTINUOUS
10
4.7703977952755903
20
-3.9873651181102363
11
4.770447007874016
21
-3.9876126377952756
0
LINE
8
BLACK
6
CONTINUOUS
10
4.770447007874016
20
-3.9876126377952756
11
4.7705137007874017
21
-3.9878561023622048
0
LINE
8
BLACK
6
CONTINUOUS
10
4.7705137007874017
20
-3.9878561023622048
11
4.7705022440944882
21
-3.9878903543307085
0
LINE
8
BLACK
6
CONTINUOUS
10
4.7705022440944882
20
-3.9878903543307085
11
4.7705176771653539
21
-3.9879677559055118
0
LINE
8
BLACK
6
CONTINUOUS
10
4.7705176771653539
20
-3.9879677559055118
11
4.7705176771653539
21
-3.9917172834645669
0
LINE
8
BLACK
6
CONTINUOUS
10
4.7705176771653539
20
-3.9917172834645669
11
4.7705022440944882
21
-3.9917946456692914
0
LINE
8
BLACK
6
CONTINUOUS
10
4.7705022440944882
20
-3.9917946456692914
11
4.7705137007874017
21
-3.9918289370078739
0
LINE
8
BLACK
6
CONTINUOUS
10
4.7705137007874017
20
-3.9918289370078739
11
4.770447007874016
21
-3.9920723622047243
0
LINE
8
BLACK
6
CONTINUOUS
10
4.770447007874016
20
-3.9920723622047243
11
4.7703977952755903
21
-3.9923199212598424
0
LINE
8
BLACK
6
CONTINUOUS
10
4.7703977952755903
20
-3.9923199212598424
11
4.7703722440944878
21
-3.9923454330708661
0
LINE
8
BLACK
6
CONTINUOUS
10
4.7703722440944878
20
-3.9923454330708661
11
4.7703514173228347
21
-3.9924215748031493
0
LINE
8
BLACK
6
CONTINUOUS
10
4.7703514173228347
20
-3.9924215748031493
11
4.7694140551181103
21
-3.9942962992125985
0
LINE
8
BLACK
6
CONTINUOUS
10
4.7694140551181103
20
-3.9942962992125985
11
4.7692594488188975
21
-3.9944954724409447
0
LINE
8
BLACK
6
CONTINUOUS
10
4.7692594488188975
20
-3.9944954724409447
11
4.76911905511811
21
-3.9947056299212598
0
LINE
8
BLACK
6
CONTINUOUS
10
4.76911905511811
20
-3.9947056299212598
11
4.7681816535433068
21
-3.9956429921259842
0
LINE
8
BLACK
6
CONTINUOUS
10
4.7681816535433068
20
-3.9956429921259842
11
4.7679717322834643
21
-3.995783188976378
0
LINE
8
BLACK
6
CONTINUOUS
10
4.7679717322834643
20
-3.995783188976378
11
4.7677724015748026
21
-3.9959379527559054
0
LINE
8
BLACK
6
CONTINUOUS
10
4.7677724015748026
20
-3.9959379527559054
11
4.7658976377952751
21
-3.9968753543307085
0
LINE
8
BLACK
6
CONTINUOUS
10
4.7658976377952751
20
-3.9968753543307085
11
4.7658214960629923
21
-3.996896181102362
0
LINE
8
BLACK
6
CONTINUOUS
10
4.7658214960629923
20
-3.996896181102362
11
4.7657959842519686
21
-3.9969217322834645
0
LINE
8
BLACK
6
CONTINUOUS
10
4.7657959842519686
20
-3.9969217322834645
11
4.7655484251968501
21
-3.9969709448818898
0
LINE
8
BLACK
6
CONTINUOUS
10
4.7655484251968501
20
-3.9969709448818898
11
4.7653049999999997
21
-3.9970376377952754
0
LINE
8
BLACK
6
CONTINUOUS
10
4.7653049999999997
20
-3.9970376377952754
11
4.7652707086614168
21
-3.997026181102362
0
LINE
8
BLACK
6
CONTINUOUS
10
4.7652707086614168
20
-3.997026181102362
11
4.7651933464566927
21
-3.9970416141732281
0
LINE
8
BLACK
6
CONTINUOUS
10
4.7651933464566927
20
-3.9970416141732281
11
4.7605064173228344
21
-3.9970416141732281
0
LINE
8
BLACK
6
CONTINUOUS
10
4.7605064173228344
20
-3.9970416141732281
11
4.7604290157480316
21
-3.997026181102362
0
LINE
8
BLACK
6
CONTINUOUS
10
4.7604290157480316
20
-3.997026181102362
11
4.7603947637795274
21
-3.9970376377952754
0
LINE
8
BLACK
6
CONTINUOUS
10
4.7603947637795274
20
-3.9970376377952754
11
4.7601512992125983
21
-3.9969709448818898
0
LINE
8
BLACK
6
CONTINUOUS
10
4.7601512992125983
20
-3.9969709448818898
11
4.7599037795275594
21
-3.9969217322834645
0
LINE
8
BLACK
6
CONTINUOUS
10
4.7599037795275594
20
-3.9969217322834645
11
4.7598782283464569
21
-3.996896181102362
0
LINE
8
BLACK
6
CONTINUOUS
10
4.7598782283464569
20
-3.996896181102362
11
4.759802125984252
21
-3.9968753543307085
0
LINE
8
BLACK
6
CONTINUOUS
10
4.759802125984252
20
-3.9968753543307085
11
4.7579273622047245
21
-3.9959379527559054
0
LINE
8
BLACK
6
CONTINUOUS
10
4.7579273622047245
20
-3.9959379527559054
11
4.7577277559055116
21
-3.995783031496063
0
LINE
8
BLACK
6
CONTINUOUS
10
4.7577277559055116
20
-3.995783031496063
11
4.7575181102362203
21
-3.9956429527559054
0
LINE
8
BLACK
6
CONTINUOUS
10
4.7575181102362203
20
-3.9956429527559054
11
4.7565807480314959
21
-3.994705590551181
0
LINE
8
BLACK
6
CONTINUOUS
10
4.7565807480314959
20
-3.994705590551181
11
4.7564406299212596
21
-3.994495905511811
0
LINE
8
BLACK
6
CONTINUOUS
10
4.7564406299212596
20
-3.994495905511811
11
4.7562857480314964
21
-3.9942963385826769
0
LINE
8
BLACK
6
CONTINUOUS
10
4.7562857480314964
20
-3.9942963385826769
11
4.7553483464566932
21
-3.9924215748031493
0
LINE
8
BLACK
6
CONTINUOUS
10
4.7553483464566932
20
-3.9924215748031493
11
4.7553274803149606
21
-3.9923454330708661
0
LINE
8
BLACK
6
CONTINUOUS
10
4.7553274803149606
20
-3.9923454330708661
11
4.7553019685039368
21
-3.9923199212598424
0
LINE
8
BLACK
6
CONTINUOUS
10
4.7553019685039368
20
-3.9923199212598424
11
4.7552527165354332
21
-3.9920723622047243
0
LINE
8
BLACK
6
CONTINUOUS
10
4.7552527165354332
20
-3.9920723622047243
11
4.7551860629921263
21
-3.9918289370078739
0
LINE
8
BLACK
6
CONTINUOUS
10
4.7551860629921263
20
-3.9918289370078739
11
4.7551974803149601
21
-3.9917946456692914
0
LINE
8
BLACK
6
CONTINUOUS
10
4.7551974803149601
20
-3.9917946456692914
11
4.7551820866141732
21
-3.9917172834645669
0
LINE
8
BLACK
6
CONTINUOUS
10
4.7551820866141732
20
-3.9917172834645669
11
4.7551820866141732
21
-3.9879677559055118
0
LINE
8
BLACK
6
CONTINUOUS
10
4.7551820866141732
20
-3.9879677559055118
11
4.7551974803149601
21
-3.9878903543307085
0
LINE
8
BLACK
6
CONTINUOUS
10
4.7551974803149601
20
-3.9878903543307085
11
4.7551860629921263
21
-3.9878561023622048
0
LINE
8
BLACK
6
CONTINUOUS
10
4.7551860629921263
20
-3.9878561023622048
11
4.7552527165354332
21
-3.9876126377952756
0
LINE
8
BLACK
6
CONTINUOUS
10
4.7552527165354332
20
-3.9876126377952756
11
4.7553019685039368
21
-3.9873651181102363
0
LINE
8
BLACK
6
CONTINUOUS
10
4.7553019685039368
20
-3.9873651181102363
11
4.7553274803149606
21
-3.9873395669291338
0
LINE
8
BLACK
6
CONTINUOUS
10
4.7553274803149606
20
-3.9873395669291338
11
4.7553483464566932
21
-3.9872634645669289
0
LINE
8
BLACK
6
CONTINUOUS
10
4.7553483464566932
20
-3.9872634645669289
11
4.755825748031496
21
-3.9863086220472441
0
LINE
8
BLACK
6
CONTINUOUS
10
4.755825748031496
20
-3.9863086220472441
11
4.7545912992125983
21
-3.9866172047244093
0
LINE
8
BLACK
6
CONTINUOUS
10
4.7545912992125983
20
-3.9866172047244093
11
4.7521358267716538
21
-3.9882541732283463
0
LINE
8
BLACK
6
CONTINUOUS
10
4.7521358267716538
20
-3.9882541732283463
11
4.7514894881889767
21
-3.988900590551181
0
LINE
8
BLACK
6
CONTINUOUS
10
4.7514894881889767
20
-3.988900590551181
11
4.7508326377952752
21
-3.9902142913385825
0
LINE
8
BLACK
6
CONTINUOUS
10
4.7508326377952752
20
-3.9902142913385825
11
4.7508326377952752
21
-3.9935920472440944
0
LINE
8
BLACK
6
CONTINUOUS
10
4.7508326377952752
20
-3.9935920472440944
11
4.7507127559055116
21
-3.9941946850393699
0
LINE
8
BLACK
6
CONTINUOUS
10
4.7507127559055116
20
-3.9941946850393699
11
4.749860472440945
21
-3.9950469685039369
0
LINE
8
BLACK
6
CONTINUOUS
10
4.749860472440945
20
-3.9950469685039369
11
4.7486551968503932
21
-3.9950469685039369
0
LINE
8
BLACK
6
CONTINUOUS
10
4.7486551968503932
20
-3.9950469685039369
11
4.7478029133858266
21
-3.9941946850393699
0
LINE
8
BLACK
6
CONTINUOUS
10
4.7478029133858266
20
-3.9941946850393699
11
4.747683031496063
21
-3.9935920472440944
0
LINE
8
BLACK
6
CONTINUOUS
10
4.747683031496063
20
-3.9935920472440944
11
4.747683031496063
21
-3.9898425196850393
0
LINE
8
BLACK
6
CONTINUOUS
10
4.747683031496063
20
-3.9898425196850393
11
4.7476984251968499
21
-3.989765118110236
0
LINE
8
BLACK
6
CONTINUOUS
10
4.7476984251968499
20
-3.989765118110236
11
4.7476870078740152
21
-3.9897308661417323
0
LINE
8
BLACK
6
CONTINUOUS
10
4.7476870078740152
20
-3.9897308661417323
11
4.747753661417323
21
-3.9894874015748032
0
LINE
8
BLACK
6
CONTINUOUS
10
4.747753661417323
20
-3.9894874015748032
11
4.7478029133858266
21
-3.9892398818897639
0
LINE
8
BLACK
6
CONTINUOUS
10
4.7478029133858266
20
-3.9892398818897639
11
4.7478284251968503
21
-3.9892143307086614
0
LINE
8
BLACK
6
CONTINUOUS
10
4.7478284251968503
20
-3.9892143307086614
11
4.7478492913385821
21
-3.9891382283464565
0
LINE
8
BLACK
6
CONTINUOUS
10
4.7478492913385821
20
-3.9891382283464565
11
4.7487866929133853
21
-3.9872634645669289
0
LINE
8
BLACK
6
CONTINUOUS
10
4.7487866929133853
20
-3.9872634645669289
11
4.7489414173228344
21
-3.987064094488189
0
LINE
8
BLACK
6
CONTINUOUS
10
4.7489414173228344
20
-3.987064094488189
11
4.7490816535433069
21
-3.9868542125984252
0
LINE
8
BLACK
6
CONTINUOUS
10
4.7490816535433069
20
-3.9868542125984252
11
4.7500190157480313
21
-3.9859168110236221
0
LINE
8
BLACK
6
CONTINUOUS
10
4.7500190157480313
20
-3.9859168110236221
11
4.7501487007874017
21
-3.9858301181102362
0
LINE
8
BLACK
6
CONTINUOUS
10
4.7501487007874017
20
-3.9858301181102362
11
4.7502590551181099
21
-3.9857200393700785
0
LINE
8
BLACK
6
CONTINUOUS
10
4.7502590551181099
20
-3.9857200393700785
11
4.7530712204724406
21
-3.9838452755905509
0
LINE
8
BLACK
6
CONTINUOUS
10
4.7530712204724406
20
-3.9838452755905509
11
4.7533195275590554
21
-3.9837427165354331
0
LINE
8
BLACK
6
CONTINUOUS
10
4.7533195275590554
20
-3.9837427165354331
11
4.7535628346456695
21
-3.9836277952755905
0
LINE
8
BLACK
6
CONTINUOUS
10
4.7535628346456695
20
-3.9836277952755905
11
4.7573123622047246
21
-3.9826904330708661
0
LINE
8
BLACK
6
CONTINUOUS
10
4.7573123622047246
20
-3.9826904330708661
11
4.7575050787401576
21
-3.9826810236220473
0
LINE
8
BLACK
6
CONTINUOUS
10
4.7575050787401576
20
-3.9826810236220473
11
4.7576942913385825
21
-3.9826434251968501
0
LINE
8
BLACK
6
CONTINUOUS
10
4.7576942913385825
20
-3.9826434251968501
11
4.7651933464566927
21
-3.9826434251968501
0
LINE
8
BLACK
6
CONTINUOUS
10
4.7651933464566927
20
-3.9826434251968501
11
4.7652707086614168
21
-3.9826587795275588
0
LINE
8
BLACK
6
CONTINUOUS
10
4.7595644881889765
20
-3.9864498031496063
11
4.7589885433070869
21
-3.9870258267716534
0
LINE
8
BLACK
6
CONTINUOUS
10
4.7589885433070869
20
-3.9870258267716534
11
4.7583316929133854
21
-3.988339527559055
0
LINE
8
BLACK
6
CONTINUOUS
10
4.7583316929133854
20
-3.988339527559055
11
4.7583316929133854
21
-3.991345472440945
0
LINE
8
BLACK
6
CONTINUOUS
10
4.7583316929133854
20
-3.991345472440945
11
4.7589885433070869
21
-3.9926592125984253
0
LINE
8
BLACK
6
CONTINUOUS
10
4.7589885433070869
20
-3.9926592125984253
11
4.7595644488188977
21
-3.9932351181102361
0
LINE
8
BLACK
6
CONTINUOUS
10
4.7595644488188977
20
-3.9932351181102361
11
4.7608781889763776
21
-3.9938920078740154
0
LINE
8
BLACK
6
CONTINUOUS
10
4.7608781889763776
20
-3.9938920078740154
11
4.7648215748031495
21
-3.9938920078740154
0
LINE
8
BLACK
6
CONTINUOUS
10
4.7648215748031495
20
-3.9938920078740154
11
4.7661352362204727
21
-3.9932351181102361
0
LINE
8
BLACK
6
CONTINUOUS
10
4.7661352362204727
20
-3.9932351181102361
11
4.7667112598425199
21
-3.9926591732283465
0
LINE
8
BLACK
6
CONTINUOUS
10
4.7667112598425199
20
-3.9926591732283465
11
4.7673680708661417
21
-3.9913455511811025
0
LINE
8
BLACK
6
CONTINUOUS
10
4.7673680708661417
20
-3.9913455511811025
11
4.7673680708661417
21
-3.9883394488188975
0
LINE
8
BLACK
6
CONTINUOUS
10
4.7673680708661417
20
-3.9883394488188975
11
4.7667112598425199
21
-3.9870258661417322
0
LINE
8
BLACK
6
CONTINUOUS
10
4.7667112598425199
20
-3.9870258661417322
11
4.7661352755905515
21
-3.986449842519685
0
LINE
8
BLACK
6
CONTINUOUS
10
4.7661352755905515
20
-3.986449842519685
11
4.7648216141732282
21
-3.9857930314960628
0
LINE
8
BLACK
6
CONTINUOUS
10
4.7648216141732282
20
-3.9857930314960628
11
4.7608781496062988
21
-3.9857930314960628
0
LINE
8
BLACK
6
CONTINUOUS
10
4.7608781496062988
20
-3.9857930314960628
11
4.7595644881889765
21
-3.9864498031496063
0
LINE
8
BLACK
6
CONTINUOUS
10
4.7606955905511814
20
-3.9629959842519682
11
4.7608883464566931
21
-3.9630053937007874
0
LINE
8
BLACK
6
CONTINUOUS
10
4.7608883464566931
20
-3.9630053937007874
11
4.7646378740157482
21
-3.9639427559055118
0
LINE
8
BLACK
6
CONTINUOUS
10
4.7646378740157482
20
-3.9639427559055118
11
4.7647938188976378
21
-3.9640164173228345
0
LINE
8
BLACK
6
CONTINUOUS
10
4.7647938188976378
20
-3.9640164173228345
11
4.7649602362204719
21
-3.9640620078740159
0
LINE
8
BLACK
6
CONTINUOUS
10
4.7649602362204719
20
-3.9640620078740159
11
4.7668349999999995
21
-3.964999409448819
0
LINE
8
BLACK
6
CONTINUOUS
10
4.7668349999999995
20
-3.964999409448819
11
4.7670343307086611
21
-3.9651541338582676
0
LINE
8
BLACK
6
CONTINUOUS
10
4.7670343307086611
20
-3.9651541338582676
11
4.7672442519685037
21
-3.9652943700787402
0
LINE
8
BLACK
6
CONTINUOUS
10
4.7672442519685037
20
-3.9652943700787402
11
4.76911905511811
21
-3.9671691338582677
0
LINE
8
BLACK
6
CONTINUOUS
10
4.76911905511811
20
-3.9671691338582677
11
4.7691628740157483
21
-3.9672347244094488
0
LINE
8
BLACK
6
CONTINUOUS
10
4.7691628740157483
20
-3.9672347244094488
11
4.7691951968503936
21
-3.9672509055118108
0
LINE
8
BLACK
6
CONTINUOUS
10
4.7691951968503936
20
-3.9672509055118108
11
4.7693200393700783
21
-3.9674699606299213
0
LINE
8
BLACK
6
CONTINUOUS
10
4.7693200393700783
20
-3.9674699606299213
11
4.7694604330708659
21
-3.9676800393700788
0
LINE
8
BLACK
6
CONTINUOUS
10
4.7694604330708659
20
-3.9676800393700788
11
4.7694604330708659
21
-3.9677161811023622
0
LINE
8
BLACK
6
CONTINUOUS
10
4.7694604330708659
20
-3.9677161811023622
11
4.7694994881889761
21
-3.9677847244094488
0
LINE
8
BLACK
6
CONTINUOUS
10
4.7694994881889761
20
-3.9677847244094488
11
4.7704368897637792
21
-3.9705968503937008
0
LINE
8
BLACK
6
CONTINUOUS
10
4.7704368897637792
20
-3.9705968503937008
11
4.7704684251968503
21
-3.970847440944882
0
LINE
8
BLACK
6
CONTINUOUS
10
4.7704684251968503
20
-3.970847440944882
11
4.7705176771653539
21
-3.971094842519685
0
LINE
8
BLACK
6
CONTINUOUS
10
4.7705176771653539
20
-3.971094842519685
11
4.7705176771653539
21
-3.9729696062992126
0
LINE
8
BLACK
6
CONTINUOUS
10
4.7705176771653539
20
-3.9729696062992126
11
4.7704684251968503
21
-3.9732170078740157
0
LINE
8
BLACK
6
CONTINUOUS
10
4.7704684251968503
20
-3.9732170078740157
11
4.7704368897637792
21
-3.9734675590551181
0
LINE
8
BLACK
6
CONTINUOUS
10
4.7704368897637792
20
-3.9734675590551181
11
4.7694994881889761
21
-3.9762797637795275
0
LINE
8
BLACK
6
CONTINUOUS
10
4.7694994881889761
20
-3.9762797637795275
11
4.7694604330708659
21
-3.9763482677165354
0
LINE
8
BLACK
6
CONTINUOUS
10
4.7694604330708659
20
-3.9763482677165354
11
4.7694604330708659
21
-3.9763844488188975
0
LINE
8
BLACK
6
CONTINUOUS
10
4.7694604330708659
20
-3.9763844488188975
11
4.7693199606299208
21
-3.9765946062992126
0
LINE
8
BLACK
6
CONTINUOUS
10
4.7693199606299208
20
-3.9765946062992126
11
4.7691951968503936
21
-3.9768135433070864
0
LINE
8
BLACK
6
CONTINUOUS
10
4.7691951968503936
20
-3.9768135433070864
11
4.7691629133858271
21
-3.9768296456692913
0
LINE
8
BLACK
6
CONTINUOUS
10
4.7691629133858271
20
-3.9768296456692913
11
4.76911905511811
21
-3.9768953543307086
0
LINE
8
BLACK
6
CONTINUOUS
10
4.76911905511811
20
-3.9768953543307086
11
4.7681816535433068
21
-3.977832716535433
0
LINE
8
BLACK
6
CONTINUOUS
10
4.7681816535433068
20
-3.977832716535433
11
4.7676707480314962
21
-3.9781740551181102
0
LINE
8
BLACK
6
CONTINUOUS
10
4.7676707480314962
20
-3.9781740551181102
11
4.7664654330708665
21
-3.9781740157480314
0
LINE
8
BLACK
6
CONTINUOUS
10
4.7664654330708665
20
-3.9781740157480314
11
4.7656131889763778
21
-3.9773217716535432
0
LINE
8
BLACK
6
CONTINUOUS
10
4.7656131889763778
20
-3.9773217716535432
11
4.7656132283464565
21
-3.9761164566929135
0
LINE
8
BLACK
6
CONTINUOUS
10
4.7656132283464565
20
-3.9761164566929135
11
4.7659545669291337
21
-3.9756055511811024
0
LINE
8
BLACK
6
CONTINUOUS
10
4.7659545669291337
20
-3.9756055511811024
11
4.7666290944881888
21
-3.974931062992126
0
LINE
8
BLACK
6
CONTINUOUS
10
4.7666290944881888
20
-3.974931062992126
11
4.7673680708661417
21
-3.9727140944881887
0
LINE
8
BLACK
6
CONTINUOUS
10
4.7673680708661417
20
-3.9727140944881887
11
4.7673680708661417
21
-3.9713503149606297
0
LINE
8
BLACK
6
CONTINUOUS
10
4.7673680708661417
20
-3.9713503149606297
11
4.7666290944881888
21
-3.9691333858267717
0
LINE
8
BLACK
6
CONTINUOUS
10
4.7666290944881888
20
-3.9691333858267717
11
4.7651978346456696
21
-3.9677022047244095
0
LINE
8
BLACK
6
CONTINUOUS
10
4.7651978346456696
20
-3.9677022047244095
11
4.7637062598425199
21
-3.9669564173228347
0
LINE
8
BLACK
6
CONTINUOUS
10
4.7637062598425199
20
-3.9669564173228347
11
4.7603125196850389
21
-3.9661079921259841
0
LINE
8
BLACK
6
CONTINUOUS
10
4.7603125196850389
20
-3.9661079921259841
11
4.757888188976378
21
-3.9661079921259841
0
LINE
8
BLACK
6
CONTINUOUS
10
4.757888188976378
20
-3.9661079921259841
11
4.7544944094488191
21
-3.9669564173228347
0
LINE
8
BLACK
6
CONTINUOUS
10
4.7544944094488191
20
-3.9669564173228347
11
4.7530028346456694
21
-3.9677021653543307
0
LINE
8
BLACK
6
CONTINUOUS
10
4.7530028346456694
20
-3.9677021653543307
11
4.751571614173228
21
-3.9691333858267717
0
LINE
8
BLACK
6
CONTINUOUS
10
4.751571614173228
20
-3.9691333858267717
11
4.7508326377952752
21
-3.9713503543307085
0
LINE
8
BLACK
6
CONTINUOUS
10
4.7508326377952752
20
-3.9713503543307085
11
4.7508326377952752
21
-3.9727140551181099
0
LINE
8
BLACK
6
CONTINUOUS
10
4.7508326377952752
20
-3.9727140551181099
11
4.751571614173228
21
-3.974931062992126
0
LINE
8
BLACK
6
CONTINUOUS
10
4.751571614173228
20
-3.974931062992126
11
4.7522461417322832
21
-3.9756055905511811
0
LINE
8
BLACK
6
CONTINUOUS
10
4.7522461417322832
20
-3.9756055905511811
11
4.7525875196850391
21
-3.9761164960629922
0
LINE
8
BLACK
6
CONTINUOUS
10
4.7525875196850391
20
-3.9761164960629922
11
4.7525875196850391
21
-3.9773217716535432
0
LINE
8
BLACK
6
CONTINUOUS
10
4.7525875196850391
20
-3.9773217716535432
11
4.7517352362204726
21
-3.9781740551181102
0
LINE
8
BLACK
6
CONTINUOUS
10
4.7517352362204726
20
-3.9781740551181102
11
4.7505299606299207
21
-3.9781740551181102
0
LINE
8
BLACK
6
CONTINUOUS
10
4.7505299606299207
20
-3.9781740551181102
11
4.7500190551181101
21
-3.9778326771653543
0
LINE
8
BLACK
6
CONTINUOUS
10
4.7500190551181101
20
-3.9778326771653543
11
4.7490816929133857
21
-3.9768953149606299
0
LINE
8
BLACK
6
CONTINUOUS
10
4.7490816929133857
20
-3.9768953149606299
11
4.7490378740157482
21
-3.9768297244094488
0
LINE
8
BLACK
6
CONTINUOUS
10
4.7490378740157482
20
-3.9768297244094488
11
4.749005551181102
21
-3.9768135826771651
0
LINE
8
BLACK
6
CONTINUOUS
10
4.749005551181102
20
-3.9768135826771651
11
4.7488805118110236
21
-3.976594212598425
0
LINE
8
BLACK
6
CONTINUOUS
10
4.7488805118110236
20
-3.976594212598425
11
4.7487403149606298
21
-3.9763844094488188
0
LINE
8
BLACK
6
CONTINUOUS
10
4.7487403149606298
20
-3.9763844094488188
11
4.7487403149606298
21
-3.9763482677165354
0
LINE
8
BLACK
6
CONTINUOUS
10
4.7487403149606298
20
-3.9763482677165354
11
4.7487012598425196
21
-3.9762797637795275
0
LINE
8
BLACK
6
CONTINUOUS
10
4.7487012598425196
20
-3.9762797637795275
11
4.7477638582677164
21
-3.9734675984251968
0
LINE
8
BLACK
6
CONTINUOUS
10
4.7477638582677164
20
-3.9734675984251968
11
4.7477322834645665
21
-3.9732172834645669
0
LINE
8
BLACK
6
CONTINUOUS
10
4.7477322834645665
20
-3.9732172834645669
11
4.747683031496063
21
-3.9729696062992126
0
LINE
8
BLACK
6
CONTINUOUS
10
4.747683031496063
20
-3.9729696062992126
11
4.747683031496063
21
-3.971094842519685
0
LINE
8
BLACK
6
CONTINUOUS
10
4.747683031496063
20
-3.971094842519685
11
4.7477322834645665
21
-3.9708471259842519
0
LINE
8
BLACK
6
CONTINUOUS
10
4.7477322834645665
20
-3.9708471259842519
11
4.7477638582677164
21
-3.9705968503937008
0
LINE
8
BLACK
6
CONTINUOUS
10
4.7477638582677164
20
-3.9705968503937008
11
4.7487012598425196
21
-3.9677847244094488
0
LINE
8
BLACK
6
CONTINUOUS
10
4.7487012598425196
20
-3.9677847244094488
11
4.7487403149606298
21
-3.9677161811023622
0
LINE
8
BLACK
6
CONTINUOUS
10
4.7487403149606298
20
-3.9677161811023622
11
4.7487403149606298
21
-3.9676800787401576
0
LINE
8
BLACK
6
CONTINUOUS
10
4.7487403149606298
20
-3.9676800787401576
11
4.7488805118110236
21
-3.9674702362204726
0
LINE
8
BLACK
6
CONTINUOUS
10
4.7488805118110236
20
-3.9674702362204726
11
4.749005551181102
21
-3.9672509055118108
0
LINE
8
BLACK
6
CONTINUOUS
10
4.749005551181102
20
-3.9672509055118108
11
4.7490378740157482
21
-3.9672347244094488
0
LINE
8
BLACK
6
CONTINUOUS
10
4.7490378740157482
20
-3.9672347244094488
11
4.7490816929133857
21
-3.9671691732283465
0
LINE
8
BLACK
6
CONTINUOUS
10
4.7490816929133857
20
-3.9671691732283465
11
4.7509564173228345
21
-3.9652944094488189
0
LINE
8
BLACK
6
CONTINUOUS
10
4.7509564173228345
20
-3.9652944094488189
11
4.751166338582677
21
-3.9651540944881889
0
LINE
8
BLACK
6
CONTINUOUS
10
4.751166338582677
20
-3.9651540944881889
11
4.7513657086614174
21
-3.964999409448819
0
LINE
8
BLACK
6
CONTINUOUS
10
4.7513657086614174
20
-3.964999409448819
11
4.7532404724409449
21
-3.9640620078740159
0
LINE
8
BLACK
6
CONTINUOUS
10
4.7532404724409449
20
-3.9640620078740159
11
4.7534068503937004
21
-3.9640164173228345
0
LINE
8
BLACK
6
CONTINUOUS
10
4.7534068503937004
20
-3.9640164173228345
11
4.7535628346456695
21
-3.9639427559055118
0
LINE
8
BLACK
6
CONTINUOUS
10
4.7535628346456695
20
-3.9639427559055118
11
4.7573123622047246
21
-3.9630053937007874
0
LINE
8
BLACK
6
CONTINUOUS
10
4.7573123622047246
20
-3.9630053937007874
11
4.7575050787401576
21
-3.9629959842519682
0
LINE
8
BLACK
6
CONTINUOUS
10
4.7575050787401576
20
-3.9629959842519682
11
4.7576942913385825
21
-3.9629583858267714
0
LINE
8
BLACK
6
CONTINUOUS
10
4.7576942913385825
20
-3.9629583858267714
11
4.7605064173228344
21
-3.9629583858267714
0
LINE
8
BLACK
6
CONTINUOUS
10
4.7605064173228344
20
-3.9629583858267714
11
4.7606955905511814
21
-3.9629959842519682
0
LINE
8
BLACK
6
CONTINUOUS
10
4.7853596062992123
20
-3.9388112598425198
11
4.7864249606299207
21
-3.9398766141732282
0
LINE
8
BLACK
6
CONTINUOUS
10
4.7864249606299207
20
-3.9398766141732282
11
4.7865748031496063
21
-3.9406299212598426
0
LINE
8
BLACK
6
CONTINUOUS
10
4.7865748031496063
20
-3.9406299212598426
11
4.7865748031496063
21
-4.0193700787401569
0
LINE
8
BLACK
6
CONTINUOUS
10
4.7865748031496063
20
-4.0193700787401569
11
4.7864249606299207
21
-4.0201233858267713
0
LINE
8
BLACK
6
CONTINUOUS
10
4.7864249606299207
20
-4.0201233858267713
11
4.7853596062992123
21
-4.0211887401574806
0
LINE
8
BLACK
6
CONTINUOUS
10
4.7853596062992123
20
-4.0211887401574806
11
4.7846062992125979
21
-4.0213385826771653
0
LINE
8
BLACK
6
CONTINUOUS
10
4.7846062992125979
20
-4.0213385826771653
11
4.7353937007874016
21
-4.0213385826771653
0
LINE
8
BLACK
6
CONTINUOUS
10
4.7353937007874016
20
-4.0213385826771653
11
4.7346403937007873
21
-4.0211887401574806
0
LINE
8
BLACK
6
CONTINUOUS
10
4.7346403937007873
20
-4.0211887401574806
11
4.7335750393700788
21
-4.0201233858267713
0
LINE
8
BLACK
6
CONTINUOUS
10
4.7335750393700788
20
-4.0201233858267713
11
4.7334251968503933
21
-4.0193700787401569
0
LINE
8
BLACK
6
CONTINUOUS
10
4.7334251968503933
20
-4.0193700787401569
11
4.7334251968503933
21
-3.9406299212598426
0
LINE
8
BLACK
6
CONTINUOUS
10
4.7334251968503933
20
-3.9406299212598426
11
4.7335750393700788
21
-3.9398766141732282
0
LINE
8
BLACK
6
CONTINUOUS
10
4.7335750393700788
20
-3.9398766141732282
11
4.7346403937007873
21
-3.9388112598425198
0
LINE
8
BLACK
6
CONTINUOUS
10
4.7346403937007873
20
-3.9388112598425198
11
4.7353937007874016
21
-3.9386614173228347
0
LINE
8
BLACK
6
CONTINUOUS
10
4.7353937007874016
20
-3.9386614173228347
11
4.7846062992125979
21
-3.9386614173228347
0
LINE
8
BLACK
6
CONTINUOUS
10
4.7846062992125979
20
-3.9386614173228347
11
4.7853596062992123
21
-3.9388112598425198
0
LINE
8
BLACK
6
CONTINUOUS
10
4.7373622047244091
20
-3.9425984251968504
11
4.7373622047244091
21
-4.0174015748031495
0
LINE
8
BLACK
6
CONTINUOUS
10
4.7373622047244091
20
-4.0174015748031495
11
4.7826377952755905
21
-4.0174015748031495
0
LINE
8
BLACK
6
CONTINUOUS
10
4.7826377952755905
20
-4.0174015748031495
11
4.7826377952755905
21
-3.9425984251968504
0
LINE
8
BLACK
6
CONTINUOUS
10
4.7826377952755905
20
-3.9425984251968504
11
4.7373622047244091
21
-3.9425984251968504
0
LINE
8
BLACK
6
CONTINUOUS
10
5.0190864960629922
20
-3.9827105511811021
11
5.0191509842519686
21
-3.9827633070866142
0
LINE
8
BLACK
6
CONTINUOUS
10
5.0191509842519686
20
-3.9827633070866142
11
5.0192342913385826
21
-3.9827633070866142
0
LINE
8
BLACK
6
CONTINUOUS
10
5.0192342913385826
20
-3.9827633070866142
11
5.0196092125984251
21
-3.9831382283464567
0
LINE
8
BLACK
6
CONTINUOUS
10
5.0196092125984251
20
-3.9831382283464567
11
5.0200193700787397
21
-3.9834738188976377
0
LINE
8
BLACK
6
CONTINUOUS
10
5.0200193700787397
20
-3.9834738188976377
11
5.0200276377952751
21
-3.9835566535433071
0
LINE
8
BLACK
6
CONTINUOUS
10
5.0200276377952751
20
-3.9835566535433071
11
5.0200865748031491
21
-3.9836155905511812
0
LINE
8
BLACK
6
CONTINUOUS
10
5.0200865748031491
20
-3.9836155905511812
11
5.0200865748031491
21
-3.9841459055118111
0
LINE
8
BLACK
6
CONTINUOUS
10
5.0200865748031491
20
-3.9841459055118111
11
5.0201392913385829
21
-3.9846731102362205
0
LINE
8
BLACK
6
CONTINUOUS
10
5.0201392913385829
20
-3.9846731102362205
11
5.0200865748031491
21
-3.9847375196850394
0
LINE
8
BLACK
6
CONTINUOUS
10
5.0200865748031491
20
-3.9847375196850394
11
5.0200865748031491
21
-3.9848208661417321
0
LINE
8
BLACK
6
CONTINUOUS
10
5.0200865748031491
20
-3.9848208661417321
11
5.0197451968503932
21
-3.9853317716535432
0
LINE
8
BLACK
6
CONTINUOUS
10
5.0197451968503932
20
-3.9853317716535432
11
5.0189885433070867
21
-3.9860883858267715
0
LINE
8
BLACK
6
CONTINUOUS
10
5.0189885433070867
20
-3.9860883858267715
11
5.0183316929133861
21
-3.9874021259842518
0
LINE
8
BLACK
6
CONTINUOUS
10
5.0183316929133861
20
-3.9874021259842518
11
5.0183316929133861
21
-3.991345472440945
0
LINE
8
BLACK
6
CONTINUOUS
10
5.0183316929133861
20
-3.991345472440945
11
5.0189885433070867
21
-3.9926592125984253
0
LINE
8
BLACK
6
CONTINUOUS
10
5.0189885433070867
20
-3.9926592125984253
11
5.0195644488188975
21
-3.9932351181102361
0
LINE
8
BLACK
6
CONTINUOUS
10
5.0195644488188975
20
-3.9932351181102361
11
5.0208781889763783
21
-3.9938920078740154
0
LINE
8
BLACK
6
CONTINUOUS
10
5.0208781889763783
20
-3.9938920078740154
11
5.0248215748031493
21
-3.9938920078740154
0
LINE
8
BLACK
6
CONTINUOUS
10
5.0248215748031493
20
-3.9938920078740154
11
5.0261352362204725
21
-3.9932351181102361
0
LINE
8
BLACK
6
CONTINUOUS
10
5.0261352362204725
20
-3.9932351181102361
11
5.0267112598425197
21
-3.9926591732283465
0
LINE
8
BLACK
6
CONTINUOUS
10
5.0267112598425197
20
-3.9926591732283465
11
5.0273680708661415
21
-3.9913455511811025
0
LINE
8
BLACK
6
CONTINUOUS
10
5.0273680708661415
20
-3.9913455511811025
11
5.0273680708661415
21
-3.9874020472440943
0
LINE
8
BLACK
6
CONTINUOUS
10
5.0273680708661415
20
-3.9874020472440943
11
5.0267112598425197
21
-3.9860884251968502
0
LINE
8
BLACK
6
CONTINUOUS
10
5.0267112598425197
20
-3.9860884251968502
11
5.0259545669291334
21
-3.985331811023622
0
LINE
8
BLACK
6
CONTINUOUS
10
5.0259545669291334
20
-3.985331811023622
11
5.0256132283464563
21
-3.9848209055118109
0
LINE
8
BLACK
6
CONTINUOUS
10
5.0256132283464563
20
-3.9848209055118109
11
5.0256131889763775
21
-3.9836155905511812
0
LINE
8
BLACK
6
CONTINUOUS
10
5.0256131889763775
20
-3.9836155905511812
11
5.0264654330708662
21
-3.9827633464566929
0
LINE
8
BLACK
6
CONTINUOUS
10
5.0264654330708662
20
-3.9827633464566929
11
5.0276707480314959
21
-3.9827633070866142
0
LINE
8
BLACK
6
CONTINUOUS
10
5.0276707480314959
20
-3.9827633070866142
11
5.0281816535433066
21
-3.9831046456692913
0
LINE
8
BLACK
6
CONTINUOUS
10
5.0281816535433066
20
-3.9831046456692913
11
5.0291190551181097
21
-3.9840420078740157
0
LINE
8
BLACK
6
CONTINUOUS
10
5.0291190551181097
20
-3.9840420078740157
11
5.0292594488188973
21
-3.984252125984252
0
LINE
8
BLACK
6
CONTINUOUS
10
5.0292594488188973
20
-3.984252125984252
11
5.0294140551181101
21
-3.984451338582677
0
LINE
8
BLACK
6
CONTINUOUS
10
5.0294140551181101
20
-3.984451338582677
11
5.0303514173228345
21
-3.9863260629921258
0
LINE
8
BLACK
6
CONTINUOUS
10
5.0303514173228345
20
-3.9863260629921258
11
5.0303722440944885
21
-3.9864021653543307
0
LINE
8
BLACK
6
CONTINUOUS
10
5.0303722440944885
20
-3.9864021653543307
11
5.0303977952755901
21
-3.9864277165354332
0
LINE
8
BLACK
6
CONTINUOUS
10
5.0303977952755901
20
-3.9864277165354332
11
5.0304470078740158
21
-3.9866752362204725
0
LINE
8
BLACK
6
CONTINUOUS
10
5.0304470078740158
20
-3.9866752362204725
11
5.0305137007874015
21
-3.9869187007874016
0
LINE
8
BLACK
6
CONTINUOUS
10
5.0305137007874015
20
-3.9869187007874016
11
5.030502244094488
21
-3.9869529527559053
0
LINE
8
BLACK
6
CONTINUOUS
10
5.030502244094488
20
-3.9869529527559053
11
5.0305176771653546
21
-3.9870303543307086
0
LINE
8
BLACK
6
CONTINUOUS
10
5.0305176771653546
20
-3.9870303543307086
11
5.0305176771653546
21
-3.9917172834645669
0
LINE
8
BLACK
6
CONTINUOUS
10
5.0305176771653546
20
-3.9917172834645669
11
5.030502244094488
21
-3.9917946456692914
0
LINE
8
BLACK
6
CONTINUOUS
10
5.030502244094488
20
-3.9917946456692914
11
5.0305137007874015
21
-3.9918289370078739
0
LINE
8
BLACK
6
CONTINUOUS
10
5.0305137007874015
20
-3.9918289370078739
11
5.0304470078740158
21
-3.9920723622047243
0
LINE
8
BLACK
6
CONTINUOUS
10
5.0304470078740158
20
-3.9920723622047243
11
5.0303977952755901
21
-3.9923199212598424
0
LINE
8
BLACK
6
CONTINUOUS
10
5.0303977952755901
20
-3.9923199212598424
11
5.0303722440944885
21
-3.9923454330708661
0
LINE
8
BLACK
6
CONTINUOUS
10
5.0303722440944885
20
-3.9923454330708661
11
5.0303514173228345
21
-3.9924215748031493
0
LINE
8
BLACK
6
CONTINUOUS
10
5.0303514173228345
20
-3.9924215748031493
11
5.0294140551181101
21
-3.9942962992125985
0
LINE
8
BLACK
6
CONTINUOUS
10
5.0294140551181101
20
-3.9942962992125985
11
5.0292594488188973
21
-3.9944954724409447
0
LINE
8
BLACK
6
CONTINUOUS
10
5.0292594488188973
20
-3.9944954724409447
11
5.0291190551181097
21
-3.9947056299212598
0
LINE
8
BLACK
6
CONTINUOUS
10
5.0291190551181097
20
-3.9947056299212598
11
5.0281816535433066
21
-3.9956429921259842
0
LINE
8
BLACK
6
CONTINUOUS
10
5.0281816535433066
20
-3.9956429921259842
11
5.0279717322834641
21
-3.995783188976378
0
LINE
8
BLACK
6
CONTINUOUS
10
5.0279717322834641
20
-3.995783188976378
11
5.0277724015748033
21
-3.9959379527559054
0
LINE
8
BLACK
6
CONTINUOUS
10
5.0277724015748033
20
-3.9959379527559054
11
5.0258976377952758
21
-3.9968753543307085
0
LINE
8
BLACK
6
CONTINUOUS
10
5.0258976377952758
20
-3.9968753543307085
11
5.0258214960629921
21
-3.996896181102362
0
LINE
8
BLACK
6
CONTINUOUS
10
5.0258214960629921
20
-3.996896181102362
11
5.0257959842519684
21
-3.9969217322834645
0
LINE
8
BLACK
6
CONTINUOUS
10
5.0257959842519684
20
-3.9969217322834645
11
5.0255484251968499
21
-3.9969709448818898
0
LINE
8
BLACK
6
CONTINUOUS
10
5.0255484251968499
20
-3.9969709448818898
11
5.0253049999999995
21
-3.9970376377952754
0
LINE
8
BLACK
6
CONTINUOUS
10
5.0253049999999995
20
-3.9970376377952754
11
5.0252707086614175
21
-3.997026181102362
0
LINE
8
BLACK
6
CONTINUOUS
10
5.0252707086614175
20
-3.997026181102362
11
5.0251933464566925
21
-3.9970416141732281
0
LINE
8
BLACK
6
CONTINUOUS
10
5.0251933464566925
20
-3.9970416141732281
11
5.0205064173228342
21
-3.9970416141732281
0
LINE
8
BLACK
6
CONTINUOUS
10
5.0205064173228342
20
-3.9970416141732281
11
5.0204290157480314
21
-3.997026181102362
0
LINE
8
BLACK
6
CONTINUOUS
10
5.0204290157480314
20
-3.997026181102362
11
5.0203947637795272
21
-3.9970376377952754
0
LINE
8
BLACK
6
CONTINUOUS
10
5.0203947637795272
20
-3.9970376377952754
11
5.0201512992125981
21
-3.9969709448818898
0
LINE
8
BLACK
6
CONTINUOUS
10
5.0201512992125981
20
-3.9969709448818898
11
5.0199037795275592
21
-3.9969217322834645
0
LINE
8
BLACK
6
CONTINUOUS
10
5.0199037795275592
20
-3.9969217322834645
11
5.0198782283464567
21
-3.996896181102362
0
LINE
8
BLACK
6
CONTINUOUS
10
5.0198782283464567
20
-3.996896181102362
11
5.0198021259842518
21
-3.9968753543307085
0
LINE
8
BLACK
6
CONTINUOUS
10
5.0198021259842518
20
-3.9968753543307085
11
5.0179273622047242
21
-3.9959379527559054
0
LINE
8
BLACK
6
CONTINUOUS
10
5.0179273622047242
20
-3.9959379527559054
11
5.0177277559055113
21
-3.995783031496063
0
LINE
8
BLACK
6
CONTINUOUS
10
5.0177277559055113
20
-3.995783031496063
11
5.0175181102362201
21
-3.9956429527559054
0
LINE
8
BLACK
6
CONTINUOUS
10
5.0175181102362201
20
-3.9956429527559054
11
5.0165807480314957
21
-3.994705590551181
0
LINE
8
BLACK
6
CONTINUOUS
10
5.0165807480314957
20
-3.994705590551181
11
5.0164406299212594
21
-3.994495905511811
0
LINE
8
BLACK
6
CONTINUOUS
10
5.0164406299212594
20
-3.994495905511811
11
5.0162857480314962
21
-3.9942963385826769
0
LINE
8
BLACK
6
CONTINUOUS
10
5.0162857480314962
20
-3.9942963385826769
11
5.015348346456693
21
-3.9924215748031493
0
LINE
8
BLACK
6
CONTINUOUS
10
5.015348346456693
20
-3.9924215748031493
11
5.0153274803149603
21
-3.9923454330708661
0
LINE
8
BLACK
6
CONTINUOUS
10
5.0153274803149603
20
-3.9923454330708661
11
5.0153019685039366
21
-3.9923199212598424
0
LINE
8
BLACK
6
CONTINUOUS
10
5.0153019685039366
20
-3.9923199212598424
11
5.015252716535433
21
-3.9920723622047243
0
LINE
8
BLACK
6
CONTINUOUS
10
5.015252716535433
20
-3.9920723622047243
11
5.0151860629921261
21
-3.9918289370078739
0
LINE
8
BLACK
6
CONTINUOUS
10
5.0151860629921261
20
-3.9918289370078739
11
5.0151974803149608
21
-3.9917946456692914
0
LINE
8
BLACK
6
CONTINUOUS
10
5.0151974803149608
20
-3.9917946456692914
11
5.015182086614173
21
-3.9917172834645669
0
LINE
8
BLACK
6
CONTINUOUS
10
5.015182086614173
20
-3.9917172834645669
11
5.015182086614173
21
-3.9870303543307086
0
LINE
8
BLACK
6
CONTINUOUS
10
5.015182086614173
20
-3.9870303543307086
11
5.0151974803149608
21
-3.9869529527559053
0
LINE
8
BLACK
6
CONTINUOUS
10
5.0151974803149608
20
-3.9869529527559053
11
5.0151860629921261
21
-3.9869187007874016
0
LINE
8
BLACK
6
CONTINUOUS
10
5.0151860629921261
20
-3.9869187007874016
11
5.015252716535433
21
-3.9866752362204725
0
LINE
8
BLACK
6
CONTINUOUS
10
5.015252716535433
20
-3.9866752362204725
11
5.0153019685039366
21
-3.9864277165354332
0
LINE
8
BLACK
6
CONTINUOUS
10
5.0153019685039366
20
-3.9864277165354332
11
5.0153274803149603
21
-3.9864021653543307
0
LINE
8
BLACK
6
CONTINUOUS
10
5.0153274803149603
20
-3.9864021653543307
11
5.015348346456693
21
-3.9863260629921258
0
LINE
8
BLACK
6
CONTINUOUS
10
5.015348346456693
20
-3.9863260629921258
11
5.0154519291338584
21
-3.9861188188976375
0
LINE
8
BLACK
6
CONTINUOUS
10
5.0154519291338584
20
-3.9861188188976375
11
5.0108326377952759
21
-3.9865807480314959
0
LINE
8
BLACK
6
CONTINUOUS
10
5.0108326377952759
20
-3.9865807480314959
11
5.0108326377952759
21
-3.9945294094488188
0
LINE
8
BLACK
6
CONTINUOUS
10
5.0108326377952759
20
-3.9945294094488188
11
5.0107127559055114
21
-3.9951320472440943
0
LINE
8
BLACK
6
CONTINUOUS
10
5.0107127559055114
20
-3.9951320472440943
11
5.0098604724409448
21
-3.9959843307086613
0
LINE
8
BLACK
6
CONTINUOUS
10
5.0098604724409448
20
-3.9959843307086613
11
5.0086551968503938
21
-3.9959843307086613
0
LINE
8
BLACK
6
CONTINUOUS
10
5.0086551968503938
20
-3.9959843307086613
11
5.0078029133858264
21
-3.9951320472440943
0
LINE
8
BLACK
6
CONTINUOUS
10
5.0078029133858264
20
-3.9951320472440943
11
5.0076830314960628
21
-3.9945294094488188
0
LINE
8
BLACK
6
CONTINUOUS
10
5.0076830314960628
20
-3.9945294094488188
11
5.0076830314960628
21
-3.9851555905511811
0
LINE
8
BLACK
6
CONTINUOUS
10
5.0076830314960628
20
-3.9851555905511811
11
5.0077579527559051
21
-3.9847788582677164
0
LINE
8
BLACK
6
CONTINUOUS
10
5.0077579527559051
20
-3.9847788582677164
11
5.0077501574803147
21
-3.9847007086614172
0
LINE
8
BLACK
6
CONTINUOUS
10
5.0077501574803147
20
-3.9847007086614172
11
5.007781023622047
21
-3.9846629527559054
0
LINE
8
BLACK
6
CONTINUOUS
10
5.007781023622047
20
-3.9846629527559054
11
5.0078029133858264
21
-3.9845529527559056
0
LINE
8
BLACK
6
CONTINUOUS
10
5.0078029133858264
20
-3.9845529527559056
11
5.0081776771653539
21
-3.9841781496062989
0
LINE
8
BLACK
6
CONTINUOUS
10
5.0081776771653539
20
-3.9841781496062989
11
5.0085134251968499
21
-3.9837678346456693
0
LINE
8
BLACK
6
CONTINUOUS
10
5.0085134251968499
20
-3.9837678346456693
11
5.0086207480314959
21
-3.9837350787401573
0
LINE
8
BLACK
6
CONTINUOUS
10
5.0086207480314959
20
-3.9837350787401573
11
5.0086551968503938
21
-3.9837006692913386
0
LINE
8
BLACK
6
CONTINUOUS
10
5.0086551968503938
20
-3.9837006692913386
11
5.0087337007874018
21
-3.9837006692913386
0
LINE
8
BLACK
6
CONTINUOUS
10
5.0087337007874018
20
-3.9837006692913386
11
5.009101141732283
21
-3.9835886220472441
0
LINE
8
BLACK
6
CONTINUOUS
10
5.009101141732283
20
-3.9835886220472441
11
5.0184749212598421
21
-3.9826512598425197
0
LINE
8
BLACK
6
CONTINUOUS
10
5.0184749212598421
20
-3.9826512598425197
11
5.0190864960629922
21
-3.9827105511811021
0
LINE
8
BLACK
6
CONTINUOUS
10
5.0206955905511812
20
-3.9629959842519682
11
5.0208883464566929
21
-3.9630053937007874
0
LINE
8
BLACK
6
CONTINUOUS
10
5.0208883464566929
20
-3.9630053937007874
11
5.024637874015748
21
-3.9639427559055118
0
LINE
8
BLACK
6
CONTINUOUS
10
5.024637874015748
20
-3.9639427559055118
11
5.0247938188976375
21
-3.9640164173228345
0
LINE
8
BLACK
6
CONTINUOUS
10
5.0247938188976375
20
-3.9640164173228345
11
5.0249602362204726
21
-3.9640620078740159
0
LINE
8
BLACK
6
CONTINUOUS
10
5.0249602362204726
20
-3.9640620078740159
11
5.0268350000000002
21
-3.964999409448819
0
LINE
8
BLACK
6
CONTINUOUS
10
5.0268350000000002
20
-3.964999409448819
11
5.0270343307086609
21
-3.9651541338582676
0
LINE
8
BLACK
6
CONTINUOUS
10
5.0270343307086609
20
-3.9651541338582676
11
5.0272442519685034
21
-3.9652943700787402
0
LINE
8
BLACK
6
CONTINUOUS
10
5.0272442519685034
20
-3.9652943700787402
11
5.0291190551181097
21
-3.9671691338582677
0
LINE
8
BLACK
6
CONTINUOUS
10
5.0291190551181097
20
-3.9671691338582677
11
5.0291628740157481
21
-3.9672347244094488
0
LINE
8
BLACK
6
CONTINUOUS
10
5.0291628740157481
20
-3.9672347244094488
11
5.0291951968503934
21
-3.9672509055118108
0
LINE
8
BLACK
6
CONTINUOUS
10
5.0291951968503934
20
-3.9672509055118108
11
5.029320039370079
21
-3.9674699606299213
0
LINE
8
BLACK
6
CONTINUOUS
10
5.029320039370079
20
-3.9674699606299213
11
5.0294604330708657
21
-3.9676800393700788
0
LINE
8
BLACK
6
CONTINUOUS
10
5.0294604330708657
20
-3.9676800393700788
11
5.0294604330708657
21
-3.9677161811023622
0
LINE
8
BLACK
6
CONTINUOUS
10
5.0294604330708657
20
-3.9677161811023622
11
5.0294994881889759
21
-3.9677847244094488
0
LINE
8
BLACK
6
CONTINUOUS
10
5.0294994881889759
20
-3.9677847244094488
11
5.030436889763779
21
-3.9705968503937008
0
LINE
8
BLACK
6
CONTINUOUS
10
5.030436889763779
20
-3.9705968503937008
11
5.0304684251968501
21
-3.970847440944882
0
LINE
8
BLACK
6
CONTINUOUS
10
5.0304684251968501
20
-3.970847440944882
11
5.0305176771653546
21
-3.971094842519685
0
LINE
8
BLACK
6
CONTINUOUS
10
5.0305176771653546
20
-3.971094842519685
11
5.0305176771653546
21
-3.9729696062992126
0
LINE
8
BLACK
6
CONTINUOUS
10
5.0305176771653546
20
-3.9729696062992126
11
5.0304684251968501
21
-3.9732170078740157
0
LINE
8
BLACK
6
CONTINUOUS
10
5.0304684251968501
20
-3.9732170078740157
11
5.030436889763779
21
-3.9734675590551181
0
LINE
8
BLACK
6
CONTINUOUS
10
5.030436889763779
20
-3.9734675590551181
11
5.0294994881889759
21
-3.9762797637795275
0
LINE
8
BLACK
6
CONTINUOUS
10
5.0294994881889759
20
-3.9762797637795275
11
5.0294604330708657
21
-3.9763482677165354
0
LINE
8
BLACK
6
CONTINUOUS
10
5.0294604330708657
20
-3.9763482677165354
11
5.0294604330708657
21
-3.9763844488188975
0
LINE
8
BLACK
6
CONTINUOUS
10
5.0294604330708657
20
-3.9763844488188975
11
5.0293199606299215
21
-3.9765946062992126
0
LINE
8
BLACK
6
CONTINUOUS
10
5.0293199606299215
20
-3.9765946062992126
11
5.0291951968503934
21
-3.9768135433070864
0
LINE
8
BLACK
6
CONTINUOUS
10
5.0291951968503934
20
-3.9768135433070864
11
5.0291629133858269
21
-3.9768296456692913
0
LINE
8
BLACK
6
CONTINUOUS
10
5.0291629133858269
20
-3.9768296456692913
11
5.0291190551181097
21
-3.9768953543307086
0
LINE
8
BLACK
6
CONTINUOUS
10
5.0291190551181097
20
-3.9768953543307086
11
5.0281816535433066
21
-3.977832716535433
0
LINE
8
BLACK
6
CONTINUOUS
10
5.0281816535433066
20
-3.977832716535433
11
5.0276707480314959
21
-3.9781740551181102
0
LINE
8
BLACK
6
CONTINUOUS
10
5.0276707480314959
20
-3.9781740551181102
11
5.0264654330708662
21
-3.9781740157480314
0
LINE
8
BLACK
6
CONTINUOUS
10
5.0264654330708662
20
-3.9781740157480314
11
5.0256131889763775
21
-3.9773217716535432
0
LINE
8
BLACK
6
CONTINUOUS
10
5.0256131889763775
20
-3.9773217716535432
11
5.0256132283464563
21
-3.9761164566929135
0
LINE
8
BLACK
6
CONTINUOUS
10
5.0256132283464563
20
-3.9761164566929135
11
5.0259545669291334
21
-3.9756055511811024
0
LINE
8
BLACK
6
CONTINUOUS
10
5.0259545669291334
20
-3.9756055511811024
11
5.0266290944881886
21
-3.974931062992126
0
LINE
8
BLACK
6
CONTINUOUS
10
5.0266290944881886
20
-3.974931062992126
11
5.0273680708661415
21
-3.9727140944881887
0
LINE
8
BLACK
6
CONTINUOUS
10
5.0273680708661415
20
-3.9727140944881887
11
5.0273680708661415
21
-3.9713503149606297
0
LINE
8
BLACK
6
CONTINUOUS
10
5.0273680708661415
20
-3.9713503149606297
11
5.0266290944881886
21
-3.9691333858267717
0
LINE
8
BLACK
6
CONTINUOUS
10
5.0266290944881886
20
-3.9691333858267717
11
5.0251978346456694
21
-3.9677022047244095
0
LINE
8
BLACK
6
CONTINUOUS
10
5.0251978346456694
20
-3.9677022047244095
11
5.0237062598425197
21
-3.9669564173228347
0
LINE
8
BLACK
6
CONTINUOUS
10
5.0237062598425197
20
-3.9669564173228347
11
5.0203125196850396
21
-3.9661079921259841
0
LINE
8
BLACK
6
CONTINUOUS
10
5.0203125196850396
20
-3.9661079921259841
11
5.0178881889763778
21
-3.9661079921259841
0
LINE
8
BLACK
6
CONTINUOUS
10
5.0178881889763778
20
-3.9661079921259841
11
5.0144944094488189
21
-3.9669564173228347
0
LINE
8
BLACK
6
CONTINUOUS
10
5.0144944094488189
20
-3.9669564173228347
11
5.0130028346456692
21
-3.9677021653543307
0
LINE
8
BLACK
6
CONTINUOUS
10
5.0130028346456692
20
-3.9677021653543307
11
5.0115716141732278
21
-3.9691333858267717
0
LINE
8
BLACK
6
CONTINUOUS
10
5.0115716141732278
20
-3.9691333858267717
11
5.0108326377952759
21
-3.9713503543307085
0
LINE
8
BLACK
6
CONTINUOUS
10
5.0108326377952759
20
-3.9713503543307085
11
5.0108326377952759
21
-3.9727140551181099
0
LINE
8
BLACK
6
CONTINUOUS
10
5.0108326377952759
20
-3.9727140551181099
11
5.0115716141732278
21
-3.974931062992126
0
LINE
8
BLACK
6
CONTINUOUS
10
5.0115716141732278
20
-3.974931062992126
11
5.012246141732283
21
-3.9756055905511811
0
LINE
8
BLACK
6
CONTINUOUS
10
5.012246141732283
20
-3.9756055905511811
11
5.0125875196850389
21
-3.9761164960629922
0
LINE
8
BLACK
6
CONTINUOUS
10
5.0125875196850389
20
-3.9761164960629922
11
5.0125875196850389
21
-3.9773217716535432
0
LINE
8
BLACK
6
CONTINUOUS
10
5.0125875196850389
20
-3.9773217716535432
11
5.0117352362204723
21
-3.9781740551181102
0
LINE
8
BLACK
6
CONTINUOUS
10
5.0117352362204723
20
-3.9781740551181102
11
5.0105299606299214
21
-3.9781740551181102
0
LINE
8
BLACK
6
CONTINUOUS
10
5.0105299606299214
20
-3.9781740551181102
11
5.0100190551181099
21
-3.9778326771653543
0
LINE
8
BLACK
6
CONTINUOUS
10
5.0100190551181099
20
-3.9778326771653543
11
5.0090816929133855
21
-3.9768953149606299
0
LINE
8
BLACK
6
CONTINUOUS
10
5.0090816929133855
20
-3.9768953149606299
11
5.009037874015748
21
-3.9768297244094488
0
LINE
8
BLACK
6
CONTINUOUS
10
5.009037874015748
20
-3.9768297244094488
11
5.0090055511811027
21
-3.9768135826771651
0
LINE
8
BLACK
6
CONTINUOUS
10
5.0090055511811027
20
-3.9768135826771651
11
5.0088805118110233
21
-3.976594212598425
0
LINE
8
BLACK
6
CONTINUOUS
10
5.0088805118110233
20
-3.976594212598425
11
5.0087403149606295
21
-3.9763844094488188
0
LINE
8
BLACK
6
CONTINUOUS
10
5.0087403149606295
20
-3.9763844094488188
11
5.0087403149606295
21
-3.9763482677165354
0
LINE
8
BLACK
6
CONTINUOUS
10
5.0087403149606295
20
-3.9763482677165354
11
5.0087012598425193
21
-3.9762797637795275
0
LINE
8
BLACK
6
CONTINUOUS
10
5.0087012598425193
20
-3.9762797637795275
11
5.0077638582677162
21
-3.9734675984251968
0
LINE
8
BLACK
6
CONTINUOUS
10
5.0077638582677162
20
-3.9734675984251968
11
5.0077322834645672
21
-3.9732172834645669
0
LINE
8
BLACK
6
CONTINUOUS
10
5.0077322834645672
20
-3.9732172834645669
11
5.0076830314960628
21
-3.9729696062992126
0
LINE
8
BLACK
6
CONTINUOUS
10
5.0076830314960628
20
-3.9729696062992126
11
5.0076830314960628
21
-3.971094842519685
0
LINE
8
BLACK
6
CONTINUOUS
10
5.0076830314960628
20
-3.971094842519685
11
5.0077322834645672
21
-3.9708471259842519
0
LINE
8
BLACK
6
CONTINUOUS
10
5.0077322834645672
20
-3.9708471259842519
11
5.0077638582677162
21
-3.9705968503937008
0
LINE
8
BLACK
6
CONTINUOUS
10
5.0077638582677162
20
-3.9705968503937008
11
5.0087012598425193
21
-3.9677847244094488
0
LINE
8
BLACK
6
CONTINUOUS
10
5.0087012598425193
20
-3.9677847244094488
11
5.0087403149606295
21
-3.9677161811023622
0
LINE
8
BLACK
6
CONTINUOUS
10
5.0087403149606295
20
-3.9677161811023622
11
5.0087403149606295
21
-3.9676800787401576
0
LINE
8
BLACK
6
CONTINUOUS
10
5.0087403149606295
20
-3.9676800787401576
11
5.0088805118110233
21
-3.9674702362204726
0
LINE
8
BLACK
6
CONTINUOUS
10
5.0088805118110233
20
-3.9674702362204726
11
5.0090055511811027
21
-3.9672509055118108
0
LINE
8
BLACK
6
CONTINUOUS
10
5.0090055511811027
20
-3.9672509055118108
11
5.009037874015748
21
-3.9672347244094488
0
LINE
8
BLACK
6
CONTINUOUS
10
5.009037874015748
20
-3.9672347244094488
11
5.0090816929133855
21
-3.9671691732283465
0
LINE
8
BLACK
6
CONTINUOUS
10
5.0090816929133855
20
-3.9671691732283465
11
5.0109564173228343
21
-3.9652944094488189
0
LINE
8
BLACK
6
CONTINUOUS
10
5.0109564173228343
20
-3.9652944094488189
11
5.0111663385826768
21
-3.9651540944881889
0
LINE
8
BLACK
6
CONTINUOUS
10
5.0111663385826768
20
-3.9651540944881889
11
5.0113657086614172
21
-3.964999409448819
0
LINE
8
BLACK
6
CONTINUOUS
10
5.0113657086614172
20
-3.964999409448819
11
5.0132404724409447
21
-3.9640620078740159
0
LINE
8
BLACK
6
CONTINUOUS
10
5.0132404724409447
20
-3.9640620078740159
11
5.013406850393701
21
-3.9640164173228345
0
LINE
8
BLACK
6
CONTINUOUS
10
5.013406850393701
20
-3.9640164173228345
11
5.0135628346456693
21
-3.9639427559055118
0
LINE
8
BLACK
6
CONTINUOUS
10
5.0135628346456693
20
-3.9639427559055118
11
5.0173123622047244
21
-3.9630053937007874
0
LINE
8
BLACK
6
CONTINUOUS
10
5.0173123622047244
20
-3.9630053937007874
11
5.0175050787401574
21
-3.9629959842519682
0
LINE
8
BLACK
6
CONTINUOUS
10
5.0175050787401574
20
-3.9629959842519682
11
5.0176942913385822
21
-3.9629583858267714
0
LINE
8
BLACK
6
CONTINUOUS
10
5.0176942913385822
20
-3.9629583858267714
11
5.0205064173228342
21
-3.9629583858267714
0
LINE
8
BLACK
6
CONTINUOUS
10
5.0205064173228342
20
-3.9629583858267714
11
5.0206955905511812
21
-3.9629959842519682
0
LINE
8
BLACK
6
CONTINUOUS
10
5.0453596062992121
20
-3.9388112598425198
11
5.0464249606299214
21
-3.9398766141732282
0
LINE
8
BLACK
6
CONTINUOUS
10
5.0464249606299214
20
-3.9398766141732282
11
5.046574803149606
21
-3.9406299212598426
0
LINE
8
BLACK
6
CONTINUOUS
10
5.046574803149606
20
-3.9406299212598426
11
5.046574803149606
21
-4.0193700787401569
0
LINE
8
BLACK
6
CONTINUOUS
10
5.046574803149606
20
-4.0193700787401569
11
5.0464249606299214
21
-4.0201233858267713
0
LINE
8
BLACK
6
CONTINUOUS
10
5.0464249606299214
20
-4.0201233858267713
11
5.0453596062992121
21
-4.0211887401574806
0
LINE
8
BLACK
6
CONTINUOUS
10
5.0453596062992121
20
-4.0211887401574806
11
5.0446062992125986
21
-4.0213385826771653
0
LINE
8
BLACK
6
CONTINUOUS
10
5.0446062992125986
20
-4.0213385826771653
11
4.9953937007874014
21
-4.0213385826771653
0
LINE
8
BLACK
6
CONTINUOUS
10
4.9953937007874014
20
-4.0213385826771653
11
4.9946403937007871
21
-4.0211887401574806
0
LINE
8
BLACK
6
CONTINUOUS
10
4.9946403937007871
20
-4.0211887401574806
11
4.9935750393700786
21
-4.0201233858267713
0
LINE
8
BLACK
6
CONTINUOUS
10
4.9935750393700786
20
-4.0201233858267713
11
4.993425196850394
21
-4.0193700787401569
0
LINE
8
BLACK
6
CONTINUOUS
10
4.993425196850394
20
-4.0193700787401569
11
4.993425196850394
21
-3.9406299212598426
0
LINE
8
BLACK
6
CONTINUOUS
10
4.993425196850394
20
-3.9406299212598426
11
4.9935750393700786
21
-3.9398766141732282
0
LINE
8
BLACK
6
CONTINUOUS
10
4.9935750393700786
20
-3.9398766141732282
11
4.9946403937007871
21
-3.9388112598425198
0
LINE
8
BLACK
6
CONTINUOUS
10
4.9946403937007871
20
-3.9388112598425198
11
4.9953937007874014
21
-3.9386614173228347
0
LINE
8
BLACK
6
CONTINUOUS
10
4.9953937007874014
20
-3.9386614173228347
11
5.0446062992125986
21
-3.9386614173228347
0
LINE
8
BLACK
6
CONTINUOUS
10
5.0446062992125986
20
-3.9386614173228347
11
5.0453596062992121
21
-3.9388112598425198
0
LINE
8
BLACK
6
CONTINUOUS
10
4.9973622047244097
20
-3.9425984251968504
11
4.9973622047244097
21
-4.0174015748031495
0
LINE
8
BLACK
6
CONTINUOUS
10
4.9973622047244097
20
-4.0174015748031495
11
5.0426377952755903
21
-4.0174015748031495
0
LINE
8
BLACK
6
CONTINUOUS
10
5.0426377952755903
20
-4.0174015748031495
11
5.0426377952755903
21
-3.9425984251968504
0
LINE
8
BLACK
6
CONTINUOUS
10
5.0426377952755903
20
-3.9425984251968504
11
4.9973622047244097
21
-3.9425984251968504
0
LINE
8
BLACK
6
CONTINUOUS
10
5.266071771653543
20
-3.9831864173228344
11
5.2664529527559054
21
-3.9843298818897637
0
LINE
8
BLACK
6
CONTINUOUS
10
5.2664529527559054
20
-3.9843298818897637
11
5.2662906692913385
21
-3.9849225196850391
0
LINE
8
BLACK
6
CONTINUOUS
10
5.2662906692913385
20
-3.9849225196850391
11
5.2653533070866141
21
-3.9867972440944879
0
LINE
8
BLACK
6
CONTINUOUS
10
5.2653533070866141
20
-3.9867972440944879
11
5.2651987007874013
21
-3.9869964173228345
0
LINE
8
BLACK
6
CONTINUOUS
10
5.2651987007874013
20
-3.9869964173228345
11
5.2650583070866137
21
-3.9872065748031496
0
LINE
8
BLACK
6
CONTINUOUS
10
5.2650583070866137
20
-3.9872065748031496
11
5.2639971259842522
21
-3.9882677165354328
0
LINE
8
BLACK
6
CONTINUOUS
10
5.2639971259842522
20
-3.9882677165354328
11
5.2773680708661415
21
-3.9882677165354328
0
LINE
8
BLACK
6
CONTINUOUS
10
5.2773680708661415
20
-3.9882677165354328
11
5.2773680708661415
21
-3.9842182283464567
0
LINE
8
BLACK
6
CONTINUOUS
10
5.2773680708661415
20
-3.9842182283464567
11
5.2774879527559051
21
-3.9836155905511812
0
LINE
8
BLACK
6
CONTINUOUS
10
5.2774879527559051
20
-3.9836155905511812
11
5.2783402362204725
21
-3.9827633070866142
0
LINE
8
BLACK
6
CONTINUOUS
10
5.2783402362204725
20
-3.9827633070866142
11
5.2795455118110235
21
-3.9827633070866142
0
LINE
8
BLACK
6
CONTINUOUS
10
5.2795455118110235
20
-3.9827633070866142
11
5.2803977952755901
21
-3.9836155905511812
0
LINE
8
BLACK
6
CONTINUOUS
10
5.2803977952755901
20
-3.9836155905511812
11
5.2805176771653546
21
-3.9842182283464567
0
LINE
8
BLACK
6
CONTINUOUS
10
5.2805176771653546
20
-3.9842182283464567
11
5.2805176771653546
21
-3.995466811023622
0
LINE
8
BLACK
6
CONTINUOUS
10
5.2805176771653546
20
-3.995466811023622
11
5.2803977952755901
21
-3.9960694488188975
0
LINE
8
BLACK
6
CONTINUOUS
10
5.2803977952755901
20
-3.9960694488188975
11
5.2795455118110235
21
-3.9969217322834645
0
LINE
8
BLACK
6
CONTINUOUS
10
5.2795455118110235
20
-3.9969217322834645
11
5.2783402362204725
21
-3.9969217322834645
0
LINE
8
BLACK
6
CONTINUOUS
10
5.2783402362204725
20
-3.9969217322834645
11
5.2774879527559051
21
-3.9960694488188975
0
LINE
8
BLACK
6
CONTINUOUS
10
5.2774879527559051
20
-3.9960694488188975
11
5.2773680708661415
21
-3.995466811023622
0
LINE
8
BLACK
6
CONTINUOUS
10
5.2773680708661415
20
-3.995466811023622
11
5.2773680708661415
21
-3.9914173228346455
0
LINE
8
BLACK
6
CONTINUOUS
10
5.2773680708661415
20
-3.9914173228346455
11
5.2592578346456689
21
-3.9914173228346455
0
LINE
8
BLACK
6
CONTINUOUS
10
5.2592578346456689
20
-3.9914173228346455
11
5.2586551968503938
21
-3.9912974409448818
0
LINE
8
BLACK
6
CONTINUOUS
10
5.2586551968503938
20
-3.9912974409448818
11
5.2585405118110238
21
-3.9911827559055117
0
LINE
8
BLACK
6
CONTINUOUS
10
5.2585405118110238
20
-3.9911827559055117
11
5.2583815354330712
21
-3.9911509842519686
0
LINE
8
BLACK
6
CONTINUOUS
10
5.2583815354330712
20
-3.9911509842519686
11
5.2581271259842515
21
-3.9907693700787399
0
LINE
8
BLACK
6
CONTINUOUS
10
5.2581271259842515
20
-3.9907693700787399
11
5.2578029133858264
21
-3.9904451574803148
0
LINE
8
BLACK
6
CONTINUOUS
10
5.2578029133858264
20
-3.9904451574803148
11
5.2578029133858264
21
-3.9902830314960629
0
LINE
8
BLACK
6
CONTINUOUS
10
5.2578029133858264
20
-3.9902830314960629
11
5.2577129921259838
21
-3.9901481496062989
0
LINE
8
BLACK
6
CONTINUOUS
10
5.2577129921259838
20
-3.9901481496062989
11
5.2578029133858264
21
-3.9896985039370079
0
LINE
8
BLACK
6
CONTINUOUS
10
5.2578029133858264
20
-3.9896985039370079
11
5.2578029133858264
21
-3.9892398818897639
0
LINE
8
BLACK
6
CONTINUOUS
10
5.2578029133858264
20
-3.9892398818897639
11
5.2579175590551177
21
-3.9891251968503938
0
LINE
8
BLACK
6
CONTINUOUS
10
5.2579175590551177
20
-3.9891251968503938
11
5.2579493700787401
21
-3.9889662204724408
0
LINE
8
BLACK
6
CONTINUOUS
10
5.2579493700787401
20
-3.9889662204724408
11
5.258384291338583
21
-3.9885322047244092
0
LINE
8
BLACK
6
CONTINUOUS
10
5.258384291338583
20
-3.9885322047244092
11
5.2610667322834646
21
-3.9867438976377954
0
LINE
8
BLACK
6
CONTINUOUS
10
5.2610667322834646
20
-3.9867438976377954
11
5.2626505118110236
21
-3.9851600787401575
0
LINE
8
BLACK
6
CONTINUOUS
10
5.2626505118110236
20
-3.9851600787401575
11
5.2634735826771655
21
-3.9835139763779526
0
LINE
8
BLACK
6
CONTINUOUS
10
5.2634735826771655
20
-3.9835139763779526
11
5.263850275590551
21
-3.9830285826771652
0
LINE
8
BLACK
6
CONTINUOUS
10
5.263850275590551
20
-3.9830285826771652
11
5.2649937401574798
21
-3.9826474015748032
0
LINE
8
BLACK
6
CONTINUOUS
10
5.2649937401574798
20
-3.9826474015748032
11
5.266071771653543
21
-3.9831864173228344
0
LINE
8
BLACK
6
CONTINUOUS
10
5.2706955905511812
20
-3.9629959842519682
11
5.2708883464566929
21
-3.9630053937007874
0
LINE
8
BLACK
6
CONTINUOUS
10
5.2708883464566929
20
-3.9630053937007874
11
5.274637874015748
21
-3.9639427559055118
0
LINE
8
BLACK
6
CONTINUOUS
10
5.274637874015748
20
-3.9639427559055118
11
5.2747938188976375
21
-3.9640164173228345
0
LINE
8
BLACK
6
CONTINUOUS
10
5.2747938188976375
20
-3.9640164173228345
11
5.2749602362204726
21
-3.9640620078740159
0
LINE
8
BLACK
6
CONTINUOUS
10
5.2749602362204726
20
-3.9640620078740159
11
5.2768350000000002
21
-3.964999409448819
0
LINE
8
BLACK
6
CONTINUOUS
10
5.2768350000000002
20
-3.964999409448819
11
5.2770343307086609
21
-3.9651541338582676
0
LINE
8
BLACK
6
CONTINUOUS
10
5.2770343307086609
20
-3.9651541338582676
11
5.2772442519685034
21
-3.9652943700787402
0
LINE
8
BLACK
6
CONTINUOUS
10
5.2772442519685034
20
-3.9652943700787402
11
5.2791190551181097
21
-3.9671691338582677
0
LINE
8
BLACK
6
CONTINUOUS
10
5.2791190551181097
20
-3.9671691338582677
11
5.2791628740157481
21
-3.9672347244094488
0
LINE
8
BLACK
6
CONTINUOUS
10
5.2791628740157481
20
-3.9672347244094488
11
5.2791951968503934
21
-3.9672509055118108
0
LINE
8
BLACK
6
CONTINUOUS
10
5.2791951968503934
20
-3.9672509055118108
11
5.279320039370079
21
-3.9674699606299213
0
LINE
8
BLACK
6
CONTINUOUS
10
5.279320039370079
20
-3.9674699606299213
11
5.2794604330708657
21
-3.9676800393700788
0
LINE
8
BLACK
6
CONTINUOUS
10
5.2794604330708657
20
-3.9676800393700788
11
5.2794604330708657
21
-3.9677161811023622
0
LINE
8
BLACK
6
CONTINUOUS
10
5.2794604330708657
20
-3.9677161811023622
11
5.2794994881889759
21
-3.9677847244094488
0
LINE
8
BLACK
6
CONTINUOUS
10
5.2794994881889759
20
-3.9677847244094488
11
5.280436889763779
21
-3.9705968503937008
0
LINE
8
BLACK
6
CONTINUOUS
10
5.280436889763779
20
-3.9705968503937008
11
5.2804684251968501
21
-3.970847440944882
0
LINE
8
BLACK
6
CONTINUOUS
10
5.2804684251968501
20
-3.970847440944882
11
5.2805176771653546
21
-3.971094842519685
0
LINE
8
BLACK
6
CONTINUOUS
10
5.2805176771653546
20
-3.971094842519685
11
5.2805176771653546
21
-3.9729696062992126
0
LINE
8
BLACK
6
CONTINUOUS
10
5.2805176771653546
20
-3.9729696062992126
11
5.2804684251968501
21
-3.9732170078740157
0
LINE
8
BLACK
6
CONTINUOUS
10
5.2804684251968501
20
-3.9732170078740157
11
5.280436889763779
21
-3.9734675590551181
0
LINE
8
BLACK
6
CONTINUOUS
10
5.280436889763779
20
-3.9734675590551181
11
5.2794994881889759
21
-3.9762797637795275
0
LINE
8
BLACK
6
CONTINUOUS
10
5.2794994881889759
20
-3.9762797637795275
11
5.2794604330708657
21
-3.9763482677165354
0
LINE
8
BLACK
6
CONTINUOUS
10
5.2794604330708657
20
-3.9763482677165354
11
5.2794604330708657
21
-3.9763844488188975
0
LINE
8
BLACK
6
CONTINUOUS
10
5.2794604330708657
20
-3.9763844488188975
11
5.2793199606299215
21
-3.9765946062992126
0
LINE
8
BLACK
6
CONTINUOUS
10
5.2793199606299215
20
-3.9765946062992126
11
5.2791951968503934
21
-3.9768135433070864
0
LINE
8
BLACK
6
CONTINUOUS
10
5.2791951968503934
20
-3.9768135433070864
11
5.2791629133858269
21
-3.9768296456692913
0
LINE
8
BLACK
6
CONTINUOUS
10
5.2791629133858269
20
-3.9768296456692913
11
5.2791190551181097
21
-3.9768953543307086
0
LINE
8
BLACK
6
CONTINUOUS
10
5.2791190551181097
20
-3.9768953543307086
11
5.2781816535433066
21
-3.977832716535433
0
LINE
8
BLACK
6
CONTINUOUS
10
5.2781816535433066
20
-3.977832716535433
11
5.2776707480314959
21
-3.9781740551181102
0
LINE
8
BLACK
6
CONTINUOUS
10
5.2776707480314959
20
-3.9781740551181102
11
5.2764654330708662
21
-3.9781740157480314
0
LINE
8
BLACK
6
CONTINUOUS
10
5.2764654330708662
20
-3.9781740157480314
11
5.2756131889763775
21
-3.9773217716535432
0
LINE
8
BLACK
6
CONTINUOUS
10
5.2756131889763775
20
-3.9773217716535432
11
5.2756132283464563
21
-3.9761164566929135
0
LINE
8
BLACK
6
CONTINUOUS
10
5.2756132283464563
20
-3.9761164566929135
11
5.2759545669291334
21
-3.9756055511811024
0
LINE
8
BLACK
6
CONTINUOUS
10
5.2759545669291334
20
-3.9756055511811024
11
5.2766290944881886
21
-3.974931062992126
0
LINE
8
BLACK
6
CONTINUOUS
10
5.2766290944881886
20
-3.974931062992126
11
5.2773680708661415
21
-3.9727140944881887
0
LINE
8
BLACK
6
CONTINUOUS
10
5.2773680708661415
20
-3.9727140944881887
11
5.2773680708661415
21
-3.9713503149606297
0
LINE
8
BLACK
6
CONTINUOUS
10
5.2773680708661415
20
-3.9713503149606297
11
5.2766290944881886
21
-3.9691333858267717
0
LINE
8
BLACK
6
CONTINUOUS
10
5.2766290944881886
20
-3.9691333858267717
11
5.2751978346456694
21
-3.9677022047244095
0
LINE
8
BLACK
6
CONTINUOUS
10
5.2751978346456694
20
-3.9677022047244095
11
5.2737062598425197
21
-3.9669564173228347
0
LINE
8
BLACK
6
CONTINUOUS
10
5.2737062598425197
20
-3.9669564173228347
11
5.2703125196850396
21
-3.9661079921259841
0
LINE
8
BLACK
6
CONTINUOUS
10
5.2703125196850396
20
-3.9661079921259841
11
5.2678881889763778
21
-3.9661079921259841
0
LINE
8
BLACK
6
CONTINUOUS
10
5.2678881889763778
20
-3.9661079921259841
11
5.2644944094488189
21
-3.9669564173228347
0
LINE
8
BLACK
6
CONTINUOUS
10
5.2644944094488189
20
-3.9669564173228347
11
5.2630028346456692
21
-3.9677021653543307
0
LINE
8
BLACK
6
CONTINUOUS
10
5.2630028346456692
20
-3.9677021653543307
11
5.2615716141732278
21
-3.9691333858267717
0
LINE
8
BLACK
6
CONTINUOUS
10
5.2615716141732278
20
-3.9691333858267717
11
5.2608326377952759
21
-3.9713503543307085
0
LINE
8
BLACK
6
CONTINUOUS
10
5.2608326377952759
20
-3.9713503543307085
11
5.2608326377952759
21
-3.9727140551181099
0
LINE
8
BLACK
6
CONTINUOUS
10
5.2608326377952759
20
-3.9727140551181099
11
5.2615716141732278
21
-3.974931062992126
0
LINE
8
BLACK
6
CONTINUOUS
10
5.2615716141732278
20
-3.974931062992126
11
5.262246141732283
21
-3.9756055905511811
0
LINE
8
BLACK
6
CONTINUOUS
10
5.262246141732283
20
-3.9756055905511811
11
5.2625875196850389
21
-3.9761164960629922
0
LINE
8
BLACK
6
CONTINUOUS
10
5.2625875196850389
20
-3.9761164960629922
11
5.2625875196850389
21
-3.9773217716535432
0
LINE
8
BLACK
6
CONTINUOUS
10
5.2625875196850389
20
-3.9773217716535432
11
5.2617352362204723
21
-3.9781740551181102
0
LINE
8
BLACK
6
CONTINUOUS
10
5.2617352362204723
20
-3.9781740551181102
11
5.2605299606299214
21
-3.9781740551181102
0
LINE
8
BLACK
6
CONTINUOUS
10
5.2605299606299214
20
-3.9781740551181102
11
5.2600190551181099
21
-3.9778326771653543
0
LINE
8
BLACK
6
CONTINUOUS
10
5.2600190551181099
20
-3.9778326771653543
11
5.2590816929133855
21
-3.9768953149606299
0
LINE
8
BLACK
6
CONTINUOUS
10
5.2590816929133855
20
-3.9768953149606299
11
5.259037874015748
21
-3.9768297244094488
0
LINE
8
BLACK
6
CONTINUOUS
10
5.259037874015748
20
-3.9768297244094488
11
5.2590055511811018
21
-3.9768135826771651
0
LINE
8
BLACK
6
CONTINUOUS
10
5.2590055511811018
20
-3.9768135826771651
11
5.2588805118110233
21
-3.976594212598425
0
LINE
8
BLACK
6
CONTINUOUS
10
5.2588805118110233
20
-3.976594212598425
11
5.2587403149606295
21
-3.9763844094488188
0
LINE
8
BLACK
6
CONTINUOUS
10
5.2587403149606295
20
-3.9763844094488188
11
5.2587403149606295
21
-3.9763482677165354
0
LINE
8
BLACK
6
CONTINUOUS
10
5.2587403149606295
20
-3.9763482677165354
11
5.2587012598425193
21
-3.9762797637795275
0
LINE
8
BLACK
6
CONTINUOUS
10
5.2587012598425193
20
-3.9762797637795275
11
5.2577638582677162
21
-3.9734675984251968
0
LINE
8
BLACK
6
CONTINUOUS
10
5.2577638582677162
20
-3.9734675984251968
11
5.2577322834645672
21
-3.9732172834645669
0
LINE
8
BLACK
6
CONTINUOUS
10
5.2577322834645672
20
-3.9732172834645669
11
5.2576830314960628
21
-3.9729696062992126
0
LINE
8
BLACK
6
CONTINUOUS
10
5.2576830314960628
20
-3.9729696062992126
11
5.2576830314960628
21
-3.971094842519685
0
LINE
8
BLACK
6
CONTINUOUS
10
5.2576830314960628
20
-3.971094842519685
11
5.2577322834645672
21
-3.9708471259842519
0
LINE
8
BLACK
6
CONTINUOUS
10
5.2577322834645672
20
-3.9708471259842519
11
5.2577638582677162
21
-3.9705968503937008
0
LINE
8
BLACK
6
CONTINUOUS
10
5.2577638582677162
20
-3.9705968503937008
11
5.2587012598425193
21
-3.9677847244094488
0
LINE
8
BLACK
6
CONTINUOUS
10
5.2587012598425193
20
-3.9677847244094488
11
5.2587403149606295
21
-3.9677161811023622
0
LINE
8
BLACK
6
CONTINUOUS
10
5.2587403149606295
20
-3.9677161811023622
11
5.2587403149606295
21
-3.9676800787401576
0
LINE
8
BLACK
6
CONTINUOUS
10
5.2587403149606295
20
-3.9676800787401576
11
5.2588805118110233
21
-3.9674702362204726
0
LINE
8
BLACK
6
CONTINUOUS
10
5.2588805118110233
20
-3.9674702362204726
11
5.2590055511811018
21
-3.9672509055118108
0
LINE
8
BLACK
6
CONTINUOUS
10
5.2590055511811018
20
-3.9672509055118108
11
5.259037874015748
21
-3.9672347244094488
0
LINE
8
BLACK
6
CONTINUOUS
10
5.259037874015748
20
-3.9672347244094488
11
5.2590816929133855
21
-3.9671691732283465
0
LINE
8
BLACK
6
CONTINUOUS
10
5.2590816929133855
20
-3.9671691732283465
11
5.2609564173228343
21
-3.9652944094488189
0
LINE
8
BLACK
6
CONTINUOUS
10
5.2609564173228343
20
-3.9652944094488189
11
5.2611663385826768
21
-3.9651540944881889
0
LINE
8
BLACK
6
CONTINUOUS
10
5.2611663385826768
20
-3.9651540944881889
11
5.2613657086614172
21
-3.964999409448819
0
LINE
8
BLACK
6
CONTINUOUS
10
5.2613657086614172
20
-3.964999409448819
11
5.2632404724409447
21
-3.9640620078740159
0
LINE
8
BLACK
6
CONTINUOUS
10
5.2632404724409447
20
-3.9640620078740159
11
5.263406850393701
21
-3.9640164173228345
0
LINE
8
BLACK
6
CONTINUOUS
10
5.263406850393701
20
-3.9640164173228345
11
5.2635628346456693
21
-3.9639427559055118
0
LINE
8
BLACK
6
CONTINUOUS
10
5.2635628346456693
20
-3.9639427559055118
11
5.2673123622047244
21
-3.9630053937007874
0
LINE
8
BLACK
6
CONTINUOUS
10
5.2673123622047244
20
-3.9630053937007874
11
5.2675050787401574
21
-3.9629959842519682
0
LINE
8
BLACK
6
CONTINUOUS
10
5.2675050787401574
20
-3.9629959842519682
11
5.2676942913385822
21
-3.9629583858267714
0
LINE
8
BLACK
6
CONTINUOUS
10
5.2676942913385822
20
-3.9629583858267714
11
5.2705064173228342
21
-3.9629583858267714
0
LINE
8
BLACK
6
CONTINUOUS
10
5.2705064173228342
20
-3.9629583858267714
11
5.2706955905511812
21
-3.9629959842519682
0
LINE
8
BLACK
6
CONTINUOUS
10
5.2953596062992121
20
-3.9388112598425198
11
5.2964249606299214
21
-3.9398766141732282
0
LINE
8
BLACK
6
CONTINUOUS
10
5.2964249606299214
20
-3.9398766141732282
11
5.296574803149606
21
-3.9406299212598426
0
LINE
8
BLACK
6
CONTINUOUS
10
5.296574803149606
20
-3.9406299212598426
11
5.296574803149606
21
-4.0193700787401569
0
LINE
8
BLACK
6
CONTINUOUS
10
5.296574803149606
20
-4.0193700787401569
11
5.2964249606299214
21
-4.0201233858267713
0
LINE
8
BLACK
6
CONTINUOUS
10
5.2964249606299214
20
-4.0201233858267713
11
5.2953596062992121
21
-4.0211887401574806
0
LINE
8
BLACK
6
CONTINUOUS
10
5.2953596062992121
20
-4.0211887401574806
11
5.2946062992125986
21
-4.0213385826771653
0
LINE
8
BLACK
6
CONTINUOUS
10
5.2946062992125986
20
-4.0213385826771653
11
5.2453937007874014
21
-4.0213385826771653
0
LINE
8
BLACK
6
CONTINUOUS
10
5.2453937007874014
20
-4.0213385826771653
11
5.2446403937007871
21
-4.0211887401574806
0
LINE
8
BLACK
6
CONTINUOUS
10
5.2446403937007871
20
-4.0211887401574806
11
5.2435750393700786
21
-4.0201233858267713
0
LINE
8
BLACK
6
CONTINUOUS
10
5.2435750393700786
20
-4.0201233858267713
11
5.243425196850394
21
-4.0193700787401569
0
LINE
8
BLACK
6
CONTINUOUS
10
5.243425196850394
20
-4.0193700787401569
11
5.243425196850394
21
-3.9406299212598426
0
LINE
8
BLACK
6
CONTINUOUS
10
5.243425196850394
20
-3.9406299212598426
11
5.2435750393700786
21
-3.9398766141732282
0
LINE
8
BLACK
6
CONTINUOUS
10
5.2435750393700786
20
-3.9398766141732282
11
5.2446403937007871
21
-3.9388112598425198
0
LINE
8
BLACK
6
CONTINUOUS
10
5.2446403937007871
20
-3.9388112598425198
11
5.2453937007874014
21
-3.9386614173228347
0
LINE
8
BLACK
6
CONTINUOUS
10
5.2453937007874014
20
-3.9386614173228347
11
5.2946062992125986
21
-3.9386614173228347
0
LINE
8
BLACK
6
CONTINUOUS
10
5.2946062992125986
20
-3.9386614173228347
11
5.2953596062992121
21
-3.9388112598425198
0
LINE
8
BLACK
6
CONTINUOUS
10
5.2473622047244097
20
-3.9425984251968504
11
5.2473622047244097
21
-4.0174015748031495
0
LINE
8
BLACK
6
CONTINUOUS
10
5.2473622047244097
20
-4.0174015748031495
11
5.2926377952755903
21
-4.0174015748031495
0
LINE
8
BLACK
6
CONTINUOUS
10
5.2926377952755903
20
-4.0174015748031495
11
5.2926377952755903
21
-3.9425984251968504
0
LINE
8
BLACK
6
CONTINUOUS
10
5.2926377952755903
20
-3.9425984251968504
11
5.2473622047244097
21
-3.9425984251968504
0
LINE
8
BLACK
6
CONTINUOUS
10
5.520712755905512
20
-3.9920520078740158
11
5.5208326377952757
21
-3.9926546456692913
0
LINE
8
BLACK
6
CONTINUOUS
10
5.5208326377952757
20
-3.9926546456692913
11
5.5208326377952757
21
-4.0013701181102359
0
LINE
8
BLACK
6
CONTINUOUS
10
5.5208326377952757
20
-4.0013701181102359
11
5.5257198818897635
21
-3.997093779527559
0
LINE
8
BLACK
6
CONTINUOUS
10
5.5257198818897635
20
-3.997093779527559
11
5.5261079133858271
21
-3.9968703149606299
0
LINE
8
BLACK
6
CONTINUOUS
10
5.5261079133858271
20
-3.9968703149606299
11
5.5261542519685038
21
-3.9968240157480315
0
LINE
8
BLACK
6
CONTINUOUS
10
5.5261542519685038
20
-3.9968240157480315
11
5.526188346456693
21
-3.9968240157480315
0
LINE
8
BLACK
6
CONTINUOUS
10
5.526188346456693
20
-3.9968240157480315
11
5.5262523622047244
21
-3.9967871653543305
0
LINE
8
BLACK
6
CONTINUOUS
10
5.5262523622047244
20
-3.9967871653543305
11
5.526805236220472
21
-3.9968240157480315
0
LINE
8
BLACK
6
CONTINUOUS
10
5.526805236220472
20
-3.9968240157480315
11
5.5273595275590548
21
-3.9968240157480315
0
LINE
8
BLACK
6
CONTINUOUS
10
5.5273595275590548
20
-3.9968240157480315
11
5.5273990944881888
21
-3.9968635826771655
0
LINE
8
BLACK
6
CONTINUOUS
10
5.5273990944881888
20
-3.9968635826771655
11
5.5274549999999998
21
-3.9968673228346456
0
LINE
8
BLACK
6
CONTINUOUS
10
5.5274549999999998
20
-3.9968673228346456
11
5.5278201181102364
21
-3.9972846062992127
0
LINE
8
BLACK
6
CONTINUOUS
10
5.5278201181102364
20
-3.9972846062992127
11
5.5282118110236222
21
-3.9976762992125985
0
LINE
8
BLACK
6
CONTINUOUS
10
5.5282118110236222
20
-3.9976762992125985
11
5.5282261811023616
21
-3.9977487007874015
0
LINE
8
BLACK
6
CONTINUOUS
10
5.5282261811023616
20
-3.9977487007874015
11
5.5282486614173223
21
-3.9977743700787403
0
LINE
8
BLACK
6
CONTINUOUS
10
5.5282486614173223
20
-3.9977743700787403
11
5.5282442913385825
21
-3.9978396456692913
0
LINE
8
BLACK
6
CONTINUOUS
10
5.5282442913385825
20
-3.9978396456692913
11
5.5283316929133859
21
-3.998278937007874
0
LINE
8
BLACK
6
CONTINUOUS
10
5.5283316929133859
20
-3.998278937007874
11
5.5283316929133859
21
-4.0007192913385827
0
LINE
8
BLACK
6
CONTINUOUS
10
5.5283316929133859
20
-4.0007192913385827
11
5.5289885433070864
21
-4.0020330314960626
0
LINE
8
BLACK
6
CONTINUOUS
10
5.5289885433070864
20
-4.0020330314960626
11
5.5295644488188973
21
-4.0026089370078743
0
LINE
8
BLACK
6
CONTINUOUS
10
5.5295644488188973
20
-4.0026089370078743
11
5.5308781889763781
21
-4.0032658267716537
0
LINE
8
BLACK
6
CONTINUOUS
10
5.5308781889763781
20
-4.0032658267716537
11
5.5348215748031491
21
-4.0032658267716537
0
LINE
8
BLACK
6
CONTINUOUS
10
5.5348215748031491
20
-4.0032658267716537
11
5.5361352362204723
21
-4.0026089370078743
0
LINE
8
BLACK
6
CONTINUOUS
10
5.5361352362204723
20
-4.0026089370078743
11
5.5367112598425194
21
-4.0020329921259838
0
LINE
8
BLACK
6
CONTINUOUS
10
5.5367112598425194
20
-4.0020329921259838
11
5.5373680708661412
21
-4.0007193700787402
0
LINE
8
BLACK
6
CONTINUOUS
10
5.5373680708661412
20
-4.0007193700787402
11
5.5373680708661412
21
-3.9958385039370077
0
LINE
8
BLACK
6
CONTINUOUS
10
5.5373680708661412
20
-3.9958385039370077
11
5.5367112598425194
21
-3.9945249212598424
0
LINE
8
BLACK
6
CONTINUOUS
10
5.5367112598425194
20
-3.9945249212598424
11
5.5359545669291341
21
-3.9937681889763779
0
LINE
8
BLACK
6
CONTINUOUS
10
5.5359545669291341
20
-3.9937681889763779
11
5.5356131889763782
21
-3.9932572834645668
0
LINE
8
BLACK
6
CONTINUOUS
10
5.5356131889763782
20
-3.9932572834645668
11
5.5356131889763782
21
-3.9920520078740158
0
LINE
8
BLACK
6
CONTINUOUS
10
5.5356131889763782
20
-3.9920520078740158
11
5.5364654724409448
21
-3.9911997244094488
0
LINE
8
BLACK
6
CONTINUOUS
10
5.5364654724409448
20
-3.9911997244094488
11
5.5376707480314957
21
-3.9911997244094488
0
LINE
8
BLACK
6
CONTINUOUS
10
5.5376707480314957
20
-3.9911997244094488
11
5.5381816535433073
21
-3.9915411023622047
0
LINE
8
BLACK
6
CONTINUOUS
10
5.5381816535433073
20
-3.9915411023622047
11
5.5391190551181104
21
-3.9924784645669291
0
LINE
8
BLACK
6
CONTINUOUS
10
5.5391190551181104
20
-3.9924784645669291
11
5.5392594488188971
21
-3.9926885826771654
0
LINE
8
BLACK
6
CONTINUOUS
10
5.5392594488188971
20
-3.9926885826771654
11
5.5394140551181099
21
-3.9928877952755903
0
LINE
8
BLACK
6
CONTINUOUS
10
5.5394140551181099
20
-3.9928877952755903
11
5.5403514173228343
21
-3.9947625196850391
0
LINE
8
BLACK
6
CONTINUOUS
10
5.5403514173228343
20
-3.9947625196850391
11
5.5403722440944883
21
-3.994838622047244
0
LINE
8
BLACK
6
CONTINUOUS
10
5.5403722440944883
20
-3.994838622047244
11
5.5403977952755907
21
-3.9948641732283465
0
LINE
8
BLACK
6
CONTINUOUS
10
5.5403977952755907
20
-3.9948641732283465
11
5.5404470078740156
21
-3.9951116929133859
0
LINE
8
BLACK
6
CONTINUOUS
10
5.5404470078740156
20
-3.9951116929133859
11
5.5405137007874012
21
-3.995355157480315
0
LINE
8
BLACK
6
CONTINUOUS
10
5.5405137007874012
20
-3.995355157480315
11
5.5405022440944878
21
-3.9953894094488187
0
LINE
8
BLACK
6
CONTINUOUS
10
5.5405022440944878
20
-3.9953894094488187
11
5.5405176771653544
21
-3.995466811023622
0
LINE
8
BLACK
6
CONTINUOUS
10
5.5405176771653544
20
-3.995466811023622
11
5.5405176771653544
21
-4.0010911023622047
0
LINE
8
BLACK
6
CONTINUOUS
10
5.5405176771653544
20
-4.0010911023622047
11
5.5405022440944878
21
-4.0011684645669288
0
LINE
8
BLACK
6
CONTINUOUS
10
5.5405022440944878
20
-4.0011684645669288
11
5.5405137007874012
21
-4.0012027559055117
0
LINE
8
BLACK
6
CONTINUOUS
10
5.5405137007874012
20
-4.0012027559055117
11
5.5404470078740156
21
-4.0014461811023621
0
LINE
8
BLACK
6
CONTINUOUS
10
5.5404470078740156
20
-4.0014461811023621
11
5.5403977952755907
21
-4.0016937401574806
0
LINE
8
BLACK
6
CONTINUOUS
10
5.5403977952755907
20
-4.0016937401574806
11
5.5403722440944883
21
-4.0017192519685034
0
LINE
8
BLACK
6
CONTINUOUS
10
5.5403722440944883
20
-4.0017192519685034
11
5.5403514173228343
21
-4.0017953937007871
0
LINE
8
BLACK
6
CONTINUOUS
10
5.5403514173228343
20
-4.0017953937007871
11
5.5394140551181099
21
-4.0036701181102359
0
LINE
8
BLACK
6
CONTINUOUS
10
5.5394140551181099
20
-4.0036701181102359
11
5.5392594488188971
21
-4.0038692913385825
0
LINE
8
BLACK
6
CONTINUOUS
10
5.5392594488188971
20
-4.0038692913385825
11
5.5391190551181104
21
-4.0040794488188975
0
LINE
8
BLACK
6
CONTINUOUS
10
5.5391190551181104
20
-4.0040794488188975
11
5.5381816535433073
21
-4.0050168110236219
0
LINE
8
BLACK
6
CONTINUOUS
10
5.5381816535433073
20
-4.0050168110236219
11
5.5379717322834647
21
-4.0051570078740157
0
LINE
8
BLACK
6
CONTINUOUS
10
5.5379717322834647
20
-4.0051570078740157
11
5.5377724015748031
21
-4.0053117716535436
0
LINE
8
BLACK
6
CONTINUOUS
10
5.5377724015748031
20
-4.0053117716535436
11
5.5358976377952755
21
-4.0062491732283467
0
LINE
8
BLACK
6
CONTINUOUS
10
5.5358976377952755
20
-4.0062491732283467
11
5.5358214960629919
21
-4.0062699999999998
0
LINE
8
BLACK
6
CONTINUOUS
10
5.5358214960629919
20
-4.0062699999999998
11
5.5357959842519682
21
-4.0062955511811023
0
LINE
8
BLACK
6
CONTINUOUS
10
5.5357959842519682
20
-4.0062955511811023
11
5.5355484251968505
21
-4.0063447637795271
0
LINE
8
BLACK
6
CONTINUOUS
10
5.5355484251968505
20
-4.0063447637795271
11
5.5353050000000001
21
-4.0064114566929137
0
LINE
8
BLACK
6
CONTINUOUS
10
5.5353050000000001
20
-4.0064114566929137
11
5.5352707086614172
21
-4.0064000000000002
0
LINE
8
BLACK
6
CONTINUOUS
10
5.5352707086614172
20
-4.0064000000000002
11
5.5351933464566931
21
-4.0064154330708659
0
LINE
8
BLACK
6
CONTINUOUS
10
5.5351933464566931
20
-4.0064154330708659
11
5.5305064173228349
21
-4.0064154330708659
0
LINE
8
BLACK
6
CONTINUOUS
10
5.5305064173228349
20
-4.0064154330708659
11
5.5304290157480311
21
-4.0064000000000002
0
LINE
8
BLACK
6
CONTINUOUS
10
5.5304290157480311
20
-4.0064000000000002
11
5.530394763779527
21
-4.0064114566929137
0
LINE
8
BLACK
6
CONTINUOUS
10
5.530394763779527
20
-4.0064114566929137
11
5.5301512992125987
21
-4.0063447637795271
0
LINE
8
BLACK
6
CONTINUOUS
10
5.5301512992125987
20
-4.0063447637795271
11
5.529903779527559
21
-4.0062955511811023
0
LINE
8
BLACK
6
CONTINUOUS
10
5.529903779527559
20
-4.0062955511811023
11
5.5298782283464565
21
-4.0062699999999998
0
LINE
8
BLACK
6
CONTINUOUS
10
5.5298782283464565
20
-4.0062699999999998
11
5.5298021259842516
21
-4.0062491732283467
0
LINE
8
BLACK
6
CONTINUOUS
10
5.5298021259842516
20
-4.0062491732283467
11
5.527927362204724
21
-4.0053117716535436
0
LINE
8
BLACK
6
CONTINUOUS
10
5.527927362204724
20
-4.0053117716535436
11
5.527727755905512
21
-4.0051568503937007
0
LINE
8
BLACK
6
CONTINUOUS
10
5.527727755905512
20
-4.0051568503937007
11
5.5275181102362207
21
-4.0050167716535432
0
LINE
8
BLACK
6
CONTINUOUS
10
5.5275181102362207
20
-4.0050167716535432
11
5.5265807480314963
21
-4.0040794094488188
0
LINE
8
BLACK
6
CONTINUOUS
10
5.5265807480314963
20
-4.0040794094488188
11
5.5264406299212601
21
-4.0038697244094488
0
LINE
8
BLACK
6
CONTINUOUS
10
5.5264406299212601
20
-4.0038697244094488
11
5.526285748031496
21
-4.0036701574803146
0
LINE
8
BLACK
6
CONTINUOUS
10
5.526285748031496
20
-4.0036701574803146
11
5.5253483464566928
21
-4.0017953937007871
0
LINE
8
BLACK
6
CONTINUOUS
10
5.5253483464566928
20
-4.0017953937007871
11
5.5253274803149601
21
-4.0017192519685034
0
LINE
8
BLACK
6
CONTINUOUS
10
5.5253274803149601
20
-4.0017192519685034
11
5.5253019685039373
21
-4.0016937401574806
0
LINE
8
BLACK
6
CONTINUOUS
10
5.5253019685039373
20
-4.0016937401574806
11
5.5252936220472444
21
-4.0016518110236223
0
LINE
8
BLACK
6
CONTINUOUS
10
5.5252936220472444
20
-4.0016518110236223
11
5.5202948425196849
21
-4.0060257874015743
0
LINE
8
BLACK
6
CONTINUOUS
10
5.5202948425196849
20
-4.0060257874015743
11
5.5199067716535435
21
-4.0062492125984255
0
LINE
8
BLACK
6
CONTINUOUS
10
5.5199067716535435
20
-4.0062492125984255
11
5.5198604724409446
21
-4.0062955511811023
0
LINE
8
BLACK
6
CONTINUOUS
10
5.5198604724409446
20
-4.0062955511811023
11
5.5198263779527554
21
-4.0062955511811023
0
LINE
8
BLACK
6
CONTINUOUS
10
5.5198263779527554
20
-4.0062955511811023
11
5.519762362204724
21
-4.0063324015748032
0
LINE
8
BLACK
6
CONTINUOUS
10
5.519762362204724
20
-4.0063324015748032
11
5.5192094881889764
21
-4.0062955511811023
0
LINE
8
BLACK
6
CONTINUOUS
10
5.5192094881889764
20
-4.0062955511811023
11
5.5186551968503936
21
-4.0062955511811023
0
LINE
8
BLACK
6
CONTINUOUS
10
5.5186551968503936
20
-4.0062955511811023
11
5.5186155905511809
21
-4.0062559448818895
0
LINE
8
BLACK
6
CONTINUOUS
10
5.5186155905511809
20
-4.0062559448818895
11
5.5185597244094486
21
-4.0062522440944877
0
LINE
8
BLACK
6
CONTINUOUS
10
5.5185597244094486
20
-4.0062522440944877
11
5.5181946850393704
21
-4.005835039370079
0
LINE
8
BLACK
6
CONTINUOUS
10
5.5181946850393704
20
-4.005835039370079
11
5.5178029133858271
21
-4.0054432677165357
0
LINE
8
BLACK
6
CONTINUOUS
10
5.5178029133858271
20
-4.0054432677165357
11
5.5177884645669293
21
-4.0053707874015751
0
LINE
8
BLACK
6
CONTINUOUS
10
5.5177884645669293
20
-4.0053707874015751
11
5.5177660629921261
21
-4.0053451574803152
0
LINE
8
BLACK
6
CONTINUOUS
10
5.5177660629921261
20
-4.0053451574803152
11
5.5177703937007871
21
-4.0052798818897637
0
LINE
8
BLACK
6
CONTINUOUS
10
5.5177703937007871
20
-4.0052798818897637
11
5.5176830314960625
21
-4.0048406299212598
0
LINE
8
BLACK
6
CONTINUOUS
10
5.5176830314960625
20
-4.0048406299212598
11
5.5176830314960625
21
-3.9926546456692913
0
LINE
8
BLACK
6
CONTINUOUS
10
5.5176830314960625
20
-3.9926546456692913
11
5.5178029133858271
21
-3.9920520078740158
0
LINE
8
BLACK
6
CONTINUOUS
10
5.5178029133858271
20
-3.9920520078740158
11
5.5186551968503936
21
-3.9911997244094488
0
LINE
8
BLACK
6
CONTINUOUS
10
5.5186551968503936
20
-3.9911997244094488
11
5.5198604724409446
21
-3.9911997244094488
0
LINE
8
BLACK
6
CONTINUOUS
10
5.5198604724409446
20
-3.9911997244094488
11
5.520712755905512
21
-3.9920520078740158
0
LINE
8
BLACK
6
CONTINUOUS
10
5.5260717716535428
20
-3.9738125984251966
11
5.5264529527559052
21
-3.9749560629921259
0
LINE
8
BLACK
6
CONTINUOUS
10
5.5264529527559052
20
-3.9749560629921259
11
5.5262906692913383
21
-3.9755487007874013
0
LINE
8
BLACK
6
CONTINUOUS
10
5.5262906692913383
20
-3.9755487007874013
11
5.5253533070866139
21
-3.9774234251968501
0
LINE
8
BLACK
6
CONTINUOUS
10
5.5253533070866139
20
-3.9774234251968501
11
5.5251987007874011
21
-3.9776225984251967
0
LINE
8
BLACK
6
CONTINUOUS
10
5.5251987007874011
20
-3.9776225984251967
11
5.5250583070866144
21
-3.9778327559055118
0
LINE
8
BLACK
6
CONTINUOUS
10
5.5250583070866144
20
-3.9778327559055118
11
5.523997125984252
21
-3.978893897637795
0
LINE
8
BLACK
6
CONTINUOUS
10
5.523997125984252
20
-3.978893897637795
11
5.5373680708661412
21
-3.978893897637795
0
LINE
8
BLACK
6
CONTINUOUS
10
5.5373680708661412
20
-3.978893897637795
11
5.5373680708661412
21
-3.9748444094488189
0
LINE
8
BLACK
6
CONTINUOUS
10
5.5373680708661412
20
-3.9748444094488189
11
5.5374879527559058
21
-3.9742417716535434
0
LINE
8
BLACK
6
CONTINUOUS
10
5.5374879527559058
20
-3.9742417716535434
11
5.5383402362204723
21
-3.9733894881889764
0
LINE
8
BLACK
6
CONTINUOUS
10
5.5383402362204723
20
-3.9733894881889764
11
5.5395455118110233
21
-3.9733894881889764
0
LINE
8
BLACK
6
CONTINUOUS
10
5.5395455118110233
20
-3.9733894881889764
11
5.5403977952755907
21
-3.9742417716535434
0
LINE
8
BLACK
6
CONTINUOUS
10
5.5403977952755907
20
-3.9742417716535434
11
5.5405176771653544
21
-3.9748444094488189
0
LINE
8
BLACK
6
CONTINUOUS
10
5.5405176771653544
20
-3.9748444094488189
11
5.5405176771653544
21
-3.9860929921259842
0
LINE
8
BLACK
6
CONTINUOUS
10
5.5405176771653544
20
-3.9860929921259842
11
5.5403977952755907
21
-3.9866956299212597
0
LINE
8
BLACK
6
CONTINUOUS
10
5.5403977952755907
20
-3.9866956299212597
11
5.5395455118110233
21
-3.9875479133858267
0
LINE
8
BLACK
6
CONTINUOUS
10
5.5395455118110233
20
-3.9875479133858267
11
5.5383402362204723
21
-3.9875479133858267
0
LINE
8
BLACK
6
CONTINUOUS
10
5.5383402362204723
20
-3.9875479133858267
11
5.5374879527559058
21
-3.9866956299212597
0
LINE
8
BLACK
6
CONTINUOUS
10
5.5374879527559058
20
-3.9866956299212597
11
5.5373680708661412
21
-3.9860929921259842
0
LINE
8
BLACK
6
CONTINUOUS
10
5.5373680708661412
20
-3.9860929921259842
11
5.5373680708661412
21
-3.9820435039370077
0
LINE
8
BLACK
6
CONTINUOUS
10
5.5373680708661412
20
-3.9820435039370077
11
5.5192578346456695
21
-3.9820435039370077
0
LINE
8
BLACK
6
CONTINUOUS
10
5.5192578346456695
20
-3.9820435039370077
11
5.5186551968503936
21
-3.981923622047244
0
LINE
8
BLACK
6
CONTINUOUS
10
5.5186551968503936
20
-3.981923622047244
11
5.5185405118110236
21
-3.981808937007874
0
LINE
8
BLACK
6
CONTINUOUS
10
5.5185405118110236
20
-3.981808937007874
11
5.518381535433071
21
-3.9817771653543308
0
LINE
8
BLACK
6
CONTINUOUS
10
5.518381535433071
20
-3.9817771653543308
11
5.5181271259842521
21
-3.9813955511811021
0
LINE
8
BLACK
6
CONTINUOUS
10
5.5181271259842521
20
-3.9813955511811021
11
5.5178029133858271
21
-3.981071338582677
0
LINE
8
BLACK
6
CONTINUOUS
10
5.5178029133858271
20
-3.981071338582677
11
5.5178029133858271
21
-3.9809092125984251
0
LINE
8
BLACK
6
CONTINUOUS
10
5.5178029133858271
20
-3.9809092125984251
11
5.5177129921259844
21
-3.9807743307086612
0
LINE
8
BLACK
6
CONTINUOUS
10
5.5177129921259844
20
-3.9807743307086612
11
5.5178029133858271
21
-3.9803246850393701
0
LINE
8
BLACK
6
CONTINUOUS
10
5.5178029133858271
20
-3.9803246850393701
11
5.5178029133858271
21
-3.9798660629921261
0
LINE
8
BLACK
6
CONTINUOUS
10
5.5178029133858271
20
-3.9798660629921261
11
5.5179175590551184
21
-3.979751377952756
0
LINE
8
BLACK
6
CONTINUOUS
10
5.5179175590551184
20
-3.979751377952756
11
5.5179493700787399
21
-3.979592401574803
0
LINE
8
BLACK
6
CONTINUOUS
10
5.5179493700787399
20
-3.979592401574803
11
5.5183842913385828
21
-3.9791583858267714
0
LINE
8
BLACK
6
CONTINUOUS
10
5.5183842913385828
20
-3.9791583858267714
11
5.5210667322834643
21
-3.9773700787401576
0
LINE
8
BLACK
6
CONTINUOUS
10
5.5210667322834643
20
-3.9773700787401576
11
5.5226505118110234
21
-3.9757862598425198
0
LINE
8
BLACK
6
CONTINUOUS
10
5.5226505118110234
20
-3.9757862598425198
11
5.5234735826771653
21
-3.9741401574803148
0
LINE
8
BLACK
6
CONTINUOUS
10
5.5234735826771653
20
-3.9741401574803148
11
5.5238502755905508
21
-3.9736547637795274
0
LINE
8
BLACK
6
CONTINUOUS
10
5.5238502755905508
20
-3.9736547637795274
11
5.5249937401574805
21
-3.9732735826771655
0
LINE
8
BLACK
6
CONTINUOUS
10
5.5249937401574805
20
-3.9732735826771655
11
5.5260717716535428
21
-3.9738125984251966
0
LINE
8
BLACK
6
CONTINUOUS
10
5.530695590551181
20
-3.9536221653543304
11
5.5308883464566927
21
-3.9536315748031496
0
LINE
8
BLACK
6
CONTINUOUS
10
5.5308883464566927
20
-3.9536315748031496
11
5.5346378740157478
21
-3.954568937007874
0
LINE
8
BLACK
6
CONTINUOUS
10
5.5346378740157478
20
-3.954568937007874
11
5.5347938188976373
21
-3.9546425984251967
0
LINE
8
BLACK
6
CONTINUOUS
10
5.5347938188976373
20
-3.9546425984251967
11
5.5349602362204724
21
-3.9546881889763781
0
LINE
8
BLACK
6
CONTINUOUS
10
5.5349602362204724
20
-3.9546881889763781
11
5.536835
21
-3.9556255905511808
0
LINE
8
BLACK
6
CONTINUOUS
10
5.536835
20
-3.9556255905511808
11
5.5370343307086616
21
-3.9557803149606299
0
LINE
8
BLACK
6
CONTINUOUS
10
5.5370343307086616
20
-3.9557803149606299
11
5.5372442519685041
21
-3.9559205511811024
0
LINE
8
BLACK
6
CONTINUOUS
10
5.5372442519685041
20
-3.9559205511811024
11
5.5391190551181104
21
-3.95779531496063
0
LINE
8
BLACK
6
CONTINUOUS
10
5.5391190551181104
20
-3.95779531496063
11
5.5391628740157479
21
-3.957860905511811
0
LINE
8
BLACK
6
CONTINUOUS
10
5.5391628740157479
20
-3.957860905511811
11
5.5391951968503932
21
-3.957877086614173
0
LINE
8
BLACK
6
CONTINUOUS
10
5.5391951968503932
20
-3.957877086614173
11
5.5393200393700788
21
-3.9580961417322835
0
LINE
8
BLACK
6
CONTINUOUS
10
5.5393200393700788
20
-3.9580961417322835
11
5.5394604330708663
21
-3.9583062204724411
0
LINE
8
BLACK
6
CONTINUOUS
10
5.5394604330708663
20
-3.9583062204724411
11
5.5394604330708663
21
-3.9583423622047245
0
LINE
8
BLACK
6
CONTINUOUS
10
5.5394604330708663
20
-3.9583423622047245
11
5.5394994881889765
21
-3.9584109055118111
0
LINE
8
BLACK
6
CONTINUOUS
10
5.5394994881889765
20
-3.9584109055118111
11
5.5404368897637797
21
-3.961223031496063
0
LINE
8
BLACK
6
CONTINUOUS
10
5.5404368897637797
20
-3.961223031496063
11
5.5404684251968499
21
-3.9614736220472442
0
LINE
8
BLACK
6
CONTINUOUS
10
5.5404684251968499
20
-3.9614736220472442
11
5.5405176771653544
21
-3.9617210236220473
0
LINE
8
BLACK
6
CONTINUOUS
10
5.5405176771653544
20
-3.9617210236220473
11
5.5405176771653544
21
-3.9635957874015748
0
LINE
8
BLACK
6
CONTINUOUS
10
5.5405176771653544
20
-3.9635957874015748
11
5.5404684251968499
21
-3.9638431889763779
0
LINE
8
BLACK
6
CONTINUOUS
10
5.5404684251968499
20
-3.9638431889763779
11
5.5404368897637797
21
-3.9640937401574803
0
LINE
8
BLACK
6
CONTINUOUS
10
5.5404368897637797
20
-3.9640937401574803
11
5.5394994881889765
21
-3.9669059448818897
0
LINE
8
BLACK
6
CONTINUOUS
10
5.5394994881889765
20
-3.9669059448818897
11
5.5394604330708663
21
-3.9669744488188976
0
LINE
8
BLACK
6
CONTINUOUS
10
5.5394604330708663
20
-3.9669744488188976
11
5.5394604330708663
21
-3.9670106299212597
0
LINE
8
BLACK
6
CONTINUOUS
10
5.5394604330708663
20
-3.9670106299212597
11
5.5393199606299213
21
-3.9672207874015748
0
LINE
8
BLACK
6
CONTINUOUS
10
5.5393199606299213
20
-3.9672207874015748
11
5.5391951968503932
21
-3.9674397244094486
0
LINE
8
BLACK
6
CONTINUOUS
10
5.5391951968503932
20
-3.9674397244094486
11
5.5391629133858267
21
-3.9674558267716535
0
LINE
8
BLACK
6
CONTINUOUS
10
5.5391629133858267
20
-3.9674558267716535
11
5.5391190551181104
21
-3.9675215354330708
0
LINE
8
BLACK
6
CONTINUOUS
10
5.5391190551181104
20
-3.9675215354330708
11
5.5381816535433073
21
-3.9684588976377952
0
LINE
8
BLACK
6
CONTINUOUS
10
5.5381816535433073
20
-3.9684588976377952
11
5.5376707480314957
21
-3.9688002362204724
0
LINE
8
BLACK
6
CONTINUOUS
10
5.5376707480314957
20
-3.9688002362204724
11
5.536465433070866
21
-3.9688001968503936
0
LINE
8
BLACK
6
CONTINUOUS
10
5.536465433070866
20
-3.9688001968503936
11
5.5356131889763782
21
-3.9679479527559054
0
LINE
8
BLACK
6
CONTINUOUS
10
5.5356131889763782
20
-3.9679479527559054
11
5.535613228346457
21
-3.9667426377952757
0
LINE
8
BLACK
6
CONTINUOUS
10
5.535613228346457
20
-3.9667426377952757
11
5.5359545669291341
21
-3.9662317322834646
0
LINE
8
BLACK
6
CONTINUOUS
10
5.5359545669291341
20
-3.9662317322834646
11
5.5366290944881884
21
-3.9655572440944882
0
LINE
8
BLACK
6
CONTINUOUS
10
5.5366290944881884
20
-3.9655572440944882
11
5.5373680708661412
21
-3.9633402755905509
0
LINE
8
BLACK
6
CONTINUOUS
10
5.5373680708661412
20
-3.9633402755905509
11
5.5373680708661412
21
-3.961976496062992
0
LINE
8
BLACK
6
CONTINUOUS
10
5.5373680708661412
20
-3.961976496062992
11
5.5366290944881884
21
-3.9597595669291339
0
LINE
8
BLACK
6
CONTINUOUS
10
5.5366290944881884
20
-3.9597595669291339
11
5.5351978346456692
21
-3.9583283858267717
0
LINE
8
BLACK
6
CONTINUOUS
10
5.5351978346456692
20
-3.9583283858267717
11
5.5337062598425195
21
-3.9575825984251969
0
LINE
8
BLACK
6
CONTINUOUS
10
5.5337062598425195
20
-3.9575825984251969
11
5.5303125196850393
21
-3.9567341732283463
0
LINE
8
BLACK
6
CONTINUOUS
10
5.5303125196850393
20
-3.9567341732283463
11
5.5278881889763776
21
-3.9567341732283463
0
LINE
8
BLACK
6
CONTINUOUS
10
5.5278881889763776
20
-3.9567341732283463
11
5.5244944094488186
21
-3.9575825984251969
0
LINE
8
BLACK
6
CONTINUOUS
10
5.5244944094488186
20
-3.9575825984251969
11
5.523002834645669
21
-3.958328346456693
0
LINE
8
BLACK
6
CONTINUOUS
10
5.523002834645669
20
-3.958328346456693
11
5.5215716141732285
21
-3.9597595669291339
0
LINE
8
BLACK
6
CONTINUOUS
10
5.5215716141732285
20
-3.9597595669291339
11
5.5208326377952757
21
-3.9619765354330707
0
LINE
8
BLACK
6
CONTINUOUS
10
5.5208326377952757
20
-3.9619765354330707
11
5.5208326377952757
21
-3.9633402362204722
0
LINE
8
BLACK
6
CONTINUOUS
10
5.5208326377952757
20
-3.9633402362204722
11
5.5215716141732285
21
-3.9655572440944882
0
LINE
8
BLACK
6
CONTINUOUS
10
5.5215716141732285
20
-3.9655572440944882
11
5.5222461417322837
21
-3.9662317716535433
0
LINE
8
BLACK
6
CONTINUOUS
10
5.5222461417322837
20
-3.9662317716535433
11
5.5225875196850396
21
-3.9667426771653544
0
LINE
8
BLACK
6
CONTINUOUS
10
5.5225875196850396
20
-3.9667426771653544
11
5.5225875196850396
21
-3.9679479527559054
0
LINE
8
BLACK
6
CONTINUOUS
10
5.5225875196850396
20
-3.9679479527559054
11
5.5217352362204721
21
-3.9688002362204724
0
LINE
8
BLACK
6
CONTINUOUS
10
5.5217352362204721
20
-3.9688002362204724
11
5.5205299606299212
21
-3.9688002362204724
0
LINE
8
BLACK
6
CONTINUOUS
10
5.5205299606299212
20
-3.9688002362204724
11
5.5200190551181105
21
-3.9684588582677165
0
LINE
8
BLACK
6
CONTINUOUS
10
5.5200190551181105
20
-3.9684588582677165
11
5.5190816929133861
21
-3.9675214960629921
0
LINE
8
BLACK
6
CONTINUOUS
10
5.5190816929133861
20
-3.9675214960629921
11
5.5190378740157477
21
-3.967455905511811
0
LINE
8
BLACK
6
CONTINUOUS
10
5.5190378740157477
20
-3.967455905511811
11
5.5190055511811025
21
-3.9674397637795273
0
LINE
8
BLACK
6
CONTINUOUS
10
5.5190055511811025
20
-3.9674397637795273
11
5.5188805118110231
21
-3.9672203937007873
0
LINE
8
BLACK
6
CONTINUOUS
10
5.5188805118110231
20
-3.9672203937007873
11
5.5187403149606302
21
-3.967010590551181
0
LINE
8
BLACK
6
CONTINUOUS
10
5.5187403149606302
20
-3.967010590551181
11
5.5187403149606302
21
-3.9669744488188976
0
LINE
8
BLACK
6
CONTINUOUS
10
5.5187403149606302
20
-3.9669744488188976
11
5.5187012598425191
21
-3.9669059448818897
0
LINE
8
BLACK
6
CONTINUOUS
10
5.5187012598425191
20
-3.9669059448818897
11
5.517763858267716
21
-3.964093779527559
0
LINE
8
BLACK
6
CONTINUOUS
10
5.517763858267716
20
-3.964093779527559
11
5.517732283464567
21
-3.9638434645669292
0
LINE
8
BLACK
6
CONTINUOUS
10
5.517732283464567
20
-3.9638434645669292
11
5.5176830314960625
21
-3.9635957874015748
0
LINE
8
BLACK
6
CONTINUOUS
10
5.5176830314960625
20
-3.9635957874015748
11
5.5176830314960625
21
-3.9617210236220473
0
LINE
8
BLACK
6
CONTINUOUS
10
5.5176830314960625
20
-3.9617210236220473
11
5.517732283464567
21
-3.9614733070866142
0
LINE
8
BLACK
6
CONTINUOUS
10
5.517732283464567
20
-3.9614733070866142
11
5.517763858267716
21
-3.961223031496063
0
LINE
8
BLACK
6
CONTINUOUS
10
5.517763858267716
20
-3.961223031496063
11
5.5187012598425191
21
-3.9584109055118111
0
LINE
8
BLACK
6
CONTINUOUS
10
5.5187012598425191
20
-3.9584109055118111
11
5.5187403149606302
21
-3.9583423622047245
0
LINE
8
BLACK
6
CONTINUOUS
10
5.5187403149606302
20
-3.9583423622047245
11
5.5187403149606302
21
-3.9583062598425194
0
LINE
8
BLACK
6
CONTINUOUS
10
5.5187403149606302
20
-3.9583062598425194
11
5.5188805118110231
21
-3.9580964173228343
0
LINE
8
BLACK
6
CONTINUOUS
10
5.5188805118110231
20
-3.9580964173228343
11
5.5190055511811025
21
-3.957877086614173
0
LINE
8
BLACK
6
CONTINUOUS
10
5.5190055511811025
20
-3.957877086614173
11
5.5190378740157477
21
-3.957860905511811
0
LINE
8
BLACK
6
CONTINUOUS
10
5.5190378740157477
20
-3.957860905511811
11
5.5190816929133861
21
-3.9577953543307087
0
LINE
8
BLACK
6
CONTINUOUS
10
5.5190816929133861
20
-3.9577953543307087
11
5.5209564173228349
21
-3.9559205905511812
0
LINE
8
BLACK
6
CONTINUOUS
10
5.5209564173228349
20
-3.9559205905511812
11
5.5211663385826775
21
-3.9557802755905511
0
LINE
8
BLACK
6
CONTINUOUS
10
5.5211663385826775
20
-3.9557802755905511
11
5.521365708661417
21
-3.9556255905511808
0
LINE
8
BLACK
6
CONTINUOUS
10
5.521365708661417
20
-3.9556255905511808
11
5.5232404724409445
21
-3.9546881889763781
0
LINE
8
BLACK
6
CONTINUOUS
10
5.5232404724409445
20
-3.9546881889763781
11
5.5234068503937008
21
-3.9546425984251967
0
LINE
8
BLACK
6
CONTINUOUS
10
5.5234068503937008
20
-3.9546425984251967
11
5.5235628346456691
21
-3.954568937007874
0
LINE
8
BLACK
6
CONTINUOUS
10
5.5235628346456691
20
-3.954568937007874
11
5.5273123622047242
21
-3.9536315748031496
0
LINE
8
BLACK
6
CONTINUOUS
10
5.5273123622047242
20
-3.9536315748031496
11
5.5275050787401572
21
-3.9536221653543304
0
LINE
8
BLACK
6
CONTINUOUS
10
5.5275050787401572
20
-3.9536221653543304
11
5.5276942913385829
21
-3.9535845669291336
0
LINE
8
BLACK
6
CONTINUOUS
10
5.5276942913385829
20
-3.9535845669291336
11
5.5305064173228349
21
-3.9535845669291336
0
LINE
8
BLACK
6
CONTINUOUS
10
5.5305064173228349
20
-3.9535845669291336
11
5.530695590551181
21
-3.9536221653543304
0
LINE
8
BLACK
6
CONTINUOUS
10
5.5553596062992128
20
-3.9388112598425198
11
5.5564249606299212
21
-3.9398766141732282
0
LINE
8
BLACK
6
CONTINUOUS
10
5.5564249606299212
20
-3.9398766141732282
11
5.5565748031496058
21
-3.9406299212598426
0
LINE
8
BLACK
6
CONTINUOUS
10
5.5565748031496058
20
-3.9406299212598426
11
5.5565748031496058
21
-4.0193700787401569
0
LINE
8
BLACK
6
CONTINUOUS
10
5.5565748031496058
20
-4.0193700787401569
11
5.5564249606299212
21
-4.0201233858267713
0
LINE
8
BLACK
6
CONTINUOUS
10
5.5564249606299212
20
-4.0201233858267713
11
5.5553596062992128
21
-4.0211887401574806
0
LINE
8
BLACK
6
CONTINUOUS
10
5.5553596062992128
20
-4.0211887401574806
11
5.5546062992125984
21
-4.0213385826771653
0
LINE
8
BLACK
6
CONTINUOUS
10
5.5546062992125984
20
-4.0213385826771653
11
5.5053937007874012
21
-4.0213385826771653
0
LINE
8
BLACK
6
CONTINUOUS
10
5.5053937007874012
20
-4.0213385826771653
11
5.5046403937007868
21
-4.0211887401574806
0
LINE
8
BLACK
6
CONTINUOUS
10
5.5046403937007868
20
-4.0211887401574806
11
5.5035750393700784
21
-4.0201233858267713
0
LINE
8
BLACK
6
CONTINUOUS
10
5.5035750393700784
20
-4.0201233858267713
11
5.5034251968503938
21
-4.0193700787401569
0
LINE
8
BLACK
6
CONTINUOUS
10
5.5034251968503938
20
-4.0193700787401569
11
5.5034251968503938
21
-3.9406299212598426
0
LINE
8
BLACK
6
CONTINUOUS
10
5.5034251968503938
20
-3.9406299212598426
11
5.5035750393700784
21
-3.9398766141732282
0
LINE
8
BLACK
6
CONTINUOUS
10
5.5035750393700784
20
-3.9398766141732282
11
5.5046403937007868
21
-3.9388112598425198
0
LINE
8
BLACK
6
CONTINUOUS
10
5.5046403937007868
20
-3.9388112598425198
11
5.5053937007874012
21
-3.9386614173228347
0
LINE
8
BLACK
6
CONTINUOUS
10
5.5053937007874012
20
-3.9386614173228347
11
5.5546062992125984
21
-3.9386614173228347
0
LINE
8
BLACK
6
CONTINUOUS
10
5.5546062992125984
20
-3.9386614173228347
11
5.5553596062992128
21
-3.9388112598425198
0
LINE
8
BLACK
6
CONTINUOUS
10
5.5073622047244095
20
-3.9425984251968504
11
5.5073622047244095
21
-4.0174015748031495
0
LINE
8
BLACK
6
CONTINUOUS
10
5.5073622047244095
20
-4.0174015748031495
11
5.5526377952755901
21
-4.0174015748031495
0
LINE
8
BLACK
6
CONTINUOUS
10
5.5526377952755901
20
-4.0174015748031495
11
5.5526377952755901
21
-3.9425984251968504
0
LINE
8
BLACK
6
CONTINUOUS
10
5.5526377952755901
20
-3.9425984251968504
11
5.5073622047244095
21
-3.9425984251968504
0
LINE
8
BLACK
6
CONTINUOUS
10
5.6503977952755902
20
-3.9920519685039371
11
5.6503977952755902
21
-3.9920520078740158
0
LINE
8
BLACK
6
CONTINUOUS
10
5.6503977952755902
20
-3.9920520078740158
11
5.6505176771653538
21
-3.9926546456692913
0
LINE
8
BLACK
6
CONTINUOUS
10
5.6505176771653538
20
-3.9926546456692913
11
5.6505176771653538
21
-4.0048406299212598
0
LINE
8
BLACK
6
CONTINUOUS
10
5.6505176771653538
20
-4.0048406299212598
11
5.6503977952755902
21
-4.0054432677165357
0
LINE
8
BLACK
6
CONTINUOUS
10
5.6503977952755902
20
-4.0054432677165357
11
5.6495455118110236
21
-4.0062955511811023
0
LINE
8
BLACK
6
CONTINUOUS
10
5.6495455118110236
20
-4.0062955511811023
11
5.6483402362204727
21
-4.0062955511811023
0
LINE
8
BLACK
6
CONTINUOUS
10
5.6483402362204727
20
-4.0062955511811023
11
5.6474879527559052
21
-4.0054432677165357
0
LINE
8
BLACK
6
CONTINUOUS
10
5.6474879527559052
20
-4.0054432677165357
11
5.6473680708661416
21
-4.0048406299212598
0
LINE
8
BLACK
6
CONTINUOUS
10
5.6473680708661416
20
-4.0048406299212598
11
5.6473680708661416
21
-3.9964565354330706
0
LINE
8
BLACK
6
CONTINUOUS
10
5.6473680708661416
20
-3.9964565354330706
11
5.6388078346456689
21
-4.0050167716535432
0
LINE
8
BLACK
6
CONTINUOUS
10
5.6388078346456689
20
-4.0050167716535432
11
5.6387422440944883
21
-4.0050605511811019
0
LINE
8
BLACK
6
CONTINUOUS
10
5.6387422440944883
20
-4.0050605511811019
11
5.6387261023622042
21
-4.0050929133858268
0
LINE
8
BLACK
6
CONTINUOUS
10
5.6387261023622042
20
-4.0050929133858268
11
5.6385067322834646
21
-4.0052179133858266
0
LINE
8
BLACK
6
CONTINUOUS
10
5.6385067322834646
20
-4.0052179133858266
11
5.6382969291338583
21
-4.0053581496062991
0
LINE
8
BLACK
6
CONTINUOUS
10
5.6382969291338583
20
-4.0053581496062991
11
5.6382607874015749
21
-4.0053581496062991
0
LINE
8
BLACK
6
CONTINUOUS
10
5.6382607874015749
20
-4.0053581496062991
11
5.6381922834645666
21
-4.0053972047244093
0
LINE
8
BLACK
6
CONTINUOUS
10
5.6381922834645666
20
-4.0053972047244093
11
5.6353801181102359
21
-4.0063346062992125
0
LINE
8
BLACK
6
CONTINUOUS
10
5.6353801181102359
20
-4.0063346062992125
11
5.6351298031496064
21
-4.0063661417322836
0
LINE
8
BLACK
6
CONTINUOUS
10
5.6351298031496064
20
-4.0063661417322836
11
5.6348821259842516
21
-4.0064154330708659
0
LINE
8
BLACK
6
CONTINUOUS
10
5.6348821259842516
20
-4.0064154330708659
11
5.6330073622047241
21
-4.0064154330708659
0
LINE
8
BLACK
6
CONTINUOUS
10
5.6330073622047241
20
-4.0064154330708659
11
5.6329299606299212
21
-4.0064000000000002
0
LINE
8
BLACK
6
CONTINUOUS
10
5.6329299606299212
20
-4.0064000000000002
11
5.6328957086614171
21
-4.0064114566929137
0
LINE
8
BLACK
6
CONTINUOUS
10
5.6328957086614171
20
-4.0064114566929137
11
5.6326522440944879
21
-4.0063447637795271
0
LINE
8
BLACK
6
CONTINUOUS
10
5.6326522440944879
20
-4.0063447637795271
11
5.6324047244094491
21
-4.0062955511811023
0
LINE
8
BLACK
6
CONTINUOUS
10
5.6324047244094491
20
-4.0062955511811023
11
5.6323791732283466
21
-4.0062699999999998
0
LINE
8
BLACK
6
CONTINUOUS
10
5.6323791732283466
20
-4.0062699999999998
11
5.6323030708661417
21
-4.0062491732283467
0
LINE
8
BLACK
6
CONTINUOUS
10
5.6323030708661417
20
-4.0062491732283467
11
5.6304283070866141
21
-4.0053117716535436
0
LINE
8
BLACK
6
CONTINUOUS
10
5.6304283070866141
20
-4.0053117716535436
11
5.6302287007874012
21
-4.0051568503937007
0
LINE
8
BLACK
6
CONTINUOUS
10
5.6302287007874012
20
-4.0051568503937007
11
5.63001905511811
21
-4.0050167716535432
0
LINE
8
BLACK
6
CONTINUOUS
10
5.63001905511811
20
-4.0050167716535432
11
5.6290816929133856
21
-4.0040794094488188
0
LINE
8
BLACK
6
CONTINUOUS
10
5.6290816929133856
20
-4.0040794094488188
11
5.6289415748031493
21
-4.0038697244094488
0
LINE
8
BLACK
6
CONTINUOUS
10
5.6289415748031493
20
-4.0038697244094488
11
5.6287866929133861
21
-4.0036701574803146
0
LINE
8
BLACK
6
CONTINUOUS
10
5.6287866929133861
20
-4.0036701574803146
11
5.6278492913385829
21
-4.0017953937007871
0
LINE
8
BLACK
6
CONTINUOUS
10
5.6278492913385829
20
-4.0017953937007871
11
5.6278284251968502
21
-4.0017192519685034
0
LINE
8
BLACK
6
CONTINUOUS
10
5.6278284251968502
20
-4.0017192519685034
11
5.6278029133858265
21
-4.0016937401574806
0
LINE
8
BLACK
6
CONTINUOUS
10
5.6278029133858265
20
-4.0016937401574806
11
5.6277536614173229
21
-4.0014461811023621
0
LINE
8
BLACK
6
CONTINUOUS
10
5.6277536614173229
20
-4.0014461811023621
11
5.627687007874016
21
-4.0012027559055117
0
LINE
8
BLACK
6
CONTINUOUS
10
5.627687007874016
20
-4.0012027559055117
11
5.6276984251968507
21
-4.0011684645669288
0
LINE
8
BLACK
6
CONTINUOUS
10
5.6276984251968507
20
-4.0011684645669288
11
5.6276830314960629
21
-4.0010911023622047
0
LINE
8
BLACK
6
CONTINUOUS
10
5.6276830314960629
20
-4.0010911023622047
11
5.6276830314960629
21
-3.9964041732283464
0
LINE
8
BLACK
6
CONTINUOUS
10
5.6276830314960629
20
-3.9964041732283464
11
5.6276984251968507
21
-3.9963267716535431
0
LINE
8
BLACK
6
CONTINUOUS
10
5.6276984251968507
20
-3.9963267716535431
11
5.627687007874016
21
-3.9962925196850394
0
LINE
8
BLACK
6
CONTINUOUS
10
5.627687007874016
20
-3.9962925196850394
11
5.6277536614173229
21
-3.9960490551181103
0
LINE
8
BLACK
6
CONTINUOUS
10
5.6277536614173229
20
-3.9960490551181103
11
5.6278029133858265
21
-3.9958015354330709
0
LINE
8
BLACK
6
CONTINUOUS
10
5.6278029133858265
20
-3.9958015354330709
11
5.6278284251968502
21
-3.9957759842519684
0
LINE
8
BLACK
6
CONTINUOUS
10
5.6278284251968502
20
-3.9957759842519684
11
5.6278492913385829
21
-3.9956998818897635
0
LINE
8
BLACK
6
CONTINUOUS
10
5.6278492913385829
20
-3.9956998818897635
11
5.6287866929133861
21
-3.993825118110236
0
LINE
8
BLACK
6
CONTINUOUS
10
5.6287866929133861
20
-3.993825118110236
11
5.6289415748031493
21
-3.9936255118110235
0
LINE
8
BLACK
6
CONTINUOUS
10
5.6289415748031493
20
-3.9936255118110235
11
5.6290816929133856
21
-3.9934158661417323
0
LINE
8
BLACK
6
CONTINUOUS
10
5.6290816929133856
20
-3.9934158661417323
11
5.63001905511811
21
-3.9924785039370079
0
LINE
8
BLACK
6
CONTINUOUS
10
5.63001905511811
20
-3.9924785039370079
11
5.6305299606299215
21
-3.992137125984252
0
LINE
8
BLACK
6
CONTINUOUS
10
5.6305299606299215
20
-3.992137125984252
11
5.6317352362204725
21
-3.992137125984252
0
LINE
8
BLACK
6
CONTINUOUS
10
5.6317352362204725
20
-3.992137125984252
11
5.632587519685039
21
-3.992989409448819
0
LINE
8
BLACK
6
CONTINUOUS
10
5.632587519685039
20
-3.992989409448819
11
5.632587519685039
21
-3.9941946850393699
0
LINE
8
BLACK
6
CONTINUOUS
10
5.632587519685039
20
-3.9941946850393699
11
5.6322461417322831
21
-3.994705590551181
0
LINE
8
BLACK
6
CONTINUOUS
10
5.6322461417322831
20
-3.994705590551181
11
5.6314894881889765
21
-3.9954622047244093
0
LINE
8
BLACK
6
CONTINUOUS
10
5.6314894881889765
20
-3.9954622047244093
11
5.6308326377952751
21
-3.9967759448818896
0
LINE
8
BLACK
6
CONTINUOUS
10
5.6308326377952751
20
-3.9967759448818896
11
5.6308326377952751
21
-4.0007192913385827
0
LINE
8
BLACK
6
CONTINUOUS
10
5.6308326377952751
20
-4.0007192913385827
11
5.6314894881889765
21
-4.0020330314960626
0
LINE
8
BLACK
6
CONTINUOUS
10
5.6314894881889765
20
-4.0020330314960626
11
5.6320653937007874
21
-4.0026089370078743
0
LINE
8
BLACK
6
CONTINUOUS
10
5.6320653937007874
20
-4.0026089370078743
11
5.6333791338582673
21
-4.0032658267716537
0
LINE
8
BLACK
6
CONTINUOUS
10
5.6333791338582673
20
-4.0032658267716537
11
5.6346266141732286
21
-4.0032658267716537
0
LINE
8
BLACK
6
CONTINUOUS
10
5.6346266141732286
20
-4.0032658267716537
11
5.636843582677165
21
-4.0025268110236221
0
LINE
8
BLACK
6
CONTINUOUS
10
5.636843582677165
20
-4.0025268110236221
11
5.6478293307086611
21
-3.991541062992126
0
LINE
8
BLACK
6
CONTINUOUS
10
5.6478293307086611
20
-3.991541062992126
11
5.6483402362204727
21
-3.9911997244094488
0
LINE
8
BLACK
6
CONTINUOUS
10
5.6483402362204727
20
-3.9911997244094488
11
5.6495455511811024
21
-3.9911997244094488
0
LINE
8
BLACK
6
CONTINUOUS
10
5.6495455511811024
20
-3.9911997244094488
11
5.6503977952755902
21
-3.9920519685039371
0
LINE
8
BLACK
6
CONTINUOUS
10
5.6360717716535431
20
-3.9738125984251966
11
5.6364529527559055
21
-3.9749560629921259
0
LINE
8
BLACK
6
CONTINUOUS
10
5.6364529527559055
20
-3.9749560629921259
11
5.6362906692913386
21
-3.9755487007874013
0
LINE
8
BLACK
6
CONTINUOUS
10
5.6362906692913386
20
-3.9755487007874013
11
5.6353533070866142
21
-3.9774234251968501
0
LINE
8
BLACK
6
CONTINUOUS
10
5.6353533070866142
20
-3.9774234251968501
11
5.6351987007874014
21
-3.9776225984251967
0
LINE
8
BLACK
6
CONTINUOUS
10
5.6351987007874014
20
-3.9776225984251967
11
5.6350583070866138
21
-3.9778327559055118
0
LINE
8
BLACK
6
CONTINUOUS
10
5.6350583070866138
20
-3.9778327559055118
11
5.6339971259842514
21
-3.978893897637795
0
LINE
8
BLACK
6
CONTINUOUS
10
5.6339971259842514
20
-3.978893897637795
11
5.6473680708661416
21
-3.978893897637795
0
LINE
8
BLACK
6
CONTINUOUS
10
5.6473680708661416
20
-3.978893897637795
11
5.6473680708661416
21
-3.9748444094488189
0
LINE
8
BLACK
6
CONTINUOUS
10
5.6473680708661416
20
-3.9748444094488189
11
5.6474879527559052
21
-3.9742417716535434
0
LINE
8
BLACK
6
CONTINUOUS
10
5.6474879527559052
20
-3.9742417716535434
11
5.6483402362204727
21
-3.9733894881889764
0
LINE
8
BLACK
6
CONTINUOUS
10
5.6483402362204727
20
-3.9733894881889764
11
5.6495455118110236
21
-3.9733894881889764
0
LINE
8
BLACK
6
CONTINUOUS
10
5.6495455118110236
20
-3.9733894881889764
11
5.6503977952755902
21
-3.9742417716535434
0
LINE
8
BLACK
6
CONTINUOUS
10
5.6503977952755902
20
-3.9742417716535434
11
5.6505176771653538
21
-3.9748444094488189
0
LINE
8
BLACK
6
CONTINUOUS
10
5.6505176771653538
20
-3.9748444094488189
11
5.6505176771653538
21
-3.9860929921259842
0
LINE
8
BLACK
6
CONTINUOUS
10
5.6505176771653538
20
-3.9860929921259842
11
5.6503977952755902
21
-3.9866956299212597
0
LINE
8
BLACK
6
CONTINUOUS
10
5.6503977952755902
20
-3.9866956299212597
11
5.6495455118110236
21
-3.9875479133858267
0
LINE
8
BLACK
6
CONTINUOUS
10
5.6495455118110236
20
-3.9875479133858267
11
5.6483402362204727
21
-3.9875479133858267
0
LINE
8
BLACK
6
CONTINUOUS
10
5.6483402362204727
20
-3.9875479133858267
11
5.6474879527559052
21
-3.9866956299212597
0
LINE
8
BLACK
6
CONTINUOUS
10
5.6474879527559052
20
-3.9866956299212597
11
5.6473680708661416
21
-3.9860929921259842
0
LINE
8
BLACK
6
CONTINUOUS
10
5.6473680708661416
20
-3.9860929921259842
11
5.6473680708661416
21
-3.9820435039370077
0
LINE
8
BLACK
6
CONTINUOUS
10
5.6473680708661416
20
-3.9820435039370077
11
5.629257834645669
21
-3.9820435039370077
0
LINE
8
BLACK
6
CONTINUOUS
10
5.629257834645669
20
-3.9820435039370077
11
5.6286551968503939
21
-3.981923622047244
0
LINE
8
BLACK
6
CONTINUOUS
10
5.6286551968503939
20
-3.981923622047244
11
5.6285405118110239
21
-3.981808937007874
0
LINE
8
BLACK
6
CONTINUOUS
10
5.6285405118110239
20
-3.981808937007874
11
5.6283815354330704
21
-3.9817771653543308
0
LINE
8
BLACK
6
CONTINUOUS
10
5.6283815354330704
20
-3.9817771653543308
11
5.6281271259842516
21
-3.9813955511811021
0
LINE
8
BLACK
6
CONTINUOUS
10
5.6281271259842516
20
-3.9813955511811021
11
5.6278029133858265
21
-3.981071338582677
0
LINE
8
BLACK
6
CONTINUOUS
10
5.6278029133858265
20
-3.981071338582677
11
5.6278029133858265
21
-3.9809092125984251
0
LINE
8
BLACK
6
CONTINUOUS
10
5.6278029133858265
20
-3.9809092125984251
11
5.6277129921259839
21
-3.9807743307086612
0
LINE
8
BLACK
6
CONTINUOUS
10
5.6277129921259839
20
-3.9807743307086612
11
5.6278029133858265
21
-3.9803246850393701
0
LINE
8
BLACK
6
CONTINUOUS
10
5.6278029133858265
20
-3.9803246850393701
11
5.6278029133858265
21
-3.9798660629921261
0
LINE
8
BLACK
6
CONTINUOUS
10
5.6278029133858265
20
-3.9798660629921261
11
5.6279175590551178
21
-3.979751377952756
0
LINE
8
BLACK
6
CONTINUOUS
10
5.6279175590551178
20
-3.979751377952756
11
5.6279493700787402
21
-3.979592401574803
0
LINE
8
BLACK
6
CONTINUOUS
10
5.6279493700787402
20
-3.979592401574803
11
5.6283842913385822
21
-3.9791583858267714
0
LINE
8
BLACK
6
CONTINUOUS
10
5.6283842913385822
20
-3.9791583858267714
11
5.6310667322834647
21
-3.9773700787401576
0
LINE
8
BLACK
6
CONTINUOUS
10
5.6310667322834647
20
-3.9773700787401576
11
5.6326505118110237
21
-3.9757862598425198
0
LINE
8
BLACK
6
CONTINUOUS
10
5.6326505118110237
20
-3.9757862598425198
11
5.6334735826771656
21
-3.9741401574803148
0
LINE
8
BLACK
6
CONTINUOUS
10
5.6334735826771656
20
-3.9741401574803148
11
5.6338502755905511
21
-3.9736547637795274
0
LINE
8
BLACK
6
CONTINUOUS
10
5.6338502755905511
20
-3.9736547637795274
11
5.6349937401574799
21
-3.9732735826771655
0
LINE
8
BLACK
6
CONTINUOUS
10
5.6349937401574799
20
-3.9732735826771655
11
5.6360717716535431
21
-3.9738125984251966
0
LINE
8
BLACK
6
CONTINUOUS
10
5.6406955905511813
20
-3.9536221653543304
11
5.640888346456693
21
-3.9536315748031496
0
LINE
8
BLACK
6
CONTINUOUS
10
5.640888346456693
20
-3.9536315748031496
11
5.6446378740157481
21
-3.954568937007874
0
LINE
8
BLACK
6
CONTINUOUS
10
5.6446378740157481
20
-3.954568937007874
11
5.6447938188976376
21
-3.9546425984251967
0
LINE
8
BLACK
6
CONTINUOUS
10
5.6447938188976376
20
-3.9546425984251967
11
5.6449602362204727
21
-3.9546881889763781
0
LINE
8
BLACK
6
CONTINUOUS
10
5.6449602362204727
20
-3.9546881889763781
11
5.6468350000000003
21
-3.9556255905511808
0
LINE
8
BLACK
6
CONTINUOUS
10
5.6468350000000003
20
-3.9556255905511808
11
5.647034330708661
21
-3.9557803149606299
0
LINE
8
BLACK
6
CONTINUOUS
10
5.647034330708661
20
-3.9557803149606299
11
5.6472442519685035
21
-3.9559205511811024
0
LINE
8
BLACK
6
CONTINUOUS
10
5.6472442519685035
20
-3.9559205511811024
11
5.6491190551181099
21
-3.95779531496063
0
LINE
8
BLACK
6
CONTINUOUS
10
5.6491190551181099
20
-3.95779531496063
11
5.6491628740157482
21
-3.957860905511811
0
LINE
8
BLACK
6
CONTINUOUS
10
5.6491628740157482
20
-3.957860905511811
11
5.6491951968503935
21
-3.957877086614173
0
LINE
8
BLACK
6
CONTINUOUS
10
5.6491951968503935
20
-3.957877086614173
11
5.6493200393700782
21
-3.9580961417322835
0
LINE
8
BLACK
6
CONTINUOUS
10
5.6493200393700782
20
-3.9580961417322835
11
5.6494604330708658
21
-3.9583062204724411
0
LINE
8
BLACK
6
CONTINUOUS
10
5.6494604330708658
20
-3.9583062204724411
11
5.6494604330708658
21
-3.9583423622047245
0
LINE
8
BLACK
6
CONTINUOUS
10
5.6494604330708658
20
-3.9583423622047245
11
5.649499488188976
21
-3.9584109055118111
0
LINE
8
BLACK
6
CONTINUOUS
10
5.649499488188976
20
-3.9584109055118111
11
5.6504368897637791
21
-3.961223031496063
0
LINE
8
BLACK
6
CONTINUOUS
10
5.6504368897637791
20
-3.961223031496063
11
5.6504684251968502
21
-3.9614736220472442
0
LINE
8
BLACK
6
CONTINUOUS
10
5.6504684251968502
20
-3.9614736220472442
11
5.6505176771653538
21
-3.9617210236220473
0
LINE
8
BLACK
6
CONTINUOUS
10
5.6505176771653538
20
-3.9617210236220473
11
5.6505176771653538
21
-3.9635957874015748
0
LINE
8
BLACK
6
CONTINUOUS
10
5.6505176771653538
20
-3.9635957874015748
11
5.6504684251968502
21
-3.9638431889763779
0
LINE
8
BLACK
6
CONTINUOUS
10
5.6504684251968502
20
-3.9638431889763779
11
5.6504368897637791
21
-3.9640937401574803
0
LINE
8
BLACK
6
CONTINUOUS
10
5.6504368897637791
20
-3.9640937401574803
11
5.649499488188976
21
-3.9669059448818897
0
LINE
8
BLACK
6
CONTINUOUS
10
5.649499488188976
20
-3.9669059448818897
11
5.6494604330708658
21
-3.9669744488188976
0
LINE
8
BLACK
6
CONTINUOUS
10
5.6494604330708658
20
-3.9669744488188976
11
5.6494604330708658
21
-3.9670106299212597
0
LINE
8
BLACK
6
CONTINUOUS
10
5.6494604330708658
20
-3.9670106299212597
11
5.6493199606299207
21
-3.9672207874015748
0
LINE
8
BLACK
6
CONTINUOUS
10
5.6493199606299207
20
-3.9672207874015748
11
5.6491951968503935
21
-3.9674397244094486
0
LINE
8
BLACK
6
CONTINUOUS
10
5.6491951968503935
20
-3.9674397244094486
11
5.649162913385827
21
-3.9674558267716535
0
LINE
8
BLACK
6
CONTINUOUS
10
5.649162913385827
20
-3.9674558267716535
11
5.6491190551181099
21
-3.9675215354330708
0
LINE
8
BLACK
6
CONTINUOUS
10
5.6491190551181099
20
-3.9675215354330708
11
5.6481816535433067
21
-3.9684588976377952
0
LINE
8
BLACK
6
CONTINUOUS
10
5.6481816535433067
20
-3.9684588976377952
11
5.647670748031496
21
-3.9688002362204724
0
LINE
8
BLACK
6
CONTINUOUS
10
5.647670748031496
20
-3.9688002362204724
11
5.6464654330708663
21
-3.9688001968503936
0
LINE
8
BLACK
6
CONTINUOUS
10
5.6464654330708663
20
-3.9688001968503936
11
5.6456131889763776
21
-3.9679479527559054
0
LINE
8
BLACK
6
CONTINUOUS
10
5.6456131889763776
20
-3.9679479527559054
11
5.6456132283464564
21
-3.9667426377952757
0
LINE
8
BLACK
6
CONTINUOUS
10
5.6456132283464564
20
-3.9667426377952757
11
5.6459545669291336
21
-3.9662317322834646
0
LINE
8
BLACK
6
CONTINUOUS
10
5.6459545669291336
20
-3.9662317322834646
11
5.6466290944881887
21
-3.9655572440944882
0
LINE
8
BLACK
6
CONTINUOUS
10
5.6466290944881887
20
-3.9655572440944882
11
5.6473680708661416
21
-3.9633402755905509
0
LINE
8
BLACK
6
CONTINUOUS
10
5.6473680708661416
20
-3.9633402755905509
11
5.6473680708661416
21
-3.961976496062992
0
LINE
8
BLACK
6
CONTINUOUS
10
5.6473680708661416
20
-3.961976496062992
11
5.6466290944881887
21
-3.9597595669291339
0
LINE
8
BLACK
6
CONTINUOUS
10
5.6466290944881887
20
-3.9597595669291339
11
5.6451978346456695
21
-3.9583283858267717
0
LINE
8
BLACK
6
CONTINUOUS
10
5.6451978346456695
20
-3.9583283858267717
11
5.6437062598425198
21
-3.9575825984251969
0
LINE
8
BLACK
6
CONTINUOUS
10
5.6437062598425198
20
-3.9575825984251969
11
5.6403125196850397
21
-3.9567341732283463
0
LINE
8
BLACK
6
CONTINUOUS
10
5.6403125196850397
20
-3.9567341732283463
11
5.6378881889763779
21
-3.9567341732283463
0
LINE
8
BLACK
6
CONTINUOUS
10
5.6378881889763779
20
-3.9567341732283463
11
5.634494409448819
21
-3.9575825984251969
0
LINE
8
BLACK
6
CONTINUOUS
10
5.634494409448819
20
-3.9575825984251969
11
5.6330028346456693
21
-3.958328346456693
0
LINE
8
BLACK
6
CONTINUOUS
10
5.6330028346456693
20
-3.958328346456693
11
5.6315716141732279
21
-3.9597595669291339
0
LINE
8
BLACK
6
CONTINUOUS
10
5.6315716141732279
20
-3.9597595669291339
11
5.6308326377952751
21
-3.9619765354330707
0
LINE
8
BLACK
6
CONTINUOUS
10
5.6308326377952751
20
-3.9619765354330707
11
5.6308326377952751
21
-3.9633402362204722
0
LINE
8
BLACK
6
CONTINUOUS
10
5.6308326377952751
20
-3.9633402362204722
11
5.6315716141732279
21
-3.9655572440944882
0
LINE
8
BLACK
6
CONTINUOUS
10
5.6315716141732279
20
-3.9655572440944882
11
5.6322461417322831
21
-3.9662317716535433
0
LINE
8
BLACK
6
CONTINUOUS
10
5.6322461417322831
20
-3.9662317716535433
11
5.632587519685039
21
-3.9667426771653544
0
LINE
8
BLACK
6
CONTINUOUS
10
5.632587519685039
20
-3.9667426771653544
11
5.632587519685039
21
-3.9679479527559054
0
LINE
8
BLACK
6
CONTINUOUS
10
5.632587519685039
20
-3.9679479527559054
11
5.6317352362204725
21
-3.9688002362204724
0
LINE
8
BLACK
6
CONTINUOUS
10
5.6317352362204725
20
-3.9688002362204724
11
5.6305299606299215
21
-3.9688002362204724
0
LINE
8
BLACK
6
CONTINUOUS
10
5.6305299606299215
20
-3.9688002362204724
11
5.63001905511811
21
-3.9684588582677165
0
LINE
8
BLACK
6
CONTINUOUS
10
5.63001905511811
20
-3.9684588582677165
11
5.6290816929133856
21
-3.9675214960629921
0
LINE
8
BLACK
6
CONTINUOUS
10
5.6290816929133856
20
-3.9675214960629921
11
5.6290378740157481
21
-3.967455905511811
0
LINE
8
BLACK
6
CONTINUOUS
10
5.6290378740157481
20
-3.967455905511811
11
5.6290055511811019
21
-3.9674397637795273
0
LINE
8
BLACK
6
CONTINUOUS
10
5.6290055511811019
20
-3.9674397637795273
11
5.6288805118110234
21
-3.9672203937007873
0
LINE
8
BLACK
6
CONTINUOUS
10
5.6288805118110234
20
-3.9672203937007873
11
5.6287403149606297
21
-3.967010590551181
0
LINE
8
BLACK
6
CONTINUOUS
10
5.6287403149606297
20
-3.967010590551181
11
5.6287403149606297
21
-3.9669744488188976
0
LINE
8
BLACK
6
CONTINUOUS
10
5.6287403149606297
20
-3.9669744488188976
11
5.6287012598425195
21
-3.9669059448818897
0
LINE
8
BLACK
6
CONTINUOUS
10
5.6287012598425195
20
-3.9669059448818897
11
5.6277638582677163
21
-3.964093779527559
0
LINE
8
BLACK
6
CONTINUOUS
10
5.6277638582677163
20
-3.964093779527559
11
5.6277322834645664
21
-3.9638434645669292
0
LINE
8
BLACK
6
CONTINUOUS
10
5.6277322834645664
20
-3.9638434645669292
11
5.6276830314960629
21
-3.9635957874015748
0
LINE
8
BLACK
6
CONTINUOUS
10
5.6276830314960629
20
-3.9635957874015748
11
5.6276830314960629
21
-3.9617210236220473
0
LINE
8
BLACK
6
CONTINUOUS
10
5.6276830314960629
20
-3.9617210236220473
11
5.6277322834645664
21
-3.9614733070866142
0
LINE
8
BLACK
6
CONTINUOUS
10
5.6277322834645664
20
-3.9614733070866142
11
5.6277638582677163
21
-3.961223031496063
0
LINE
8
BLACK
6
CONTINUOUS
10
5.6277638582677163
20
-3.961223031496063
11
5.6287012598425195
21
-3.9584109055118111
0
LINE
8
BLACK
6
CONTINUOUS
10
5.6287012598425195
20
-3.9584109055118111
11
5.6287403149606297
21
-3.9583423622047245
0
LINE
8
BLACK
6
CONTINUOUS
10
5.6287403149606297
20
-3.9583423622047245
11
5.6287403149606297
21
-3.9583062598425194
0
LINE
8
BLACK
6
CONTINUOUS
10
5.6287403149606297
20
-3.9583062598425194
11
5.6288805118110234
21
-3.9580964173228343
0
LINE
8
BLACK
6
CONTINUOUS
10
5.6288805118110234
20
-3.9580964173228343
11
5.6290055511811019
21
-3.957877086614173
0
LINE
8
BLACK
6
CONTINUOUS
10
5.6290055511811019
20
-3.957877086614173
11
5.6290378740157481
21
-3.957860905511811
0
LINE
8
BLACK
6
CONTINUOUS
10
5.6290378740157481
20
-3.957860905511811
11
5.6290816929133856
21
-3.9577953543307087
0
LINE
8
BLACK
6
CONTINUOUS
10
5.6290816929133856
20
-3.9577953543307087
11
5.6309564173228344
21
-3.9559205905511812
0
LINE
8
BLACK
6
CONTINUOUS
10
5.6309564173228344
20
-3.9559205905511812
11
5.6311663385826769
21
-3.9557802755905511
0
LINE
8
BLACK
6
CONTINUOUS
10
5.6311663385826769
20
-3.9557802755905511
11
5.6313657086614173
21
-3.9556255905511808
0
LINE
8
BLACK
6
CONTINUOUS
10
5.6313657086614173
20
-3.9556255905511808
11
5.6332404724409448
21
-3.9546881889763781
0
LINE
8
BLACK
6
CONTINUOUS
10
5.6332404724409448
20
-3.9546881889763781
11
5.6334068503937003
21
-3.9546425984251967
0
LINE
8
BLACK
6
CONTINUOUS
10
5.6334068503937003
20
-3.9546425984251967
11
5.6335628346456694
21
-3.954568937007874
0
LINE
8
BLACK
6
CONTINUOUS
10
5.6335628346456694
20
-3.954568937007874
11
5.6373123622047245
21
-3.9536315748031496
0
LINE
8
BLACK
6
CONTINUOUS
10
5.6373123622047245
20
-3.9536315748031496
11
5.6375050787401575
21
-3.9536221653543304
0
LINE
8
BLACK
6
CONTINUOUS
10
5.6375050787401575
20
-3.9536221653543304
11
5.6376942913385824
21
-3.9535845669291336
0
LINE
8
BLACK
6
CONTINUOUS
10
5.6376942913385824
20
-3.9535845669291336
11
5.6405064173228343
21
-3.9535845669291336
0
LINE
8
BLACK
6
CONTINUOUS
10
5.6405064173228343
20
-3.9535845669291336
11
5.6406955905511813
21
-3.9536221653543304
0
LINE
8
BLACK
6
CONTINUOUS
10
5.6653596062992122
20
-3.9388112598425198
11
5.6664249606299215
21
-3.9398766141732282
0
LINE
8
BLACK
6
CONTINUOUS
10
5.6664249606299215
20
-3.9398766141732282
11
5.6665748031496062
21
-3.9406299212598426
0
LINE
8
BLACK
6
CONTINUOUS
10
5.6665748031496062
20
-3.9406299212598426
11
5.6665748031496062
21
-4.0193700787401569
0
LINE
8
BLACK
6
CONTINUOUS
10
5.6665748031496062
20
-4.0193700787401569
11
5.6664249606299215
21
-4.0201233858267713
0
LINE
8
BLACK
6
CONTINUOUS
10
5.6664249606299215
20
-4.0201233858267713
11
5.6653596062992122
21
-4.0211887401574806
0
LINE
8
BLACK
6
CONTINUOUS
10
5.6653596062992122
20
-4.0211887401574806
11
5.6646062992125987
21
-4.0213385826771653
0
LINE
8
BLACK
6
CONTINUOUS
10
5.6646062992125987
20
-4.0213385826771653
11
5.6153937007874015
21
-4.0213385826771653
0
LINE
8
BLACK
6
CONTINUOUS
10
5.6153937007874015
20
-4.0213385826771653
11
5.6146403937007872
21
-4.0211887401574806
0
LINE
8
BLACK
6
CONTINUOUS
10
5.6146403937007872
20
-4.0211887401574806
11
5.6135750393700787
21
-4.0201233858267713
0
LINE
8
BLACK
6
CONTINUOUS
10
5.6135750393700787
20
-4.0201233858267713
11
5.6134251968503932
21
-4.0193700787401569
0
LINE
8
BLACK
6
CONTINUOUS
10
5.6134251968503932
20
-4.0193700787401569
11
5.6134251968503932
21
-3.9406299212598426
0
LINE
8
BLACK
6
CONTINUOUS
10
5.6134251968503932
20
-3.9406299212598426
11
5.6135750393700787
21
-3.9398766141732282
0
LINE
8
BLACK
6
CONTINUOUS
10
5.6135750393700787
20
-3.9398766141732282
11
5.6146403937007872
21
-3.9388112598425198
0
LINE
8
BLACK
6
CONTINUOUS
10
5.6146403937007872
20
-3.9388112598425198
11
5.6153937007874015
21
-3.9386614173228347
0
LINE
8
BLACK
6
CONTINUOUS
10
5.6153937007874015
20
-3.9386614173228347
11
5.6646062992125987
21
-3.9386614173228347
0
LINE
8
BLACK
6
CONTINUOUS
10
5.6646062992125987
20
-3.9386614173228347
11
5.6653596062992122
21
-3.9388112598425198
0
LINE
8
BLACK
6
CONTINUOUS
10
5.6173622047244089
20
-3.9425984251968504
11
5.6173622047244089
21
-4.0174015748031495
0
LINE
8
BLACK
6
CONTINUOUS
10
5.6173622047244089
20
-4.0174015748031495
11
5.6626377952755904
21
-4.0174015748031495
0
LINE
8
BLACK
6
CONTINUOUS
10
5.6626377952755904
20
-4.0174015748031495
11
5.6626377952755904
21
-3.9425984251968504
0
LINE
8
BLACK
6
CONTINUOUS
10
5.6626377952755904
20
-3.9425984251968504
11
5.6173622047244089
21
-3.9425984251968504
0
LINE
8
BLACK
6
CONTINUOUS
10
5.8760717716535433
20
-3.9925602362204722
11
5.8764529527559057
21
-3.9937037007874014
0
LINE
8
BLACK
6
CONTINUOUS
10
5.8764529527559057
20
-3.9937037007874014
11
5.8762906692913388
21
-3.9942963385826769
0
LINE
8
BLACK
6
CONTINUOUS
10
5.8762906692913388
20
-3.9942963385826769
11
5.8753533070866144
21
-3.9961710629921261
0
LINE
8
BLACK
6
CONTINUOUS
10
5.8753533070866144
20
-3.9961710629921261
11
5.8751987007874016
21
-3.9963702362204723
0
LINE
8
BLACK
6
CONTINUOUS
10
5.8751987007874016
20
-3.9963702362204723
11
5.875058307086614
21
-3.9965803937007873
0
LINE
8
BLACK
6
CONTINUOUS
10
5.875058307086614
20
-3.9965803937007873
11
5.8739971259842516
21
-3.997641535433071
0
LINE
8
BLACK
6
CONTINUOUS
10
5.8739971259842516
20
-3.997641535433071
11
5.8873680708661418
21
-3.997641535433071
0
LINE
8
BLACK
6
CONTINUOUS
10
5.8873680708661418
20
-3.997641535433071
11
5.8873680708661418
21
-3.9935920472440944
0
LINE
8
BLACK
6
CONTINUOUS
10
5.8873680708661418
20
-3.9935920472440944
11
5.8874879527559054
21
-3.992989409448819
0
LINE
8
BLACK
6
CONTINUOUS
10
5.8874879527559054
20
-3.992989409448819
11
5.888340236220472
21
-3.992137125984252
0
LINE
8
BLACK
6
CONTINUOUS
10
5.888340236220472
20
-3.992137125984252
11
5.8895455118110238
21
-3.992137125984252
0
LINE
8
BLACK
6
CONTINUOUS
10
5.8895455118110238
20
-3.992137125984252
11
5.8903977952755904
21
-3.992989409448819
0
LINE
8
BLACK
6
CONTINUOUS
10
5.8903977952755904
20
-3.992989409448819
11
5.890517677165354
21
-3.9935920472440944
0
LINE
8
BLACK
6
CONTINUOUS
10
5.890517677165354
20
-3.9935920472440944
11
5.890517677165354
21
-4.0048406299212598
0
LINE
8
BLACK
6
CONTINUOUS
10
5.890517677165354
20
-4.0048406299212598
11
5.8903977952755904
21
-4.0054432677165357
0
LINE
8
BLACK
6
CONTINUOUS
10
5.8903977952755904
20
-4.0054432677165357
11
5.8895455118110238
21
-4.0062955511811023
0
LINE
8
BLACK
6
CONTINUOUS
10
5.8895455118110238
20
-4.0062955511811023
11
5.888340236220472
21
-4.0062955511811023
0
LINE
8
BLACK
6
CONTINUOUS
10
5.888340236220472
20
-4.0062955511811023
11
5.8874879527559054
21
-4.0054432677165357
0
LINE
8
BLACK
6
CONTINUOUS
10
5.8874879527559054
20
-4.0054432677165357
11
5.8873680708661418
21
-4.0048406299212598
0
LINE
8
BLACK
6
CONTINUOUS
10
5.8873680708661418
20
-4.0048406299212598
11
5.8873680708661418
21
-4.0007911417322832
0
LINE
8
BLACK
6
CONTINUOUS
10
5.8873680708661418
20
-4.0007911417322832
11
5.8692578346456692
21
-4.0007911417322832
0
LINE
8
BLACK
6
CONTINUOUS
10
5.8692578346456692
20
-4.0007911417322832
11
5.8686551968503933
21
-4.0006712598425196
0
LINE
8
BLACK
6
CONTINUOUS
10
5.8686551968503933
20
-4.0006712598425196
11
5.8685405118110232
21
-4.0005565748031495
0
LINE
8
BLACK
6
CONTINUOUS
10
5.8685405118110232
20
-4.0005565748031495
11
5.8683815354330706
21
-4.0005248031496059
0
LINE
8
BLACK
6
CONTINUOUS
10
5.8683815354330706
20
-4.0005248031496059
11
5.8681271259842518
21
-4.0001431889763781
0
LINE
8
BLACK
6
CONTINUOUS
10
5.8681271259842518
20
-4.0001431889763781
11
5.8678029133858267
21
-3.9998189763779526
0
LINE
8
BLACK
6
CONTINUOUS
10
5.8678029133858267
20
-3.9998189763779526
11
5.8678029133858267
21
-3.9996568503937007
0
LINE
8
BLACK
6
CONTINUOUS
10
5.8678029133858267
20
-3.9996568503937007
11
5.8677129921259841
21
-3.9995219685039367
0
LINE
8
BLACK
6
CONTINUOUS
10
5.8677129921259841
20
-3.9995219685039367
11
5.8678029133858267
21
-3.9990723228346456
0
LINE
8
BLACK
6
CONTINUOUS
10
5.8678029133858267
20
-3.9990723228346456
11
5.8678029133858267
21
-3.9986137007874016
0
LINE
8
BLACK
6
CONTINUOUS
10
5.8678029133858267
20
-3.9986137007874016
11
5.867917559055118
21
-3.9984990157480316
0
LINE
8
BLACK
6
CONTINUOUS
10
5.867917559055118
20
-3.9984990157480316
11
5.8679493700787404
21
-3.9983400393700785
0
LINE
8
BLACK
6
CONTINUOUS
10
5.8679493700787404
20
-3.9983400393700785
11
5.8683842913385824
21
-3.9979060236220469
0
LINE
8
BLACK
6
CONTINUOUS
10
5.8683842913385824
20
-3.9979060236220469
11
5.8710667322834649
21
-3.9961177165354331
0
LINE
8
BLACK
6
CONTINUOUS
10
5.8710667322834649
20
-3.9961177165354331
11
5.8726505118110239
21
-3.9945338976377953
0
LINE
8
BLACK
6
CONTINUOUS
10
5.8726505118110239
20
-3.9945338976377953
11
5.8734735826771649
21
-3.9928877952755903
0
LINE
8
BLACK
6
CONTINUOUS
10
5.8734735826771649
20
-3.9928877952755903
11
5.8738502755905513
21
-3.992402401574803
0
LINE
8
BLACK
6
CONTINUOUS
10
5.8738502755905513
20
-3.992402401574803
11
5.8749937401574801
21
-3.992021220472441
0
LINE
8
BLACK
6
CONTINUOUS
10
5.8749937401574801
20
-3.992021220472441
11
5.8760717716535433
21
-3.9925602362204722
0
LINE
8
BLACK
6
CONTINUOUS
10
5.8760717716535433
20
-3.9738125984251966
11
5.8764529527559057
21
-3.9749560629921259
0
LINE
8
BLACK
6
CONTINUOUS
10
5.8764529527559057
20
-3.9749560629921259
11
5.8762906692913388
21
-3.9755487007874013
0
LINE
8
BLACK
6
CONTINUOUS
10
5.8762906692913388
20
-3.9755487007874013
11
5.8753533070866144
21
-3.9774234251968501
0
LINE
8
BLACK
6
CONTINUOUS
10
5.8753533070866144
20
-3.9774234251968501
11
5.8751987007874016
21
-3.9776225984251967
0
LINE
8
BLACK
6
CONTINUOUS
10
5.8751987007874016
20
-3.9776225984251967
11
5.875058307086614
21
-3.9778327559055118
0
LINE
8
BLACK
6
CONTINUOUS
10
5.875058307086614
20
-3.9778327559055118
11
5.8739971259842516
21
-3.978893897637795
0
LINE
8
BLACK
6
CONTINUOUS
10
5.8739971259842516
20
-3.978893897637795
11
5.8873680708661418
21
-3.978893897637795
0
LINE
8
BLACK
6
CONTINUOUS
10
5.8873680708661418
20
-3.978893897637795
11
5.8873680708661418
21
-3.9748444094488189
0
LINE
8
BLACK
6
CONTINUOUS
10
5.8873680708661418
20
-3.9748444094488189
11
5.8874879527559054
21
-3.9742417716535434
0
LINE
8
BLACK
6
CONTINUOUS
10
5.8874879527559054
20
-3.9742417716535434
11
5.888340236220472
21
-3.9733894881889764
0
LINE
8
BLACK
6
CONTINUOUS
10
5.888340236220472
20
-3.9733894881889764
11
5.8895455118110238
21
-3.9733894881889764
0
LINE
8
BLACK
6
CONTINUOUS
10
5.8895455118110238
20
-3.9733894881889764
11
5.8903977952755904
21
-3.9742417716535434
0
LINE
8
BLACK
6
CONTINUOUS
10
5.8903977952755904
20
-3.9742417716535434
11
5.890517677165354
21
-3.9748444094488189
0
LINE
8
BLACK
6
CONTINUOUS
10
5.890517677165354
20
-3.9748444094488189
11
5.890517677165354
21
-3.9860929921259842
0
LINE
8
BLACK
6
CONTINUOUS
10
5.890517677165354
20
-3.9860929921259842
11
5.8903977952755904
21
-3.9866956299212597
0
LINE
8
BLACK
6
CONTINUOUS
10
5.8903977952755904
20
-3.9866956299212597
11
5.8895455118110238
21
-3.9875479133858267
0
LINE
8
BLACK
6
CONTINUOUS
10
5.8895455118110238
20
-3.9875479133858267
11
5.888340236220472
21
-3.9875479133858267
0
LINE
8
BLACK
6
CONTINUOUS
10
5.888340236220472
20
-3.9875479133858267
11
5.8874879527559054
21
-3.9866956299212597
0
LINE
8
BLACK
6
CONTINUOUS
10
5.8874879527559054
20
-3.9866956299212597
11
5.8873680708661418
21
-3.9860929921259842
0
LINE
8
BLACK
6
CONTINUOUS
10
5.8873680708661418
20
-3.9860929921259842
11
5.8873680708661418
21
-3.9820435039370077
0
LINE
8
BLACK
6
CONTINUOUS
10
5.8873680708661418
20
-3.9820435039370077
11
5.8692578346456692
21
-3.9820435039370077
0
LINE
8
BLACK
6
CONTINUOUS
10
5.8692578346456692
20
-3.9820435039370077
11
5.8686551968503933
21
-3.981923622047244
0
LINE
8
BLACK
6
CONTINUOUS
10
5.8686551968503933
20
-3.981923622047244
11
5.8685405118110232
21
-3.981808937007874
0
LINE
8
BLACK
6
CONTINUOUS
10
5.8685405118110232
20
-3.981808937007874
11
5.8683815354330706
21
-3.9817771653543308
0
LINE
8
BLACK
6
CONTINUOUS
10
5.8683815354330706
20
-3.9817771653543308
11
5.8681271259842518
21
-3.9813955511811021
0
LINE
8
BLACK
6
CONTINUOUS
10
5.8681271259842518
20
-3.9813955511811021
11
5.8678029133858267
21
-3.981071338582677
0
LINE
8
BLACK
6
CONTINUOUS
10
5.8678029133858267
20
-3.981071338582677
11
5.8678029133858267
21
-3.9809092125984251
0
LINE
8
BLACK
6
CONTINUOUS
10
5.8678029133858267
20
-3.9809092125984251
11
5.8677129921259841
21
-3.9807743307086612
0
LINE
8
BLACK
6
CONTINUOUS
10
5.8677129921259841
20
-3.9807743307086612
11
5.8678029133858267
21
-3.9803246850393701
0
LINE
8
BLACK
6
CONTINUOUS
10
5.8678029133858267
20
-3.9803246850393701
11
5.8678029133858267
21
-3.9798660629921261
0
LINE
8
BLACK
6
CONTINUOUS
10
5.8678029133858267
20
-3.9798660629921261
11
5.867917559055118
21
-3.979751377952756
0
LINE
8
BLACK
6
CONTINUOUS
10
5.867917559055118
20
-3.979751377952756
11
5.8679493700787404
21
-3.979592401574803
0
LINE
8
BLACK
6
CONTINUOUS
10
5.8679493700787404
20
-3.979592401574803
11
5.8683842913385824
21
-3.9791583858267714
0
LINE
8
BLACK
6
CONTINUOUS
10
5.8683842913385824
20
-3.9791583858267714
11
5.8710667322834649
21
-3.9773700787401576
0
LINE
8
BLACK
6
CONTINUOUS
10
5.8710667322834649
20
-3.9773700787401576
11
5.8726505118110239
21
-3.9757862598425198
0
LINE
8
BLACK
6
CONTINUOUS
10
5.8726505118110239
20
-3.9757862598425198
11
5.8734735826771649
21
-3.9741401574803148
0
LINE
8
BLACK
6
CONTINUOUS
10
5.8734735826771649
20
-3.9741401574803148
11
5.8738502755905513
21
-3.9736547637795274
0
LINE
8
BLACK
6
CONTINUOUS
10
5.8738502755905513
20
-3.9736547637795274
11
5.8749937401574801
21
-3.9732735826771655
0
LINE
8
BLACK
6
CONTINUOUS
10
5.8749937401574801
20
-3.9732735826771655
11
5.8760717716535433
21
-3.9738125984251966
0
LINE
8
BLACK
6
CONTINUOUS
10
5.8806955905511806
20
-3.9536221653543304
11
5.8808883464566923
21
-3.9536315748031496
0
LINE
8
BLACK
6
CONTINUOUS
10
5.8808883464566923
20
-3.9536315748031496
11
5.8846378740157483
21
-3.954568937007874
0
LINE
8
BLACK
6
CONTINUOUS
10
5.8846378740157483
20
-3.954568937007874
11
5.8847938188976379
21
-3.9546425984251967
0
LINE
8
BLACK
6
CONTINUOUS
10
5.8847938188976379
20
-3.9546425984251967
11
5.884960236220472
21
-3.9546881889763781
0
LINE
8
BLACK
6
CONTINUOUS
10
5.884960236220472
20
-3.9546881889763781
11
5.8868349999999996
21
-3.9556255905511808
0
LINE
8
BLACK
6
CONTINUOUS
10
5.8868349999999996
20
-3.9556255905511808
11
5.8870343307086612
21
-3.9557803149606299
0
LINE
8
BLACK
6
CONTINUOUS
10
5.8870343307086612
20
-3.9557803149606299
11
5.8872442519685038
21
-3.9559205511811024
0
LINE
8
BLACK
6
CONTINUOUS
10
5.8872442519685038
20
-3.9559205511811024
11
5.8891190551181101
21
-3.95779531496063
0
LINE
8
BLACK
6
CONTINUOUS
10
5.8891190551181101
20
-3.95779531496063
11
5.8891628740157476
21
-3.957860905511811
0
LINE
8
BLACK
6
CONTINUOUS
10
5.8891628740157476
20
-3.957860905511811
11
5.8891951968503937
21
-3.957877086614173
0
LINE
8
BLACK
6
CONTINUOUS
10
5.8891951968503937
20
-3.957877086614173
11
5.8893200393700784
21
-3.9580961417322835
0
LINE
8
BLACK
6
CONTINUOUS
10
5.8893200393700784
20
-3.9580961417322835
11
5.889460433070866
21
-3.9583062204724411
0
LINE
8
BLACK
6
CONTINUOUS
10
5.889460433070866
20
-3.9583062204724411
11
5.889460433070866
21
-3.9583423622047245
0
LINE
8
BLACK
6
CONTINUOUS
10
5.889460433070866
20
-3.9583423622047245
11
5.8894994881889762
21
-3.9584109055118111
0
LINE
8
BLACK
6
CONTINUOUS
10
5.8894994881889762
20
-3.9584109055118111
11
5.8904368897637793
21
-3.961223031496063
0
LINE
8
BLACK
6
CONTINUOUS
10
5.8904368897637793
20
-3.961223031496063
11
5.8904684251968504
21
-3.9614736220472442
0
LINE
8
BLACK
6
CONTINUOUS
10
5.8904684251968504
20
-3.9614736220472442
11
5.890517677165354
21
-3.9617210236220473
0
LINE
8
BLACK
6
CONTINUOUS
10
5.890517677165354
20
-3.9617210236220473
11
5.890517677165354
21
-3.9635957874015748
0
LINE
8
BLACK
6
CONTINUOUS
10
5.890517677165354
20
-3.9635957874015748
11
5.8904684251968504
21
-3.9638431889763779
0
LINE
8
BLACK
6
CONTINUOUS
10
5.8904684251968504
20
-3.9638431889763779
11
5.8904368897637793
21
-3.9640937401574803
0
LINE
8
BLACK
6
CONTINUOUS
10
5.8904368897637793
20
-3.9640937401574803
11
5.8894994881889762
21
-3.9669059448818897
0
LINE
8
BLACK
6
CONTINUOUS
10
5.8894994881889762
20
-3.9669059448818897
11
5.889460433070866
21
-3.9669744488188976
0
LINE
8
BLACK
6
CONTINUOUS
10
5.889460433070866
20
-3.9669744488188976
11
5.889460433070866
21
-3.9670106299212597
0
LINE
8
BLACK
6
CONTINUOUS
10
5.889460433070866
20
-3.9670106299212597
11
5.8893199606299209
21
-3.9672207874015748
0
LINE
8
BLACK
6
CONTINUOUS
10
5.8893199606299209
20
-3.9672207874015748
11
5.8891951968503937
21
-3.9674397244094486
0
LINE
8
BLACK
6
CONTINUOUS
10
5.8891951968503937
20
-3.9674397244094486
11
5.8891629133858263
21
-3.9674558267716535
0
LINE
8
BLACK
6
CONTINUOUS
10
5.8891629133858263
20
-3.9674558267716535
11
5.8891190551181101
21
-3.9675215354330708
0
LINE
8
BLACK
6
CONTINUOUS
10
5.8891190551181101
20
-3.9675215354330708
11
5.8881816535433069
21
-3.9684588976377952
0
LINE
8
BLACK
6
CONTINUOUS
10
5.8881816535433069
20
-3.9684588976377952
11
5.8876707480314963
21
-3.9688002362204724
0
LINE
8
BLACK
6
CONTINUOUS
10
5.8876707480314963
20
-3.9688002362204724
11
5.8864654330708657
21
-3.9688001968503936
0
LINE
8
BLACK
6
CONTINUOUS
10
5.8864654330708657
20
-3.9688001968503936
11
5.8856131889763779
21
-3.9679479527559054
0
LINE
8
BLACK
6
CONTINUOUS
10
5.8856131889763779
20
-3.9679479527559054
11
5.8856132283464566
21
-3.9667426377952757
0
LINE
8
BLACK
6
CONTINUOUS
10
5.8856132283464566
20
-3.9667426377952757
11
5.8859545669291338
21
-3.9662317322834646
0
LINE
8
BLACK
6
CONTINUOUS
10
5.8859545669291338
20
-3.9662317322834646
11
5.8866290944881889
21
-3.9655572440944882
0
LINE
8
BLACK
6
CONTINUOUS
10
5.8866290944881889
20
-3.9655572440944882
11
5.8873680708661418
21
-3.9633402755905509
0
LINE
8
BLACK
6
CONTINUOUS
10
5.8873680708661418
20
-3.9633402755905509
11
5.8873680708661418
21
-3.961976496062992
0
LINE
8
BLACK
6
CONTINUOUS
10
5.8873680708661418
20
-3.961976496062992
11
5.8866290944881889
21
-3.9597595669291339
0
LINE
8
BLACK
6
CONTINUOUS
10
5.8866290944881889
20
-3.9597595669291339
11
5.8851978346456688
21
-3.9583283858267717
0
LINE
8
BLACK
6
CONTINUOUS
10
5.8851978346456688
20
-3.9583283858267717
11
5.8837062598425192
21
-3.9575825984251969
0
LINE
8
BLACK
6
CONTINUOUS
10
5.8837062598425192
20
-3.9575825984251969
11
5.880312519685039
21
-3.9567341732283463
0
LINE
8
BLACK
6
CONTINUOUS
10
5.880312519685039
20
-3.9567341732283463
11
5.8778881889763781
21
-3.9567341732283463
0
LINE
8
BLACK
6
CONTINUOUS
10
5.8778881889763781
20
-3.9567341732283463
11
5.8744944094488192
21
-3.9575825984251969
0
LINE
8
BLACK
6
CONTINUOUS
10
5.8744944094488192
20
-3.9575825984251969
11
5.8730028346456695
21
-3.958328346456693
0
LINE
8
BLACK
6
CONTINUOUS
10
5.8730028346456695
20
-3.958328346456693
11
5.8715716141732281
21
-3.9597595669291339
0
LINE
8
BLACK
6
CONTINUOUS
10
5.8715716141732281
20
-3.9597595669291339
11
5.8708326377952753
21
-3.9619765354330707
0
LINE
8
BLACK
6
CONTINUOUS
10
5.8708326377952753
20
-3.9619765354330707
11
5.8708326377952753
21
-3.9633402362204722
0
LINE
8
BLACK
6
CONTINUOUS
10
5.8708326377952753
20
-3.9633402362204722
11
5.8715716141732281
21
-3.9655572440944882
0
LINE
8
BLACK
6
CONTINUOUS
10
5.8715716141732281
20
-3.9655572440944882
11
5.8722461417322833
21
-3.9662317716535433
0
LINE
8
BLACK
6
CONTINUOUS
10
5.8722461417322833
20
-3.9662317716535433
11
5.8725875196850392
21
-3.9667426771653544
0
LINE
8
BLACK
6
CONTINUOUS
10
5.8725875196850392
20
-3.9667426771653544
11
5.8725875196850392
21
-3.9679479527559054
0
LINE
8
BLACK
6
CONTINUOUS
10
5.8725875196850392
20
-3.9679479527559054
11
5.8717352362204727
21
-3.9688002362204724
0
LINE
8
BLACK
6
CONTINUOUS
10
5.8717352362204727
20
-3.9688002362204724
11
5.8705299606299208
21
-3.9688002362204724
0
LINE
8
BLACK
6
CONTINUOUS
10
5.8705299606299208
20
-3.9688002362204724
11
5.8700190551181102
21
-3.9684588582677165
0
LINE
8
BLACK
6
CONTINUOUS
10
5.8700190551181102
20
-3.9684588582677165
11
5.8690816929133858
21
-3.9675214960629921
0
LINE
8
BLACK
6
CONTINUOUS
10
5.8690816929133858
20
-3.9675214960629921
11
5.8690378740157483
21
-3.967455905511811
0
LINE
8
BLACK
6
CONTINUOUS
10
5.8690378740157483
20
-3.967455905511811
11
5.8690055511811021
21
-3.9674397637795273
0
LINE
8
BLACK
6
CONTINUOUS
10
5.8690055511811021
20
-3.9674397637795273
11
5.8688805118110237
21
-3.9672203937007873
0
LINE
8
BLACK
6
CONTINUOUS
10
5.8688805118110237
20
-3.9672203937007873
11
5.8687403149606299
21
-3.967010590551181
0
LINE
8
BLACK
6
CONTINUOUS
10
5.8687403149606299
20
-3.967010590551181
11
5.8687403149606299
21
-3.9669744488188976
0
LINE
8
BLACK
6
CONTINUOUS
10
5.8687403149606299
20
-3.9669744488188976
11
5.8687012598425197
21
-3.9669059448818897
0
LINE
8
BLACK
6
CONTINUOUS
10
5.8687012598425197
20
-3.9669059448818897
11
5.8677638582677165
21
-3.964093779527559
0
LINE
8
BLACK
6
CONTINUOUS
10
5.8677638582677165
20
-3.964093779527559
11
5.8677322834645667
21
-3.9638434645669292
0
LINE
8
BLACK
6
CONTINUOUS
10
5.8677322834645667
20
-3.9638434645669292
11
5.8676830314960631
21
-3.9635957874015748
0
LINE
8
BLACK
6
CONTINUOUS
10
5.8676830314960631
20
-3.9635957874015748
11
5.8676830314960631
21
-3.9617210236220473
0
LINE
8
BLACK
6
CONTINUOUS
10
5.8676830314960631
20
-3.9617210236220473
11
5.8677322834645667
21
-3.9614733070866142
0
LINE
8
BLACK
6
CONTINUOUS
10
5.8677322834645667
20
-3.9614733070866142
11
5.8677638582677165
21
-3.961223031496063
0
LINE
8
BLACK
6
CONTINUOUS
10
5.8677638582677165
20
-3.961223031496063
11
5.8687012598425197
21
-3.9584109055118111
0
LINE
8
BLACK
6
CONTINUOUS
10
5.8687012598425197
20
-3.9584109055118111
11
5.8687403149606299
21
-3.9583423622047245
0
LINE
8
BLACK
6
CONTINUOUS
10
5.8687403149606299
20
-3.9583423622047245
11
5.8687403149606299
21
-3.9583062598425194
0
LINE
8
BLACK
6
CONTINUOUS
10
5.8687403149606299
20
-3.9583062598425194
11
5.8688805118110237
21
-3.9580964173228343
0
LINE
8
BLACK
6
CONTINUOUS
10
5.8688805118110237
20
-3.9580964173228343
11
5.8690055511811021
21
-3.957877086614173
0
LINE
8
BLACK
6
CONTINUOUS
10
5.8690055511811021
20
-3.957877086614173
11
5.8690378740157483
21
-3.957860905511811
0
LINE
8
BLACK
6
CONTINUOUS
10
5.8690378740157483
20
-3.957860905511811
11
5.8690816929133858
21
-3.9577953543307087
0
LINE
8
BLACK
6
CONTINUOUS
10
5.8690816929133858
20
-3.9577953543307087
11
5.8709564173228346
21
-3.9559205905511812
0
LINE
8
BLACK
6
CONTINUOUS
10
5.8709564173228346
20
-3.9559205905511812
11
5.8711663385826771
21
-3.9557802755905511
0
LINE
8
BLACK
6
CONTINUOUS
10
5.8711663385826771
20
-3.9557802755905511
11
5.8713657086614175
21
-3.9556255905511808
0
LINE
8
BLACK
6
CONTINUOUS
10
5.8713657086614175
20
-3.9556255905511808
11
5.873240472440945
21
-3.9546881889763781
0
LINE
8
BLACK
6
CONTINUOUS
10
5.873240472440945
20
-3.9546881889763781
11
5.8734068503937005
21
-3.9546425984251967
0
LINE
8
BLACK
6
CONTINUOUS
10
5.8734068503937005
20
-3.9546425984251967
11
5.8735628346456688
21
-3.954568937007874
0
LINE
8
BLACK
6
CONTINUOUS
10
5.8735628346456688
20
-3.954568937007874
11
5.8773123622047239
21
-3.9536315748031496
0
LINE
8
BLACK
6
CONTINUOUS
10
5.8773123622047239
20
-3.9536315748031496
11
5.8775050787401577
21
-3.9536221653543304
0
LINE
8
BLACK
6
CONTINUOUS
10
5.8775050787401577
20
-3.9536221653543304
11
5.8776942913385826
21
-3.9535845669291336
0
LINE
8
BLACK
6
CONTINUOUS
10
5.8776942913385826
20
-3.9535845669291336
11
5.8805064173228345
21
-3.9535845669291336
0
LINE
8
BLACK
6
CONTINUOUS
10
5.8805064173228345
20
-3.9535845669291336
11
5.8806955905511806
21
-3.9536221653543304
0
LINE
8
BLACK
6
CONTINUOUS
10
5.9053596062992124
20
-3.9388112598425198
11
5.9064249606299208
21
-3.9398766141732282
0
LINE
8
BLACK
6
CONTINUOUS
10
5.9064249606299208
20
-3.9398766141732282
11
5.9065748031496064
21
-3.9406299212598426
0
LINE
8
BLACK
6
CONTINUOUS
10
5.9065748031496064
20
-3.9406299212598426
11
5.9065748031496064
21
-4.0193700787401569
0
LINE
8
BLACK
6
CONTINUOUS
10
5.9065748031496064
20
-4.0193700787401569
11
5.9064249606299208
21
-4.0201233858267713
0
LINE
8
BLACK
6
CONTINUOUS
10
5.9064249606299208
20
-4.0201233858267713
11
5.9053596062992124
21
-4.0211887401574806
0
LINE
8
BLACK
6
CONTINUOUS
10
5.9053596062992124
20
-4.0211887401574806
11
5.9046062992125981
21
-4.0213385826771653
0
LINE
8
BLACK
6
CONTINUOUS
10
5.9046062992125981
20
-4.0213385826771653
11
5.8553937007874017
21
-4.0213385826771653
0
LINE
8
BLACK
6
CONTINUOUS
10
5.8553937007874017
20
-4.0213385826771653
11
5.8546403937007874
21
-4.0211887401574806
0
LINE
8
BLACK
6
CONTINUOUS
10
5.8546403937007874
20
-4.0211887401574806
11
5.8535750393700789
21
-4.0201233858267713
0
LINE
8
BLACK
6
CONTINUOUS
10
5.8535750393700789
20
-4.0201233858267713
11
5.8534251968503934
21
-4.0193700787401569
0
LINE
8
BLACK
6
CONTINUOUS
10
5.8534251968503934
20
-4.0193700787401569
11
5.8534251968503934
21
-3.9406299212598426
0
LINE
8
BLACK
6
CONTINUOUS
10
5.8534251968503934
20
-3.9406299212598426
11
5.8535750393700789
21
-3.9398766141732282
0
LINE
8
BLACK
6
CONTINUOUS
10
5.8535750393700789
20
-3.9398766141732282
11
5.8546403937007874
21
-3.9388112598425198
0
LINE
8
BLACK
6
CONTINUOUS
10
5.8546403937007874
20
-3.9388112598425198
11
5.8553937007874017
21
-3.9386614173228347
0
LINE
8
BLACK
6
CONTINUOUS
10
5.8553937007874017
20
-3.9386614173228347
11
5.9046062992125981
21
-3.9386614173228347
0
LINE
8
BLACK
6
CONTINUOUS
10
5.9046062992125981
20
-3.9386614173228347
11
5.9053596062992124
21
-3.9388112598425198
0
LINE
8
BLACK
6
CONTINUOUS
10
5.8573622047244092
20
-3.9425984251968504
11
5.8573622047244092
21
-4.0174015748031495
0
LINE
8
BLACK
6
CONTINUOUS
10
5.8573622047244092
20
-4.0174015748031495
11
5.9026377952755906
21
-4.0174015748031495
0
LINE
8
BLACK
6
CONTINUOUS
10
5.9026377952755906
20
-4.0174015748031495
11
5.9026377952755906
21
-3.9425984251968504
0
LINE
8
BLACK
6
CONTINUOUS
10
5.9026377952755906
20
-3.9425984251968504
11
5.8573622047244092
21
-3.9425984251968504
0
LINE
8
BLACK
6
CONTINUOUS
10
5.9816329921259843
20
-3.9920548425196851
11
5.981825748031496
21
-3.9920642519685039
0
LINE
8
BLACK
6
CONTINUOUS
10
5.981825748031496
20
-3.9920642519685039
11
5.9855752755905511
21
-3.9930016141732283
0
LINE
8
BLACK
6
CONTINUOUS
10
5.9855752755905511
20
-3.9930016141732283
11
5.9857312204724407
21
-3.993075275590551
0
LINE
8
BLACK
6
CONTINUOUS
10
5.9857312204724407
20
-3.993075275590551
11
5.9858976377952757
21
-3.9931208661417323
0
LINE
8
BLACK
6
CONTINUOUS
10
5.9858976377952757
20
-3.9931208661417323
11
5.9877724015748033
21
-3.9940582677165355
0
LINE
8
BLACK
6
CONTINUOUS
10
5.9877724015748033
20
-3.9940582677165355
11
5.987971732283464
21
-3.9942129921259841
0
LINE
8
BLACK
6
CONTINUOUS
10
5.987971732283464
20
-3.9942129921259841
11
5.9881816535433066
21
-3.9943532283464567
0
LINE
8
BLACK
6
CONTINUOUS
10
5.9881816535433066
20
-3.9943532283464567
11
5.9891190551181097
21
-3.9952905905511811
0
LINE
8
BLACK
6
CONTINUOUS
10
5.9891190551181097
20
-3.9952905905511811
11
5.9892594488188973
21
-3.9955007086614174
0
LINE
8
BLACK
6
CONTINUOUS
10
5.9892594488188973
20
-3.9955007086614174
11
5.9894140551181101
21
-3.9956999212598423
0
LINE
8
BLACK
6
CONTINUOUS
10
5.9894140551181101
20
-3.9956999212598423
11
5.9903514173228345
21
-3.9975746456692911
0
LINE
8
BLACK
6
CONTINUOUS
10
5.9903514173228345
20
-3.9975746456692911
11
5.9903722440944884
21
-3.997650748031496
0
LINE
8
BLACK
6
CONTINUOUS
10
5.9903722440944884
20
-3.997650748031496
11
5.99039779527559
21
-3.9976762992125985
0
LINE
8
BLACK
6
CONTINUOUS
10
5.99039779527559
20
-3.9976762992125985
11
5.9904470078740157
21
-3.9979238188976378
0
LINE
8
BLACK
6
CONTINUOUS
10
5.9904470078740157
20
-3.9979238188976378
11
5.9905137007874014
21
-3.998167283464567
0
LINE
8
BLACK
6
CONTINUOUS
10
5.9905137007874014
20
-3.998167283464567
11
5.9905022440944879
21
-3.9982015354330707
0
LINE
8
BLACK
6
CONTINUOUS
10
5.9905022440944879
20
-3.9982015354330707
11
5.9905176771653545
21
-3.998278937007874
0
LINE
8
BLACK
6
CONTINUOUS
10
5.9905176771653545
20
-3.998278937007874
11
5.9905176771653545
21
-4.0001537007874015
0
LINE
8
BLACK
6
CONTINUOUS
10
5.9905176771653545
20
-4.0001537007874015
11
5.9905022440944879
21
-4.0002310629921256
0
LINE
8
BLACK
6
CONTINUOUS
10
5.9905022440944879
20
-4.0002310629921256
11
5.9905137007874014
21
-4.0002653543307085
0
LINE
8
BLACK
6
CONTINUOUS
10
5.9905137007874014
20
-4.0002653543307085
11
5.9904470078740157
21
-4.0005087795275589
0
LINE
8
BLACK
6
CONTINUOUS
10
5.9904470078740157
20
-4.0005087795275589
11
5.99039779527559
21
-4.0007563385826774
0
LINE
8
BLACK
6
CONTINUOUS
10
5.99039779527559
20
-4.0007563385826774
11
5.9903722440944884
21
-4.0007818503937003
0
LINE
8
BLACK
6
CONTINUOUS
10
5.9903722440944884
20
-4.0007818503937003
11
5.9903514173228345
21
-4.0008579921259839
0
LINE
8
BLACK
6
CONTINUOUS
10
5.9903514173228345
20
-4.0008579921259839
11
5.9894140551181101
21
-4.0027327165354327
0
LINE
8
BLACK
6
CONTINUOUS
10
5.9894140551181101
20
-4.0027327165354327
11
5.9892594488188973
21
-4.0029318897637793
0
LINE
8
BLACK
6
CONTINUOUS
10
5.9892594488188973
20
-4.0029318897637793
11
5.9891190551181097
21
-4.0031420472440944
0
LINE
8
BLACK
6
CONTINUOUS
10
5.9891190551181097
20
-4.0031420472440944
11
5.9881816535433066
21
-4.0040794094488188
0
LINE
8
BLACK
6
CONTINUOUS
10
5.9881816535433066
20
-4.0040794094488188
11
5.9879718110236215
21
-4.0042195669291338
0
LINE
8
BLACK
6
CONTINUOUS
10
5.9879718110236215
20
-4.0042195669291338
11
5.9877723622047245
21
-4.0043744094488192
0
LINE
8
BLACK
6
CONTINUOUS
10
5.9877723622047245
20
-4.0043744094488192
11
5.985897598425197
21
-4.0053117716535436
0
LINE
8
BLACK
6
CONTINUOUS
10
5.985897598425197
20
-4.0053117716535436
11
5.9857312992125982
21
-4.0053572834645665
0
LINE
8
BLACK
6
CONTINUOUS
10
5.9857312992125982
20
-4.0053572834645665
11
5.9855752755905511
21
-4.0054310236220472
0
LINE
8
BLACK
6
CONTINUOUS
10
5.9855752755905511
20
-4.0054310236220472
11
5.9818257874015748
21
-4.0063684251968503
0
LINE
8
BLACK
6
CONTINUOUS
10
5.9818257874015748
20
-4.0063684251968503
11
5.9816329921259843
21
-4.0063777952755908
0
LINE
8
BLACK
6
CONTINUOUS
10
5.9816329921259843
20
-4.0063777952755908
11
5.9814438188976373
21
-4.0064154330708659
0
LINE
8
BLACK
6
CONTINUOUS
10
5.9814438188976373
20
-4.0064154330708659
11
5.9767568897637791
21
-4.0064154330708659
0
LINE
8
BLACK
6
CONTINUOUS
10
5.9767568897637791
20
-4.0064154330708659
11
5.9765676771653542
21
-4.0063777952755908
0
LINE
8
BLACK
6
CONTINUOUS
10
5.9765676771653542
20
-4.0063777952755908
11
5.9763749212598425
21
-4.0063684251968503
0
LINE
8
BLACK
6
CONTINUOUS
10
5.9763749212598425
20
-4.0063684251968503
11
5.9726253937007874
21
-4.0054310236220472
0
LINE
8
BLACK
6
CONTINUOUS
10
5.9726253937007874
20
-4.0054310236220472
11
5.9724693700787403
21
-4.0053572834645665
0
LINE
8
BLACK
6
CONTINUOUS
10
5.9724693700787403
20
-4.0053572834645665
11
5.9723030708661415
21
-4.0053117716535436
0
LINE
8
BLACK
6
CONTINUOUS
10
5.9723030708661415
20
-4.0053117716535436
11
5.9704283464566927
21
-4.0043744094488192
0
LINE
8
BLACK
6
CONTINUOUS
10
5.9704283464566927
20
-4.0043744094488192
11
5.9702291338582674
21
-4.0042198031496063
0
LINE
8
BLACK
6
CONTINUOUS
10
5.9702291338582674
20
-4.0042198031496063
11
5.9700190157480311
21
-4.0040794094488188
0
LINE
8
BLACK
6
CONTINUOUS
10
5.9700190157480311
20
-4.0040794094488188
11
5.9690816535433067
21
-4.0031420078740156
0
LINE
8
BLACK
6
CONTINUOUS
10
5.9690816535433067
20
-4.0031420078740156
11
5.9689414173228341
21
-4.0029320866141731
0
LINE
8
BLACK
6
CONTINUOUS
10
5.9689414173228341
20
-4.0029320866141731
11
5.9687866929133859
21
-4.0027327559055115
0
LINE
8
BLACK
6
CONTINUOUS
10
5.9687866929133859
20
-4.0027327559055115
11
5.9678492913385828
21
-4.0008579921259839
0
LINE
8
BLACK
6
CONTINUOUS
10
5.9678492913385828
20
-4.0008579921259839
11
5.9678284251968501
21
-4.0007818503937003
0
LINE
8
BLACK
6
CONTINUOUS
10
5.9678284251968501
20
-4.0007818503937003
11
5.9678029133858264
21
-4.0007563385826774
0
LINE
8
BLACK
6
CONTINUOUS
10
5.9678029133858264
20
-4.0007563385826774
11
5.9677536614173228
21
-4.0005087795275589
0
LINE
8
BLACK
6
CONTINUOUS
10
5.9677536614173228
20
-4.0005087795275589
11
5.9676870078740158
21
-4.0002653543307085
0
LINE
8
BLACK
6
CONTINUOUS
10
5.9676870078740158
20
-4.0002653543307085
11
5.9676984251968506
21
-4.0002310629921256
0
LINE
8
BLACK
6
CONTINUOUS
10
5.9676984251968506
20
-4.0002310629921256
11
5.9676830314960627
21
-4.0001537007874015
0
LINE
8
BLACK
6
CONTINUOUS
10
5.9676830314960627
20
-4.0001537007874015
11
5.9676830314960627
21
-3.998278937007874
0
LINE
8
BLACK
6
CONTINUOUS
10
5.9676830314960627
20
-3.998278937007874
11
5.9676984251968506
21
-3.9982015354330707
0
LINE
8
BLACK
6
CONTINUOUS
10
5.9676984251968506
20
-3.9982015354330707
11
5.9676870078740158
21
-3.998167283464567
0
LINE
8
BLACK
6
CONTINUOUS
10
5.9676870078740158
20
-3.998167283464567
11
5.9677536614173228
21
-3.9979238188976378
0
LINE
8
BLACK
6
CONTINUOUS
10
5.9677536614173228
20
-3.9979238188976378
11
5.9678029133858264
21
-3.9976762992125985
0
LINE
8
BLACK
6
CONTINUOUS
10
5.9678029133858264
20
-3.9976762992125985
11
5.9678284251968501
21
-3.997650748031496
0
LINE
8
BLACK
6
CONTINUOUS
10
5.9678284251968501
20
-3.997650748031496
11
5.9678492913385828
21
-3.9975746456692911
0
LINE
8
BLACK
6
CONTINUOUS
10
5.9678492913385828
20
-3.9975746456692911
11
5.9687866929133859
21
-3.9956998818897635
0
LINE
8
BLACK
6
CONTINUOUS
10
5.9687866929133859
20
-3.9956998818897635
11
5.9689415748031491
21
-3.9955002755905511
0
LINE
8
BLACK
6
CONTINUOUS
10
5.9689415748031491
20
-3.9955002755905511
11
5.9690816929133854
21
-3.9952906299212598
0
LINE
8
BLACK
6
CONTINUOUS
10
5.9690816929133854
20
-3.9952906299212598
11
5.9700190551181098
21
-3.9943532677165354
0
LINE
8
BLACK
6
CONTINUOUS
10
5.9700190551181098
20
-3.9943532677165354
11
5.9702287007874011
21
-3.9942131496062991
0
LINE
8
BLACK
6
CONTINUOUS
10
5.9702287007874011
20
-3.9942131496062991
11
5.970428307086614
21
-3.9940582677165355
0
LINE
8
BLACK
6
CONTINUOUS
10
5.970428307086614
20
-3.9940582677165355
11
5.9723030708661415
21
-3.9931208661417323
0
LINE
8
BLACK
6
CONTINUOUS
10
5.9723030708661415
20
-3.9931208661417323
11
5.9724694488188979
21
-3.993075275590551
0
LINE
8
BLACK
6
CONTINUOUS
10
5.9724694488188979
20
-3.993075275590551
11
5.9726254330708661
21
-3.9930016141732283
0
LINE
8
BLACK
6
CONTINUOUS
10
5.9726254330708661
20
-3.9930016141732283
11
5.9763749606299212
21
-3.9920642519685039
0
LINE
8
BLACK
6
CONTINUOUS
10
5.9763749606299212
20
-3.9920642519685039
11
5.9765676771653542
21
-3.9920548425196851
0
LINE
8
BLACK
6
CONTINUOUS
10
5.9765676771653542
20
-3.9920548425196851
11
5.9767568897637791
21
-3.9920172440944879
0
LINE
8
BLACK
6
CONTINUOUS
10
5.9767568897637791
20
-3.9920172440944879
11
5.9814438188976373
21
-3.9920172440944879
0
LINE
8
BLACK
6
CONTINUOUS
10
5.9814438188976373
20
-3.9920172440944879
11
5.9816329921259843
21
-3.9920548425196851
0
LINE
8
BLACK
6
CONTINUOUS
10
5.9735570078740157
20
-3.9960152755905511
11
5.9720653937007873
21
-3.996761062992126
0
LINE
8
BLACK
6
CONTINUOUS
10
5.9720653937007873
20
-3.996761062992126
11
5.9714894881889764
21
-3.9973369685039368
0
LINE
8
BLACK
6
CONTINUOUS
10
5.9714894881889764
20
-3.9973369685039368
11
5.9708326377952758
21
-3.9986507086614171
0
LINE
8
BLACK
6
CONTINUOUS
10
5.9708326377952758
20
-3.9986507086614171
11
5.9708326377952758
21
-3.9997818897637796
0
LINE
8
BLACK
6
CONTINUOUS
10
5.9708326377952758
20
-3.9997818897637796
11
5.9714894881889764
21
-4.0010955905511807
0
LINE
8
BLACK
6
CONTINUOUS
10
5.9714894881889764
20
-4.0010955905511807
11
5.972065433070866
21
-4.0016716141732287
0
LINE
8
BLACK
6
CONTINUOUS
10
5.972065433070866
20
-4.0016716141732287
11
5.9735568503937007
21
-4.0024173228346456
0
LINE
8
BLACK
6
CONTINUOUS
10
5.9735568503937007
20
-4.0024173228346456
11
5.9769507874015746
21
-4.0032658267716537
0
LINE
8
BLACK
6
CONTINUOUS
10
5.9769507874015746
20
-4.0032658267716537
11
5.9812498818897639
21
-4.0032658267716537
0
LINE
8
BLACK
6
CONTINUOUS
10
5.9812498818897639
20
-4.0032658267716537
11
5.9846437795275591
21
-4.0024173228346456
0
LINE
8
BLACK
6
CONTINUOUS
10
5.9846437795275591
20
-4.0024173228346456
11
5.9861352755905513
21
-4.0016715748031499
0
LINE
8
BLACK
6
CONTINUOUS
10
5.9861352755905513
20
-4.0016715748031499
11
5.9867112598425196
21
-4.0010955511811019
0
LINE
8
BLACK
6
CONTINUOUS
10
5.9867112598425196
20
-4.0010955511811019
11
5.9873680708661414
21
-3.9997819685039371
0
LINE
8
BLACK
6
CONTINUOUS
10
5.9873680708661414
20
-3.9997819685039371
11
5.9873680708661414
21
-3.9986506299212596
0
LINE
8
BLACK
6
CONTINUOUS
10
5.9873680708661414
20
-3.9986506299212596
11
5.9867112598425196
21
-3.9973370078740156
0
LINE
8
BLACK
6
CONTINUOUS
10
5.9867112598425196
20
-3.9973370078740156
11
5.9861352362204725
21
-3.996761062992126
0
LINE
8
BLACK
6
CONTINUOUS
10
5.9861352362204725
20
-3.996761062992126
11
5.9846436614173228
21
-3.9960152755905511
0
LINE
8
BLACK
6
CONTINUOUS
10
5.9846436614173228
20
-3.9960152755905511
11
5.9812499212598427
21
-3.9951668503937006
0
LINE
8
BLACK
6
CONTINUOUS
10
5.9812499212598427
20
-3.9951668503937006
11
5.9769507874015746
21
-3.9951668503937006
0
LINE
8
BLACK
6
CONTINUOUS
10
5.9769507874015746
20
-3.9951668503937006
11
5.9735570078740157
21
-3.9960152755905511
0
LINE
8
BLACK
6
CONTINUOUS
10
5.976071771653543
20
-3.9738125984251966
11
5.9764529527559054
21
-3.9749560629921259
0
LINE
8
BLACK
6
CONTINUOUS
10
5.9764529527559054
20
-3.9749560629921259
11
5.9762906692913385
21
-3.9755487007874013
0
LINE
8
BLACK
6
CONTINUOUS
10
5.9762906692913385
20
-3.9755487007874013
11
5.9753533070866141
21
-3.9774234251968501
0
LINE
8
BLACK
6
CONTINUOUS
10
5.9753533070866141
20
-3.9774234251968501
11
5.9751987007874012
21
-3.9776225984251967
0
LINE
8
BLACK
6
CONTINUOUS
10
5.9751987007874012
20
-3.9776225984251967
11
5.9750583070866137
21
-3.9778327559055118
0
LINE
8
BLACK
6
CONTINUOUS
10
5.9750583070866137
20
-3.9778327559055118
11
5.9739971259842521
21
-3.978893897637795
0
LINE
8
BLACK
6
CONTINUOUS
10
5.9739971259842521
20
-3.978893897637795
11
5.9873680708661414
21
-3.978893897637795
0
LINE
8
BLACK
6
CONTINUOUS
10
5.9873680708661414
20
-3.978893897637795
11
5.9873680708661414
21
-3.9748444094488189
0
LINE
8
BLACK
6
CONTINUOUS
10
5.9873680708661414
20
-3.9748444094488189
11
5.9874879527559051
21
-3.9742417716535434
0
LINE
8
BLACK
6
CONTINUOUS
10
5.9874879527559051
20
-3.9742417716535434
11
5.9883402362204725
21
-3.9733894881889764
0
LINE
8
BLACK
6
CONTINUOUS
10
5.9883402362204725
20
-3.9733894881889764
11
5.9895455118110235
21
-3.9733894881889764
0
LINE
8
BLACK
6
CONTINUOUS
10
5.9895455118110235
20
-3.9733894881889764
11
5.99039779527559
21
-3.9742417716535434
0
LINE
8
BLACK
6
CONTINUOUS
10
5.99039779527559
20
-3.9742417716535434
11
5.9905176771653545
21
-3.9748444094488189
0
LINE
8
BLACK
6
CONTINUOUS
10
5.9905176771653545
20
-3.9748444094488189
11
5.9905176771653545
21
-3.9860929921259842
0
LINE
8
BLACK
6
CONTINUOUS
10
5.9905176771653545
20
-3.9860929921259842
11
5.99039779527559
21
-3.9866956299212597
0
LINE
8
BLACK
6
CONTINUOUS
10
5.99039779527559
20
-3.9866956299212597
11
5.9895455118110235
21
-3.9875479133858267
0
LINE
8
BLACK
6
CONTINUOUS
10
5.9895455118110235
20
-3.9875479133858267
11
5.9883402362204725
21
-3.9875479133858267
0
LINE
8
BLACK
6
CONTINUOUS
10
5.9883402362204725
20
-3.9875479133858267
11
5.9874879527559051
21
-3.9866956299212597
0
LINE
8
BLACK
6
CONTINUOUS
10
5.9874879527559051
20
-3.9866956299212597
11
5.9873680708661414
21
-3.9860929921259842
0
LINE
8
BLACK
6
CONTINUOUS
10
5.9873680708661414
20
-3.9860929921259842
11
5.9873680708661414
21
-3.9820435039370077
0
LINE
8
BLACK
6
CONTINUOUS
10
5.9873680708661414
20
-3.9820435039370077
11
5.9692578346456688
21
-3.9820435039370077
0
LINE
8
BLACK
6
CONTINUOUS
10
5.9692578346456688
20
-3.9820435039370077
11
5.9686551968503938
21
-3.981923622047244
0
LINE
8
BLACK
6
CONTINUOUS
10
5.9686551968503938
20
-3.981923622047244
11
5.9685405118110237
21
-3.981808937007874
0
LINE
8
BLACK
6
CONTINUOUS
10
5.9685405118110237
20
-3.981808937007874
11
5.9683815354330712
21
-3.9817771653543308
0
LINE
8
BLACK
6
CONTINUOUS
10
5.9683815354330712
20
-3.9817771653543308
11
5.9681271259842514
21
-3.9813955511811021
0
LINE
8
BLACK
6
CONTINUOUS
10
5.9681271259842514
20
-3.9813955511811021
11
5.9678029133858264
21
-3.981071338582677
0
LINE
8
BLACK
6
CONTINUOUS
10
5.9678029133858264
20
-3.981071338582677
11
5.9678029133858264
21
-3.9809092125984251
0
LINE
8
BLACK
6
CONTINUOUS
10
5.9678029133858264
20
-3.9809092125984251
11
5.9677129921259837
21
-3.9807743307086612
0
LINE
8
BLACK
6
CONTINUOUS
10
5.9677129921259837
20
-3.9807743307086612
11
5.9678029133858264
21
-3.9803246850393701
0
LINE
8
BLACK
6
CONTINUOUS
10
5.9678029133858264
20
-3.9803246850393701
11
5.9678029133858264
21
-3.9798660629921261
0
LINE
8
BLACK
6
CONTINUOUS
10
5.9678029133858264
20
-3.9798660629921261
11
5.9679175590551177
21
-3.979751377952756
0
LINE
8
BLACK
6
CONTINUOUS
10
5.9679175590551177
20
-3.979751377952756
11
5.96794937007874
21
-3.979592401574803
0
LINE
8
BLACK
6
CONTINUOUS
10
5.96794937007874
20
-3.979592401574803
11
5.9683842913385829
21
-3.9791583858267714
0
LINE
8
BLACK
6
CONTINUOUS
10
5.9683842913385829
20
-3.9791583858267714
11
5.9710667322834645
21
-3.9773700787401576
0
LINE
8
BLACK
6
CONTINUOUS
10
5.9710667322834645
20
-3.9773700787401576
11
5.9726505118110236
21
-3.9757862598425198
0
LINE
8
BLACK
6
CONTINUOUS
10
5.9726505118110236
20
-3.9757862598425198
11
5.9734735826771654
21
-3.9741401574803148
0
LINE
8
BLACK
6
CONTINUOUS
10
5.9734735826771654
20
-3.9741401574803148
11
5.9738502755905509
21
-3.9736547637795274
0
LINE
8
BLACK
6
CONTINUOUS
10
5.9738502755905509
20
-3.9736547637795274
11
5.9749937401574797
21
-3.9732735826771655
0
LINE
8
BLACK
6
CONTINUOUS
10
5.9749937401574797
20
-3.9732735826771655
11
5.976071771653543
21
-3.9738125984251966
0
LINE
8
BLACK
6
CONTINUOUS
10
5.9806955905511812
20
-3.9536221653543304
11
5.9808883464566929
21
-3.9536315748031496
0
LINE
8
BLACK
6
CONTINUOUS
10
5.9808883464566929
20
-3.9536315748031496
11
5.984637874015748
21
-3.954568937007874
0
LINE
8
BLACK
6
CONTINUOUS
10
5.984637874015748
20
-3.954568937007874
11
5.9847938188976375
21
-3.9546425984251967
0
LINE
8
BLACK
6
CONTINUOUS
10
5.9847938188976375
20
-3.9546425984251967
11
5.9849602362204726
21
-3.9546881889763781
0
LINE
8
BLACK
6
CONTINUOUS
10
5.9849602362204726
20
-3.9546881889763781
11
5.9868350000000001
21
-3.9556255905511808
0
LINE
8
BLACK
6
CONTINUOUS
10
5.9868350000000001
20
-3.9556255905511808
11
5.9870343307086609
21
-3.9557803149606299
0
LINE
8
BLACK
6
CONTINUOUS
10
5.9870343307086609
20
-3.9557803149606299
11
5.9872442519685034
21
-3.9559205511811024
0
LINE
8
BLACK
6
CONTINUOUS
10
5.9872442519685034
20
-3.9559205511811024
11
5.9891190551181097
21
-3.95779531496063
0
LINE
8
BLACK
6
CONTINUOUS
10
5.9891190551181097
20
-3.95779531496063
11
5.9891628740157481
21
-3.957860905511811
0
LINE
8
BLACK
6
CONTINUOUS
10
5.9891628740157481
20
-3.957860905511811
11
5.9891951968503934
21
-3.957877086614173
0
LINE
8
BLACK
6
CONTINUOUS
10
5.9891951968503934
20
-3.957877086614173
11
5.989320039370079
21
-3.9580961417322835
0
LINE
8
BLACK
6
CONTINUOUS
10
5.989320039370079
20
-3.9580961417322835
11
5.9894604330708656
21
-3.9583062204724411
0
LINE
8
BLACK
6
CONTINUOUS
10
5.9894604330708656
20
-3.9583062204724411
11
5.9894604330708656
21
-3.9583423622047245
0
LINE
8
BLACK
6
CONTINUOUS
10
5.9894604330708656
20
-3.9583423622047245
11
5.9894994881889758
21
-3.9584109055118111
0
LINE
8
BLACK
6
CONTINUOUS
10
5.9894994881889758
20
-3.9584109055118111
11
5.990436889763779
21
-3.961223031496063
0
LINE
8
BLACK
6
CONTINUOUS
10
5.990436889763779
20
-3.961223031496063
11
5.9904684251968501
21
-3.9614736220472442
0
LINE
8
BLACK
6
CONTINUOUS
10
5.9904684251968501
20
-3.9614736220472442
11
5.9905176771653545
21
-3.9617210236220473
0
LINE
8
BLACK
6
CONTINUOUS
10
5.9905176771653545
20
-3.9617210236220473
11
5.9905176771653545
21
-3.9635957874015748
0
LINE
8
BLACK
6
CONTINUOUS
10
5.9905176771653545
20
-3.9635957874015748
11
5.9904684251968501
21
-3.9638431889763779
0
LINE
8
BLACK
6
CONTINUOUS
10
5.9904684251968501
20
-3.9638431889763779
11
5.990436889763779
21
-3.9640937401574803
0
LINE
8
BLACK
6
CONTINUOUS
10
5.990436889763779
20
-3.9640937401574803
11
5.9894994881889758
21
-3.9669059448818897
0
LINE
8
BLACK
6
CONTINUOUS
10
5.9894994881889758
20
-3.9669059448818897
11
5.9894604330708656
21
-3.9669744488188976
0
LINE
8
BLACK
6
CONTINUOUS
10
5.9894604330708656
20
-3.9669744488188976
11
5.9894604330708656
21
-3.9670106299212597
0
LINE
8
BLACK
6
CONTINUOUS
10
5.9894604330708656
20
-3.9670106299212597
11
5.9893199606299214
21
-3.9672207874015748
0
LINE
8
BLACK
6
CONTINUOUS
10
5.9893199606299214
20
-3.9672207874015748
11
5.9891951968503934
21
-3.9674397244094486
0
LINE
8
BLACK
6
CONTINUOUS
10
5.9891951968503934
20
-3.9674397244094486
11
5.9891629133858268
21
-3.9674558267716535
0
LINE
8
BLACK
6
CONTINUOUS
10
5.9891629133858268
20
-3.9674558267716535
11
5.9891190551181097
21
-3.9675215354330708
0
LINE
8
BLACK
6
CONTINUOUS
10
5.9891190551181097
20
-3.9675215354330708
11
5.9881816535433066
21
-3.9684588976377952
0
LINE
8
BLACK
6
CONTINUOUS
10
5.9881816535433066
20
-3.9684588976377952
11
5.9876707480314959
21
-3.9688002362204724
0
LINE
8
BLACK
6
CONTINUOUS
10
5.9876707480314959
20
-3.9688002362204724
11
5.9864654330708662
21
-3.9688001968503936
0
LINE
8
BLACK
6
CONTINUOUS
10
5.9864654330708662
20
-3.9688001968503936
11
5.9856131889763775
21
-3.9679479527559054
0
LINE
8
BLACK
6
CONTINUOUS
10
5.9856131889763775
20
-3.9679479527559054
11
5.9856132283464563
21
-3.9667426377952757
0
LINE
8
BLACK
6
CONTINUOUS
10
5.9856132283464563
20
-3.9667426377952757
11
5.9859545669291334
21
-3.9662317322834646
0
LINE
8
BLACK
6
CONTINUOUS
10
5.9859545669291334
20
-3.9662317322834646
11
5.9866290944881886
21
-3.9655572440944882
0
LINE
8
BLACK
6
CONTINUOUS
10
5.9866290944881886
20
-3.9655572440944882
11
5.9873680708661414
21
-3.9633402755905509
0
LINE
8
BLACK
6
CONTINUOUS
10
5.9873680708661414
20
-3.9633402755905509
11
5.9873680708661414
21
-3.961976496062992
0
LINE
8
BLACK
6
CONTINUOUS
10
5.9873680708661414
20
-3.961976496062992
11
5.9866290944881886
21
-3.9597595669291339
0
LINE
8
BLACK
6
CONTINUOUS
10
5.9866290944881886
20
-3.9597595669291339
11
5.9851978346456693
21
-3.9583283858267717
0
LINE
8
BLACK
6
CONTINUOUS
10
5.9851978346456693
20
-3.9583283858267717
11
5.9837062598425197
21
-3.9575825984251969
0
LINE
8
BLACK
6
CONTINUOUS
10
5.9837062598425197
20
-3.9575825984251969
11
5.9803125196850395
21
-3.9567341732283463
0
LINE
8
BLACK
6
CONTINUOUS
10
5.9803125196850395
20
-3.9567341732283463
11
5.9778881889763777
21
-3.9567341732283463
0
LINE
8
BLACK
6
CONTINUOUS
10
5.9778881889763777
20
-3.9567341732283463
11
5.9744944094488188
21
-3.9575825984251969
0
LINE
8
BLACK
6
CONTINUOUS
10
5.9744944094488188
20
-3.9575825984251969
11
5.9730028346456692
21
-3.958328346456693
0
LINE
8
BLACK
6
CONTINUOUS
10
5.9730028346456692
20
-3.958328346456693
11
5.9715716141732278
21
-3.9597595669291339
0
LINE
8
BLACK
6
CONTINUOUS
10
5.9715716141732278
20
-3.9597595669291339
11
5.9708326377952758
21
-3.9619765354330707
0
LINE
8
BLACK
6
CONTINUOUS
10
5.9708326377952758
20
-3.9619765354330707
11
5.9708326377952758
21
-3.9633402362204722
0
LINE
8
BLACK
6
CONTINUOUS
10
5.9708326377952758
20
-3.9633402362204722
11
5.9715716141732278
21
-3.9655572440944882
0
LINE
8
BLACK
6
CONTINUOUS
10
5.9715716141732278
20
-3.9655572440944882
11
5.972246141732283
21
-3.9662317716535433
0
LINE
8
BLACK
6
CONTINUOUS
10
5.972246141732283
20
-3.9662317716535433
11
5.9725875196850389
21
-3.9667426771653544
0
LINE
8
BLACK
6
CONTINUOUS
10
5.9725875196850389
20
-3.9667426771653544
11
5.9725875196850389
21
-3.9679479527559054
0
LINE
8
BLACK
6
CONTINUOUS
10
5.9725875196850389
20
-3.9679479527559054
11
5.9717352362204723
21
-3.9688002362204724
0
LINE
8
BLACK
6
CONTINUOUS
10
5.9717352362204723
20
-3.9688002362204724
11
5.9705299606299214
21
-3.9688002362204724
0
LINE
8
BLACK
6
CONTINUOUS
10
5.9705299606299214
20
-3.9688002362204724
11
5.9700190551181098
21
-3.9684588582677165
0
LINE
8
BLACK
6
CONTINUOUS
10
5.9700190551181098
20
-3.9684588582677165
11
5.9690816929133854
21
-3.9675214960629921
0
LINE
8
BLACK
6
CONTINUOUS
10
5.9690816929133854
20
-3.9675214960629921
11
5.9690378740157479
21
-3.967455905511811
0
LINE
8
BLACK
6
CONTINUOUS
10
5.9690378740157479
20
-3.967455905511811
11
5.9690055511811027
21
-3.9674397637795273
0
LINE
8
BLACK
6
CONTINUOUS
10
5.9690055511811027
20
-3.9674397637795273
11
5.9688805118110233
21
-3.9672203937007873
0
LINE
8
BLACK
6
CONTINUOUS
10
5.9688805118110233
20
-3.9672203937007873
11
5.9687403149606295
21
-3.967010590551181
0
LINE
8
BLACK
6
CONTINUOUS
10
5.9687403149606295
20
-3.967010590551181
11
5.9687403149606295
21
-3.9669744488188976
0
LINE
8
BLACK
6
CONTINUOUS
10
5.9687403149606295
20
-3.9669744488188976
11
5.9687012598425193
21
-3.9669059448818897
0
LINE
8
BLACK
6
CONTINUOUS
10
5.9687012598425193
20
-3.9669059448818897
11
5.9677638582677162
21
-3.964093779527559
0
LINE
8
BLACK
6
CONTINUOUS
10
5.9677638582677162
20
-3.964093779527559
11
5.9677322834645672
21
-3.9638434645669292
0
LINE
8
BLACK
6
CONTINUOUS
10
5.9677322834645672
20
-3.9638434645669292
11
5.9676830314960627
21
-3.9635957874015748
0
LINE
8
BLACK
6
CONTINUOUS
10
5.9676830314960627
20
-3.9635957874015748
11
5.9676830314960627
21
-3.9617210236220473
0
LINE
8
BLACK
6
CONTINUOUS
10
5.9676830314960627
20
-3.9617210236220473
11
5.9677322834645672
21
-3.9614733070866142
0
LINE
8
BLACK
6
CONTINUOUS
10
5.9677322834645672
20
-3.9614733070866142
11
5.9677638582677162
21
-3.961223031496063
0
LINE
8
BLACK
6
CONTINUOUS
10
5.9677638582677162
20
-3.961223031496063
11
5.9687012598425193
21
-3.9584109055118111
0
LINE
8
BLACK
6
CONTINUOUS
10
5.9687012598425193
20
-3.9584109055118111
11
5.9687403149606295
21
-3.9583423622047245
0
LINE
8
BLACK
6
CONTINUOUS
10
5.9687403149606295
20
-3.9583423622047245
11
5.9687403149606295
21
-3.9583062598425194
0
LINE
8
BLACK
6
CONTINUOUS
10
5.9687403149606295
20
-3.9583062598425194
11
5.9688805118110233
21
-3.9580964173228343
0
LINE
8
BLACK
6
CONTINUOUS
10
5.9688805118110233
20
-3.9580964173228343
11
5.9690055511811027
21
-3.957877086614173
0
LINE
8
BLACK
6
CONTINUOUS
10
5.9690055511811027
20
-3.957877086614173
11
5.9690378740157479
21
-3.957860905511811
0
LINE
8
BLACK
6
CONTINUOUS
10
5.9690378740157479
20
-3.957860905511811
11
5.9690816929133854
21
-3.9577953543307087
0
LINE
8
BLACK
6
CONTINUOUS
10
5.9690816929133854
20
-3.9577953543307087
11
5.9709564173228342
21
-3.9559205905511812
0
LINE
8
BLACK
6
CONTINUOUS
10
5.9709564173228342
20
-3.9559205905511812
11
5.9711663385826768
21
-3.9557802755905511
0
LINE
8
BLACK
6
CONTINUOUS
10
5.9711663385826768
20
-3.9557802755905511
11
5.9713657086614171
21
-3.9556255905511808
0
LINE
8
BLACK
6
CONTINUOUS
10
5.9713657086614171
20
-3.9556255905511808
11
5.9732404724409447
21
-3.9546881889763781
0
LINE
8
BLACK
6
CONTINUOUS
10
5.9732404724409447
20
-3.9546881889763781
11
5.973406850393701
21
-3.9546425984251967
0
LINE
8
BLACK
6
CONTINUOUS
10
5.973406850393701
20
-3.9546425984251967
11
5.9735628346456693
21
-3.954568937007874
0
LINE
8
BLACK
6
CONTINUOUS
10
5.9735628346456693
20
-3.954568937007874
11
5.9773123622047244
21
-3.9536315748031496
0
LINE
8
BLACK
6
CONTINUOUS
10
5.9773123622047244
20
-3.9536315748031496
11
5.9775050787401574
21
-3.9536221653543304
0
LINE
8
BLACK
6
CONTINUOUS
10
5.9775050787401574
20
-3.9536221653543304
11
5.9776942913385822
21
-3.9535845669291336
0
LINE
8
BLACK
6
CONTINUOUS
10
5.9776942913385822
20
-3.9535845669291336
11
5.9805064173228342
21
-3.9535845669291336
0
LINE
8
BLACK
6
CONTINUOUS
10
5.9805064173228342
20
-3.9535845669291336
11
5.9806955905511812
21
-3.9536221653543304
0
LINE
8
BLACK
6
CONTINUOUS
10
6.0053596062992121
20
-3.9388112598425198
11
6.0064249606299214
21
-3.9398766141732282
0
LINE
8
BLACK
6
CONTINUOUS
10
6.0064249606299214
20
-3.9398766141732282
11
6.006574803149606
21
-3.9406299212598426
0
LINE
8
BLACK
6
CONTINUOUS
10
6.006574803149606
20
-3.9406299212598426
11
6.006574803149606
21
-4.0193700787401569
0
LINE
8
BLACK
6
CONTINUOUS
10
6.006574803149606
20
-4.0193700787401569
11
6.0064249606299214
21
-4.0201233858267713
0
LINE
8
BLACK
6
CONTINUOUS
10
6.0064249606299214
20
-4.0201233858267713
11
6.0053596062992121
21
-4.0211887401574806
0
LINE
8
BLACK
6
CONTINUOUS
10
6.0053596062992121
20
-4.0211887401574806
11
6.0046062992125986
21
-4.0213385826771653
0
LINE
8
BLACK
6
CONTINUOUS
10
6.0046062992125986
20
-4.0213385826771653
11
5.9553937007874014
21
-4.0213385826771653
0
LINE
8
BLACK
6
CONTINUOUS
10
5.9553937007874014
20
-4.0213385826771653
11
5.954640393700787
21
-4.0211887401574806
0
LINE
8
BLACK
6
CONTINUOUS
10
5.954640393700787
20
-4.0211887401574806
11
5.9535750393700786
21
-4.0201233858267713
0
LINE
8
BLACK
6
CONTINUOUS
10
5.9535750393700786
20
-4.0201233858267713
11
5.953425196850394
21
-4.0193700787401569
0
LINE
8
BLACK
6
CONTINUOUS
10
5.953425196850394
20
-4.0193700787401569
11
5.953425196850394
21
-3.9406299212598426
0
LINE
8
BLACK
6
CONTINUOUS
10
5.953425196850394
20
-3.9406299212598426
11
5.9535750393700786
21
-3.9398766141732282
0
LINE
8
BLACK
6
CONTINUOUS
10
5.9535750393700786
20
-3.9398766141732282
11
5.954640393700787
21
-3.9388112598425198
0
LINE
8
BLACK
6
CONTINUOUS
10
5.954640393700787
20
-3.9388112598425198
11
5.9553937007874014
21
-3.9386614173228347
0
LINE
8
BLACK
6
CONTINUOUS
10
5.9553937007874014
20
-3.9386614173228347
11
6.0046062992125986
21
-3.9386614173228347
0
LINE
8
BLACK
6
CONTINUOUS
10
6.0046062992125986
20
-3.9386614173228347
11
6.0053596062992121
21
-3.9388112598425198
0
LINE
8
BLACK
6
CONTINUOUS
10
5.9573622047244097
20
-3.9425984251968504
11
5.9573622047244097
21
-4.0174015748031495
0
LINE
8
BLACK
6
CONTINUOUS
10
5.9573622047244097
20
-4.0174015748031495
11
6.0026377952755903
21
-4.0174015748031495
0
LINE
8
BLACK
6
CONTINUOUS
10
6.0026377952755903
20
-4.0174015748031495
11
6.0026377952755903
21
-3.9425984251968504
0
LINE
8
BLACK
6
CONTINUOUS
10
6.0026377952755903
20
-3.9425984251968504
11
5.9573622047244097
21
-3.9425984251968504
0
LINE
8
BLACK
6
CONTINUOUS
10
6.5807127559055116
20
-3.982678188976378
11
6.5808326377952753
21
-3.9832808267716535
0
LINE
8
BLACK
6
CONTINUOUS
10
6.5808326377952753
20
-3.9832808267716535
11
6.5808326377952753
21
-3.994015905511811
0
LINE
8
BLACK
6
CONTINUOUS
10
6.5808326377952753
20
-3.994015905511811
11
6.5983225590551182
21
-3.9865202755905509
0
LINE
8
BLACK
6
CONTINUOUS
10
6.5983225590551182
20
-3.9865202755905509
11
6.5989237007874015
21
-3.9863930708661415
0
LINE
8
BLACK
6
CONTINUOUS
10
6.5989237007874015
20
-3.9863930708661415
11
6.6000427952755905
21
-3.986840708661417
0
LINE
8
BLACK
6
CONTINUOUS
10
6.6000427952755905
20
-3.986840708661417
11
6.6005175590551177
21
-3.9879485433070867
0
LINE
8
BLACK
6
CONTINUOUS
10
6.6005175590551177
20
-3.9879485433070867
11
6.6000699212598422
21
-3.9890676377952756
0
LINE
8
BLACK
6
CONTINUOUS
10
6.6000699212598422
20
-3.9890676377952756
11
6.5995632283464563
21
-3.9894152362204722
0
LINE
8
BLACK
6
CONTINUOUS
10
6.5995632283464563
20
-3.9894152362204722
11
6.5798781889763776
21
-3.9978516535433068
0
LINE
8
BLACK
6
CONTINUOUS
10
6.5798781889763776
20
-3.9978516535433068
11
6.5798651181102361
21
-3.9978544094488186
0
LINE
8
BLACK
6
CONTINUOUS
10
6.5798651181102361
20
-3.9978544094488186
11
6.5798604724409451
21
-3.9978590944881889
0
LINE
8
BLACK
6
CONTINUOUS
10
6.5798604724409451
20
-3.9978590944881889
11
6.579843031496063
21
-3.9978590944881889
0
LINE
8
BLACK
6
CONTINUOUS
10
6.579843031496063
20
-3.9978590944881889
11
6.5792770472440942
21
-3.9979788582677163
0
LINE
8
BLACK
6
CONTINUOUS
10
6.5792770472440942
20
-3.9979788582677163
11
6.5789776377952753
21
-3.9978590944881889
0
LINE
8
BLACK
6
CONTINUOUS
10
6.5789776377952753
20
-3.9978590944881889
11
6.5786551968503932
21
-3.9978590944881889
0
LINE
8
BLACK
6
CONTINUOUS
10
6.5786551968503932
20
-3.9978590944881889
11
6.5784402362204721
21
-3.9976441338582678
0
LINE
8
BLACK
6
CONTINUOUS
10
6.5784402362204721
20
-3.9976441338582678
11
6.5781579527559053
21
-3.9975312204724407
0
LINE
8
BLACK
6
CONTINUOUS
10
6.5781579527559053
20
-3.9975312204724407
11
6.5780309055118105
21
-3.9972348031496061
0
LINE
8
BLACK
6
CONTINUOUS
10
6.5780309055118105
20
-3.9972348031496061
11
6.5778029133858267
21
-3.9970068110236219
0
LINE
8
BLACK
6
CONTINUOUS
10
6.5778029133858267
20
-3.9970068110236219
11
6.5776900393700783
21
-3.9964394881889764
0
LINE
8
BLACK
6
CONTINUOUS
10
6.5776900393700783
20
-3.9964394881889764
11
6.5776831496062993
21
-3.9964233858267715
0
LINE
8
BLACK
6
CONTINUOUS
10
6.5776831496062993
20
-3.9964233858267715
11
6.5776855905511811
21
-3.9964171653543308
0
LINE
8
BLACK
6
CONTINUOUS
10
6.5776855905511811
20
-3.9964171653543308
11
6.577683031496063
21
-3.9964041732283464
0
LINE
8
BLACK
6
CONTINUOUS
10
6.577683031496063
20
-3.9964041732283464
11
6.577683031496063
21
-3.9832808267716535
0
LINE
8
BLACK
6
CONTINUOUS
10
6.577683031496063
20
-3.9832808267716535
11
6.5778029133858267
21
-3.982678188976378
0
LINE
8
BLACK
6
CONTINUOUS
10
6.5778029133858267
20
-3.982678188976378
11
6.5786551968503932
21
-3.981825905511811
0
LINE
8
BLACK
6
CONTINUOUS
10
6.5786551968503932
20
-3.981825905511811
11
6.5798604724409451
21
-3.981825905511811
0
LINE
8
BLACK
6
CONTINUOUS
10
6.5798604724409451
20
-3.981825905511811
11
6.5807127559055116
21
-3.982678188976378
0
LINE
8
BLACK
6
CONTINUOUS
10
6.5995455118110238
20
-3.9640156299212599
11
6.6003977952755903
21
-3.9648679133858269
0
LINE
8
BLACK
6
CONTINUOUS
10
6.6003977952755903
20
-3.9648679133858269
11
6.6003977952755903
21
-3.9660731889763778
0
LINE
8
BLACK
6
CONTINUOUS
10
6.6003977952755903
20
-3.9660731889763778
11
6.5995455118110238
21
-3.9669254724409448
0
LINE
8
BLACK
6
CONTINUOUS
10
6.5995455118110238
20
-3.9669254724409448
11
6.5989428740157479
21
-3.9670453543307085
0
LINE
8
BLACK
6
CONTINUOUS
10
6.5989428740157479
20
-3.9670453543307085
11
6.5911438582677162
21
-3.9670453543307085
0
LINE
8
BLACK
6
CONTINUOUS
10
6.5911438582677162
20
-3.9670453543307085
11
6.5911438582677162
21
-3.9693375590551181
0
LINE
8
BLACK
6
CONTINUOUS
10
6.5911438582677162
20
-3.9693375590551181
11
6.5998459842519681
21
-3.9754290157480314
0
LINE
8
BLACK
6
CONTINUOUS
10
6.5998459842519681
20
-3.9754290157480314
11
6.6002709448818893
21
-3.9758727952755906
0
LINE
8
BLACK
6
CONTINUOUS
10
6.6002709448818893
20
-3.9758727952755906
11
6.6004803937007877
21
-3.9770597637795273
0
LINE
8
BLACK
6
CONTINUOUS
10
6.6004803937007877
20
-3.9770597637795273
11
6.5997892125984254
21
-3.9780471653543308
0
LINE
8
BLACK
6
CONTINUOUS
10
6.5997892125984254
20
-3.9780471653543308
11
6.5986022440944883
21
-3.978256653543307
0
LINE
8
BLACK
6
CONTINUOUS
10
6.5986022440944883
20
-3.978256653543307
11
6.5980398031496064
21
-3.978009251968504
0
LINE
8
BLACK
6
CONTINUOUS
10
6.5980398031496064
20
-3.978009251968504
11
6.5911173228346458
21
-3.9731635433070864
0
LINE
8
BLACK
6
CONTINUOUS
10
6.5911173228346458
20
-3.9731635433070864
11
6.5910731889763774
21
-3.97332468503937
0
LINE
8
BLACK
6
CONTINUOUS
10
6.5910731889763774
20
-3.97332468503937
11
6.5910239763779526
21
-3.9735722440944881
0
LINE
8
BLACK
6
CONTINUOUS
10
6.5910239763779526
20
-3.9735722440944881
11
6.5909984251968501
21
-3.9735977559055118
0
LINE
8
BLACK
6
CONTINUOUS
10
6.5909984251968501
20
-3.9735977559055118
11
6.590977598425197
21
-3.973673897637795
0
LINE
8
BLACK
6
CONTINUOUS
10
6.590977598425197
20
-3.973673897637795
11
6.5900401968503939
21
-3.9755486614173225
0
LINE
8
BLACK
6
CONTINUOUS
10
6.5900401968503939
20
-3.9755486614173225
11
6.589885275590551
21
-3.9757482283464567
0
LINE
8
BLACK
6
CONTINUOUS
10
6.589885275590551
20
-3.9757482283464567
11
6.5897452362204723
21
-3.975957874015748
0
LINE
8
BLACK
6
CONTINUOUS
10
6.5897452362204723
20
-3.975957874015748
11
6.5888078740157479
21
-3.9768953149606299
0
LINE
8
BLACK
6
CONTINUOUS
10
6.5888078740157479
20
-3.9768953149606299
11
6.5885979133858266
21
-3.9770355511811024
0
LINE
8
BLACK
6
CONTINUOUS
10
6.5885979133858266
20
-3.9770355511811024
11
6.5883985433070862
21
-3.9771903149606298
0
LINE
8
BLACK
6
CONTINUOUS
10
6.5883985433070862
20
-3.9771903149606298
11
6.5865237795275586
21
-3.9781276771653542
0
LINE
8
BLACK
6
CONTINUOUS
10
6.5865237795275586
20
-3.9781276771653542
11
6.5864476771653546
21
-3.9781485039370077
0
LINE
8
BLACK
6
CONTINUOUS
10
6.5864476771653546
20
-3.9781485039370077
11
6.5864221653543309
21
-3.9781740551181102
0
LINE
8
BLACK
6
CONTINUOUS
10
6.5864221653543309
20
-3.9781740551181102
11
6.5861744488188974
21
-3.9782233070866142
0
LINE
8
BLACK
6
CONTINUOUS
10
6.5861744488188974
20
-3.9782233070866142
11
6.5859311417322832
21
-3.9782899606299211
0
LINE
8
BLACK
6
CONTINUOUS
10
6.5859311417322832
20
-3.9782899606299211
11
6.5858968897637791
21
-3.9782785433070864
0
LINE
8
BLACK
6
CONTINUOUS
10
6.5858968897637791
20
-3.9782785433070864
11
6.585819527559055
21
-3.9782939370078738
0
LINE
8
BLACK
6
CONTINUOUS
10
6.585819527559055
20
-3.9782939370078738
11
6.5830073622047243
21
-3.9782939370078738
0
LINE
8
BLACK
6
CONTINUOUS
10
6.5830073622047243
20
-3.9782939370078738
11
6.5829299606299214
21
-3.9782785039370077
0
LINE
8
BLACK
6
CONTINUOUS
10
6.5829299606299214
20
-3.9782785039370077
11
6.5828957086614173
21
-3.9782899606299211
0
LINE
8
BLACK
6
CONTINUOUS
10
6.5828957086614173
20
-3.9782899606299211
11
6.5826522440944881
21
-3.9782232677165354
0
LINE
8
BLACK
6
CONTINUOUS
10
6.5826522440944881
20
-3.9782232677165354
11
6.5824047244094483
21
-3.9781740551181102
0
LINE
8
BLACK
6
CONTINUOUS
10
6.5824047244094483
20
-3.9781740551181102
11
6.5823791732283459
21
-3.9781485039370077
0
LINE
8
BLACK
6
CONTINUOUS
10
6.5823791732283459
20
-3.9781485039370077
11
6.5823030708661419
21
-3.9781276771653542
0
LINE
8
BLACK
6
CONTINUOUS
10
6.5823030708661419
20
-3.9781276771653542
11
6.5804283464566931
21
-3.9771903149606298
0
LINE
8
BLACK
6
CONTINUOUS
10
6.5804283464566931
20
-3.9771903149606298
11
6.5802291338582677
21
-3.9770357086614174
0
LINE
8
BLACK
6
CONTINUOUS
10
6.5802291338582677
20
-3.9770357086614174
11
6.5800190157480314
21
-3.9768953149606299
0
LINE
8
BLACK
6
CONTINUOUS
10
6.5800190157480314
20
-3.9768953149606299
11
6.579081653543307
21
-3.9759579133858267
0
LINE
8
BLACK
6
CONTINUOUS
10
6.579081653543307
20
-3.9759579133858267
11
6.5789414173228344
21
-3.9757479921259842
0
LINE
8
BLACK
6
CONTINUOUS
10
6.5789414173228344
20
-3.9757479921259842
11
6.5787866929133854
21
-3.9755486614173225
0
LINE
8
BLACK
6
CONTINUOUS
10
6.5787866929133854
20
-3.9755486614173225
11
6.5778492913385822
21
-3.973673897637795
0
LINE
8
BLACK
6
CONTINUOUS
10
6.5778492913385822
20
-3.973673897637795
11
6.5778284251968504
21
-3.9735977559055118
0
LINE
8
BLACK
6
CONTINUOUS
10
6.5778284251968504
20
-3.9735977559055118
11
6.5778029133858267
21
-3.9735722440944881
0
LINE
8
BLACK
6
CONTINUOUS
10
6.5778029133858267
20
-3.9735722440944881
11
6.5777536614173231
21
-3.97332468503937
0
LINE
8
BLACK
6
CONTINUOUS
10
6.5777536614173231
20
-3.97332468503937
11
6.5776870078740153
21
-3.9730812598425196
0
LINE
8
BLACK
6
CONTINUOUS
10
6.5776870078740153
20
-3.9730812598425196
11
6.57769842519685
21
-3.9730469685039371
0
LINE
8
BLACK
6
CONTINUOUS
10
6.57769842519685
20
-3.9730469685039371
11
6.577683031496063
21
-3.9729696062992126
0
LINE
8
BLACK
6
CONTINUOUS
10
6.577683031496063
20
-3.9729696062992126
11
6.577683031496063
21
-3.9654705511811024
0
LINE
8
BLACK
6
CONTINUOUS
10
6.577683031496063
20
-3.9654705511811024
11
6.5778029133858267
21
-3.9648679133858269
0
LINE
8
BLACK
6
CONTINUOUS
10
6.5778029133858267
20
-3.9648679133858269
11
6.5786551968503932
21
-3.9640156299212599
0
LINE
8
BLACK
6
CONTINUOUS
10
6.5786551968503932
20
-3.9640156299212599
11
6.5792578346456692
21
-3.9638957480314958
0
LINE
8
BLACK
6
CONTINUOUS
10
6.5792578346456692
20
-3.9638957480314958
11
6.5989428740157479
21
-3.9638957480314958
0
LINE
8
BLACK
6
CONTINUOUS
10
6.5989428740157479
20
-3.9638957480314958
11
6.5995455118110238
21
-3.9640156299212599
0
LINE
8
BLACK
6
CONTINUOUS
10
6.5808326377952753
20
-3.9725977952755906
11
6.5814894881889758
21
-3.9739114960629922
0
LINE
8
BLACK
6
CONTINUOUS
10
6.5814894881889758
20
-3.9739114960629922
11
6.5820654330708663
21
-3.9744875196850393
0
LINE
8
BLACK
6
CONTINUOUS
10
6.5820654330708663
20
-3.9744875196850393
11
6.5833790944881887
21
-3.9751443307086611
0
LINE
8
BLACK
6
CONTINUOUS
10
6.5833790944881887
20
-3.9751443307086611
11
6.5854477952755905
21
-3.9751443307086611
0
LINE
8
BLACK
6
CONTINUOUS
10
6.5854477952755905
20
-3.9751443307086611
11
6.5867613779527554
21
-3.9744875196850393
0
LINE
8
BLACK
6
CONTINUOUS
10
6.5867613779527554
20
-3.9744875196850393
11
6.5873373622047247
21
-3.9739114960629922
0
LINE
8
BLACK
6
CONTINUOUS
10
6.5873373622047247
20
-3.9739114960629922
11
6.587994251968504
21
-3.9725977952755906
0
LINE
8
BLACK
6
CONTINUOUS
10
6.587994251968504
20
-3.9725977952755906
11
6.587994251968504
21
-3.9670453543307085
0
LINE
8
BLACK
6
CONTINUOUS
10
6.587994251968504
20
-3.9670453543307085
11
6.5808326377952753
21
-3.9670453543307085
0
LINE
8
BLACK
6
CONTINUOUS
10
6.5808326377952753
20
-3.9670453543307085
11
6.5808326377952753
21
-3.9725977952755906
0
LINE
8
BLACK
6
CONTINUOUS
10
6.6153596062992124
20
-3.9388112598425198
11
6.6164249606299208
21
-3.9398766141732282
0
LINE
8
BLACK
6
CONTINUOUS
10
6.6164249606299208
20
-3.9398766141732282
11
6.6165748031496063
21
-3.9406299212598426
0
LINE
8
BLACK
6
CONTINUOUS
10
6.6165748031496063
20
-3.9406299212598426
11
6.6165748031496063
21
-4.0193700787401569
0
LINE
8
BLACK
6
CONTINUOUS
10
6.6165748031496063
20
-4.0193700787401569
11
6.6164249606299208
21
-4.0201233858267713
0
LINE
8
BLACK
6
CONTINUOUS
10
6.6164249606299208
20
-4.0201233858267713
11
6.6153596062992124
21
-4.0211887401574806
0
LINE
8
BLACK
6
CONTINUOUS
10
6.6153596062992124
20
-4.0211887401574806
11
6.614606299212598
21
-4.0213385826771653
0
LINE
8
BLACK
6
CONTINUOUS
10
6.614606299212598
20
-4.0213385826771653
11
6.5653937007874017
21
-4.0213385826771653
0
LINE
8
BLACK
6
CONTINUOUS
10
6.5653937007874017
20
-4.0213385826771653
11
6.5646403937007873
21
-4.0211887401574806
0
LINE
8
BLACK
6
CONTINUOUS
10
6.5646403937007873
20
-4.0211887401574806
11
6.5635750393700789
21
-4.0201233858267713
0
LINE
8
BLACK
6
CONTINUOUS
10
6.5635750393700789
20
-4.0201233858267713
11
6.5634251968503934
21
-4.0193700787401569
0
LINE
8
BLACK
6
CONTINUOUS
10
6.5634251968503934
20
-4.0193700787401569
11
6.5634251968503934
21
-3.9406299212598426
0
LINE
8
BLACK
6
CONTINUOUS
10
6.5634251968503934
20
-3.9406299212598426
11
6.5635750393700789
21
-3.9398766141732282
0
LINE
8
BLACK
6
CONTINUOUS
10
6.5635750393700789
20
-3.9398766141732282
11
6.5646403937007873
21
-3.9388112598425198
0
LINE
8
BLACK
6
CONTINUOUS
10
6.5646403937007873
20
-3.9388112598425198
11
6.5653937007874017
21
-3.9386614173228347
0
LINE
8
BLACK
6
CONTINUOUS
10
6.5653937007874017
20
-3.9386614173228347
11
6.614606299212598
21
-3.9386614173228347
0
LINE
8
BLACK
6
CONTINUOUS
10
6.614606299212598
20
-3.9386614173228347
11
6.6153596062992124
21
-3.9388112598425198
0
LINE
8
BLACK
6
CONTINUOUS
10
6.5673622047244091
20
-3.9425984251968504
11
6.5673622047244091
21
-4.0174015748031495
0
LINE
8
BLACK
6
CONTINUOUS
10
6.5673622047244091
20
-4.0174015748031495
11
6.6126377952755906
21
-4.0174015748031495
0
LINE
8
BLACK
6
CONTINUOUS
10
6.6126377952755906
20
-4.0174015748031495
11
6.6126377952755906
21
-3.9425984251968504
0
LINE
8
BLACK
6
CONTINUOUS
10
6.6126377952755906
20
-3.9425984251968504
11
6.5673622047244091
21
-3.9425984251968504
0
LINE
8
BLACK
6
CONTINUOUS
10
6.1041170078740157
20
-3.9803073228346455
11
6.1046903149606297
21
-3.9803073228346455
0
LINE
8
BLACK
6
CONTINUOUS
10
6.1046903149606297
20
-3.9803073228346455
11
6.1048336220472441
21
-3.9804506299212599
0
LINE
8
BLACK
6
CONTINUOUS
10
6.1048336220472441
20
-3.9804506299212599
11
6.1050323622047244
21
-3.9804903937007872
0
LINE
8
BLACK
6
CONTINUOUS
10
6.1050323622047244
20
-3.9804903937007872
11
6.1053502755905509
21
-3.9809672834645666
0
LINE
8
BLACK
6
CONTINUOUS
10
6.1053502755905509
20
-3.9809672834645666
11
6.1057556692913382
21
-3.9813726771653544
0
LINE
8
BLACK
6
CONTINUOUS
10
6.1057556692913382
20
-3.9813726771653544
11
6.1058131102362205
21
-3.9816615354330707
0
LINE
8
BLACK
6
CONTINUOUS
10
6.1058131102362205
20
-3.9816615354330707
11
6.1058680708661415
21
-3.9817439763779525
0
LINE
8
BLACK
6
CONTINUOUS
10
6.1058680708661415
20
-3.9817439763779525
11
6.1058487401574801
21
-3.9818405905511809
0
LINE
8
BLACK
6
CONTINUOUS
10
6.1058487401574801
20
-3.9818405905511809
11
6.1059055118110237
21
-3.9821259842519683
0
LINE
8
BLACK
6
CONTINUOUS
10
6.1059055118110237
20
-3.9821259842519683
11
6.1059055118110237
21
-3.9880314960629919
0
LINE
8
BLACK
6
CONTINUOUS
10
6.1059055118110237
20
-3.9880314960629919
11
6.1098425196850394
21
-3.9880314960629919
0
LINE
8
BLACK
6
CONTINUOUS
10
6.1098425196850394
20
-3.9880314960629919
11
6.1105958267716538
21
-3.988181338582677
0
LINE
8
BLACK
6
CONTINUOUS
10
6.1105958267716538
20
-3.988181338582677
11
6.1116611811023622
21
-3.9892466929133858
0
LINE
8
BLACK
6
CONTINUOUS
10
6.1116611811023622
20
-3.9892466929133858
11
6.1116611811023622
21
-3.9907533070866141
0
LINE
8
BLACK
6
CONTINUOUS
10
6.1116611811023622
20
-3.9907533070866141
11
6.1105958267716538
21
-3.9918186614173226
0
LINE
8
BLACK
6
CONTINUOUS
10
6.1105958267716538
20
-3.9918186614173226
11
6.1098425196850394
21
-3.9919685039370076
0
LINE
8
BLACK
6
CONTINUOUS
10
6.1098425196850394
20
-3.9919685039370076
11
6.1059055118110237
21
-3.9919685039370076
0
LINE
8
BLACK
6
CONTINUOUS
10
6.1059055118110237
20
-3.9919685039370076
11
6.1059055118110237
21
-3.9978740157480313
0
LINE
8
BLACK
6
CONTINUOUS
10
6.1059055118110237
20
-3.9978740157480313
11
6.1058487401574801
21
-3.9981593700787399
0
LINE
8
BLACK
6
CONTINUOUS
10
6.1058487401574801
20
-3.9981593700787399
11
6.1058680708661415
21
-3.998256023622047
0
LINE
8
BLACK
6
CONTINUOUS
10
6.1058680708661415
20
-3.998256023622047
11
6.1058131102362205
21
-3.9983384251968501
0
LINE
8
BLACK
6
CONTINUOUS
10
6.1058131102362205
20
-3.9983384251968501
11
6.1057556692913382
21
-3.9986273228346456
0
LINE
8
BLACK
6
CONTINUOUS
10
6.1057556692913382
20
-3.9986273228346456
11
6.1053502755905509
21
-3.9990326771653542
0
LINE
8
BLACK
6
CONTINUOUS
10
6.1053502755905509
20
-3.9990326771653542
11
6.1050323622047244
21
-3.9995096062992124
0
LINE
8
BLACK
6
CONTINUOUS
10
6.1050323622047244
20
-3.9995096062992124
11
6.1048336220472441
21
-3.9995493307086614
0
LINE
8
BLACK
6
CONTINUOUS
10
6.1048336220472441
20
-3.9995493307086614
11
6.1046903149606297
21
-3.999692677165354
0
LINE
8
BLACK
6
CONTINUOUS
10
6.1046903149606297
20
-3.999692677165354
11
6.1041170078740157
21
-3.999692677165354
0
LINE
8
BLACK
6
CONTINUOUS
10
6.1041170078740157
20
-3.999692677165354
11
6.1035550000000001
21
-3.9998050787401573
0
LINE
8
BLACK
6
CONTINUOUS
10
6.1035550000000001
20
-3.9998050787401573
11
6.1032828346456691
21
-3.999692677165354
0
LINE
8
BLACK
6
CONTINUOUS
10
6.1032828346456691
20
-3.999692677165354
11
6.103183700787401
21
-3.999692677165354
0
LINE
8
BLACK
6
CONTINUOUS
10
6.103183700787401
20
-3.999692677165354
11
6.1031139370078735
21
-3.9996229133858265
0
LINE
8
BLACK
6
CONTINUOUS
10
6.1031139370078735
20
-3.9996229133858265
11
6.1028450787401569
21
-3.9995118897637796
0
LINE
8
BLACK
6
CONTINUOUS
10
6.1028450787401569
20
-3.9995118897637796
11
6.0940944881889765
21
-3.9936781889763777
0
LINE
8
BLACK
6
CONTINUOUS
10
6.0940944881889765
20
-3.9936781889763777
11
6.0940944881889765
21
-3.9978740157480313
0
LINE
8
BLACK
6
CONTINUOUS
10
6.0940944881889765
20
-3.9978740157480313
11
6.0939446456692909
21
-3.9986273228346456
0
LINE
8
BLACK
6
CONTINUOUS
10
6.0939446456692909
20
-3.9986273228346456
11
6.0928792913385825
21
-3.999692677165354
0
LINE
8
BLACK
6
CONTINUOUS
10
6.0928792913385825
20
-3.999692677165354
11
6.0913726771653538
21
-3.999692677165354
0
LINE
8
BLACK
6
CONTINUOUS
10
6.0913726771653538
20
-3.999692677165354
11
6.0903073228346454
21
-3.9986273228346456
0
LINE
8
BLACK
6
CONTINUOUS
10
6.0903073228346454
20
-3.9986273228346456
11
6.0901574803149607
21
-3.9978740157480313
0
LINE
8
BLACK
6
CONTINUOUS
10
6.0901574803149607
20
-3.9978740157480313
11
6.0901574803149607
21
-3.9919685039370076
0
LINE
8
BLACK
6
CONTINUOUS
10
6.0901574803149607
20
-3.9919685039370076
11
6.086220472440945
21
-3.9919685039370076
0
LINE
8
BLACK
6
CONTINUOUS
10
6.086220472440945
20
-3.9919685039370076
11
6.0854671653543306
21
-3.9918186614173226
0
LINE
8
BLACK
6
CONTINUOUS
10
6.0854671653543306
20
-3.9918186614173226
11
6.0844018110236222
21
-3.9907533070866141
0
LINE
8
BLACK
6
CONTINUOUS
10
6.0844018110236222
20
-3.9907533070866141
11
6.0844018110236222
21
-3.9892466929133858
0
LINE
8
BLACK
6
CONTINUOUS
10
6.0844018110236222
20
-3.9892466929133858
11
6.0854671653543306
21
-3.988181338582677
0
LINE
8
BLACK
6
CONTINUOUS
10
6.0854671653543306
20
-3.988181338582677
11
6.086220472440945
21
-3.9880314960629919
0
LINE
8
BLACK
6
CONTINUOUS
10
6.086220472440945
20
-3.9880314960629919
11
6.0901574803149607
21
-3.9880314960629919
0
LINE
8
BLACK
6
CONTINUOUS
10
6.0901574803149607
20
-3.9880314960629919
11
6.0901574803149607
21
-3.9821259842519683
0
LINE
8
BLACK
6
CONTINUOUS
10
6.0901574803149607
20
-3.9821259842519683
11
6.0903073228346454
21
-3.9813726771653544
0
LINE
8
BLACK
6
CONTINUOUS
10
6.0903073228346454
20
-3.9813726771653544
11
6.0913726771653538
21
-3.9803073228346455
0
LINE
8
BLACK
6
CONTINUOUS
10
6.0913726771653538
20
-3.9803073228346455
11
6.0928792913385825
21
-3.9803073228346455
0
LINE
8
BLACK
6
CONTINUOUS
10
6.0928792913385825
20
-3.9803073228346455
11
6.0939446456692909
21
-3.9813726771653544
0
LINE
8
BLACK
6
CONTINUOUS
10
6.0939446456692909
20
-3.9813726771653544
11
6.0940944881889765
21
-3.9821259842519683
0
LINE
8
BLACK
6
CONTINUOUS
10
6.0940944881889765
20
-3.9821259842519683
11
6.0940944881889765
21
-3.9863217716535431
0
LINE
8
BLACK
6
CONTINUOUS
10
6.0940944881889765
20
-3.9863217716535431
11
6.1028450787401569
21
-3.9804881102362204
0
LINE
8
BLACK
6
CONTINUOUS
10
6.1028450787401569
20
-3.9804881102362204
11
6.1031139370078735
21
-3.9803770472440942
0
LINE
8
BLACK
6
CONTINUOUS
10
6.1031139370078735
20
-3.9803770472440942
11
6.103183700787401
21
-3.9803073228346455
0
LINE
8
BLACK
6
CONTINUOUS
10
6.103183700787401
20
-3.9803073228346455
11
6.1032828346456691
21
-3.9803073228346455
0
LINE
8
BLACK
6
CONTINUOUS
10
6.1032828346456691
20
-3.9803073228346455
11
6.1035550000000001
21
-3.9801949212598426
0
LINE
8
BLACK
6
CONTINUOUS
10
6.1035550000000001
20
-3.9801949212598426
11
6.1041170078740157
21
-3.9803073228346455
0
LINE
8
BLACK
6
CONTINUOUS
10
6.0956747637795274
20
-3.9899999999999998
11
6.101968503937008
21
-3.9941957874015745
0
LINE
8
BLACK
6
CONTINUOUS
10
6.101968503937008
20
-3.9941957874015745
11
6.101968503937008
21
-3.9858041732283462
0
LINE
8
BLACK
6
CONTINUOUS
10
6.101968503937008
20
-3.9858041732283462
11
6.0956747637795274
21
-3.9899999999999998
0
LINE
8
BLACK
6
CONTINUOUS
10
6.1263438582677168
20
-3.9704648031496061
11
6.1274092125984252
21
-3.971530157480315
0
LINE
8
BLACK
6
CONTINUOUS
10
6.1274092125984252
20
-3.971530157480315
11
6.1275590551181098
21
-3.9722834645669289
0
LINE
8
BLACK
6
CONTINUOUS
10
6.1275590551181098
20
-3.9722834645669289
11
6.1275590551181098
21
-4.0077165354330706
0
LINE
8
BLACK
6
CONTINUOUS
10
6.1275590551181098
20
-4.0077165354330706
11
6.1274092125984252
21
-4.008469842519685
0
LINE
8
BLACK
6
CONTINUOUS
10
6.1274092125984252
20
-4.008469842519685
11
6.1263438582677168
21
-4.0095351968503934
0
LINE
8
BLACK
6
CONTINUOUS
10
6.1263438582677168
20
-4.0095351968503934
11
6.1255905511811024
21
-4.0096850393700789
0
LINE
8
BLACK
6
CONTINUOUS
10
6.1255905511811024
20
-4.0096850393700789
11
6.0744094488188978
21
-4.0096850393700789
0
LINE
8
BLACK
6
CONTINUOUS
10
6.0744094488188978
20
-4.0096850393700789
11
6.0736561417322834
21
-4.0095351968503934
0
LINE
8
BLACK
6
CONTINUOUS
10
6.0736561417322834
20
-4.0095351968503934
11
6.072590787401575
21
-4.008469842519685
0
LINE
8
BLACK
6
CONTINUOUS
10
6.072590787401575
20
-4.008469842519685
11
6.0724409448818895
21
-4.0077165354330706
0
LINE
8
BLACK
6
CONTINUOUS
10
6.0724409448818895
20
-4.0077165354330706
11
6.0724409448818895
21
-3.9722834645669289
0
LINE
8
BLACK
6
CONTINUOUS
10
6.0724409448818895
20
-3.9722834645669289
11
6.072590787401575
21
-3.971530157480315
0
LINE
8
BLACK
6
CONTINUOUS
10
6.072590787401575
20
-3.971530157480315
11
6.0736561417322834
21
-3.9704648031496061
0
LINE
8
BLACK
6
CONTINUOUS
10
6.0736561417322834
20
-3.9704648031496061
11
6.0744094488188978
21
-3.9703149606299211
0
LINE
8
BLACK
6
CONTINUOUS
10
6.0744094488188978
20
-3.9703149606299211
11
6.1255905511811024
21
-3.9703149606299211
0
LINE
8
BLACK
6
CONTINUOUS
10
6.1255905511811024
20
-3.9703149606299211
11
6.1263438582677168
21
-3.9704648031496061
0
LINE
8
BLACK
6
CONTINUOUS
10
6.0763779527559052
20
-3.9742519685039368
11
6.0763779527559052
21
-4.0057480314960632
0
LINE
8
BLACK
6
CONTINUOUS
10
6.0763779527559052
20
-4.0057480314960632
11
6.1236220472440941
21
-4.0057480314960632
0
LINE
8
BLACK
6
CONTINUOUS
10
6.1236220472440941
20
-4.0057480314960632
11
6.1236220472440941
21
-3.9742519685039368
0
LINE
8
BLACK
6
CONTINUOUS
10
6.1236220472440941
20
-3.9742519685039368
11
6.0763779527559052
21
-3.9742519685039368
0
CIRCLE
8
BLACK
10
6.71
20
-4.1647244094488185
40
0.0068897637795276
0
CIRCLE
8
BLACK
10
6.8099999999999996
20
-4.1647244094488185
40
0.0068897637795276
0
CIRCLE
8
BLACK
10
6.71
20
-3.9647244094488188
40
0.0068897637795276
0
CIRCLE
8
BLACK
10
6.8099999999999996
20
-3.9647244094488188
40
0.0068897637795276
0
CIRCLE
8
BLACK
10
6.71
20
-4.0647244094488189
40
0.0068897637795276
0
CIRCLE
8
BLACK
10
6.8099999999999996
20
-4.0647244094488189
40
0.0068897637795276
0
CIRCLE
8
BLACK
10
6.71
20
-4.264724409448819
40
0.0068897637795276
0
CIRCLE
8
BLACK
10
6.8099999999999996
20
-4.264724409448819
40
0.0068897637795276
0
CIRCLE
8
BLACK
10
6.71
20
-4.3647244094488187
40
0.0068897637795276
0
CIRCLE
8
BLACK
10
6.8099999999999996
20
-4.3647244094488187
40
0.0068897637795276
  0
ENDSEC
  0
EOF
