  0
SECTION
  2
HEADER
  9
$ANGBASE
  50
0.0
  9
$ANGDIR
  70
1
  9
$MEASUREMENT
  70
0
  0
ENDSEC
  0
SECTION
  2
TABLES
  0
TABLE
  2
LTYPE
  70
4
  0
LTYPE
  5
40F
  2
CONTINUOUS
  70
0
  3
Solid line
  72
65
  73
0
  40
0.0
  0
LTYPE
  5
410
  2
DASHDOT
 70
0
  3
Dash Dot ____ _ ____ _
 72
65
 73
4
 40
2.0
 49
1.25
 49
-0.25
 49
0.25
 49
-0.25
  0
LTYPE
  5
411
  2
DASHED
 70
0
  3
Dashed __ __ __ __ __
 72
65
 73
2
 40
0.75
 49
0.5
 49
-0.25
  0
LTYPE
  5
43B
  2
DOTTED
 70
0
  3
Dotted .  .  .  .
 72
65
 73
2
 40
0.2
 49
0.0
 49
-0.2
  0
ENDTAB
  0
TABLE
  2
STYLE
  70
4
  0
STYLE
  2
KICAD
  70
0
  40
0
  41
1
  42
1
  50
0
  71
0
  3
isocp.shx
  0
STYLE
  2
KICADB
  70
0
  40
0
  41
1
  42
1
  50
0
  71
0
  3
isocp.shx
  0
STYLE
  2
KICADI
  70
0
  40
0
  41
1
  42
1
  50
15
  71
0
  3
isocp.shx
  0
STYLE
  2
KICADBI
  70
0
  40
0
  41
1
  42
1
  50
15
  71
0
  3
isocp.shx
  0
ENDTAB
  0
TABLE
  2
LAYER
  70
1
  0
LAYER
  2
BLACK
  70
0
  62
7
  6
CONTINUOUS
  0
ENDTAB
  0
ENDSEC
  0
SECTION
  2
ENTITIES
0
LINE
8
BLACK
6
CONTINUOUS
10
6.7400000000000002
20
-4.2568503937007875
11
6.7800000000000002
21
-4.2568503937007875
0
LINE
8
BLACK
6
CONTINUOUS
10
6.7800000000000002
20
-4.2568503937007875
11
6.7800000000000002
21
-4.2347244094488188
0
LINE
8
BLACK
6
CONTINUOUS
10
6.7800000000000002
20
-4.2347244094488188
11
6.8399999999999999
21
-4.2347244094488188
0
LINE
8
BLACK
6
CONTINUOUS
10
6.8399999999999999
20
-4.2347244094488188
11
6.8399999999999999
21
-4.2947244094488184
0
LINE
8
BLACK
6
CONTINUOUS
10
6.8399999999999999
20
-4.2947244094488184
11
6.7800000000000002
21
-4.2947244094488184
0
LINE
8
BLACK
6
CONTINUOUS
10
6.7800000000000002
20
-4.2947244094488184
11
6.7800000000000002
21
-4.2725984251968505
0
LINE
8
BLACK
6
CONTINUOUS
10
6.7800000000000002
20
-4.2725984251968505
11
6.7400000000000002
21
-4.2725984251968505
0
LINE
8
BLACK
6
CONTINUOUS
10
6.7400000000000002
20
-4.2725984251968505
11
6.7400000000000002
21
-4.2947244094488184
0
LINE
8
BLACK
6
CONTINUOUS
10
6.7400000000000002
20
-4.2947244094488184
11
6.6799999999999997
21
-4.2947244094488184
0
LINE
8
BLACK
6
CONTINUOUS
10
6.6799999999999997
20
-4.2947244094488184
11
6.6799999999999997
21
-4.2725984251968505
0
LINE
8
BLACK
6
CONTINUOUS
10
6.6799999999999997
20
-4.2725984251968505
11
6.5685370866141728
21
-4.2725984251968505
0
LINE
8
BLACK
6
CONTINUOUS
10
6.5685370866141728
20
-4.2725984251968505
11
6.5555679133858265
21
-4.2855675590551181
0
LINE
8
BLACK
6
CONTINUOUS
10
6.5555679133858265
20
-4.2855675590551181
11
6.5555677559055114
21
-4.2855677952755906
0
LINE
8
BLACK
6
CONTINUOUS
10
6.5555677559055114
20
-4.2855677952755906
11
6.4655677559055116
21
-4.3755677559055117
0
LINE
8
BLACK
6
CONTINUOUS
10
6.4655677559055116
20
-4.3755677559055117
11
6.4643745669291341
21
-4.3765470078740156
0
LINE
8
BLACK
6
CONTINUOUS
10
6.4643745669291341
20
-4.3765470078740156
11
6.4615361417322834
21
-4.3777227165354331
0
LINE
8
BLACK
6
CONTINUOUS
10
6.4615361417322834
20
-4.3777227165354331
11
6.46
21
-4.3778740157480316
0
LINE
8
BLACK
6
CONTINUOUS
10
6.46
20
-4.3778740157480316
11
5.4332615354330711
21
-4.3778740157480316
0
LINE
8
BLACK
6
CONTINUOUS
10
5.4332615354330711
20
-4.3778740157480316
11
5.39630594488189
21
-4.414829566929134
0
LINE
8
BLACK
6
CONTINUOUS
10
5.39630594488189
20
-4.414829566929134
11
5.3951127559055116
21
-4.4158088188976379
0
LINE
8
BLACK
6
CONTINUOUS
10
5.3951127559055116
20
-4.4158088188976379
11
5.3922743307086609
21
-4.4169845275590554
0
LINE
8
BLACK
6
CONTINUOUS
10
5.3922743307086609
20
-4.4169845275590554
11
5.3907381889763775
21
-4.4171358267716538
0
LINE
8
BLACK
6
CONTINUOUS
10
5.3907381889763775
20
-4.4171358267716538
11
4.7999999999999998
21
-4.4171358267716538
0
LINE
8
BLACK
6
CONTINUOUS
10
4.7999999999999998
20
-4.4171358267716538
11
4.7984638582677164
21
-4.4169845275590554
0
LINE
8
BLACK
6
CONTINUOUS
10
4.7984638582677164
20
-4.4169845275590554
11
4.7963340944881887
21
-4.4161023622047244
0
LINE
8
BLACK
6
CONTINUOUS
10
4.7963340944881887
20
-4.4161023622047244
11
4.7922834645669292
21
-4.4161023622047244
0
LINE
8
BLACK
6
CONTINUOUS
10
4.7922834645669292
20
-4.4161023622047244
11
4.7885168897637795
21
-4.4153531496062994
0
LINE
8
BLACK
6
CONTINUOUS
10
4.7885168897637795
20
-4.4153531496062994
11
4.7853237401574802
21
-4.4132195669291336
0
LINE
8
BLACK
6
CONTINUOUS
10
4.7853237401574802
20
-4.4132195669291336
11
4.7831901574803153
21
-4.4100264173228343
0
LINE
8
BLACK
6
CONTINUOUS
10
4.7831901574803153
20
-4.4100264173228343
11
4.7824409448818894
21
-4.4062598425196846
0
LINE
8
BLACK
6
CONTINUOUS
10
4.7824409448818894
20
-4.4062598425196846
11
4.7824409448818894
21
-4.3855905511811022
0
LINE
8
BLACK
6
CONTINUOUS
10
4.7824409448818894
20
-4.3855905511811022
11
4.7831901574803153
21
-4.3818239763779525
0
LINE
8
BLACK
6
CONTINUOUS
10
4.7831901574803153
20
-4.3818239763779525
11
4.7853237401574802
21
-4.3786308267716532
0
LINE
8
BLACK
6
CONTINUOUS
10
4.7853237401574802
20
-4.3786308267716532
11
4.7885168897637795
21
-4.3764972440944883
0
LINE
8
BLACK
6
CONTINUOUS
10
4.7885168897637795
20
-4.3764972440944883
11
4.7922834645669292
21
-4.3757480314960633
0
LINE
8
BLACK
6
CONTINUOUS
10
4.7922834645669292
20
-4.3757480314960633
11
4.8277165354330709
21
-4.3757480314960633
0
LINE
8
BLACK
6
CONTINUOUS
10
4.8277165354330709
20
-4.3757480314960633
11
4.8314831102362206
21
-4.3764972440944883
0
LINE
8
BLACK
6
CONTINUOUS
10
4.8314831102362206
20
-4.3764972440944883
11
4.8346762598425199
21
-4.3786308267716532
0
LINE
8
BLACK
6
CONTINUOUS
10
4.8346762598425199
20
-4.3786308267716532
11
4.8368098425196848
21
-4.3818239763779525
0
LINE
8
BLACK
6
CONTINUOUS
10
4.8368098425196848
20
-4.3818239763779525
11
4.8375590551181098
21
-4.3855905511811022
0
LINE
8
BLACK
6
CONTINUOUS
10
4.8375590551181098
20
-4.3855905511811022
11
4.8375590551181098
21
-4.4013877952755909
0
LINE
8
BLACK
6
CONTINUOUS
10
4.8375590551181098
20
-4.4013877952755909
11
5.3874766929133857
21
-4.4013877952755909
0
LINE
8
BLACK
6
CONTINUOUS
10
5.3874766929133857
20
-4.4013877952755909
11
5.4244322047244093
21
-4.3644322440944885
0
LINE
8
BLACK
6
CONTINUOUS
10
5.4244322047244093
20
-4.3644322440944885
11
5.4256254330708664
21
-4.3634529921259846
0
LINE
8
BLACK
6
CONTINUOUS
10
5.4256254330708664
20
-4.3634529921259846
11
5.4284638582677163
21
-4.3622772834645671
0
LINE
8
BLACK
6
CONTINUOUS
10
5.4284638582677163
20
-4.3622772834645671
11
5.4299999999999997
21
-4.3621259842519686
0
LINE
8
BLACK
6
CONTINUOUS
10
5.4299999999999997
20
-4.3621259842519686
11
6.4567385039370073
21
-4.3621259842519686
0
LINE
8
BLACK
6
CONTINUOUS
10
6.4567385039370073
20
-4.3621259842519686
11
6.5444322047244095
21
-4.2744322440944877
0
LINE
8
BLACK
6
CONTINUOUS
10
6.5444322047244095
20
-4.2744322440944877
11
6.5444324015748032
21
-4.274432047244094
0
LINE
8
BLACK
6
CONTINUOUS
10
6.5444324015748032
20
-4.274432047244094
11
6.5597078346456694
21
-4.2591566535433074
0
LINE
8
BLACK
6
CONTINUOUS
10
6.5597078346456694
20
-4.2591566535433074
11
6.5609010236220469
21
-4.2581774015748026
0
LINE
8
BLACK
6
CONTINUOUS
10
6.5609010236220469
20
-4.2581774015748026
11
6.5637394488188976
21
-4.257001692913386
0
LINE
8
BLACK
6
CONTINUOUS
10
6.5637394488188976
20
-4.257001692913386
11
6.565275590551181
21
-4.2568503937007875
0
LINE
8
BLACK
6
CONTINUOUS
10
6.565275590551181
20
-4.2568503937007875
11
6.6799999999999997
21
-4.2568503937007875
0
LINE
8
BLACK
6
CONTINUOUS
10
6.6799999999999997
20
-4.2568503937007875
11
6.6799999999999997
21
-4.2347244094488188
0
LINE
8
BLACK
6
CONTINUOUS
10
6.6799999999999997
20
-4.2347244094488188
11
6.7400000000000002
21
-4.2347244094488188
0
LINE
8
BLACK
6
CONTINUOUS
10
6.7400000000000002
20
-4.2347244094488188
11
6.7400000000000002
21
-4.2568503937007875
0
LINE
8
BLACK
6
CONTINUOUS
10
4.8514831102362201
20
-4.2324224409448821
11
4.8546762598425195
21
-4.234556023622047
0
LINE
8
BLACK
6
CONTINUOUS
10
4.8546762598425195
20
-4.234556023622047
11
4.8568098425196853
21
-4.2377491732283463
0
LINE
8
BLACK
6
CONTINUOUS
10
4.8568098425196853
20
-4.2377491732283463
11
4.8575590551181103
21
-4.241515748031496
0
LINE
8
BLACK
6
CONTINUOUS
10
4.8575590551181103
20
-4.241515748031496
11
4.8575590551181103
21
-4.2621850393700784
0
LINE
8
BLACK
6
CONTINUOUS
10
4.8575590551181103
20
-4.2621850393700784
11
4.8568098425196853
21
-4.2659516141732281
0
LINE
8
BLACK
6
CONTINUOUS
10
4.8568098425196853
20
-4.2659516141732281
11
4.8546762598425195
21
-4.2691447637795275
0
LINE
8
BLACK
6
CONTINUOUS
10
4.8546762598425195
20
-4.2691447637795275
11
4.8514831102362201
21
-4.2712783464566932
0
LINE
8
BLACK
6
CONTINUOUS
10
4.8514831102362201
20
-4.2712783464566932
11
4.8477165354330705
21
-4.2720275590551182
0
LINE
8
BLACK
6
CONTINUOUS
10
4.8477165354330705
20
-4.2720275590551182
11
4.8371358267716538
21
-4.2720275590551182
0
LINE
8
BLACK
6
CONTINUOUS
10
4.8371358267716538
20
-4.2720275590551182
11
4.8371358267716538
21
-4.3028641732283468
0
LINE
8
BLACK
6
CONTINUOUS
10
4.8371358267716538
20
-4.3028641732283468
11
4.8892618110236219
21
-4.3028641732283468
0
LINE
8
BLACK
6
CONTINUOUS
10
4.8892618110236219
20
-4.3028641732283468
11
4.9087872047244092
21
-4.3028641732283468
0
LINE
8
BLACK
6
CONTINUOUS
10
4.9087872047244092
20
-4.3028641732283468
11
4.9088451968503932
21
-4.3025727165354333
0
LINE
8
BLACK
6
CONTINUOUS
10
4.9088451968503932
20
-4.3025727165354333
11
4.9101253543307086
21
-4.3006568503937004
0
LINE
8
BLACK
6
CONTINUOUS
10
4.9101253543307086
20
-4.3006568503937004
11
4.9120412204724406
21
-4.2993766929133859
0
LINE
8
BLACK
6
CONTINUOUS
10
4.9120412204724406
20
-4.2993766929133859
11
4.9143011811023625
21
-4.2989271653543302
0
LINE
8
BLACK
6
CONTINUOUS
10
4.9143011811023625
20
-4.2989271653543302
11
4.9546555118110236
21
-4.2989271653543302
0
LINE
8
BLACK
6
CONTINUOUS
10
4.9546555118110236
20
-4.2989271653543302
11
4.9569154724409445
21
-4.2993766929133859
0
LINE
8
BLACK
6
CONTINUOUS
10
4.9569154724409445
20
-4.2993766929133859
11
4.9588313385826774
21
-4.3006568503937004
0
LINE
8
BLACK
6
CONTINUOUS
10
4.9588313385826774
20
-4.3006568503937004
11
4.960111496062992
21
-4.3025727165354333
0
LINE
8
BLACK
6
CONTINUOUS
10
4.960111496062992
20
-4.3025727165354333
11
4.9605610236220468
21
-4.3048326771653542
0
LINE
8
BLACK
6
CONTINUOUS
10
4.9605610236220468
20
-4.3048326771653542
11
4.9605610236220468
21
-4.3166437007874014
0
LINE
8
BLACK
6
CONTINUOUS
10
4.9605610236220468
20
-4.3166437007874014
11
4.960111496062992
21
-4.3189036614173224
0
LINE
8
BLACK
6
CONTINUOUS
10
4.960111496062992
20
-4.3189036614173224
11
4.9588313385826774
21
-4.3208195275590553
0
LINE
8
BLACK
6
CONTINUOUS
10
4.9588313385826774
20
-4.3208195275590553
11
4.9569154724409445
21
-4.3220996850393698
0
LINE
8
BLACK
6
CONTINUOUS
10
4.9569154724409445
20
-4.3220996850393698
11
4.9546555118110236
21
-4.3225492125984255
0
LINE
8
BLACK
6
CONTINUOUS
10
4.9546555118110236
20
-4.3225492125984255
11
4.9143011811023625
21
-4.3225492125984255
0
LINE
8
BLACK
6
CONTINUOUS
10
4.9143011811023625
20
-4.3225492125984255
11
4.9120412204724406
21
-4.3220996850393698
0
LINE
8
BLACK
6
CONTINUOUS
10
4.9120412204724406
20
-4.3220996850393698
11
4.9101253543307086
21
-4.3208195275590553
0
LINE
8
BLACK
6
CONTINUOUS
10
4.9101253543307086
20
-4.3208195275590553
11
4.9088451968503932
21
-4.3189036614173224
0
LINE
8
BLACK
6
CONTINUOUS
10
4.9088451968503932
20
-4.3189036614173224
11
4.9087872047244092
21
-4.3186122047244098
0
LINE
8
BLACK
6
CONTINUOUS
10
4.9087872047244092
20
-4.3186122047244098
11
4.8892618110236219
21
-4.3186122047244098
0
LINE
8
BLACK
6
CONTINUOUS
10
4.8892618110236219
20
-4.3186122047244098
11
4.8707381889763779
21
-4.3186122047244098
0
LINE
8
BLACK
6
CONTINUOUS
10
4.8707381889763779
20
-4.3186122047244098
11
4.8375590551181098
21
-4.3186122047244098
0
LINE
8
BLACK
6
CONTINUOUS
10
4.8375590551181098
20
-4.3186122047244098
11
4.8375590551181098
21
-4.3344094488188976
0
LINE
8
BLACK
6
CONTINUOUS
10
4.8375590551181098
20
-4.3344094488188976
11
4.8368098425196848
21
-4.3381760236220472
0
LINE
8
BLACK
6
CONTINUOUS
10
4.8368098425196848
20
-4.3381760236220472
11
4.8346762598425199
21
-4.3413691732283466
0
LINE
8
BLACK
6
CONTINUOUS
10
4.8346762598425199
20
-4.3413691732283466
11
4.8314831102362206
21
-4.3435027559055115
0
LINE
8
BLACK
6
CONTINUOUS
10
4.8314831102362206
20
-4.3435027559055115
11
4.8277165354330709
21
-4.3442519685039365
0
LINE
8
BLACK
6
CONTINUOUS
10
4.8277165354330709
20
-4.3442519685039365
11
4.8036659055118109
21
-4.3442519685039365
0
LINE
8
BLACK
6
CONTINUOUS
10
4.8036659055118109
20
-4.3442519685039365
11
4.8015361417322833
21
-4.3451341338582674
0
LINE
8
BLACK
6
CONTINUOUS
10
4.8015361417322833
20
-4.3451341338582674
11
4.7984638582677164
21
-4.3451341338582674
0
LINE
8
BLACK
6
CONTINUOUS
10
4.7984638582677164
20
-4.3451341338582674
11
4.7963340944881887
21
-4.3442519685039365
0
LINE
8
BLACK
6
CONTINUOUS
10
4.7963340944881887
20
-4.3442519685039365
11
4.7922834645669292
21
-4.3442519685039365
0
LINE
8
BLACK
6
CONTINUOUS
10
4.7922834645669292
20
-4.3442519685039365
11
4.7885168897637795
21
-4.3435027559055115
0
LINE
8
BLACK
6
CONTINUOUS
10
4.7885168897637795
20
-4.3435027559055115
11
4.7853237401574802
21
-4.3413691732283466
0
LINE
8
BLACK
6
CONTINUOUS
10
4.7853237401574802
20
-4.3413691732283466
11
4.7831901574803153
21
-4.3381760236220472
0
LINE
8
BLACK
6
CONTINUOUS
10
4.7831901574803153
20
-4.3381760236220472
11
4.7824409448818894
21
-4.3344094488188976
0
LINE
8
BLACK
6
CONTINUOUS
10
4.7824409448818894
20
-4.3344094488188976
11
4.7824409448818894
21
-4.3137401574803151
0
LINE
8
BLACK
6
CONTINUOUS
10
4.7824409448818894
20
-4.3137401574803151
11
4.7831901574803153
21
-4.3099735826771655
0
LINE
8
BLACK
6
CONTINUOUS
10
4.7831901574803153
20
-4.3099735826771655
11
4.7853237401574802
21
-4.3067804330708661
0
LINE
8
BLACK
6
CONTINUOUS
10
4.7853237401574802
20
-4.3067804330708661
11
4.7885168897637795
21
-4.3046468503937003
0
LINE
8
BLACK
6
CONTINUOUS
10
4.7885168897637795
20
-4.3046468503937003
11
4.7922834645669292
21
-4.3038976377952753
0
LINE
8
BLACK
6
CONTINUOUS
10
4.7922834645669292
20
-4.3038976377952753
11
4.8213877952755908
21
-4.3038976377952753
0
LINE
8
BLACK
6
CONTINUOUS
10
4.8213877952755908
20
-4.3038976377952753
11
4.8213877952755908
21
-4.2720275590551182
0
LINE
8
BLACK
6
CONTINUOUS
10
4.8213877952755908
20
-4.2720275590551182
11
4.8122834645669288
21
-4.2720275590551182
0
LINE
8
BLACK
6
CONTINUOUS
10
4.8122834645669288
20
-4.2720275590551182
11
4.8085168897637791
21
-4.2712783464566932
0
LINE
8
BLACK
6
CONTINUOUS
10
4.8085168897637791
20
-4.2712783464566932
11
4.8053237401574798
21
-4.2691447637795275
0
LINE
8
BLACK
6
CONTINUOUS
10
4.8053237401574798
20
-4.2691447637795275
11
4.8031901574803149
21
-4.2659516141732281
0
LINE
8
BLACK
6
CONTINUOUS
10
4.8031901574803149
20
-4.2659516141732281
11
4.8024409448818899
21
-4.2621850393700784
0
LINE
8
BLACK
6
CONTINUOUS
10
4.8024409448818899
20
-4.2621850393700784
11
4.8024409448818899
21
-4.241515748031496
0
LINE
8
BLACK
6
CONTINUOUS
10
4.8024409448818899
20
-4.241515748031496
11
4.8031901574803149
21
-4.2377491732283463
0
LINE
8
BLACK
6
CONTINUOUS
10
4.8031901574803149
20
-4.2377491732283463
11
4.8053237401574798
21
-4.234556023622047
0
LINE
8
BLACK
6
CONTINUOUS
10
4.8053237401574798
20
-4.234556023622047
11
4.8085168897637791
21
-4.2324224409448821
0
LINE
8
BLACK
6
CONTINUOUS
10
4.8085168897637791
20
-4.2324224409448821
11
4.8122834645669288
21
-4.2316732283464562
0
LINE
8
BLACK
6
CONTINUOUS
10
4.8122834645669288
20
-4.2316732283464562
11
4.8477165354330705
21
-4.2316732283464562
0
LINE
8
BLACK
6
CONTINUOUS
10
4.8477165354330705
20
-4.2316732283464562
11
4.8514831102362201
21
-4.2324224409448821
0
LINE
8
BLACK
6
CONTINUOUS
10
5.3724673622047243
20
-4.1636625984251969
11
5.3756605118110237
21
-4.1657961811023618
0
LINE
8
BLACK
6
CONTINUOUS
10
5.3756605118110237
20
-4.1657961811023618
11
5.3777940944881886
21
-4.1689893307086612
0
LINE
8
BLACK
6
CONTINUOUS
10
5.3777940944881886
20
-4.1689893307086612
11
5.3785433070866144
21
-4.1727559055118109
0
LINE
8
BLACK
6
CONTINUOUS
10
5.3785433070866144
20
-4.1727559055118109
11
5.3785433070866144
21
-4.1747244094488192
0
LINE
8
BLACK
6
CONTINUOUS
10
5.3785433070866144
20
-4.1747244094488192
11
5.736673228346457
21
-4.1747244094488192
0
LINE
8
BLACK
6
CONTINUOUS
10
5.736673228346457
20
-4.1747244094488192
11
5.7382093700787404
21
-4.1748757086614177
0
LINE
8
BLACK
6
CONTINUOUS
10
5.7382093700787404
20
-4.1748757086614177
11
5.7410477952755903
21
-4.1760514173228342
0
LINE
8
BLACK
6
CONTINUOUS
10
5.7410477952755903
20
-4.1760514173228342
11
5.7422409842519686
21
-4.1770306692913381
0
LINE
8
BLACK
6
CONTINUOUS
10
5.7422409842519686
20
-4.1770306692913381
11
5.749030551181102
21
-4.1838202362204724
0
LINE
8
BLACK
6
CONTINUOUS
10
5.749030551181102
20
-4.1838202362204724
11
5.749973582677165
21
-4.1831901574803148
0
LINE
8
BLACK
6
CONTINUOUS
10
5.749973582677165
20
-4.1831901574803148
11
5.7537401574803146
21
-4.1824409448818898
0
LINE
8
BLACK
6
CONTINUOUS
10
5.7537401574803146
20
-4.1824409448818898
11
5.7744094488188979
21
-4.1824409448818898
0
LINE
8
BLACK
6
CONTINUOUS
10
5.7744094488188979
20
-4.1824409448818898
11
5.7781760236220467
21
-4.1831901574803148
0
LINE
8
BLACK
6
CONTINUOUS
10
5.7781760236220467
20
-4.1831901574803148
11
5.7813691732283461
21
-4.1853237401574805
0
LINE
8
BLACK
6
CONTINUOUS
10
5.7813691732283461
20
-4.1853237401574805
11
5.7835027559055119
21
-4.188516889763779
0
LINE
8
BLACK
6
CONTINUOUS
10
5.7835027559055119
20
-4.188516889763779
11
5.7842519685039369
21
-4.1922834645669287
0
LINE
8
BLACK
6
CONTINUOUS
10
5.7842519685039369
20
-4.1922834645669287
11
5.7842519685039369
21
-4.2277165354330704
0
LINE
8
BLACK
6
CONTINUOUS
10
5.7842519685039369
20
-4.2277165354330704
11
5.7835027559055119
21
-4.23148311023622
0
LINE
8
BLACK
6
CONTINUOUS
10
5.7835027559055119
20
-4.23148311023622
11
5.7813691732283461
21
-4.2346762598425194
0
LINE
8
BLACK
6
CONTINUOUS
10
5.7813691732283461
20
-4.2346762598425194
11
5.7781760236220467
21
-4.2368098425196852
0
LINE
8
BLACK
6
CONTINUOUS
10
5.7781760236220467
20
-4.2368098425196852
11
5.7744094488188979
21
-4.2375590551181102
0
LINE
8
BLACK
6
CONTINUOUS
10
5.7744094488188979
20
-4.2375590551181102
11
5.7537401574803146
21
-4.2375590551181102
0
LINE
8
BLACK
6
CONTINUOUS
10
5.7537401574803146
20
-4.2375590551181102
11
5.749973582677165
21
-4.2368098425196852
0
LINE
8
BLACK
6
CONTINUOUS
10
5.749973582677165
20
-4.2368098425196852
11
5.7467804330708656
21
-4.2346762598425194
0
LINE
8
BLACK
6
CONTINUOUS
10
5.7467804330708656
20
-4.2346762598425194
11
5.7446468503937007
21
-4.23148311023622
0
LINE
8
BLACK
6
CONTINUOUS
10
5.7446468503937007
20
-4.23148311023622
11
5.7438976377952757
21
-4.2277165354330704
0
LINE
8
BLACK
6
CONTINUOUS
10
5.7438976377952757
20
-4.2277165354330704
11
5.7438976377952757
21
-4.2009583464566926
0
LINE
8
BLACK
6
CONTINUOUS
10
5.7438976377952757
20
-4.2009583464566926
11
5.7334117322834643
21
-4.1904724409448821
0
LINE
8
BLACK
6
CONTINUOUS
10
5.7334117322834643
20
-4.1904724409448821
11
5.3785433070866144
21
-4.1904724409448821
0
LINE
8
BLACK
6
CONTINUOUS
10
5.3785433070866144
20
-4.1904724409448821
11
5.3785433070866144
21
-4.1924409448818896
0
LINE
8
BLACK
6
CONTINUOUS
10
5.3785433070866144
20
-4.1924409448818896
11
5.3777940944881886
21
-4.1962075196850392
0
LINE
8
BLACK
6
CONTINUOUS
10
5.3777940944881886
20
-4.1962075196850392
11
5.3756605118110237
21
-4.1994006692913386
0
LINE
8
BLACK
6
CONTINUOUS
10
5.3756605118110237
20
-4.1994006692913386
11
5.3724673622047243
21
-4.2015342519685035
0
LINE
8
BLACK
6
CONTINUOUS
10
5.3724673622047243
20
-4.2015342519685035
11
5.3687007874015746
21
-4.2022834645669294
0
LINE
8
BLACK
6
CONTINUOUS
10
5.3687007874015746
20
-4.2022834645669294
11
5.3312992125984247
21
-4.2022834645669294
0
LINE
8
BLACK
6
CONTINUOUS
10
5.3312992125984247
20
-4.2022834645669294
11
5.3275326377952759
21
-4.2015342519685035
0
LINE
8
BLACK
6
CONTINUOUS
10
5.3275326377952759
20
-4.2015342519685035
11
5.3243394881889765
21
-4.1994006692913386
0
LINE
8
BLACK
6
CONTINUOUS
10
5.3243394881889765
20
-4.1994006692913386
11
5.3222059055118107
21
-4.1962075196850392
0
LINE
8
BLACK
6
CONTINUOUS
10
5.3222059055118107
20
-4.1962075196850392
11
5.3214566929133857
21
-4.1924409448818896
0
LINE
8
BLACK
6
CONTINUOUS
10
5.3214566929133857
20
-4.1924409448818896
11
5.3214566929133857
21
-4.1904724409448821
0
LINE
8
BLACK
6
CONTINUOUS
10
5.3214566929133857
20
-4.1904724409448821
11
5.2932615354330705
21
-4.1904724409448821
0
LINE
8
BLACK
6
CONTINUOUS
10
5.2932615354330705
20
-4.1904724409448821
11
5.2665726377952753
21
-4.2171612992125986
0
LINE
8
BLACK
6
CONTINUOUS
10
5.2665726377952753
20
-4.2171612992125986
11
5.2677940944881891
21
-4.218989330708661
0
LINE
8
BLACK
6
CONTINUOUS
10
5.2677940944881891
20
-4.218989330708661
11
5.2685433070866141
21
-4.2227559055118107
0
LINE
8
BLACK
6
CONTINUOUS
10
5.2685433070866141
20
-4.2227559055118107
11
5.2685433070866141
21
-4.2424409448818894
0
LINE
8
BLACK
6
CONTINUOUS
10
5.2685433070866141
20
-4.2424409448818894
11
5.2677940944881891
21
-4.2462075196850391
0
LINE
8
BLACK
6
CONTINUOUS
10
5.2677940944881891
20
-4.2462075196850391
11
5.2656605118110233
21
-4.2494006692913384
0
LINE
8
BLACK
6
CONTINUOUS
10
5.2656605118110233
20
-4.2494006692913384
11
5.262467362204724
21
-4.2515342519685042
0
LINE
8
BLACK
6
CONTINUOUS
10
5.262467362204724
20
-4.2515342519685042
11
5.2587007874015743
21
-4.2522834645669292
0
LINE
8
BLACK
6
CONTINUOUS
10
5.2587007874015743
20
-4.2522834645669292
11
5.2314505118110235
21
-4.2522834645669292
0
LINE
8
BLACK
6
CONTINUOUS
10
5.2314505118110235
20
-4.2522834645669292
11
5.1722409842519683
21
-4.3114929527559056
0
LINE
8
BLACK
6
CONTINUOUS
10
5.1722409842519683
20
-4.3114929527559056
11
5.17104779527559
21
-4.3124722047244095
0
LINE
8
BLACK
6
CONTINUOUS
10
5.17104779527559
20
-4.3124722047244095
11
5.1682093700787402
21
-4.313647913385827
0
LINE
8
BLACK
6
CONTINUOUS
10
5.1682093700787402
20
-4.313647913385827
11
5.1675590551181099
21
-4.3137119291338584
0
LINE
8
BLACK
6
CONTINUOUS
10
5.1675590551181099
20
-4.3137119291338584
11
5.1675590551181099
21
-4.3162598425196848
0
LINE
8
BLACK
6
CONTINUOUS
10
5.1675590551181099
20
-4.3162598425196848
11
5.1668098425196849
21
-4.3200264173228344
0
LINE
8
BLACK
6
CONTINUOUS
10
5.1668098425196849
20
-4.3200264173228344
11
5.16467625984252
21
-4.3232195669291338
0
LINE
8
BLACK
6
CONTINUOUS
10
5.16467625984252
20
-4.3232195669291338
11
5.1614831102362206
21
-4.3253531496062987
0
LINE
8
BLACK
6
CONTINUOUS
10
5.1614831102362206
20
-4.3253531496062987
11
5.157716535433071
21
-4.3261023622047245
0
LINE
8
BLACK
6
CONTINUOUS
10
5.157716535433071
20
-4.3261023622047245
11
5.1222834645669293
21
-4.3261023622047245
0
LINE
8
BLACK
6
CONTINUOUS
10
5.1222834645669293
20
-4.3261023622047245
11
5.1185168897637796
21
-4.3253531496062987
0
LINE
8
BLACK
6
CONTINUOUS
10
5.1185168897637796
20
-4.3253531496062987
11
5.1153237401574803
21
-4.3232195669291338
0
LINE
8
BLACK
6
CONTINUOUS
10
5.1153237401574803
20
-4.3232195669291338
11
5.1131901574803145
21
-4.3200264173228344
0
LINE
8
BLACK
6
CONTINUOUS
10
5.1131901574803145
20
-4.3200264173228344
11
5.1129088582677165
21
-4.3186122047244098
0
LINE
8
BLACK
6
CONTINUOUS
10
5.1129088582677165
20
-4.3186122047244098
11
5.0497364173228343
21
-4.3186122047244098
0
LINE
8
BLACK
6
CONTINUOUS
10
5.0497364173228343
20
-4.3186122047244098
11
5.0496784251968503
21
-4.3189036614173224
0
LINE
8
BLACK
6
CONTINUOUS
10
5.0496784251968503
20
-4.3189036614173224
11
5.0483982677165349
21
-4.3208195275590553
0
LINE
8
BLACK
6
CONTINUOUS
10
5.0483982677165349
20
-4.3208195275590553
11
5.0464824015748029
21
-4.3220996850393698
0
LINE
8
BLACK
6
CONTINUOUS
10
5.0464824015748029
20
-4.3220996850393698
11
5.0442224409448819
21
-4.3225492125984255
0
LINE
8
BLACK
6
CONTINUOUS
10
5.0442224409448819
20
-4.3225492125984255
11
5.0038681102362208
21
-4.3225492125984255
0
LINE
8
BLACK
6
CONTINUOUS
10
5.0038681102362208
20
-4.3225492125984255
11
5.001608149606299
21
-4.3220996850393698
0
LINE
8
BLACK
6
CONTINUOUS
10
5.001608149606299
20
-4.3220996850393698
11
4.999692283464567
21
-4.3208195275590553
0
LINE
8
BLACK
6
CONTINUOUS
10
4.999692283464567
20
-4.3208195275590553
11
4.9984121259842516
21
-4.3189036614173224
0
LINE
8
BLACK
6
CONTINUOUS
10
4.9984121259842516
20
-4.3189036614173224
11
4.9979625984251967
21
-4.3166437007874014
0
LINE
8
BLACK
6
CONTINUOUS
10
4.9979625984251967
20
-4.3166437007874014
11
4.9979625984251967
21
-4.3048326771653542
0
LINE
8
BLACK
6
CONTINUOUS
10
4.9979625984251967
20
-4.3048326771653542
11
4.9984121259842516
21
-4.3025727165354333
0
LINE
8
BLACK
6
CONTINUOUS
10
4.9984121259842516
20
-4.3025727165354333
11
4.999692283464567
21
-4.3006568503937004
0
LINE
8
BLACK
6
CONTINUOUS
10
4.999692283464567
20
-4.3006568503937004
11
5.001608149606299
21
-4.2993766929133859
0
LINE
8
BLACK
6
CONTINUOUS
10
5.001608149606299
20
-4.2993766929133859
11
5.0038681102362208
21
-4.2989271653543302
0
LINE
8
BLACK
6
CONTINUOUS
10
5.0038681102362208
20
-4.2989271653543302
11
5.0442224409448819
21
-4.2989271653543302
0
LINE
8
BLACK
6
CONTINUOUS
10
5.0442224409448819
20
-4.2989271653543302
11
5.0464824015748029
21
-4.2993766929133859
0
LINE
8
BLACK
6
CONTINUOUS
10
5.0464824015748029
20
-4.2993766929133859
11
5.0483982677165349
21
-4.3006568503937004
0
LINE
8
BLACK
6
CONTINUOUS
10
5.0483982677165349
20
-4.3006568503937004
11
5.0496784251968503
21
-4.3025727165354333
0
LINE
8
BLACK
6
CONTINUOUS
10
5.0496784251968503
20
-4.3025727165354333
11
5.0497364173228343
21
-4.3028641732283468
0
LINE
8
BLACK
6
CONTINUOUS
10
5.0497364173228343
20
-4.3028641732283468
11
5.1124409448818895
21
-4.3028641732283468
0
LINE
8
BLACK
6
CONTINUOUS
10
5.1124409448818895
20
-4.3028641732283468
11
5.1124409448818895
21
-4.2955905511811023
0
LINE
8
BLACK
6
CONTINUOUS
10
5.1124409448818895
20
-4.2955905511811023
11
5.1131901574803145
21
-4.2918239763779527
0
LINE
8
BLACK
6
CONTINUOUS
10
5.1131901574803145
20
-4.2918239763779527
11
5.1153237401574803
21
-4.2886308267716533
0
LINE
8
BLACK
6
CONTINUOUS
10
5.1153237401574803
20
-4.2886308267716533
11
5.1185168897637796
21
-4.2864972440944884
0
LINE
8
BLACK
6
CONTINUOUS
10
5.1185168897637796
20
-4.2864972440944884
11
5.1222834645669293
21
-4.2857480314960625
0
LINE
8
BLACK
6
CONTINUOUS
10
5.1222834645669293
20
-4.2857480314960625
11
5.157716535433071
21
-4.2857480314960625
0
LINE
8
BLACK
6
CONTINUOUS
10
5.157716535433071
20
-4.2857480314960625
11
5.1614831102362206
21
-4.2864972440944884
0
LINE
8
BLACK
6
CONTINUOUS
10
5.1614831102362206
20
-4.2864972440944884
11
5.16467625984252
21
-4.2886308267716533
0
LINE
8
BLACK
6
CONTINUOUS
10
5.16467625984252
20
-4.2886308267716533
11
5.1668098425196849
21
-4.2918239763779527
0
LINE
8
BLACK
6
CONTINUOUS
10
5.1668098425196849
20
-4.2918239763779527
11
5.1672792125984248
21
-4.294183661417323
0
LINE
8
BLACK
6
CONTINUOUS
10
5.1672792125984248
20
-4.294183661417323
11
5.2134273228346455
21
-4.2480355118110236
0
LINE
8
BLACK
6
CONTINUOUS
10
5.2134273228346455
20
-4.2480355118110236
11
5.2122059055118113
21
-4.2462075196850391
0
LINE
8
BLACK
6
CONTINUOUS
10
5.2122059055118113
20
-4.2462075196850391
11
5.2114566929133854
21
-4.2424409448818894
0
LINE
8
BLACK
6
CONTINUOUS
10
5.2114566929133854
20
-4.2424409448818894
11
5.2114566929133854
21
-4.2227559055118107
0
LINE
8
BLACK
6
CONTINUOUS
10
5.2114566929133854
20
-4.2227559055118107
11
5.2122059055118113
21
-4.218989330708661
0
LINE
8
BLACK
6
CONTINUOUS
10
5.2122059055118113
20
-4.218989330708661
11
5.2143394881889762
21
-4.2157961811023625
0
LINE
8
BLACK
6
CONTINUOUS
10
5.2143394881889762
20
-4.2157961811023625
11
5.2175326377952755
21
-4.2136625984251967
0
LINE
8
BLACK
6
CONTINUOUS
10
5.2175326377952755
20
-4.2136625984251967
11
5.2212992125984252
21
-4.2129133858267718
0
LINE
8
BLACK
6
CONTINUOUS
10
5.2212992125984252
20
-4.2129133858267718
11
5.2485495275590548
21
-4.2129133858267718
0
LINE
8
BLACK
6
CONTINUOUS
10
5.2485495275590548
20
-4.2129133858267718
11
5.2844322047244097
21
-4.1770306692913381
0
LINE
8
BLACK
6
CONTINUOUS
10
5.2844322047244097
20
-4.1770306692913381
11
5.2856254330708659
21
-4.1760514173228342
0
LINE
8
BLACK
6
CONTINUOUS
10
5.2856254330708659
20
-4.1760514173228342
11
5.2884638582677166
21
-4.1748757086614177
0
LINE
8
BLACK
6
CONTINUOUS
10
5.2884638582677166
20
-4.1748757086614177
11
5.29
21
-4.1747244094488192
0
LINE
8
BLACK
6
CONTINUOUS
10
5.29
20
-4.1747244094488192
11
5.3214566929133857
21
-4.1747244094488192
0
LINE
8
BLACK
6
CONTINUOUS
10
5.3214566929133857
20
-4.1747244094488192
11
5.3214566929133857
21
-4.1727559055118109
0
LINE
8
BLACK
6
CONTINUOUS
10
5.3214566929133857
20
-4.1727559055118109
11
5.3222059055118107
21
-4.1689893307086612
0
LINE
8
BLACK
6
CONTINUOUS
10
5.3222059055118107
20
-4.1689893307086612
11
5.3243394881889765
21
-4.1657961811023618
0
LINE
8
BLACK
6
CONTINUOUS
10
5.3243394881889765
20
-4.1657961811023618
11
5.3275326377952759
21
-4.1636625984251969
0
LINE
8
BLACK
6
CONTINUOUS
10
5.3275326377952759
20
-4.1636625984251969
11
5.3312992125984247
21
-4.162913385826772
0
LINE
8
BLACK
6
CONTINUOUS
10
5.3312992125984247
20
-4.162913385826772
11
5.3687007874015746
21
-4.162913385826772
0
LINE
8
BLACK
6
CONTINUOUS
10
5.3687007874015746
20
-4.162913385826772
11
5.3724673622047243
21
-4.1636625984251969
0
LINE
8
BLACK
6
CONTINUOUS
10
5.1614831102362206
20
-4.2146468503937005
11
5.16467625984252
21
-4.2167804330708663
0
LINE
8
BLACK
6
CONTINUOUS
10
5.16467625984252
20
-4.2167804330708663
11
5.1668098425196849
21
-4.2199735826771656
0
LINE
8
BLACK
6
CONTINUOUS
10
5.1668098425196849
20
-4.2199735826771656
11
5.1675590551181099
21
-4.2237401574803153
0
LINE
8
BLACK
6
CONTINUOUS
10
5.1675590551181099
20
-4.2237401574803153
11
5.1675590551181099
21
-4.2444094488188977
0
LINE
8
BLACK
6
CONTINUOUS
10
5.1675590551181099
20
-4.2444094488188977
11
5.1668098425196849
21
-4.2481760236220474
0
LINE
8
BLACK
6
CONTINUOUS
10
5.1668098425196849
20
-4.2481760236220474
11
5.16467625984252
21
-4.2513691732283467
0
LINE
8
BLACK
6
CONTINUOUS
10
5.16467625984252
20
-4.2513691732283467
11
5.1614831102362206
21
-4.2535027559055116
0
LINE
8
BLACK
6
CONTINUOUS
10
5.1614831102362206
20
-4.2535027559055116
11
5.157716535433071
21
-4.2542519685039366
0
LINE
8
BLACK
6
CONTINUOUS
10
5.157716535433071
20
-4.2542519685039366
11
5.1309583858267711
21
-4.2542519685039366
0
LINE
8
BLACK
6
CONTINUOUS
10
5.1309583858267711
20
-4.2542519685039366
11
5.1063059448818899
21
-4.2789043700787399
0
LINE
8
BLACK
6
CONTINUOUS
10
5.1063059448818899
20
-4.2789043700787399
11
5.1051127559055116
21
-4.2798836220472438
0
LINE
8
BLACK
6
CONTINUOUS
10
5.1051127559055116
20
-4.2798836220472438
11
5.1022743307086609
21
-4.2810593307086613
0
LINE
8
BLACK
6
CONTINUOUS
10
5.1022743307086609
20
-4.2810593307086613
11
5.1007381889763774
21
-4.2812106299212598
0
LINE
8
BLACK
6
CONTINUOUS
10
5.1007381889763774
20
-4.2812106299212598
11
5.0497364173228343
21
-4.2812106299212598
0
LINE
8
BLACK
6
CONTINUOUS
10
5.0497364173228343
20
-4.2812106299212598
11
5.0496784251968503
21
-4.2815020866141733
0
LINE
8
BLACK
6
CONTINUOUS
10
5.0496784251968503
20
-4.2815020866141733
11
5.0483982677165349
21
-4.2834179527559053
0
LINE
8
BLACK
6
CONTINUOUS
10
5.0483982677165349
20
-4.2834179527559053
11
5.0464824015748029
21
-4.2846981102362207
0
LINE
8
BLACK
6
CONTINUOUS
10
5.0464824015748029
20
-4.2846981102362207
11
5.0442224409448819
21
-4.2851476377952755
0
LINE
8
BLACK
6
CONTINUOUS
10
5.0442224409448819
20
-4.2851476377952755
11
5.0038681102362208
21
-4.2851476377952755
0
LINE
8
BLACK
6
CONTINUOUS
10
5.0038681102362208
20
-4.2851476377952755
11
5.001608149606299
21
-4.2846981102362207
0
LINE
8
BLACK
6
CONTINUOUS
10
5.001608149606299
20
-4.2846981102362207
11
4.999692283464567
21
-4.2834179527559053
0
LINE
8
BLACK
6
CONTINUOUS
10
4.999692283464567
20
-4.2834179527559053
11
4.9984121259842516
21
-4.2815020866141733
0
LINE
8
BLACK
6
CONTINUOUS
10
4.9984121259842516
20
-4.2815020866141733
11
4.9979625984251967
21
-4.2792421259842515
0
LINE
8
BLACK
6
CONTINUOUS
10
4.9979625984251967
20
-4.2792421259842515
11
4.9979625984251967
21
-4.2674311023622042
0
LINE
8
BLACK
6
CONTINUOUS
10
4.9979625984251967
20
-4.2674311023622042
11
4.9984121259842516
21
-4.2651711417322833
0
LINE
8
BLACK
6
CONTINUOUS
10
4.9984121259842516
20
-4.2651711417322833
11
4.999692283464567
21
-4.2632552755905513
0
LINE
8
BLACK
6
CONTINUOUS
10
4.999692283464567
20
-4.2632552755905513
11
5.001608149606299
21
-4.2619751181102359
0
LINE
8
BLACK
6
CONTINUOUS
10
5.001608149606299
20
-4.2619751181102359
11
5.0038681102362208
21
-4.2615255905511811
0
LINE
8
BLACK
6
CONTINUOUS
10
5.0038681102362208
20
-4.2615255905511811
11
5.0442224409448819
21
-4.2615255905511811
0
LINE
8
BLACK
6
CONTINUOUS
10
5.0442224409448819
20
-4.2615255905511811
11
5.0464824015748029
21
-4.2619751181102359
0
LINE
8
BLACK
6
CONTINUOUS
10
5.0464824015748029
20
-4.2619751181102359
11
5.0483982677165349
21
-4.2632552755905513
0
LINE
8
BLACK
6
CONTINUOUS
10
5.0483982677165349
20
-4.2632552755905513
11
5.0496784251968503
21
-4.2651711417322833
0
LINE
8
BLACK
6
CONTINUOUS
10
5.0496784251968503
20
-4.2651711417322833
11
5.0497364173228343
21
-4.2654625984251968
0
LINE
8
BLACK
6
CONTINUOUS
10
5.0497364173228343
20
-4.2654625984251968
11
5.0974766929133857
21
-4.2654625984251968
0
LINE
8
BLACK
6
CONTINUOUS
10
5.0974766929133857
20
-4.2654625984251968
11
5.1138202362204721
21
-4.2491190157480316
0
LINE
8
BLACK
6
CONTINUOUS
10
5.1138202362204721
20
-4.2491190157480316
11
5.1131901574803145
21
-4.2481760236220474
0
LINE
8
BLACK
6
CONTINUOUS
10
5.1131901574803145
20
-4.2481760236220474
11
5.1124409448818895
21
-4.2444094488188977
0
LINE
8
BLACK
6
CONTINUOUS
10
5.1124409448818895
20
-4.2444094488188977
11
5.1124409448818895
21
-4.2237401574803153
0
LINE
8
BLACK
6
CONTINUOUS
10
5.1124409448818895
20
-4.2237401574803153
11
5.1131901574803145
21
-4.2199735826771656
0
LINE
8
BLACK
6
CONTINUOUS
10
5.1131901574803145
20
-4.2199735826771656
11
5.1153237401574803
21
-4.2167804330708663
0
LINE
8
BLACK
6
CONTINUOUS
10
5.1153237401574803
20
-4.2167804330708663
11
5.1185168897637796
21
-4.2146468503937005
0
LINE
8
BLACK
6
CONTINUOUS
10
5.1185168897637796
20
-4.2146468503937005
11
5.1222834645669293
21
-4.2138976377952755
0
LINE
8
BLACK
6
CONTINUOUS
10
5.1222834645669293
20
-4.2138976377952755
11
5.157716535433071
21
-4.2138976377952755
0
LINE
8
BLACK
6
CONTINUOUS
10
5.157716535433071
20
-4.2138976377952755
11
5.1614831102362206
21
-4.2146468503937005
0
LINE
8
BLACK
6
CONTINUOUS
10
4.6160264960629922
20
-4.1554507086614176
11
4.6195868110236216
21
-4.1575062598425196
0
LINE
8
BLACK
6
CONTINUOUS
10
4.6195868110236216
20
-4.1575062598425196
11
4.6224937401574806
21
-4.1604131889763778
0
LINE
8
BLACK
6
CONTINUOUS
10
4.6224937401574806
20
-4.1604131889763778
11
4.6245492913385826
21
-4.163973503937008
0
LINE
8
BLACK
6
CONTINUOUS
10
4.6245492913385826
20
-4.163973503937008
11
4.6256133070866143
21
-4.1679444881889767
0
LINE
8
BLACK
6
CONTINUOUS
10
4.6256133070866143
20
-4.1679444881889767
11
4.6256133070866143
21
-4.1720555118110232
0
LINE
8
BLACK
6
CONTINUOUS
10
4.6256133070866143
20
-4.1720555118110232
11
4.6245492913385826
21
-4.1760264960629918
0
LINE
8
BLACK
6
CONTINUOUS
10
4.6245492913385826
20
-4.1760264960629918
11
4.6224937401574806
21
-4.1795868110236221
0
LINE
8
BLACK
6
CONTINUOUS
10
4.6224937401574806
20
-4.1795868110236221
11
4.6218110236220475
21
-4.1802695275590551
0
LINE
8
BLACK
6
CONTINUOUS
10
4.6218110236220475
20
-4.1802695275590551
11
4.6218110236220475
21
-4.1832573228346455
0
LINE
8
BLACK
6
CONTINUOUS
10
4.6218110236220475
20
-4.1832573228346455
11
4.6257879527559052
21
-4.187234251968504
0
LINE
8
BLACK
6
CONTINUOUS
10
4.6257879527559052
20
-4.187234251968504
11
4.6469783464566925
21
-4.187234251968504
0
LINE
8
BLACK
6
CONTINUOUS
10
4.6469783464566925
20
-4.187234251968504
11
4.6507449212598422
21
-4.1879834645669289
0
LINE
8
BLACK
6
CONTINUOUS
10
4.6507449212598422
20
-4.1879834645669289
11
4.6539380708661415
21
-4.1901170472440947
0
LINE
8
BLACK
6
CONTINUOUS
10
4.6539380708661415
20
-4.1901170472440947
11
4.6560716535433073
21
-4.1933101968503932
0
LINE
8
BLACK
6
CONTINUOUS
10
4.6560716535433073
20
-4.1933101968503932
11
4.6568208661417323
21
-4.1970767716535429
0
LINE
8
BLACK
6
CONTINUOUS
10
4.6568208661417323
20
-4.1970767716535429
11
4.6568208661417323
21
-4.199537401574803
0
LINE
8
BLACK
6
CONTINUOUS
10
4.6568208661417323
20
-4.199537401574803
11
4.6907185039370081
21
-4.199537401574803
0
LINE
8
BLACK
6
CONTINUOUS
10
4.6907185039370081
20
-4.199537401574803
11
4.6907185039370081
21
-4.1960925196850392
0
LINE
8
BLACK
6
CONTINUOUS
10
4.6907185039370081
20
-4.1960925196850392
11
4.691467716535433
21
-4.1923259448818895
0
LINE
8
BLACK
6
CONTINUOUS
10
4.691467716535433
20
-4.1923259448818895
11
4.6936012992125979
21
-4.1891327952755901
0
LINE
8
BLACK
6
CONTINUOUS
10
4.6936012992125979
20
-4.1891327952755901
11
4.6967944488188973
21
-4.1869992125984252
0
LINE
8
BLACK
6
CONTINUOUS
10
4.6967944488188973
20
-4.1869992125984252
11
4.700561023622047
21
-4.1862500000000002
0
LINE
8
BLACK
6
CONTINUOUS
10
4.700561023622047
20
-4.1862500000000002
11
4.737962598425197
21
-4.1862500000000002
0
LINE
8
BLACK
6
CONTINUOUS
10
4.737962598425197
20
-4.1862500000000002
11
4.7417291732283466
21
-4.1869992125984252
0
LINE
8
BLACK
6
CONTINUOUS
10
4.7417291732283466
20
-4.1869992125984252
11
4.744922322834646
21
-4.1891327952755901
0
LINE
8
BLACK
6
CONTINUOUS
10
4.744922322834646
20
-4.1891327952755901
11
4.7470559055118109
21
-4.1923259448818895
0
LINE
8
BLACK
6
CONTINUOUS
10
4.7470559055118109
20
-4.1923259448818895
11
4.7478051181102359
21
-4.1960925196850392
0
LINE
8
BLACK
6
CONTINUOUS
10
4.7478051181102359
20
-4.1960925196850392
11
4.7478051181102359
21
-4.2080322834645667
0
LINE
8
BLACK
6
CONTINUOUS
10
4.7478051181102359
20
-4.2080322834645667
11
4.8859062992125981
21
-4.2080322834645667
0
LINE
8
BLACK
6
CONTINUOUS
10
4.8859062992125981
20
-4.2080322834645667
11
4.8874424409448816
21
-4.2081835826771652
0
LINE
8
BLACK
6
CONTINUOUS
10
4.8874424409448816
20
-4.2081835826771652
11
4.8902808661417323
21
-4.2093592913385827
0
LINE
8
BLACK
6
CONTINUOUS
10
4.8902808661417323
20
-4.2093592913385827
11
4.8914740551181097
21
-4.2103385433070866
0
LINE
8
BLACK
6
CONTINUOUS
10
4.8914740551181097
20
-4.2103385433070866
11
4.9088691732283465
21
-4.2277336614173224
0
LINE
8
BLACK
6
CONTINUOUS
10
4.9088691732283465
20
-4.2277336614173224
11
4.9101253543307086
21
-4.2258537007874013
0
LINE
8
BLACK
6
CONTINUOUS
10
4.9101253543307086
20
-4.2258537007874013
11
4.9120412204724406
21
-4.2245735433070868
0
LINE
8
BLACK
6
CONTINUOUS
10
4.9120412204724406
20
-4.2245735433070868
11
4.9143011811023625
21
-4.2241240157480311
0
LINE
8
BLACK
6
CONTINUOUS
10
4.9143011811023625
20
-4.2241240157480311
11
4.9546555118110236
21
-4.2241240157480311
0
LINE
8
BLACK
6
CONTINUOUS
10
4.9546555118110236
20
-4.2241240157480311
11
4.9569154724409445
21
-4.2245735433070868
0
LINE
8
BLACK
6
CONTINUOUS
10
4.9569154724409445
20
-4.2245735433070868
11
4.9588313385826774
21
-4.2258537007874013
0
LINE
8
BLACK
6
CONTINUOUS
10
4.9588313385826774
20
-4.2258537007874013
11
4.960111496062992
21
-4.2277695669291342
0
LINE
8
BLACK
6
CONTINUOUS
10
4.960111496062992
20
-4.2277695669291342
11
4.9605610236220468
21
-4.2300295275590551
0
LINE
8
BLACK
6
CONTINUOUS
10
4.9605610236220468
20
-4.2300295275590551
11
4.9605610236220468
21
-4.2418405511811024
0
LINE
8
BLACK
6
CONTINUOUS
10
4.9605610236220468
20
-4.2418405511811024
11
4.960111496062992
21
-4.2441005118110233
0
LINE
8
BLACK
6
CONTINUOUS
10
4.960111496062992
20
-4.2441005118110233
11
4.9588313385826774
21
-4.2460163779527562
0
LINE
8
BLACK
6
CONTINUOUS
10
4.9588313385826774
20
-4.2460163779527562
11
4.9569154724409445
21
-4.2472965354330707
0
LINE
8
BLACK
6
CONTINUOUS
10
4.9569154724409445
20
-4.2472965354330707
11
4.9546555118110236
21
-4.2477460629921255
0
LINE
8
BLACK
6
CONTINUOUS
10
4.9546555118110236
20
-4.2477460629921255
11
4.9143011811023625
21
-4.2477460629921255
0
LINE
8
BLACK
6
CONTINUOUS
10
4.9143011811023625
20
-4.2477460629921255
11
4.9120412204724406
21
-4.2472965354330707
0
LINE
8
BLACK
6
CONTINUOUS
10
4.9120412204724406
20
-4.2472965354330707
11
4.9101253543307086
21
-4.2460163779527562
0
LINE
8
BLACK
6
CONTINUOUS
10
4.9101253543307086
20
-4.2460163779527562
11
4.9088451968503932
21
-4.2441005118110233
0
LINE
8
BLACK
6
CONTINUOUS
10
4.9088451968503932
20
-4.2441005118110233
11
4.9087872047244092
21
-4.2438090551181098
0
LINE
8
BLACK
6
CONTINUOUS
10
4.9087872047244092
20
-4.2438090551181098
11
4.9059350393700782
21
-4.2438090551181098
0
LINE
8
BLACK
6
CONTINUOUS
10
4.9059350393700782
20
-4.2438090551181098
11
4.9043988976377948
21
-4.2436577559055113
0
LINE
8
BLACK
6
CONTINUOUS
10
4.9043988976377948
20
-4.2436577559055113
11
4.9015604724409449
21
-4.2424820472440947
0
LINE
8
BLACK
6
CONTINUOUS
10
4.9015604724409449
20
-4.2424820472440947
11
4.9003672834645666
21
-4.2415027952755908
0
LINE
8
BLACK
6
CONTINUOUS
10
4.9003672834645666
20
-4.2415027952755908
11
4.8826448031496064
21
-4.2237803149606297
0
LINE
8
BLACK
6
CONTINUOUS
10
4.8826448031496064
20
-4.2237803149606297
11
4.743361299212598
21
-4.2237803149606297
0
LINE
8
BLACK
6
CONTINUOUS
10
4.743361299212598
20
-4.2237803149606297
11
4.7417291732283466
21
-4.2248708661417318
0
LINE
8
BLACK
6
CONTINUOUS
10
4.7417291732283466
20
-4.2248708661417318
11
4.737962598425197
21
-4.2256200787401577
0
LINE
8
BLACK
6
CONTINUOUS
10
4.737962598425197
20
-4.2256200787401577
11
4.700561023622047
21
-4.2256200787401577
0
LINE
8
BLACK
6
CONTINUOUS
10
4.700561023622047
20
-4.2256200787401577
11
4.6967944488188973
21
-4.2248708661417318
0
LINE
8
BLACK
6
CONTINUOUS
10
4.6967944488188973
20
-4.2248708661417318
11
4.6936012992125979
21
-4.2227372834645669
0
LINE
8
BLACK
6
CONTINUOUS
10
4.6936012992125979
20
-4.2227372834645669
11
4.691467716535433
21
-4.2195441338582675
0
LINE
8
BLACK
6
CONTINUOUS
10
4.691467716535433
20
-4.2195441338582675
11
4.6907185039370081
21
-4.2157775590551179
0
LINE
8
BLACK
6
CONTINUOUS
10
4.6907185039370081
20
-4.2157775590551179
11
4.6907185039370081
21
-4.215285433070866
0
LINE
8
BLACK
6
CONTINUOUS
10
4.6907185039370081
20
-4.215285433070866
11
4.6568208661417323
21
-4.215285433070866
0
LINE
8
BLACK
6
CONTINUOUS
10
4.6568208661417323
20
-4.215285433070866
11
4.6568208661417323
21
-4.2177460629921262
0
LINE
8
BLACK
6
CONTINUOUS
10
4.6568208661417323
20
-4.2177460629921262
11
4.6560716535433073
21
-4.2215126377952759
0
LINE
8
BLACK
6
CONTINUOUS
10
4.6560716535433073
20
-4.2215126377952759
11
4.6539380708661415
21
-4.2247057874015743
0
LINE
8
BLACK
6
CONTINUOUS
10
4.6539380708661415
20
-4.2247057874015743
11
4.6507449212598422
21
-4.2268393700787401
0
LINE
8
BLACK
6
CONTINUOUS
10
4.6507449212598422
20
-4.2268393700787401
11
4.6469783464566925
21
-4.2275885826771651
0
LINE
8
BLACK
6
CONTINUOUS
10
4.6469783464566925
20
-4.2275885826771651
11
4.6115452755905508
21
-4.2275885826771651
0
LINE
8
BLACK
6
CONTINUOUS
10
4.6115452755905508
20
-4.2275885826771651
11
4.6077787007874011
21
-4.2268393700787401
0
LINE
8
BLACK
6
CONTINUOUS
10
4.6077787007874011
20
-4.2268393700787401
11
4.6045855511811027
21
-4.2247057874015743
0
LINE
8
BLACK
6
CONTINUOUS
10
4.6045855511811027
20
-4.2247057874015743
11
4.6024519685039369
21
-4.2215126377952759
0
LINE
8
BLACK
6
CONTINUOUS
10
4.6024519685039369
20
-4.2215126377952759
11
4.6017027559055119
21
-4.2177460629921262
0
LINE
8
BLACK
6
CONTINUOUS
10
4.6017027559055119
20
-4.2177460629921262
11
4.6017027559055119
21
-4.1970767716535429
0
LINE
8
BLACK
6
CONTINUOUS
10
4.6017027559055119
20
-4.1970767716535429
11
4.6017891732283465
21
-4.1966420866141734
0
LINE
8
BLACK
6
CONTINUOUS
10
4.6017891732283465
20
-4.1966420866141734
11
4.6016483464566926
21
-4.1965012598425195
0
LINE
8
BLACK
6
CONTINUOUS
10
4.6016483464566926
20
-4.1965012598425195
11
4.6006296850393698
21
-4.1953396850393698
0
LINE
8
BLACK
6
CONTINUOUS
10
4.6006296850393698
20
-4.1953396850393698
11
4.5990880314960627
21
-4.1926694881889759
0
LINE
8
BLACK
6
CONTINUOUS
10
4.5990880314960627
20
-4.1926694881889759
11
4.5982900393700783
21
-4.1896912598425198
0
LINE
8
BLACK
6
CONTINUOUS
10
4.5982900393700783
20
-4.1896912598425198
11
4.5981889763779522
21
-4.1881496062992127
0
LINE
8
BLACK
6
CONTINUOUS
10
4.5981889763779522
20
-4.1881496062992127
11
4.5981889763779522
21
-4.1802695275590551
0
LINE
8
BLACK
6
CONTINUOUS
10
4.5981889763779522
20
-4.1802695275590551
11
4.5975062598425191
21
-4.1795868110236221
0
LINE
8
BLACK
6
CONTINUOUS
10
4.5975062598425191
20
-4.1795868110236221
11
4.5954507086614171
21
-4.1760264960629918
0
LINE
8
BLACK
6
CONTINUOUS
10
4.5954507086614171
20
-4.1760264960629918
11
4.5943866929133854
21
-4.1720555118110232
0
LINE
8
BLACK
6
CONTINUOUS
10
4.5943866929133854
20
-4.1720555118110232
11
4.5943866929133854
21
-4.1679444881889767
0
LINE
8
BLACK
6
CONTINUOUS
10
4.5943866929133854
20
-4.1679444881889767
11
4.5954507086614171
21
-4.163973503937008
0
LINE
8
BLACK
6
CONTINUOUS
10
4.5954507086614171
20
-4.163973503937008
11
4.5975062598425191
21
-4.1604131889763778
0
LINE
8
BLACK
6
CONTINUOUS
10
4.5975062598425191
20
-4.1604131889763778
11
4.6004131889763782
21
-4.1575062598425196
0
LINE
8
BLACK
6
CONTINUOUS
10
4.6004131889763782
20
-4.1575062598425196
11
4.6039735039370075
21
-4.1554507086614176
0
LINE
8
BLACK
6
CONTINUOUS
10
4.6039735039370075
20
-4.1554507086614176
11
4.6079444881889762
21
-4.1543866929133859
0
LINE
8
BLACK
6
CONTINUOUS
10
4.6079444881889762
20
-4.1543866929133859
11
4.6120555118110236
21
-4.1543866929133859
0
LINE
8
BLACK
6
CONTINUOUS
10
4.6120555118110236
20
-4.1543866929133859
11
4.6160264960629922
21
-4.1554507086614176
0
LINE
8
BLACK
6
CONTINUOUS
10
4.9774378346456691
20
-4.126526771653543
11
4.9806309842519685
21
-4.1286603543307088
0
LINE
8
BLACK
6
CONTINUOUS
10
4.9806309842519685
20
-4.1286603543307088
11
4.9827645669291334
21
-4.1318535039370081
0
LINE
8
BLACK
6
CONTINUOUS
10
4.9827645669291334
20
-4.1318535039370081
11
4.9835137795275593
21
-4.1356200787401578
0
LINE
8
BLACK
6
CONTINUOUS
10
4.9835137795275593
20
-4.1356200787401578
11
4.9835137795275593
21
-4.1623782677165355
0
LINE
8
BLACK
6
CONTINUOUS
10
4.9835137795275593
20
-4.1623782677165355
11
5.0255677559055121
21
-4.2044322440944883
0
LINE
8
BLACK
6
CONTINUOUS
10
5.0255677559055121
20
-4.2044322440944883
11
5.026547007874016
21
-4.2056254330708658
0
LINE
8
BLACK
6
CONTINUOUS
10
5.026547007874016
20
-4.2056254330708658
11
5.0277227165354326
21
-4.2084638582677165
0
LINE
8
BLACK
6
CONTINUOUS
10
5.0277227165354326
20
-4.2084638582677165
11
5.0278740157480311
21
-4.21
0
LINE
8
BLACK
6
CONTINUOUS
10
5.0278740157480311
20
-4.21
11
5.0278740157480311
21
-4.2241240157480311
0
LINE
8
BLACK
6
CONTINUOUS
10
5.0278740157480311
20
-4.2241240157480311
11
5.0442224409448819
21
-4.2241240157480311
0
LINE
8
BLACK
6
CONTINUOUS
10
5.0442224409448819
20
-4.2241240157480311
11
5.0464824015748029
21
-4.2245735433070868
0
LINE
8
BLACK
6
CONTINUOUS
10
5.0464824015748029
20
-4.2245735433070868
11
5.0483982677165349
21
-4.2258537007874013
0
LINE
8
BLACK
6
CONTINUOUS
10
5.0483982677165349
20
-4.2258537007874013
11
5.0496784251968503
21
-4.2277695669291342
0
LINE
8
BLACK
6
CONTINUOUS
10
5.0496784251968503
20
-4.2277695669291342
11
5.0501279527559051
21
-4.2300295275590551
0
LINE
8
BLACK
6
CONTINUOUS
10
5.0501279527559051
20
-4.2300295275590551
11
5.0501279527559051
21
-4.2418405511811024
0
LINE
8
BLACK
6
CONTINUOUS
10
5.0501279527559051
20
-4.2418405511811024
11
5.0496784251968503
21
-4.2441005118110233
0
LINE
8
BLACK
6
CONTINUOUS
10
5.0496784251968503
20
-4.2441005118110233
11
5.0483982677165349
21
-4.2460163779527562
0
LINE
8
BLACK
6
CONTINUOUS
10
5.0483982677165349
20
-4.2460163779527562
11
5.0464824015748029
21
-4.2472965354330707
0
LINE
8
BLACK
6
CONTINUOUS
10
5.0464824015748029
20
-4.2472965354330707
11
5.0442224409448819
21
-4.2477460629921255
0
LINE
8
BLACK
6
CONTINUOUS
10
5.0442224409448819
20
-4.2477460629921255
11
5.0038681102362208
21
-4.2477460629921255
0
LINE
8
BLACK
6
CONTINUOUS
10
5.0038681102362208
20
-4.2477460629921255
11
5.001608149606299
21
-4.2472965354330707
0
LINE
8
BLACK
6
CONTINUOUS
10
5.001608149606299
20
-4.2472965354330707
11
4.999692283464567
21
-4.2460163779527562
0
LINE
8
BLACK
6
CONTINUOUS
10
4.999692283464567
20
-4.2460163779527562
11
4.9984121259842516
21
-4.2441005118110233
0
LINE
8
BLACK
6
CONTINUOUS
10
4.9984121259842516
20
-4.2441005118110233
11
4.9979625984251967
21
-4.2418405511811024
0
LINE
8
BLACK
6
CONTINUOUS
10
4.9979625984251967
20
-4.2418405511811024
11
4.9979625984251967
21
-4.2300295275590551
0
LINE
8
BLACK
6
CONTINUOUS
10
4.9979625984251967
20
-4.2300295275590551
11
4.9984121259842516
21
-4.2277695669291342
0
LINE
8
BLACK
6
CONTINUOUS
10
4.9984121259842516
20
-4.2277695669291342
11
4.999692283464567
21
-4.2258537007874013
0
LINE
8
BLACK
6
CONTINUOUS
10
4.999692283464567
20
-4.2258537007874013
11
5.001608149606299
21
-4.2245735433070868
0
LINE
8
BLACK
6
CONTINUOUS
10
5.001608149606299
20
-4.2245735433070868
11
5.0038681102362208
21
-4.2241240157480311
0
LINE
8
BLACK
6
CONTINUOUS
10
5.0038681102362208
20
-4.2241240157480311
11
5.0121259842519681
21
-4.2241240157480311
0
LINE
8
BLACK
6
CONTINUOUS
10
5.0121259842519681
20
-4.2241240157480311
11
5.0121259842519681
21
-4.2132614960629917
0
LINE
8
BLACK
6
CONTINUOUS
10
5.0121259842519681
20
-4.2132614960629917
11
4.9783808267716534
21
-4.179516338582677
0
LINE
8
BLACK
6
CONTINUOUS
10
4.9783808267716534
20
-4.179516338582677
11
4.9774378346456691
21
-4.1801464566929134
0
LINE
8
BLACK
6
CONTINUOUS
10
4.9774378346456691
20
-4.1801464566929134
11
4.9736712598425195
21
-4.1808956692913384
0
LINE
8
BLACK
6
CONTINUOUS
10
4.9736712598425195
20
-4.1808956692913384
11
4.953001968503937
21
-4.1808956692913384
0
LINE
8
BLACK
6
CONTINUOUS
10
4.953001968503937
20
-4.1808956692913384
11
4.9492353937007874
21
-4.1801464566929134
0
LINE
8
BLACK
6
CONTINUOUS
10
4.9492353937007874
20
-4.1801464566929134
11
4.946042244094488
21
-4.1780128740157476
0
LINE
8
BLACK
6
CONTINUOUS
10
4.946042244094488
20
-4.1780128740157476
11
4.9439086614173231
21
-4.1748197244094492
0
LINE
8
BLACK
6
CONTINUOUS
10
4.9439086614173231
20
-4.1748197244094492
11
4.9431594488188972
21
-4.1710531496062995
0
LINE
8
BLACK
6
CONTINUOUS
10
4.9431594488188972
20
-4.1710531496062995
11
4.9431594488188972
21
-4.1612106299212597
0
LINE
8
BLACK
6
CONTINUOUS
10
4.9431594488188972
20
-4.1612106299212597
11
4.8599248818897633
21
-4.1612106299212597
0
LINE
8
BLACK
6
CONTINUOUS
10
4.8599248818897633
20
-4.1612106299212597
11
4.8561797244094489
21
-4.1649557480314963
0
LINE
8
BLACK
6
CONTINUOUS
10
4.8561797244094489
20
-4.1649557480314963
11
4.8568098425196853
21
-4.1658987795275593
0
LINE
8
BLACK
6
CONTINUOUS
10
4.8568098425196853
20
-4.1658987795275593
11
4.8575590551181103
21
-4.169665354330709
0
LINE
8
BLACK
6
CONTINUOUS
10
4.8575590551181103
20
-4.169665354330709
11
4.8575590551181103
21
-4.1903346456692914
0
LINE
8
BLACK
6
CONTINUOUS
10
4.8575590551181103
20
-4.1903346456692914
11
4.8568098425196853
21
-4.194101220472441
0
LINE
8
BLACK
6
CONTINUOUS
10
4.8568098425196853
20
-4.194101220472441
11
4.8546762598425195
21
-4.1972943700787404
0
LINE
8
BLACK
6
CONTINUOUS
10
4.8546762598425195
20
-4.1972943700787404
11
4.8514831102362201
21
-4.1994279527559053
0
LINE
8
BLACK
6
CONTINUOUS
10
4.8514831102362201
20
-4.1994279527559053
11
4.8477165354330705
21
-4.2001771653543303
0
LINE
8
BLACK
6
CONTINUOUS
10
4.8477165354330705
20
-4.2001771653543303
11
4.8122834645669288
21
-4.2001771653543303
0
LINE
8
BLACK
6
CONTINUOUS
10
4.8122834645669288
20
-4.2001771653543303
11
4.8085168897637791
21
-4.1994279527559053
0
LINE
8
BLACK
6
CONTINUOUS
10
4.8085168897637791
20
-4.1994279527559053
11
4.8053237401574798
21
-4.1972943700787404
0
LINE
8
BLACK
6
CONTINUOUS
10
4.8053237401574798
20
-4.1972943700787404
11
4.8031901574803149
21
-4.194101220472441
0
LINE
8
BLACK
6
CONTINUOUS
10
4.8031901574803149
20
-4.194101220472441
11
4.8024409448818899
21
-4.1903346456692914
0
LINE
8
BLACK
6
CONTINUOUS
10
4.8024409448818899
20
-4.1903346456692914
11
4.8024409448818899
21
-4.169665354330709
0
LINE
8
BLACK
6
CONTINUOUS
10
4.8024409448818899
20
-4.169665354330709
11
4.8031901574803149
21
-4.1658987795275593
0
LINE
8
BLACK
6
CONTINUOUS
10
4.8031901574803149
20
-4.1658987795275593
11
4.8053237401574798
21
-4.1627056299212599
0
LINE
8
BLACK
6
CONTINUOUS
10
4.8053237401574798
20
-4.1627056299212599
11
4.8085168897637791
21
-4.1605720472440941
0
LINE
8
BLACK
6
CONTINUOUS
10
4.8085168897637791
20
-4.1605720472440941
11
4.8122834645669288
21
-4.1598228346456692
0
LINE
8
BLACK
6
CONTINUOUS
10
4.8122834645669288
20
-4.1598228346456692
11
4.8390416535433074
21
-4.1598228346456692
0
LINE
8
BLACK
6
CONTINUOUS
10
4.8390416535433074
20
-4.1598228346456692
11
4.85109562992126
21
-4.1477688582677166
0
LINE
8
BLACK
6
CONTINUOUS
10
4.85109562992126
20
-4.1477688582677166
11
4.8522888188976374
21
-4.1467896062992127
0
LINE
8
BLACK
6
CONTINUOUS
10
4.8522888188976374
20
-4.1467896062992127
11
4.8551272440944881
21
-4.1456138976377952
0
LINE
8
BLACK
6
CONTINUOUS
10
4.8551272440944881
20
-4.1456138976377952
11
4.8566633858267716
21
-4.1454625984251967
0
LINE
8
BLACK
6
CONTINUOUS
10
4.8566633858267716
20
-4.1454625984251967
11
4.9431594488188972
21
-4.1454625984251967
0
LINE
8
BLACK
6
CONTINUOUS
10
4.9431594488188972
20
-4.1454625984251967
11
4.9431594488188972
21
-4.1356200787401578
0
LINE
8
BLACK
6
CONTINUOUS
10
4.9431594488188972
20
-4.1356200787401578
11
4.9439086614173231
21
-4.1318535039370081
0
LINE
8
BLACK
6
CONTINUOUS
10
4.9439086614173231
20
-4.1318535039370081
11
4.946042244094488
21
-4.1286603543307088
0
LINE
8
BLACK
6
CONTINUOUS
10
4.946042244094488
20
-4.1286603543307088
11
4.9492353937007874
21
-4.126526771653543
0
LINE
8
BLACK
6
CONTINUOUS
10
4.9492353937007874
20
-4.126526771653543
11
4.953001968503937
21
-4.125777559055118
0
LINE
8
BLACK
6
CONTINUOUS
10
4.953001968503937
20
-4.125777559055118
11
4.9736712598425195
21
-4.125777559055118
0
LINE
8
BLACK
6
CONTINUOUS
10
4.9736712598425195
20
-4.125777559055118
11
4.9774378346456691
21
-4.126526771653543
0
LINE
8
BLACK
6
CONTINUOUS
10
6.3975590551181103
20
-3.9927952755905509
11
6.3786614173228342
21
-3.9927952755905509
0
LINE
8
BLACK
6
CONTINUOUS
10
6.3786614173228342
20
-3.9927952755905509
11
6.3786614173228342
21
-4.0046062992125986
0
LINE
8
BLACK
6
CONTINUOUS
10
6.3786614173228342
20
-4.0046062992125986
11
6.3975590551181103
21
-4.0046062992125986
0
LINE
8
BLACK
6
CONTINUOUS
10
6.3975590551181103
20
-4.0046062992125986
11
6.3975590551181103
21
-4.0301968503937005
0
LINE
8
BLACK
6
CONTINUOUS
10
6.3975590551181103
20
-4.0301968503937005
11
6.3744094488188976
21
-4.0301968503937005
0
LINE
8
BLACK
6
CONTINUOUS
10
6.3744094488188976
20
-4.0301968503937005
11
6.3744094488188976
21
-4.0674015748031493
0
LINE
8
BLACK
6
CONTINUOUS
10
6.3744094488188976
20
-4.0674015748031493
11
6.3744094488188976
21
-4.0818482283464563
0
LINE
8
BLACK
6
CONTINUOUS
10
6.3744094488188976
20
-4.0818482283464563
11
6.376207519685039
21
-4.0822059055118105
0
LINE
8
BLACK
6
CONTINUOUS
10
6.376207519685039
20
-4.0822059055118105
11
6.3794006692913383
21
-4.0843394881889763
0
LINE
8
BLACK
6
CONTINUOUS
10
6.3794006692913383
20
-4.0843394881889763
11
6.3815342519685041
21
-4.0875326377952756
0
LINE
8
BLACK
6
CONTINUOUS
10
6.3815342519685041
20
-4.0875326377952756
11
6.3822834645669291
21
-4.0912992125984253
0
LINE
8
BLACK
6
CONTINUOUS
10
6.3822834645669291
20
-4.0912992125984253
11
6.3822834645669291
21
-4.1287007874015744
0
LINE
8
BLACK
6
CONTINUOUS
10
6.3822834645669291
20
-4.1287007874015744
11
6.3815342519685041
21
-4.1324673622047241
0
LINE
8
BLACK
6
CONTINUOUS
10
6.3815342519685041
20
-4.1324673622047241
11
6.3794006692913383
21
-4.1356605118110235
0
LINE
8
BLACK
6
CONTINUOUS
10
6.3794006692913383
20
-4.1356605118110235
11
6.376207519685039
21
-4.1377940944881892
0
LINE
8
BLACK
6
CONTINUOUS
10
6.376207519685039
20
-4.1377940944881892
11
6.3744094488188976
21
-4.1381517322834647
0
LINE
8
BLACK
6
CONTINUOUS
10
6.3744094488188976
20
-4.1381517322834647
11
6.3744094488188976
21
-4.1906299212598421
0
LINE
8
BLACK
6
CONTINUOUS
10
6.3744094488188976
20
-4.1906299212598421
11
6.4900000000000002
21
-4.1906299212598421
0
LINE
8
BLACK
6
CONTINUOUS
10
6.4900000000000002
20
-4.1906299212598421
11
6.5532669685039364
21
-4.1906299212598421
0
LINE
8
BLACK
6
CONTINUOUS
10
6.5532669685039364
20
-4.1906299212598421
11
6.5726667716535427
21
-4.1906299212598421
0
LINE
8
BLACK
6
CONTINUOUS
10
6.5726667716535427
20
-4.1906299212598421
11
6.6799999999999997
21
-4.083296692913386
0
LINE
8
BLACK
6
CONTINUOUS
10
6.6799999999999997
20
-4.083296692913386
11
6.6799999999999997
21
-4.0347244094488186
0
LINE
8
BLACK
6
CONTINUOUS
10
6.6799999999999997
20
-4.0347244094488186
11
6.7400000000000002
21
-4.0347244094488186
0
LINE
8
BLACK
6
CONTINUOUS
10
6.7400000000000002
20
-4.0347244094488186
11
6.7400000000000002
21
-4.0481889763779524
0
LINE
8
BLACK
6
CONTINUOUS
10
6.7400000000000002
20
-4.0481889763779524
11
6.7800000000000002
21
-4.0481889763779524
0
LINE
8
BLACK
6
CONTINUOUS
10
6.7800000000000002
20
-4.0481889763779524
11
6.7800000000000002
21
-4.0347244094488186
0
LINE
8
BLACK
6
CONTINUOUS
10
6.7800000000000002
20
-4.0347244094488186
11
6.8399999999999999
21
-4.0347244094488186
0
LINE
8
BLACK
6
CONTINUOUS
10
6.8399999999999999
20
-4.0347244094488186
11
6.8399999999999999
21
-4.0947244094488191
0
LINE
8
BLACK
6
CONTINUOUS
10
6.8399999999999999
20
-4.0947244094488191
11
6.7800000000000002
21
-4.0947244094488191
0
LINE
8
BLACK
6
CONTINUOUS
10
6.7800000000000002
20
-4.0947244094488191
11
6.7800000000000002
21
-4.0765354330708661
0
LINE
8
BLACK
6
CONTINUOUS
10
6.7800000000000002
20
-4.0765354330708661
11
6.7400000000000002
21
-4.0765354330708661
0
LINE
8
BLACK
6
CONTINUOUS
10
6.7400000000000002
20
-4.0765354330708661
11
6.7400000000000002
21
-4.0947244094488191
0
LINE
8
BLACK
6
CONTINUOUS
10
6.7400000000000002
20
-4.0947244094488191
11
6.7019788976377948
21
-4.0947244094488191
0
LINE
8
BLACK
6
CONTINUOUS
10
6.7019788976377948
20
-4.0947244094488191
11
6.5859107086614168
21
-4.210792598425197
0
LINE
8
BLACK
6
CONTINUOUS
10
6.5859107086614168
20
-4.210792598425197
11
6.584749133858268
21
-4.2118112598425199
0
LINE
8
BLACK
6
CONTINUOUS
10
6.584749133858268
20
-4.2118112598425199
11
6.5820789370078741
21
-4.213352913385827
0
LINE
8
BLACK
6
CONTINUOUS
10
6.5820789370078741
20
-4.213352913385827
11
6.5791007086614171
21
-4.2141509055118105
0
LINE
8
BLACK
6
CONTINUOUS
10
6.5791007086614171
20
-4.2141509055118105
11
6.57755905511811
21
-4.2142519685039366
0
LINE
8
BLACK
6
CONTINUOUS
10
6.57755905511811
20
-4.2142519685039366
11
6.5532669685039364
21
-4.2142519685039366
0
LINE
8
BLACK
6
CONTINUOUS
10
6.5532669685039364
20
-4.2142519685039366
11
6.4900000000000002
21
-4.2142519685039366
0
LINE
8
BLACK
6
CONTINUOUS
10
6.4900000000000002
20
-4.2142519685039366
11
6.453779527559055
21
-4.2142519685039366
0
LINE
8
BLACK
6
CONTINUOUS
10
6.453779527559055
20
-4.2142519685039366
11
6.4262204724409449
21
-4.2142519685039366
0
LINE
8
BLACK
6
CONTINUOUS
10
6.4262204724409449
20
-4.2142519685039366
11
6.3624409448818895
21
-4.2142519685039366
0
LINE
8
BLACK
6
CONTINUOUS
10
6.3624409448818895
20
-4.2142519685039366
11
6.3381830708661413
21
-4.2142519685039366
0
LINE
8
BLACK
6
CONTINUOUS
10
6.3381830708661413
20
-4.2142519685039366
11
6.3377940944881885
21
-4.2162075196850397
0
LINE
8
BLACK
6
CONTINUOUS
10
6.3377940944881885
20
-4.2162075196850397
11
6.3356605118110236
21
-4.2194006692913382
0
LINE
8
BLACK
6
CONTINUOUS
10
6.3356605118110236
20
-4.2194006692913382
11
6.3324673622047243
21
-4.221534251968504
0
LINE
8
BLACK
6
CONTINUOUS
10
6.3324673622047243
20
-4.221534251968504
11
6.3287007874015746
21
-4.2222834645669289
0
LINE
8
BLACK
6
CONTINUOUS
10
6.3287007874015746
20
-4.2222834645669289
11
6.2912992125984246
21
-4.2222834645669289
0
LINE
8
BLACK
6
CONTINUOUS
10
6.2912992125984246
20
-4.2222834645669289
11
6.2875326377952758
21
-4.221534251968504
0
LINE
8
BLACK
6
CONTINUOUS
10
6.2875326377952758
20
-4.221534251968504
11
6.2843394881889765
21
-4.2194006692913382
0
LINE
8
BLACK
6
CONTINUOUS
10
6.2843394881889765
20
-4.2194006692913382
11
6.2822059055118107
21
-4.2162075196850397
0
LINE
8
BLACK
6
CONTINUOUS
10
6.2822059055118107
20
-4.2162075196850397
11
6.2814566929133857
21
-4.21244094488189
0
LINE
8
BLACK
6
CONTINUOUS
10
6.2814566929133857
20
-4.21244094488189
11
6.2814566929133857
21
-4.2104724409448817
0
LINE
8
BLACK
6
CONTINUOUS
10
6.2814566929133857
20
-4.2104724409448817
11
6.2185433070866143
21
-4.2104724409448817
0
LINE
8
BLACK
6
CONTINUOUS
10
6.2185433070866143
20
-4.2104724409448817
11
6.2185433070866143
21
-4.21244094488189
0
LINE
8
BLACK
6
CONTINUOUS
10
6.2185433070866143
20
-4.21244094488189
11
6.2177940944881884
21
-4.2162075196850397
0
LINE
8
BLACK
6
CONTINUOUS
10
6.2177940944881884
20
-4.2162075196850397
11
6.2156605118110235
21
-4.2194006692913382
0
LINE
8
BLACK
6
CONTINUOUS
10
6.2156605118110235
20
-4.2194006692913382
11
6.2124673622047242
21
-4.221534251968504
0
LINE
8
BLACK
6
CONTINUOUS
10
6.2124673622047242
20
-4.221534251968504
11
6.2087007874015745
21
-4.2222834645669289
0
LINE
8
BLACK
6
CONTINUOUS
10
6.2087007874015745
20
-4.2222834645669289
11
6.1712992125984254
21
-4.2222834645669289
0
LINE
8
BLACK
6
CONTINUOUS
10
6.1712992125984254
20
-4.2222834645669289
11
6.1675326377952757
21
-4.221534251968504
0
LINE
8
BLACK
6
CONTINUOUS
10
6.1675326377952757
20
-4.221534251968504
11
6.1643394881889764
21
-4.2194006692913382
0
LINE
8
BLACK
6
CONTINUOUS
10
6.1643394881889764
20
-4.2194006692913382
11
6.1622059055118106
21
-4.2162075196850397
0
LINE
8
BLACK
6
CONTINUOUS
10
6.1622059055118106
20
-4.2162075196850397
11
6.1614566929133856
21
-4.21244094488189
0
LINE
8
BLACK
6
CONTINUOUS
10
6.1614566929133856
20
-4.21244094488189
11
6.1614566929133856
21
-4.2104724409448817
0
LINE
8
BLACK
6
CONTINUOUS
10
6.1614566929133856
20
-4.2104724409448817
11
6.0985433070866142
21
-4.2104724409448817
0
LINE
8
BLACK
6
CONTINUOUS
10
6.0985433070866142
20
-4.2104724409448817
11
6.0985433070866142
21
-4.21244094488189
0
LINE
8
BLACK
6
CONTINUOUS
10
6.0985433070866142
20
-4.21244094488189
11
6.0977940944881892
21
-4.2162075196850397
0
LINE
8
BLACK
6
CONTINUOUS
10
6.0977940944881892
20
-4.2162075196850397
11
6.0956605118110234
21
-4.2194006692913382
0
LINE
8
BLACK
6
CONTINUOUS
10
6.0956605118110234
20
-4.2194006692913382
11
6.0924673622047241
21
-4.221534251968504
0
LINE
8
BLACK
6
CONTINUOUS
10
6.0924673622047241
20
-4.221534251968504
11
6.0887007874015744
21
-4.2222834645669289
0
LINE
8
BLACK
6
CONTINUOUS
10
6.0887007874015744
20
-4.2222834645669289
11
6.0512992125984253
21
-4.2222834645669289
0
LINE
8
BLACK
6
CONTINUOUS
10
6.0512992125984253
20
-4.2222834645669289
11
6.0475326377952756
21
-4.221534251968504
0
LINE
8
BLACK
6
CONTINUOUS
10
6.0475326377952756
20
-4.221534251968504
11
6.0443394881889763
21
-4.2194006692913382
0
LINE
8
BLACK
6
CONTINUOUS
10
6.0443394881889763
20
-4.2194006692913382
11
6.0422059055118105
21
-4.2162075196850397
0
LINE
8
BLACK
6
CONTINUOUS
10
6.0422059055118105
20
-4.2162075196850397
11
6.0414566929133855
21
-4.21244094488189
0
LINE
8
BLACK
6
CONTINUOUS
10
6.0414566929133855
20
-4.21244094488189
11
6.0414566929133855
21
-4.2104724409448817
0
LINE
8
BLACK
6
CONTINUOUS
10
6.0414566929133855
20
-4.2104724409448817
11
5.9785433070866141
21
-4.2104724409448817
0
LINE
8
BLACK
6
CONTINUOUS
10
5.9785433070866141
20
-4.2104724409448817
11
5.9785433070866141
21
-4.21244094488189
0
LINE
8
BLACK
6
CONTINUOUS
10
5.9785433070866141
20
-4.21244094488189
11
5.9777940944881891
21
-4.2162075196850397
0
LINE
8
BLACK
6
CONTINUOUS
10
5.9777940944881891
20
-4.2162075196850397
11
5.9756605118110233
21
-4.2194006692913382
0
LINE
8
BLACK
6
CONTINUOUS
10
5.9756605118110233
20
-4.2194006692913382
11
5.972467362204724
21
-4.221534251968504
0
LINE
8
BLACK
6
CONTINUOUS
10
5.972467362204724
20
-4.221534251968504
11
5.9687007874015743
21
-4.2222834645669289
0
LINE
8
BLACK
6
CONTINUOUS
10
5.9687007874015743
20
-4.2222834645669289
11
5.9312992125984252
21
-4.2222834645669289
0
LINE
8
BLACK
6
CONTINUOUS
10
5.9312992125984252
20
-4.2222834645669289
11
5.9275326377952755
21
-4.221534251968504
0
LINE
8
BLACK
6
CONTINUOUS
10
5.9275326377952755
20
-4.221534251968504
11
5.9243394881889762
21
-4.2194006692913382
0
LINE
8
BLACK
6
CONTINUOUS
10
5.9243394881889762
20
-4.2194006692913382
11
5.9233194094488191
21
-4.2178740157480314
0
LINE
8
BLACK
6
CONTINUOUS
10
5.9233194094488191
20
-4.2178740157480314
11
5.8561023622047239
21
-4.2178740157480314
0
LINE
8
BLACK
6
CONTINUOUS
10
5.8561023622047239
20
-4.2178740157480314
11
5.8561023622047239
21
-4.2277165354330704
0
LINE
8
BLACK
6
CONTINUOUS
10
5.8561023622047239
20
-4.2277165354330704
11
5.8553531496062989
21
-4.23148311023622
0
LINE
8
BLACK
6
CONTINUOUS
10
5.8553531496062989
20
-4.23148311023622
11
5.853219566929134
21
-4.2346762598425194
0
LINE
8
BLACK
6
CONTINUOUS
10
5.853219566929134
20
-4.2346762598425194
11
5.8500264173228347
21
-4.2368098425196852
0
LINE
8
BLACK
6
CONTINUOUS
10
5.8500264173228347
20
-4.2368098425196852
11
5.846259842519685
21
-4.2375590551181102
0
LINE
8
BLACK
6
CONTINUOUS
10
5.846259842519685
20
-4.2375590551181102
11
5.8255905511811026
21
-4.2375590551181102
0
LINE
8
BLACK
6
CONTINUOUS
10
5.8255905511811026
20
-4.2375590551181102
11
5.8218239763779529
21
-4.2368098425196852
0
LINE
8
BLACK
6
CONTINUOUS
10
5.8218239763779529
20
-4.2368098425196852
11
5.8186308267716536
21
-4.2346762598425194
0
LINE
8
BLACK
6
CONTINUOUS
10
5.8186308267716536
20
-4.2346762598425194
11
5.8164972440944878
21
-4.23148311023622
0
LINE
8
BLACK
6
CONTINUOUS
10
5.8164972440944878
20
-4.23148311023622
11
5.8157480314960628
21
-4.2277165354330704
0
LINE
8
BLACK
6
CONTINUOUS
10
5.8157480314960628
20
-4.2277165354330704
11
5.8157480314960628
21
-4.1922834645669287
0
LINE
8
BLACK
6
CONTINUOUS
10
5.8157480314960628
20
-4.1922834645669287
11
5.8164972440944878
21
-4.188516889763779
0
LINE
8
BLACK
6
CONTINUOUS
10
5.8164972440944878
20
-4.188516889763779
11
5.8186308267716536
21
-4.1853237401574805
0
LINE
8
BLACK
6
CONTINUOUS
10
5.8186308267716536
20
-4.1853237401574805
11
5.8218239763779529
21
-4.1831901574803148
0
LINE
8
BLACK
6
CONTINUOUS
10
5.8218239763779529
20
-4.1831901574803148
11
5.8255905511811026
21
-4.1824409448818898
0
LINE
8
BLACK
6
CONTINUOUS
10
5.8255905511811026
20
-4.1824409448818898
11
5.846259842519685
21
-4.1824409448818898
0
LINE
8
BLACK
6
CONTINUOUS
10
5.846259842519685
20
-4.1824409448818898
11
5.8500264173228347
21
-4.1831901574803148
0
LINE
8
BLACK
6
CONTINUOUS
10
5.8500264173228347
20
-4.1831901574803148
11
5.853219566929134
21
-4.1853237401574805
0
LINE
8
BLACK
6
CONTINUOUS
10
5.853219566929134
20
-4.1853237401574805
11
5.8553531496062989
21
-4.188516889763779
0
LINE
8
BLACK
6
CONTINUOUS
10
5.8553531496062989
20
-4.188516889763779
11
5.8561023622047239
21
-4.1922834645669287
0
LINE
8
BLACK
6
CONTINUOUS
10
5.8561023622047239
20
-4.1922834645669287
11
5.8561023622047239
21
-4.2021259842519685
0
LINE
8
BLACK
6
CONTINUOUS
10
5.8561023622047239
20
-4.2021259842519685
11
5.9214566929133854
21
-4.2021259842519685
0
LINE
8
BLACK
6
CONTINUOUS
10
5.9214566929133854
20
-4.2021259842519685
11
5.9214566929133854
21
-4.1927559055118113
0
LINE
8
BLACK
6
CONTINUOUS
10
5.9214566929133854
20
-4.1927559055118113
11
5.9222059055118113
21
-4.1889893307086616
0
LINE
8
BLACK
6
CONTINUOUS
10
5.9222059055118113
20
-4.1889893307086616
11
5.9243394881889762
21
-4.1857961811023623
0
LINE
8
BLACK
6
CONTINUOUS
10
5.9243394881889762
20
-4.1857961811023623
11
5.9275326377952755
21
-4.1836625984251965
0
LINE
8
BLACK
6
CONTINUOUS
10
5.9275326377952755
20
-4.1836625984251965
11
5.9312992125984252
21
-4.1829133858267715
0
LINE
8
BLACK
6
CONTINUOUS
10
5.9312992125984252
20
-4.1829133858267715
11
5.9687007874015743
21
-4.1829133858267715
0
LINE
8
BLACK
6
CONTINUOUS
10
5.9687007874015743
20
-4.1829133858267715
11
5.972467362204724
21
-4.1836625984251965
0
LINE
8
BLACK
6
CONTINUOUS
10
5.972467362204724
20
-4.1836625984251965
11
5.9756605118110233
21
-4.1857961811023623
0
LINE
8
BLACK
6
CONTINUOUS
10
5.9756605118110233
20
-4.1857961811023623
11
5.9777940944881891
21
-4.1889893307086616
0
LINE
8
BLACK
6
CONTINUOUS
10
5.9777940944881891
20
-4.1889893307086616
11
5.9785433070866141
21
-4.1927559055118113
0
LINE
8
BLACK
6
CONTINUOUS
10
5.9785433070866141
20
-4.1927559055118113
11
5.9785433070866141
21
-4.1947244094488187
0
LINE
8
BLACK
6
CONTINUOUS
10
5.9785433070866141
20
-4.1947244094488187
11
6.0414566929133855
21
-4.1947244094488187
0
LINE
8
BLACK
6
CONTINUOUS
10
6.0414566929133855
20
-4.1947244094488187
11
6.0414566929133855
21
-4.1927559055118113
0
LINE
8
BLACK
6
CONTINUOUS
10
6.0414566929133855
20
-4.1927559055118113
11
6.0422059055118105
21
-4.1889893307086616
0
LINE
8
BLACK
6
CONTINUOUS
10
6.0422059055118105
20
-4.1889893307086616
11
6.0443394881889763
21
-4.1857961811023623
0
LINE
8
BLACK
6
CONTINUOUS
10
6.0443394881889763
20
-4.1857961811023623
11
6.0475326377952756
21
-4.1836625984251965
0
LINE
8
BLACK
6
CONTINUOUS
10
6.0475326377952756
20
-4.1836625984251965
11
6.0512992125984253
21
-4.1829133858267715
0
LINE
8
BLACK
6
CONTINUOUS
10
6.0512992125984253
20
-4.1829133858267715
11
6.0887007874015744
21
-4.1829133858267715
0
LINE
8
BLACK
6
CONTINUOUS
10
6.0887007874015744
20
-4.1829133858267715
11
6.0924673622047241
21
-4.1836625984251965
0
LINE
8
BLACK
6
CONTINUOUS
10
6.0924673622047241
20
-4.1836625984251965
11
6.0956605118110234
21
-4.1857961811023623
0
LINE
8
BLACK
6
CONTINUOUS
10
6.0956605118110234
20
-4.1857961811023623
11
6.0977940944881892
21
-4.1889893307086616
0
LINE
8
BLACK
6
CONTINUOUS
10
6.0977940944881892
20
-4.1889893307086616
11
6.0985433070866142
21
-4.1927559055118113
0
LINE
8
BLACK
6
CONTINUOUS
10
6.0985433070866142
20
-4.1927559055118113
11
6.0985433070866142
21
-4.1947244094488187
0
LINE
8
BLACK
6
CONTINUOUS
10
6.0985433070866142
20
-4.1947244094488187
11
6.1614566929133856
21
-4.1947244094488187
0
LINE
8
BLACK
6
CONTINUOUS
10
6.1614566929133856
20
-4.1947244094488187
11
6.1614566929133856
21
-4.1927559055118113
0
LINE
8
BLACK
6
CONTINUOUS
10
6.1614566929133856
20
-4.1927559055118113
11
6.1622059055118106
21
-4.1889893307086616
0
LINE
8
BLACK
6
CONTINUOUS
10
6.1622059055118106
20
-4.1889893307086616
11
6.1643394881889764
21
-4.1857961811023623
0
LINE
8
BLACK
6
CONTINUOUS
10
6.1643394881889764
20
-4.1857961811023623
11
6.1675326377952757
21
-4.1836625984251965
0
LINE
8
BLACK
6
CONTINUOUS
10
6.1675326377952757
20
-4.1836625984251965
11
6.1712992125984254
21
-4.1829133858267715
0
LINE
8
BLACK
6
CONTINUOUS
10
6.1712992125984254
20
-4.1829133858267715
11
6.2087007874015745
21
-4.1829133858267715
0
LINE
8
BLACK
6
CONTINUOUS
10
6.2087007874015745
20
-4.1829133858267715
11
6.2124673622047242
21
-4.1836625984251965
0
LINE
8
BLACK
6
CONTINUOUS
10
6.2124673622047242
20
-4.1836625984251965
11
6.2156605118110235
21
-4.1857961811023623
0
LINE
8
BLACK
6
CONTINUOUS
10
6.2156605118110235
20
-4.1857961811023623
11
6.2177940944881884
21
-4.1889893307086616
0
LINE
8
BLACK
6
CONTINUOUS
10
6.2177940944881884
20
-4.1889893307086616
11
6.2185433070866143
21
-4.1927559055118113
0
LINE
8
BLACK
6
CONTINUOUS
10
6.2185433070866143
20
-4.1927559055118113
11
6.2185433070866143
21
-4.1947244094488187
0
LINE
8
BLACK
6
CONTINUOUS
10
6.2185433070866143
20
-4.1947244094488187
11
6.2814566929133857
21
-4.1947244094488187
0
LINE
8
BLACK
6
CONTINUOUS
10
6.2814566929133857
20
-4.1947244094488187
11
6.2814566929133857
21
-4.1927559055118113
0
LINE
8
BLACK
6
CONTINUOUS
10
6.2814566929133857
20
-4.1927559055118113
11
6.2822059055118107
21
-4.1889893307086616
0
LINE
8
BLACK
6
CONTINUOUS
10
6.2822059055118107
20
-4.1889893307086616
11
6.2843394881889765
21
-4.1857961811023623
0
LINE
8
BLACK
6
CONTINUOUS
10
6.2843394881889765
20
-4.1857961811023623
11
6.2875326377952758
21
-4.1836625984251965
0
LINE
8
BLACK
6
CONTINUOUS
10
6.2875326377952758
20
-4.1836625984251965
11
6.2912992125984246
21
-4.1829133858267715
0
LINE
8
BLACK
6
CONTINUOUS
10
6.2912992125984246
20
-4.1829133858267715
11
6.3287007874015746
21
-4.1829133858267715
0
LINE
8
BLACK
6
CONTINUOUS
10
6.3287007874015746
20
-4.1829133858267715
11
6.3324673622047243
21
-4.1836625984251965
0
LINE
8
BLACK
6
CONTINUOUS
10
6.3324673622047243
20
-4.1836625984251965
11
6.3356605118110236
21
-4.1857961811023623
0
LINE
8
BLACK
6
CONTINUOUS
10
6.3356605118110236
20
-4.1857961811023623
11
6.3377940944881885
21
-4.1889893307086616
0
LINE
8
BLACK
6
CONTINUOUS
10
6.3377940944881885
20
-4.1889893307086616
11
6.3381204330708663
21
-4.1906299212598421
0
LINE
8
BLACK
6
CONTINUOUS
10
6.3381204330708663
20
-4.1906299212598421
11
6.3507874015748031
21
-4.1906299212598421
0
LINE
8
BLACK
6
CONTINUOUS
10
6.3507874015748031
20
-4.1906299212598421
11
6.3507874015748031
21
-4.1381517322834647
0
LINE
8
BLACK
6
CONTINUOUS
10
6.3507874015748031
20
-4.1381517322834647
11
6.3489893307086609
21
-4.1377940944881892
0
LINE
8
BLACK
6
CONTINUOUS
10
6.3489893307086609
20
-4.1377940944881892
11
6.3457961811023624
21
-4.1356605118110235
0
LINE
8
BLACK
6
CONTINUOUS
10
6.3457961811023624
20
-4.1356605118110235
11
6.3436625984251966
21
-4.1324673622047241
0
LINE
8
BLACK
6
CONTINUOUS
10
6.3436625984251966
20
-4.1324673622047241
11
6.3429133858267717
21
-4.1287007874015744
0
LINE
8
BLACK
6
CONTINUOUS
10
6.3429133858267717
20
-4.1287007874015744
11
6.3429133858267717
21
-4.0912992125984253
0
LINE
8
BLACK
6
CONTINUOUS
10
6.3429133858267717
20
-4.0912992125984253
11
6.3436625984251966
21
-4.0875326377952756
0
LINE
8
BLACK
6
CONTINUOUS
10
6.3436625984251966
20
-4.0875326377952756
11
6.3457961811023624
21
-4.0843394881889763
0
LINE
8
BLACK
6
CONTINUOUS
10
6.3457961811023624
20
-4.0843394881889763
11
6.3489893307086609
21
-4.0822059055118105
0
LINE
8
BLACK
6
CONTINUOUS
10
6.3489893307086609
20
-4.0822059055118105
11
6.3507874015748031
21
-4.0818482283464563
0
LINE
8
BLACK
6
CONTINUOUS
10
6.3507874015748031
20
-4.0818482283464563
11
6.3507874015748031
21
-4.0803740157480313
0
LINE
8
BLACK
6
CONTINUOUS
10
6.3507874015748031
20
-4.0803740157480313
11
6.2921653543307086
21
-4.0803740157480313
0
LINE
8
BLACK
6
CONTINUOUS
10
6.2921653543307086
20
-4.0803740157480313
11
6.2921653543307086
21
-4.0867716141732284
0
LINE
8
BLACK
6
CONTINUOUS
10
6.2921653543307086
20
-4.0867716141732284
11
6.2914161417322836
21
-4.0905381889763781
0
LINE
8
BLACK
6
CONTINUOUS
10
6.2914161417322836
20
-4.0905381889763781
11
6.289282519685039
21
-4.0937313385826775
0
LINE
8
BLACK
6
CONTINUOUS
10
6.289282519685039
20
-4.0937313385826775
11
6.2860893700787397
21
-4.0958649606299211
0
LINE
8
BLACK
6
CONTINUOUS
10
6.2860893700787397
20
-4.0958649606299211
11
6.2823227559055113
21
-4.0966141338582673
0
LINE
8
BLACK
6
CONTINUOUS
10
6.2823227559055113
20
-4.0966141338582673
11
6.1976772047244095
21
-4.0966141732283461
0
LINE
8
BLACK
6
CONTINUOUS
10
6.1976772047244095
20
-4.0966141732283461
11
6.1939106299212598
21
-4.0958649606299211
0
LINE
8
BLACK
6
CONTINUOUS
10
6.1939106299212598
20
-4.0958649606299211
11
6.1907174803149605
21
-4.0937313385826775
0
LINE
8
BLACK
6
CONTINUOUS
10
6.1907174803149605
20
-4.0937313385826775
11
6.188583858267716
21
-4.0905381889763781
0
LINE
8
BLACK
6
CONTINUOUS
10
6.188583858267716
20
-4.0905381889763781
11
6.1878346850393697
21
-4.0867715748031497
0
LINE
8
BLACK
6
CONTINUOUS
10
6.1878346850393697
20
-4.0867715748031497
11
6.187834645669291
21
-4.0503543700787397
0
LINE
8
BLACK
6
CONTINUOUS
10
6.187834645669291
20
-4.0503543700787397
11
6.188583858267716
21
-4.0465877952755909
0
LINE
8
BLACK
6
CONTINUOUS
10
6.188583858267716
20
-4.0465877952755909
11
6.1907174803149605
21
-4.0433946456692915
0
LINE
8
BLACK
6
CONTINUOUS
10
6.1907174803149605
20
-4.0433946456692915
11
6.1939106299212598
21
-4.041261023622047
0
LINE
8
BLACK
6
CONTINUOUS
10
6.1939106299212598
20
-4.041261023622047
11
6.1976772440944883
21
-4.0405118503937008
0
LINE
8
BLACK
6
CONTINUOUS
10
6.1976772440944883
20
-4.0405118503937008
11
6.28232279527559
21
-4.040511811023622
0
LINE
8
BLACK
6
CONTINUOUS
10
6.28232279527559
20
-4.040511811023622
11
6.2860893700787397
21
-4.041261023622047
0
LINE
8
BLACK
6
CONTINUOUS
10
6.2860893700787397
20
-4.041261023622047
11
6.289282519685039
21
-4.0433946456692915
0
LINE
8
BLACK
6
CONTINUOUS
10
6.289282519685039
20
-4.0433946456692915
11
6.2914161417322836
21
-4.0465877952755909
0
LINE
8
BLACK
6
CONTINUOUS
10
6.2914161417322836
20
-4.0465877952755909
11
6.2921653149606298
21
-4.0503544094488184
0
LINE
8
BLACK
6
CONTINUOUS
10
6.2921653149606298
20
-4.0503544094488184
11
6.2921653149606298
21
-4.0567519685039368
0
LINE
8
BLACK
6
CONTINUOUS
10
6.2921653149606298
20
-4.0567519685039368
11
6.3507874015748031
21
-4.0567519685039368
0
LINE
8
BLACK
6
CONTINUOUS
10
6.3507874015748031
20
-4.0567519685039368
11
6.3507874015748031
21
-4.0301968503937005
0
LINE
8
BLACK
6
CONTINUOUS
10
6.3507874015748031
20
-4.0301968503937005
11
6.3361417322834646
21
-4.0301968503937005
0
LINE
8
BLACK
6
CONTINUOUS
10
6.3361417322834646
20
-4.0301968503937005
11
6.3361417322834646
21
-4.0046062992125986
0
LINE
8
BLACK
6
CONTINUOUS
10
6.3361417322834646
20
-4.0046062992125986
11
6.3550393700787398
21
-4.0046062992125986
0
LINE
8
BLACK
6
CONTINUOUS
10
6.3550393700787398
20
-4.0046062992125986
11
6.3550393700787398
21
-3.9927952755905509
0
LINE
8
BLACK
6
CONTINUOUS
10
6.3550393700787398
20
-3.9927952755905509
11
6.3361417322834646
21
-3.9927952755905509
0
LINE
8
BLACK
6
CONTINUOUS
10
6.3361417322834646
20
-3.9927952755905509
11
6.3361417322834646
21
-3.9672047244094486
0
LINE
8
BLACK
6
CONTINUOUS
10
6.3361417322834646
20
-3.9672047244094486
11
6.3975590551181103
21
-3.9672047244094486
0
LINE
8
BLACK
6
CONTINUOUS
10
6.3975590551181103
20
-3.9672047244094486
11
6.3975590551181103
21
-3.9927952755905509
0
LINE
8
BLACK
6
CONTINUOUS
10
6.5281760236220467
20
-4.0731901574803144
11
6.5313691732283461
21
-4.0753237401574802
0
LINE
8
BLACK
6
CONTINUOUS
10
6.5313691732283461
20
-4.0753237401574802
11
6.5335027559055119
21
-4.0785168897637796
0
LINE
8
BLACK
6
CONTINUOUS
10
6.5335027559055119
20
-4.0785168897637796
11
6.5342519685039369
21
-4.0822834645669293
0
LINE
8
BLACK
6
CONTINUOUS
10
6.5342519685039369
20
-4.0822834645669293
11
6.5342519685039369
21
-4.1177165354330709
0
LINE
8
BLACK
6
CONTINUOUS
10
6.5342519685039369
20
-4.1177165354330709
11
6.5335027559055119
21
-4.1214831102362206
0
LINE
8
BLACK
6
CONTINUOUS
10
6.5335027559055119
20
-4.1214831102362206
11
6.5313691732283461
21
-4.12467625984252
0
LINE
8
BLACK
6
CONTINUOUS
10
6.5313691732283461
20
-4.12467625984252
11
6.5281760236220467
21
-4.1268098425196849
0
LINE
8
BLACK
6
CONTINUOUS
10
6.5281760236220467
20
-4.1268098425196849
11
6.5244094488188971
21
-4.1275590551181098
0
LINE
8
BLACK
6
CONTINUOUS
10
6.5244094488188971
20
-4.1275590551181098
11
6.5191442519685037
21
-4.1275590551181098
0
LINE
8
BLACK
6
CONTINUOUS
10
6.5191442519685037
20
-4.1275590551181098
11
6.5056133070866142
21
-4.1410900000000002
0
LINE
8
BLACK
6
CONTINUOUS
10
6.5056133070866142
20
-4.1410900000000002
11
6.5056133070866142
21
-4.1420555118110238
0
LINE
8
BLACK
6
CONTINUOUS
10
6.5056133070866142
20
-4.1420555118110238
11
6.5045492913385825
21
-4.1460264960629925
0
LINE
8
BLACK
6
CONTINUOUS
10
6.5045492913385825
20
-4.1460264960629925
11
6.5024937401574805
21
-4.1495868110236218
0
LINE
8
BLACK
6
CONTINUOUS
10
6.5024937401574805
20
-4.1495868110236218
11
6.4995868110236215
21
-4.15249374015748
0
LINE
8
BLACK
6
CONTINUOUS
10
6.4995868110236215
20
-4.15249374015748
11
6.4960264960629921
21
-4.1545492913385829
0
LINE
8
BLACK
6
CONTINUOUS
10
6.4960264960629921
20
-4.1545492913385829
11
6.4920555118110235
21
-4.1556133070866137
0
LINE
8
BLACK
6
CONTINUOUS
10
6.4920555118110235
20
-4.1556133070866137
11
6.4879444881889761
21
-4.1556133070866137
0
LINE
8
BLACK
6
CONTINUOUS
10
6.4879444881889761
20
-4.1556133070866137
11
6.4839735039370074
21
-4.1545492913385829
0
LINE
8
BLACK
6
CONTINUOUS
10
6.4839735039370074
20
-4.1545492913385829
11
6.4804131889763781
21
-4.15249374015748
0
LINE
8
BLACK
6
CONTINUOUS
10
6.4804131889763781
20
-4.15249374015748
11
6.4775062598425199
21
-4.1495868110236218
0
LINE
8
BLACK
6
CONTINUOUS
10
6.4775062598425199
20
-4.1495868110236218
11
6.475450708661417
21
-4.1460264960629925
0
LINE
8
BLACK
6
CONTINUOUS
10
6.475450708661417
20
-4.1460264960629925
11
6.4743866929133853
21
-4.1420555118110238
0
LINE
8
BLACK
6
CONTINUOUS
10
6.4743866929133853
20
-4.1420555118110238
11
6.4743866929133853
21
-4.1379444881889764
0
LINE
8
BLACK
6
CONTINUOUS
10
6.4743866929133853
20
-4.1379444881889764
11
6.475450708661417
21
-4.1339735039370078
0
LINE
8
BLACK
6
CONTINUOUS
10
6.475450708661417
20
-4.1339735039370078
11
6.4775062598425199
21
-4.1304131889763775
0
LINE
8
BLACK
6
CONTINUOUS
10
6.4775062598425199
20
-4.1304131889763775
11
6.4804131889763781
21
-4.1275062598425194
0
LINE
8
BLACK
6
CONTINUOUS
10
6.4804131889763781
20
-4.1275062598425194
11
6.4839735039370074
21
-4.1254507086614174
0
LINE
8
BLACK
6
CONTINUOUS
10
6.4839735039370074
20
-4.1254507086614174
11
6.4879444881889761
21
-4.1243866929133857
0
LINE
8
BLACK
6
CONTINUOUS
10
6.4879444881889761
20
-4.1243866929133857
11
6.4889099999999997
21
-4.1243866929133857
0
LINE
8
BLACK
6
CONTINUOUS
10
6.4889099999999997
20
-4.1243866929133857
11
6.4941767716535432
21
-4.1191198818897634
0
LINE
8
BLACK
6
CONTINUOUS
10
6.4941767716535432
20
-4.1191198818897634
11
6.4938976377952757
21
-4.1177165354330709
0
LINE
8
BLACK
6
CONTINUOUS
10
6.4938976377952757
20
-4.1177165354330709
11
6.4938976377952757
21
-4.0822834645669293
0
LINE
8
BLACK
6
CONTINUOUS
10
6.4938976377952757
20
-4.0822834645669293
11
6.4946468503937007
21
-4.0785168897637796
0
LINE
8
BLACK
6
CONTINUOUS
10
6.4946468503937007
20
-4.0785168897637796
11
6.4967804330708656
21
-4.0753237401574802
0
LINE
8
BLACK
6
CONTINUOUS
10
6.4967804330708656
20
-4.0753237401574802
11
6.499973582677165
21
-4.0731901574803144
0
LINE
8
BLACK
6
CONTINUOUS
10
6.499973582677165
20
-4.0731901574803144
11
6.5037401574803146
21
-4.0724409448818895
0
LINE
8
BLACK
6
CONTINUOUS
10
6.5037401574803146
20
-4.0724409448818895
11
6.5244094488188971
21
-4.0724409448818895
0
LINE
8
BLACK
6
CONTINUOUS
10
6.5244094488188971
20
-4.0724409448818895
11
6.5281760236220467
21
-4.0731901574803144
0
LINE
8
BLACK
6
CONTINUOUS
10
6.0842519685039367
20
-4.0037795275590549
11
6.0803149606299209
21
-4.0037795275590549
0
LINE
8
BLACK
6
CONTINUOUS
10
6.0803149606299209
20
-4.0037795275590549
11
6.0803149606299209
21
-4.0791794094488187
0
LINE
8
BLACK
6
CONTINUOUS
10
6.0803149606299209
20
-4.0791794094488187
11
6.1155677952755907
21
-4.1144322440944885
0
LINE
8
BLACK
6
CONTINUOUS
10
6.1155677952755907
20
-4.1144322440944885
11
6.1155679527559057
21
-4.1144324409448814
0
LINE
8
BLACK
6
CONTINUOUS
10
6.1155679527559057
20
-4.1144324409448814
11
6.1232615354330706
21
-4.1221259842519684
0
LINE
8
BLACK
6
CONTINUOUS
10
6.1232615354330706
20
-4.1221259842519684
11
6.2865173622047239
21
-4.1221259842519684
0
LINE
8
BLACK
6
CONTINUOUS
10
6.2865173622047239
20
-4.1221259842519684
11
6.2875062598425195
21
-4.1204131889763778
0
LINE
8
BLACK
6
CONTINUOUS
10
6.2875062598425195
20
-4.1204131889763778
11
6.2904131889763777
21
-4.1175062598425196
0
LINE
8
BLACK
6
CONTINUOUS
10
6.2904131889763777
20
-4.1175062598425196
11
6.2939735039370079
21
-4.1154507086614176
0
LINE
8
BLACK
6
CONTINUOUS
10
6.2939735039370079
20
-4.1154507086614176
11
6.2979444881889766
21
-4.1143866929133859
0
LINE
8
BLACK
6
CONTINUOUS
10
6.2979444881889766
20
-4.1143866929133859
11
6.3020555118110231
21
-4.1143866929133859
0
LINE
8
BLACK
6
CONTINUOUS
10
6.3020555118110231
20
-4.1143866929133859
11
6.3060264960629917
21
-4.1154507086614176
0
LINE
8
BLACK
6
CONTINUOUS
10
6.3060264960629917
20
-4.1154507086614176
11
6.309586811023622
21
-4.1175062598425196
0
LINE
8
BLACK
6
CONTINUOUS
10
6.309586811023622
20
-4.1175062598425196
11
6.3124937401574801
21
-4.1204131889763778
0
LINE
8
BLACK
6
CONTINUOUS
10
6.3124937401574801
20
-4.1204131889763778
11
6.3145492913385821
21
-4.123973503937008
0
LINE
8
BLACK
6
CONTINUOUS
10
6.3145492913385821
20
-4.123973503937008
11
6.3156133070866138
21
-4.1279444881889766
0
LINE
8
BLACK
6
CONTINUOUS
10
6.3156133070866138
20
-4.1279444881889766
11
6.3156133070866138
21
-4.1320555118110232
0
LINE
8
BLACK
6
CONTINUOUS
10
6.3156133070866138
20
-4.1320555118110232
11
6.3145492913385821
21
-4.1360264960629918
0
LINE
8
BLACK
6
CONTINUOUS
10
6.3145492913385821
20
-4.1360264960629918
11
6.3124937401574801
21
-4.139586811023622
0
LINE
8
BLACK
6
CONTINUOUS
10
6.3124937401574801
20
-4.139586811023622
11
6.309586811023622
21
-4.1424937401574802
0
LINE
8
BLACK
6
CONTINUOUS
10
6.309586811023622
20
-4.1424937401574802
11
6.3060264960629917
21
-4.1445492913385822
0
LINE
8
BLACK
6
CONTINUOUS
10
6.3060264960629917
20
-4.1445492913385822
11
6.3020555118110231
21
-4.1456133070866139
0
LINE
8
BLACK
6
CONTINUOUS
10
6.3020555118110231
20
-4.1456133070866139
11
6.2979444881889766
21
-4.1456133070866139
0
LINE
8
BLACK
6
CONTINUOUS
10
6.2979444881889766
20
-4.1456133070866139
11
6.2939735039370079
21
-4.1445492913385822
0
LINE
8
BLACK
6
CONTINUOUS
10
6.2939735039370079
20
-4.1445492913385822
11
6.2904131889763777
21
-4.1424937401574802
0
LINE
8
BLACK
6
CONTINUOUS
10
6.2904131889763777
20
-4.1424937401574802
11
6.2875062598425195
21
-4.139586811023622
0
LINE
8
BLACK
6
CONTINUOUS
10
6.2875062598425195
20
-4.139586811023622
11
6.2865173622047239
21
-4.1378740157480314
0
LINE
8
BLACK
6
CONTINUOUS
10
6.2865173622047239
20
-4.1378740157480314
11
6.1200000000000001
21
-4.1378740157480314
0
LINE
8
BLACK
6
CONTINUOUS
10
6.1200000000000001
20
-4.1378740157480314
11
6.1184638582677167
21
-4.1377227165354329
0
LINE
8
BLACK
6
CONTINUOUS
10
6.1184638582677167
20
-4.1377227165354329
11
6.1156254330708659
21
-4.1365470078740154
0
LINE
8
BLACK
6
CONTINUOUS
10
6.1156254330708659
20
-4.1365470078740154
11
6.1144322047244097
21
-4.1355677559055115
0
LINE
8
BLACK
6
CONTINUOUS
10
6.1144322047244097
20
-4.1355677559055115
11
6.1044324409448816
21
-4.1255679527559055
0
LINE
8
BLACK
6
CONTINUOUS
10
6.1044324409448816
20
-4.1255679527559055
11
6.1044322440944878
21
-4.1255677952755905
0
LINE
8
BLACK
6
CONTINUOUS
10
6.1044322440944878
20
-4.1255677952755905
11
6.0668731889763778
21
-4.0880087007874018
0
LINE
8
BLACK
6
CONTINUOUS
10
6.0668731889763778
20
-4.0880087007874018
11
6.0658939370078739
21
-4.0868155118110234
0
LINE
8
BLACK
6
CONTINUOUS
10
6.0658939370078739
20
-4.0868155118110234
11
6.0647182283464565
21
-4.0839770866141736
0
LINE
8
BLACK
6
CONTINUOUS
10
6.0647182283464565
20
-4.0839770866141736
11
6.064566929133858
21
-4.0824409448818892
0
LINE
8
BLACK
6
CONTINUOUS
10
6.064566929133858
20
-4.0824409448818892
11
6.064566929133858
21
-4.0037795275590549
0
LINE
8
BLACK
6
CONTINUOUS
10
6.064566929133858
20
-4.0037795275590549
11
6.0606299212598422
21
-4.0037795275590549
0
LINE
8
BLACK
6
CONTINUOUS
10
6.0606299212598422
20
-4.0037795275590549
11
6.0606299212598422
21
-3.9978740157480313
0
LINE
8
BLACK
6
CONTINUOUS
10
6.0606299212598422
20
-3.9978740157480313
11
6.023261535433071
21
-3.9978740157480313
0
LINE
8
BLACK
6
CONTINUOUS
10
6.023261535433071
20
-3.9978740157480313
11
6.0085433070866143
21
-4.0125922047244096
0
LINE
8
BLACK
6
CONTINUOUS
10
6.0085433070866143
20
-4.0125922047244096
11
6.0085433070866143
21
-4.0272440944881893
0
LINE
8
BLACK
6
CONTINUOUS
10
6.0085433070866143
20
-4.0272440944881893
11
6.0077940944881885
21
-4.0310106692913381
0
LINE
8
BLACK
6
CONTINUOUS
10
6.0077940944881885
20
-4.0310106692913381
11
6.0056605118110236
21
-4.0342038188976375
0
LINE
8
BLACK
6
CONTINUOUS
10
6.0056605118110236
20
-4.0342038188976375
11
6.0024673622047242
21
-4.0363374015748033
0
LINE
8
BLACK
6
CONTINUOUS
10
6.0024673622047242
20
-4.0363374015748033
11
5.9987007874015745
21
-4.0370866141732282
0
LINE
8
BLACK
6
CONTINUOUS
10
5.9987007874015745
20
-4.0370866141732282
11
5.9612992125984254
21
-4.0370866141732282
0
LINE
8
BLACK
6
CONTINUOUS
10
5.9612992125984254
20
-4.0370866141732282
11
5.9575326377952758
21
-4.0363374015748033
0
LINE
8
BLACK
6
CONTINUOUS
10
5.9575326377952758
20
-4.0363374015748033
11
5.9543394881889764
21
-4.0342038188976375
0
LINE
8
BLACK
6
CONTINUOUS
10
5.9543394881889764
20
-4.0342038188976375
11
5.9522059055118106
21
-4.0310106692913381
0
LINE
8
BLACK
6
CONTINUOUS
10
5.9522059055118106
20
-4.0310106692913381
11
5.9514566929133856
21
-4.0272440944881893
0
LINE
8
BLACK
6
CONTINUOUS
10
5.9514566929133856
20
-4.0272440944881893
11
5.9514566929133856
21
-4.025275590551181
0
LINE
8
BLACK
6
CONTINUOUS
10
5.9514566929133856
20
-4.025275590551181
11
5.9085433070866138
21
-4.025275590551181
0
LINE
8
BLACK
6
CONTINUOUS
10
5.9085433070866138
20
-4.025275590551181
11
5.9085433070866138
21
-4.0272440944881893
0
LINE
8
BLACK
6
CONTINUOUS
10
5.9085433070866138
20
-4.0272440944881893
11
5.9077940944881888
21
-4.0310106692913381
0
LINE
8
BLACK
6
CONTINUOUS
10
5.9077940944881888
20
-4.0310106692913381
11
5.9056605118110239
21
-4.0342038188976375
0
LINE
8
BLACK
6
CONTINUOUS
10
5.9056605118110239
20
-4.0342038188976375
11
5.9024673622047246
21
-4.0363374015748033
0
LINE
8
BLACK
6
CONTINUOUS
10
5.9024673622047246
20
-4.0363374015748033
11
5.8987007874015749
21
-4.0370866141732282
0
LINE
8
BLACK
6
CONTINUOUS
10
5.8987007874015749
20
-4.0370866141732282
11
5.8612992125984249
21
-4.0370866141732282
0
LINE
8
BLACK
6
CONTINUOUS
10
5.8612992125984249
20
-4.0370866141732282
11
5.8575326377952752
21
-4.0363374015748033
0
LINE
8
BLACK
6
CONTINUOUS
10
5.8575326377952752
20
-4.0363374015748033
11
5.8543394881889759
21
-4.0342038188976375
0
LINE
8
BLACK
6
CONTINUOUS
10
5.8543394881889759
20
-4.0342038188976375
11
5.852205905511811
21
-4.0310106692913381
0
LINE
8
BLACK
6
CONTINUOUS
10
5.852205905511811
20
-4.0310106692913381
11
5.851456692913386
21
-4.0272440944881893
0
LINE
8
BLACK
6
CONTINUOUS
10
5.851456692913386
20
-4.0272440944881893
11
5.851456692913386
21
-4.025275590551181
0
LINE
8
BLACK
6
CONTINUOUS
10
5.851456692913386
20
-4.025275590551181
11
5.8161023622047239
21
-4.025275590551181
0
LINE
8
BLACK
6
CONTINUOUS
10
5.8161023622047239
20
-4.025275590551181
11
5.8161023622047239
21
-4.0277165354330711
0
LINE
8
BLACK
6
CONTINUOUS
10
5.8161023622047239
20
-4.0277165354330711
11
5.8153531496062989
21
-4.0314831102362207
0
LINE
8
BLACK
6
CONTINUOUS
10
5.8153531496062989
20
-4.0314831102362207
11
5.813219566929134
21
-4.0346762598425192
0
LINE
8
BLACK
6
CONTINUOUS
10
5.813219566929134
20
-4.0346762598425192
11
5.8100264173228346
21
-4.036809842519685
0
LINE
8
BLACK
6
CONTINUOUS
10
5.8100264173228346
20
-4.036809842519685
11
5.806259842519685
21
-4.03755905511811
0
LINE
8
BLACK
6
CONTINUOUS
10
5.806259842519685
20
-4.03755905511811
11
5.7855905511811025
21
-4.03755905511811
0
LINE
8
BLACK
6
CONTINUOUS
10
5.7855905511811025
20
-4.03755905511811
11
5.7818239763779529
21
-4.036809842519685
0
LINE
8
BLACK
6
CONTINUOUS
10
5.7818239763779529
20
-4.036809842519685
11
5.7786308267716535
21
-4.0346762598425192
0
LINE
8
BLACK
6
CONTINUOUS
10
5.7786308267716535
20
-4.0346762598425192
11
5.7764972440944877
21
-4.0314831102362207
0
LINE
8
BLACK
6
CONTINUOUS
10
5.7764972440944877
20
-4.0314831102362207
11
5.7757480314960628
21
-4.0277165354330711
0
LINE
8
BLACK
6
CONTINUOUS
10
5.7757480314960628
20
-4.0277165354330711
11
5.7757480314960628
21
-3.992283464566929
0
LINE
8
BLACK
6
CONTINUOUS
10
5.7757480314960628
20
-3.992283464566929
11
5.7764972440944877
21
-3.9885168897637793
0
LINE
8
BLACK
6
CONTINUOUS
10
5.7764972440944877
20
-3.9885168897637793
11
5.7786308267716535
21
-3.9853237401574804
0
LINE
8
BLACK
6
CONTINUOUS
10
5.7786308267716535
20
-3.9853237401574804
11
5.7818239763779529
21
-3.983190157480315
0
LINE
8
BLACK
6
CONTINUOUS
10
5.7818239763779529
20
-3.983190157480315
11
5.7855905511811025
21
-3.9824409448818896
0
LINE
8
BLACK
6
CONTINUOUS
10
5.7855905511811025
20
-3.9824409448818896
11
5.806259842519685
21
-3.9824409448818896
0
LINE
8
BLACK
6
CONTINUOUS
10
5.806259842519685
20
-3.9824409448818896
11
5.8100264173228346
21
-3.983190157480315
0
LINE
8
BLACK
6
CONTINUOUS
10
5.8100264173228346
20
-3.983190157480315
11
5.813219566929134
21
-3.9853237401574804
0
LINE
8
BLACK
6
CONTINUOUS
10
5.813219566929134
20
-3.9853237401574804
11
5.8153531496062989
21
-3.9885168897637793
0
LINE
8
BLACK
6
CONTINUOUS
10
5.8153531496062989
20
-3.9885168897637793
11
5.8161023622047239
21
-3.992283464566929
0
LINE
8
BLACK
6
CONTINUOUS
10
5.8161023622047239
20
-3.992283464566929
11
5.8161023622047239
21
-4.009527559055118
0
LINE
8
BLACK
6
CONTINUOUS
10
5.8161023622047239
20
-4.009527559055118
11
5.851456692913386
21
-4.009527559055118
0
LINE
8
BLACK
6
CONTINUOUS
10
5.851456692913386
20
-4.009527559055118
11
5.851456692913386
21
-4.0075590551181097
0
LINE
8
BLACK
6
CONTINUOUS
10
5.851456692913386
20
-4.0075590551181097
11
5.852205905511811
21
-4.0037924803149609
0
LINE
8
BLACK
6
CONTINUOUS
10
5.852205905511811
20
-4.0037924803149609
11
5.8543394881889759
21
-4.0005993307086616
0
LINE
8
BLACK
6
CONTINUOUS
10
5.8543394881889759
20
-4.0005993307086616
11
5.8575326377952752
21
-3.9984657480314958
0
LINE
8
BLACK
6
CONTINUOUS
10
5.8575326377952752
20
-3.9984657480314958
11
5.8612992125984249
21
-3.9977165354330708
0
LINE
8
BLACK
6
CONTINUOUS
10
5.8612992125984249
20
-3.9977165354330708
11
5.8987007874015749
21
-3.9977165354330708
0
LINE
8
BLACK
6
CONTINUOUS
10
5.8987007874015749
20
-3.9977165354330708
11
5.9024673622047246
21
-3.9984657480314958
0
LINE
8
BLACK
6
CONTINUOUS
10
5.9024673622047246
20
-3.9984657480314958
11
5.9056605118110239
21
-4.0005993307086616
0
LINE
8
BLACK
6
CONTINUOUS
10
5.9056605118110239
20
-4.0005993307086616
11
5.9077940944881888
21
-4.0037924803149609
0
LINE
8
BLACK
6
CONTINUOUS
10
5.9077940944881888
20
-4.0037924803149609
11
5.9085433070866138
21
-4.0075590551181097
0
LINE
8
BLACK
6
CONTINUOUS
10
5.9085433070866138
20
-4.0075590551181097
11
5.9085433070866138
21
-4.009527559055118
0
LINE
8
BLACK
6
CONTINUOUS
10
5.9085433070866138
20
-4.009527559055118
11
5.9514566929133856
21
-4.009527559055118
0
LINE
8
BLACK
6
CONTINUOUS
10
5.9514566929133856
20
-4.009527559055118
11
5.9514566929133856
21
-4.0075590551181097
0
LINE
8
BLACK
6
CONTINUOUS
10
5.9514566929133856
20
-4.0075590551181097
11
5.9522059055118106
21
-4.0037924803149609
0
LINE
8
BLACK
6
CONTINUOUS
10
5.9522059055118106
20
-4.0037924803149609
11
5.9543394881889764
21
-4.0005993307086616
0
LINE
8
BLACK
6
CONTINUOUS
10
5.9543394881889764
20
-4.0005993307086616
11
5.9575326377952758
21
-3.9984657480314958
0
LINE
8
BLACK
6
CONTINUOUS
10
5.9575326377952758
20
-3.9984657480314958
11
5.9612992125984254
21
-3.9977165354330708
0
LINE
8
BLACK
6
CONTINUOUS
10
5.9612992125984254
20
-3.9977165354330708
11
5.9987007874015745
21
-3.9977165354330708
0
LINE
8
BLACK
6
CONTINUOUS
10
5.9987007874015745
20
-3.9977165354330708
11
6.0007418897637796
21
-3.9981225196850394
0
LINE
8
BLACK
6
CONTINUOUS
10
6.0007418897637796
20
-3.9981225196850394
11
6.014432244094488
21
-3.9844322047244094
0
LINE
8
BLACK
6
CONTINUOUS
10
6.014432244094488
20
-3.9844322047244094
11
6.0156254330708663
21
-3.9834529921259842
0
LINE
8
BLACK
6
CONTINUOUS
10
6.0156254330708663
20
-3.9834529921259842
11
6.0184638582677161
21
-3.9822772834645668
0
LINE
8
BLACK
6
CONTINUOUS
10
6.0184638582677161
20
-3.9822772834645668
11
6.0199999999999996
21
-3.9821259842519683
0
LINE
8
BLACK
6
CONTINUOUS
10
6.0199999999999996
20
-3.9821259842519683
11
6.0606299212598422
21
-3.9821259842519683
0
LINE
8
BLACK
6
CONTINUOUS
10
6.0606299212598422
20
-3.9821259842519683
11
6.0606299212598422
21
-3.9762204724409447
0
LINE
8
BLACK
6
CONTINUOUS
10
6.0606299212598422
20
-3.9762204724409447
11
6.0842519685039367
21
-3.9762204724409447
0
LINE
8
BLACK
6
CONTINUOUS
10
6.0842519685039367
20
-3.9762204724409447
11
6.0842519685039367
21
-4.0037795275590549
0
LINE
8
BLACK
6
CONTINUOUS
10
6.6114831102362199
20
-3.9964972440944879
11
6.6146762598425193
21
-3.9986308267716533
0
LINE
8
BLACK
6
CONTINUOUS
10
6.6146762598425193
20
-3.9986308267716533
11
6.6168098425196851
21
-4.0018239763779526
0
LINE
8
BLACK
6
CONTINUOUS
10
6.6168098425196851
20
-4.0018239763779526
11
6.61755905511811
21
-4.0055905511811023
0
LINE
8
BLACK
6
CONTINUOUS
10
6.61755905511811
20
-4.0055905511811023
11
6.61755905511811
21
-4.0262598425196847
0
LINE
8
BLACK
6
CONTINUOUS
10
6.61755905511811
20
-4.0262598425196847
11
6.6168098425196851
21
-4.0300264173228344
0
LINE
8
BLACK
6
CONTINUOUS
10
6.6168098425196851
20
-4.0300264173228344
11
6.6146762598425193
21
-4.0332195669291337
0
LINE
8
BLACK
6
CONTINUOUS
10
6.6146762598425193
20
-4.0332195669291337
11
6.6114831102362199
21
-4.0353531496062995
0
LINE
8
BLACK
6
CONTINUOUS
10
6.6114831102362199
20
-4.0353531496062995
11
6.6077165354330711
21
-4.0361023622047245
0
LINE
8
BLACK
6
CONTINUOUS
10
6.6077165354330711
20
-4.0361023622047245
11
6.5978740157480313
21
-4.0361023622047245
0
LINE
8
BLACK
6
CONTINUOUS
10
6.5978740157480313
20
-4.0361023622047245
11
6.5978740157480313
21
-4.0727620078740161
0
LINE
8
BLACK
6
CONTINUOUS
10
6.5978740157480313
20
-4.0727620078740161
11
6.6000264173228347
21
-4.0731901574803144
0
LINE
8
BLACK
6
CONTINUOUS
10
6.6000264173228347
20
-4.0731901574803144
11
6.603219566929134
21
-4.0753237401574802
0
LINE
8
BLACK
6
CONTINUOUS
10
6.603219566929134
20
-4.0753237401574802
11
6.6053531496062989
21
-4.0785168897637796
0
LINE
8
BLACK
6
CONTINUOUS
10
6.6053531496062989
20
-4.0785168897637796
11
6.6061023622047239
21
-4.0822834645669293
0
LINE
8
BLACK
6
CONTINUOUS
10
6.6061023622047239
20
-4.0822834645669293
11
6.6061023622047239
21
-4.1177165354330709
0
LINE
8
BLACK
6
CONTINUOUS
10
6.6061023622047239
20
-4.1177165354330709
11
6.6053531496062989
21
-4.1214831102362206
0
LINE
8
BLACK
6
CONTINUOUS
10
6.6053531496062989
20
-4.1214831102362206
11
6.603219566929134
21
-4.12467625984252
0
LINE
8
BLACK
6
CONTINUOUS
10
6.603219566929134
20
-4.12467625984252
11
6.6000264173228347
21
-4.1268098425196849
0
LINE
8
BLACK
6
CONTINUOUS
10
6.6000264173228347
20
-4.1268098425196849
11
6.596259842519685
21
-4.1275590551181098
0
LINE
8
BLACK
6
CONTINUOUS
10
6.596259842519685
20
-4.1275590551181098
11
6.5755905511811026
21
-4.1275590551181098
0
LINE
8
BLACK
6
CONTINUOUS
10
6.5755905511811026
20
-4.1275590551181098
11
6.5718239763779529
21
-4.1268098425196849
0
LINE
8
BLACK
6
CONTINUOUS
10
6.5718239763779529
20
-4.1268098425196849
11
6.5686308267716536
21
-4.12467625984252
0
LINE
8
BLACK
6
CONTINUOUS
10
6.5686308267716536
20
-4.12467625984252
11
6.5664972440944878
21
-4.1214831102362206
0
LINE
8
BLACK
6
CONTINUOUS
10
6.5664972440944878
20
-4.1214831102362206
11
6.5657480314960628
21
-4.1177165354330709
0
LINE
8
BLACK
6
CONTINUOUS
10
6.5657480314960628
20
-4.1177165354330709
11
6.5657480314960628
21
-4.0822834645669293
0
LINE
8
BLACK
6
CONTINUOUS
10
6.5657480314960628
20
-4.0822834645669293
11
6.5664972440944878
21
-4.0785168897637796
0
LINE
8
BLACK
6
CONTINUOUS
10
6.5664972440944878
20
-4.0785168897637796
11
6.5686308267716536
21
-4.0753237401574802
0
LINE
8
BLACK
6
CONTINUOUS
10
6.5686308267716536
20
-4.0753237401574802
11
6.5718239763779529
21
-4.0731901574803144
0
LINE
8
BLACK
6
CONTINUOUS
10
6.5718239763779529
20
-4.0731901574803144
11
6.5755905511811026
21
-4.0724409448818895
0
LINE
8
BLACK
6
CONTINUOUS
10
6.5755905511811026
20
-4.0724409448818895
11
6.5821259842519684
21
-4.0724409448818895
0
LINE
8
BLACK
6
CONTINUOUS
10
6.5821259842519684
20
-4.0724409448818895
11
6.5821259842519684
21
-4.0361023622047245
0
LINE
8
BLACK
6
CONTINUOUS
10
6.5821259842519684
20
-4.0361023622047245
11
6.5722834645669286
21
-4.0361023622047245
0
LINE
8
BLACK
6
CONTINUOUS
10
6.5722834645669286
20
-4.0361023622047245
11
6.5685168897637798
21
-4.0353531496062995
0
LINE
8
BLACK
6
CONTINUOUS
10
6.5685168897637798
20
-4.0353531496062995
11
6.5653237401574804
21
-4.0332195669291337
0
LINE
8
BLACK
6
CONTINUOUS
10
6.5653237401574804
20
-4.0332195669291337
11
6.5631901574803146
21
-4.0300264173228344
0
LINE
8
BLACK
6
CONTINUOUS
10
6.5631901574803146
20
-4.0300264173228344
11
6.5624409448818897
21
-4.0262598425196847
0
LINE
8
BLACK
6
CONTINUOUS
10
6.5624409448818897
20
-4.0262598425196847
11
6.5624409448818897
21
-4.025275590551181
0
LINE
8
BLACK
6
CONTINUOUS
10
6.5624409448818897
20
-4.025275590551181
11
6.5038582677165353
21
-4.025275590551181
0
LINE
8
BLACK
6
CONTINUOUS
10
6.5038582677165353
20
-4.025275590551181
11
6.5038582677165353
21
-4.0301968503937005
0
LINE
8
BLACK
6
CONTINUOUS
10
6.5038582677165353
20
-4.0301968503937005
11
6.4424409448818896
21
-4.0301968503937005
0
LINE
8
BLACK
6
CONTINUOUS
10
6.4424409448818896
20
-4.0301968503937005
11
6.4424409448818896
21
-4.0046062992125986
0
LINE
8
BLACK
6
CONTINUOUS
10
6.4424409448818896
20
-4.0046062992125986
11
6.5038582677165353
21
-4.0046062992125986
0
LINE
8
BLACK
6
CONTINUOUS
10
6.5038582677165353
20
-4.0046062992125986
11
6.5038582677165353
21
-4.009527559055118
0
LINE
8
BLACK
6
CONTINUOUS
10
6.5038582677165353
20
-4.009527559055118
11
6.5624409448818897
21
-4.009527559055118
0
LINE
8
BLACK
6
CONTINUOUS
10
6.5624409448818897
20
-4.009527559055118
11
6.5624409448818897
21
-4.0055905511811023
0
LINE
8
BLACK
6
CONTINUOUS
10
6.5624409448818897
20
-4.0055905511811023
11
6.5631901574803146
21
-4.0018239763779526
0
LINE
8
BLACK
6
CONTINUOUS
10
6.5631901574803146
20
-4.0018239763779526
11
6.5653237401574804
21
-3.9986308267716533
0
LINE
8
BLACK
6
CONTINUOUS
10
6.5653237401574804
20
-3.9986308267716533
11
6.5685168897637798
21
-3.9964972440944879
0
LINE
8
BLACK
6
CONTINUOUS
10
6.5685168897637798
20
-3.9964972440944879
11
6.5722834645669286
21
-3.9957480314960629
0
LINE
8
BLACK
6
CONTINUOUS
10
6.5722834645669286
20
-3.9957480314960629
11
6.6077165354330711
21
-3.9957480314960629
0
LINE
8
BLACK
6
CONTINUOUS
10
6.6077165354330711
20
-3.9957480314960629
11
6.6114831102362199
21
-3.9964972440944879
0
LINE
8
BLACK
6
CONTINUOUS
10
6.3220323228346453
20
-3.9670276377952756
11
6.3238627559055116
21
-3.9691400787401574
0
LINE
8
BLACK
6
CONTINUOUS
10
6.3238627559055116
20
-3.9691400787401574
11
6.3243110236220472
21
-3.9712007874015747
0
LINE
8
BLACK
6
CONTINUOUS
10
6.3243110236220472
20
-3.9712007874015747
11
6.3243110236220472
21
-3.9945613779527558
0
LINE
8
BLACK
6
CONTINUOUS
10
6.3243110236220472
20
-3.9945613779527558
11
6.324311062992126
21
-3.9945616535433071
0
LINE
8
BLACK
6
CONTINUOUS
10
6.324311062992126
20
-3.9945616535433071
11
6.3244257874015748
21
-3.9955508661417323
0
LINE
8
BLACK
6
CONTINUOUS
10
6.3244257874015748
20
-3.9955508661417323
11
6.3249318897637794
21
-3.9966970866141733
0
LINE
8
BLACK
6
CONTINUOUS
10
6.3249318897637794
20
-3.9966970866141733
11
6.3252948031496059
21
-3.9994685826771654
0
LINE
8
BLACK
6
CONTINUOUS
10
6.3252948031496059
20
-3.9994685826771654
11
6.3249319291338582
21
-4.0007044094488187
0
LINE
8
BLACK
6
CONTINUOUS
10
6.3249319291338582
20
-4.0007044094488187
11
6.324425748031496
21
-4.0018507480314955
0
LINE
8
BLACK
6
CONTINUOUS
10
6.324425748031496
20
-4.0018507480314955
11
6.3243110236220472
21
-4.0028397244094487
0
LINE
8
BLACK
6
CONTINUOUS
10
6.3243110236220472
20
-4.0028397244094487
11
6.3243110236220472
21
-4.0319629527559053
0
LINE
8
BLACK
6
CONTINUOUS
10
6.3243110236220472
20
-4.0319629527559053
11
6.324311062992126
21
-4.0319632283464566
0
LINE
8
BLACK
6
CONTINUOUS
10
6.324311062992126
20
-4.0319632283464566
11
6.324425748031496
21
-4.0329523622047247
0
LINE
8
BLACK
6
CONTINUOUS
10
6.324425748031496
20
-4.0329523622047247
11
6.3244258267716535
21
-4.0329525196850389
0
LINE
8
BLACK
6
CONTINUOUS
10
6.3244258267716535
20
-4.0329525196850389
11
6.3262123228346452
21
-4.036998543307087
0
LINE
8
BLACK
6
CONTINUOUS
10
6.3262123228346452
20
-4.036998543307087
11
6.3263210236220475
21
-4.0371572440944883
0
LINE
8
BLACK
6
CONTINUOUS
10
6.3263210236220475
20
-4.0371572440944883
11
6.3271869685039368
21
-4.0398148818897637
0
LINE
8
BLACK
6
CONTINUOUS
10
6.3271869685039368
20
-4.0398148818897637
11
6.3264786220472438
21
-4.0425187795275592
0
LINE
8
BLACK
6
CONTINUOUS
10
6.3264786220472438
20
-4.0425187795275592
11
6.3244208661417325
21
-4.0444104724409451
0
LINE
8
BLACK
6
CONTINUOUS
10
6.3244208661417325
20
-4.0444104724409451
11
6.3222284645669289
21
-4.0449212598425195
0
LINE
8
BLACK
6
CONTINUOUS
10
6.3222284645669289
20
-4.0449212598425195
11
6.3068540551181105
21
-4.0449212598425195
0
LINE
8
BLACK
6
CONTINUOUS
10
6.3068540551181105
20
-4.0449212598425195
11
6.3041721259842518
21
-4.0441337795275594
0
LINE
8
BLACK
6
CONTINUOUS
10
6.3041721259842518
20
-4.0441337795275594
11
6.3023416929133855
21
-4.0420213385826766
0
LINE
8
BLACK
6
CONTINUOUS
10
6.3023416929133855
20
-4.0420213385826766
11
6.3022392913385827
21
-4.0417804330708664
0
LINE
8
BLACK
6
CONTINUOUS
10
6.3022392913385827
20
-4.0417804330708664
11
6.3013922047244089
21
-4.0396323228346454
0
LINE
8
BLACK
6
CONTINUOUS
10
6.3013922047244089
20
-4.0396323228346454
11
6.301392165354331
21
-4.0396322047244091
0
LINE
8
BLACK
6
CONTINUOUS
10
6.301392165354331
20
-4.0396322047244091
11
6.2977922047244093
21
-4.0348849606299213
0
LINE
8
BLACK
6
CONTINUOUS
10
6.2977922047244093
20
-4.0348849606299213
11
6.2930449606299215
21
-4.0312849999999996
0
LINE
8
BLACK
6
CONTINUOUS
10
6.2930449606299215
20
-4.0312849999999996
11
6.293044881889764
21
-4.0312849606299208
0
LINE
8
BLACK
6
CONTINUOUS
10
6.293044881889764
20
-4.0312849606299208
11
6.2875025984251964
21
-4.0290993700787396
0
LINE
8
BLACK
6
CONTINUOUS
10
6.2875025984251964
20
-4.0290993700787396
11
6.2875024015748027
21
-4.0290993307086609
0
LINE
8
BLACK
6
CONTINUOUS
10
6.2875024015748027
20
-4.0290993307086609
11
6.2845700787401571
21
-4.0287472047244091
0
LINE
8
BLACK
6
CONTINUOUS
10
6.2845700787401571
20
-4.0287472047244091
11
6.2840196456692912
21
-4.0286811023622047
0
LINE
8
BLACK
6
CONTINUOUS
10
6.2840196456692912
20
-4.0286811023622047
11
6.2840196062992124
21
-4.0286811023622047
0
LINE
8
BLACK
6
CONTINUOUS
10
6.2840196062992124
20
-4.0286811023622047
11
6.1959805511811021
21
-4.0286811023622047
0
LINE
8
BLACK
6
CONTINUOUS
10
6.1959805511811021
20
-4.0286811023622047
11
6.1959801968503934
21
-4.0286811417322834
0
LINE
8
BLACK
6
CONTINUOUS
10
6.1959801968503934
20
-4.0286811417322834
11
6.1924974803149606
21
-4.0290993307086609
0
LINE
8
BLACK
6
CONTINUOUS
10
6.1924974803149606
20
-4.0290993307086609
11
6.1869550787401577
21
-4.0312849606299208
0
LINE
8
BLACK
6
CONTINUOUS
10
6.1869550787401577
20
-4.0312849606299208
11
6.1822077952755903
21
-4.0348849606299213
0
LINE
8
BLACK
6
CONTINUOUS
10
6.1822077952755903
20
-4.0348849606299213
11
6.1786077952755907
21
-4.0396322440944878
0
LINE
8
BLACK
6
CONTINUOUS
10
6.1786077952755907
20
-4.0396322440944878
11
6.1764222047244095
21
-4.0451745275590554
0
LINE
8
BLACK
6
CONTINUOUS
10
6.1764222047244095
20
-4.0451745275590554
11
6.1764221653543308
21
-4.0451747244094491
0
LINE
8
BLACK
6
CONTINUOUS
10
6.1764221653543308
20
-4.0451747244094491
11
6.1760039370078736
21
-4.0486574409448819
0
LINE
8
BLACK
6
CONTINUOUS
10
6.1760039370078736
20
-4.0486574409448819
11
6.1760039370078736
21
-4.0884682283464562
0
LINE
8
BLACK
6
CONTINUOUS
10
6.1760039370078736
20
-4.0884682283464562
11
6.1760039763779524
21
-4.088468582677165
0
LINE
8
BLACK
6
CONTINUOUS
10
6.1760039763779524
20
-4.088468582677165
11
6.1764221653543308
21
-4.0919512992125986
0
LINE
8
BLACK
6
CONTINUOUS
10
6.1764221653543308
20
-4.0919512992125986
11
6.1786024409448821
21
-4.0974800787401575
0
LINE
8
BLACK
6
CONTINUOUS
10
6.1786024409448821
20
-4.0974800787401575
11
6.1786078346456694
21
-4.097493779527559
0
LINE
8
BLACK
6
CONTINUOUS
10
6.1786078346456694
20
-4.097493779527559
11
6.1822077952755903
21
-4.1022410236220468
0
LINE
8
BLACK
6
CONTINUOUS
10
6.1822077952755903
20
-4.1022410236220468
11
6.182207834645669
21
-4.1022410629921255
0
LINE
8
BLACK
6
CONTINUOUS
10
6.182207834645669
20
-4.1022410629921255
11
6.1822807874015746
21
-4.1023372440944881
0
LINE
8
BLACK
6
CONTINUOUS
10
6.1822807874015746
20
-4.1023372440944881
11
6.1832738188976375
21
-4.1049500393700784
0
LINE
8
BLACK
6
CONTINUOUS
10
6.1832738188976375
20
-4.1049500393700784
11
6.1826966141732278
21
-4.1076849606299213
0
LINE
8
BLACK
6
CONTINUOUS
10
6.1826966141732278
20
-4.1076849606299213
11
6.1807324803149601
21
-4.1096736614173226
0
LINE
8
BLACK
6
CONTINUOUS
10
6.1807324803149601
20
-4.1096736614173226
11
6.1783281102362206
21
-4.1102952755905511
0
LINE
8
BLACK
6
CONTINUOUS
10
6.1783281102362206
20
-4.1102952755905511
11
6.1302166929133861
21
-4.1102952755905511
0
LINE
8
BLACK
6
CONTINUOUS
10
6.1302166929133861
20
-4.1102952755905511
11
6.1275347637795274
21
-4.1095077952755901
0
LINE
8
BLACK
6
CONTINUOUS
10
6.1275347637795274
20
-4.1095077952755901
11
6.1267090157480313
21
-4.1088423228346453
0
LINE
8
BLACK
6
CONTINUOUS
10
6.1267090157480313
20
-4.1088423228346453
11
6.093598622047244
21
-4.0757319291338581
0
LINE
8
BLACK
6
CONTINUOUS
10
6.093598622047244
20
-4.0757319291338581
11
6.0922590157480316
21
-4.0732787007874016
0
LINE
8
BLACK
6
CONTINUOUS
10
6.0922590157480316
20
-4.0732787007874016
11
6.0921456692913383
21
-4.0722242519685041
0
LINE
8
BLACK
6
CONTINUOUS
10
6.0921456692913383
20
-4.0722242519685041
11
6.0921456692913383
21
-4.0146716929133861
0
LINE
8
BLACK
6
CONTINUOUS
10
6.0921456692913383
20
-4.0146716929133861
11
6.0928155905511812
21
-4.0121821653543304
0
LINE
8
BLACK
6
CONTINUOUS
10
6.0928155905511812
20
-4.0121821653543304
11
6.0931405511811025
21
-4.011622047244094
0
LINE
8
BLACK
6
CONTINUOUS
10
6.0931405511811025
20
-4.011622047244094
11
6.0941813385826773
21
-4.010581299212598
0
LINE
8
BLACK
6
CONTINUOUS
10
6.0941813385826773
20
-4.010581299212598
11
6.0955724803149609
21
-4.0074306299212594
0
LINE
8
BLACK
6
CONTINUOUS
10
6.0955724803149609
20
-4.0074306299212594
11
6.0957092519685041
21
-4.0071949212598428
0
LINE
8
BLACK
6
CONTINUOUS
10
6.0957092519685041
20
-4.0071949212598428
11
6.0965329133858264
21
-4.0064129133858266
0
LINE
8
BLACK
6
CONTINUOUS
10
6.0965329133858264
20
-4.0064129133858266
11
6.0972656299212593
21
-4.0055454724409447
0
LINE
8
BLACK
6
CONTINUOUS
10
6.0972656299212593
20
-4.0055454724409447
11
6.0975332283464567
21
-4.0054631889763774
0
LINE
8
BLACK
6
CONTINUOUS
10
6.0975332283464567
20
-4.0054631889763774
11
6.0977363385826768
21
-4.005270393700787
0
LINE
8
BLACK
6
CONTINUOUS
10
6.0977363385826768
20
-4.005270393700787
11
6.0988518897637798
21
-4.0050578740157476
0
LINE
8
BLACK
6
CONTINUOUS
10
6.0988518897637798
20
-4.0050578740157476
11
6.0999374015748034
21
-4.0047242125984255
0
LINE
8
BLACK
6
CONTINUOUS
10
6.0999374015748034
20
-4.0047242125984255
11
6.1002070472440941
21
-4.0047996850393703
0
LINE
8
BLACK
6
CONTINUOUS
10
6.1002070472440941
20
-4.0047996850393703
11
6.1004820866141731
21
-4.0047473228346453
0
LINE
8
BLACK
6
CONTINUOUS
10
6.1004820866141731
20
-4.0047473228346453
11
6.1015352362204727
21
-4.005171535433071
0
LINE
8
BLACK
6
CONTINUOUS
10
6.1015352362204727
20
-4.005171535433071
11
6.1026290157480316
21
-4.0054777952755902
0
LINE
8
BLACK
6
CONTINUOUS
10
6.1026290157480316
20
-4.0054777952755902
11
6.1028150393700784
21
-4.0056870866141727
0
LINE
8
BLACK
6
CONTINUOUS
10
6.1028150393700784
20
-4.0056870866141727
11
6.1030747637795271
21
-4.0057917322834644
0
LINE
8
BLACK
6
CONTINUOUS
10
6.1030747637795271
20
-4.0057917322834644
11
6.1037314173228348
21
-4.0067180708661416
0
LINE
8
BLACK
6
CONTINUOUS
10
6.1037314173228348
20
-4.0067180708661416
11
6.1044859448818896
21
-4.0075669685039372
0
LINE
8
BLACK
6
CONTINUOUS
10
6.1044859448818896
20
-4.0075669685039372
11
6.1045379133858271
21
-4.0076807086614172
0
LINE
8
BLACK
6
CONTINUOUS
10
6.1045379133858271
20
-4.0076807086614172
11
6.1058186614173229
21
-4.010581299212598
0
LINE
8
BLACK
6
CONTINUOUS
10
6.1058186614173229
20
-4.010581299212598
11
6.1058187007874016
21
-4.0105813779527555
0
LINE
8
BLACK
6
CONTINUOUS
10
6.1058187007874016
20
-4.0105813779527555
11
6.1089461417322832
21
-4.013708818897638
0
LINE
8
BLACK
6
CONTINUOUS
10
6.1089461417322832
20
-4.013708818897638
11
6.1089462204724407
21
-4.0137088582677167
0
LINE
8
BLACK
6
CONTINUOUS
10
6.1089462204724407
20
-4.0137088582677167
11
6.1089462598425195
21
-4.0137088976377955
0
LINE
8
BLACK
6
CONTINUOUS
10
6.1089462598425195
20
-4.0137088976377955
11
6.1129924803149605
21
-4.0154954724409446
0
LINE
8
BLACK
6
CONTINUOUS
10
6.1129924803149605
20
-4.0154954724409446
11
6.1139816929133861
21
-4.0156102362204722
0
LINE
8
BLACK
6
CONTINUOUS
10
6.1139816929133861
20
-4.0156102362204722
11
6.1411363779527557
21
-4.0156101968503934
0
LINE
8
BLACK
6
CONTINUOUS
10
6.1411363779527557
20
-4.0156101968503934
11
6.1421256299212601
21
-4.0154954724409446
0
LINE
8
BLACK
6
CONTINUOUS
10
6.1421256299212601
20
-4.0154954724409446
11
6.1453666929133854
21
-4.0140644094488191
0
LINE
8
BLACK
6
CONTINUOUS
10
6.1453666929133854
20
-4.0140644094488191
11
6.1473703937007871
21
-4.0136417322834648
0
LINE
8
BLACK
6
CONTINUOUS
10
6.1473703937007871
20
-4.0136417322834648
11
6.1765830314960626
21
-4.0136417322834648
0
LINE
8
BLACK
6
CONTINUOUS
10
6.1765830314960626
20
-4.0136417322834648
11
6.1765836614173226
21
-4.0136417716535435
0
LINE
8
BLACK
6
CONTINUOUS
10
6.1765836614173226
20
-4.0136417716535435
11
6.1768875196850388
21
-4.0136417716535435
0
LINE
8
BLACK
6
CONTINUOUS
10
6.1768875196850388
20
-4.0136417716535435
11
6.1831123622047244
21
-4.0136417716535435
0
LINE
8
BLACK
6
CONTINUOUS
10
6.1831123622047244
20
-4.0136417716535435
11
6.1831124803149606
21
-4.0136417716535435
0
LINE
8
BLACK
6
CONTINUOUS
10
6.1831124803149606
20
-4.0136417716535435
11
6.1891253937007873
21
-4.0120305905511806
0
LINE
8
BLACK
6
CONTINUOUS
10
6.1891253937007873
20
-4.0120305905511806
11
6.1916356299212598
21
-4.010581299212598
0
LINE
8
BLACK
6
CONTINUOUS
10
6.1916356299212598
20
-4.010581299212598
11
6.1916356692913386
21
-4.010581299212598
0
LINE
8
BLACK
6
CONTINUOUS
10
6.1916356692913386
20
-4.010581299212598
11
6.1945161023622042
21
-4.0089182677165356
0
LINE
8
BLACK
6
CONTINUOUS
10
6.1945161023622042
20
-4.0089182677165356
11
6.1945160629921254
21
-4.0089182677165356
0
LINE
8
BLACK
6
CONTINUOUS
10
6.1945160629921254
20
-4.0089182677165356
11
6.1945163779527554
21
-4.0089181102362206
0
LINE
8
BLACK
6
CONTINUOUS
10
6.1945163779527554
20
-4.0089181102362206
11
6.1989181102362201
21
-4.0045163779527559
0
LINE
8
BLACK
6
CONTINUOUS
10
6.1989181102362201
20
-4.0045163779527559
11
6.1993261811023617
21
-4.0041083070866144
0
LINE
8
BLACK
6
CONTINUOUS
10
6.1993261811023617
20
-4.0041083070866144
11
6.1993264173228342
21
-4.0041079527559056
0
LINE
8
BLACK
6
CONTINUOUS
10
6.1993264173228342
20
-4.0041079527559056
11
6.2106626771653541
21
-3.9927716929133856
0
LINE
8
BLACK
6
CONTINUOUS
10
6.2106626771653541
20
-3.9927716929133856
11
6.2131158267716531
21
-3.9914322047244095
0
LINE
8
BLACK
6
CONTINUOUS
10
6.2131158267716531
20
-3.9914322047244095
11
6.2141702755905515
21
-3.9913188582677166
0
LINE
8
BLACK
6
CONTINUOUS
10
6.2141702755905515
20
-3.9913188582677166
11
6.2840194094488186
21
-3.9913188582677166
0
LINE
8
BLACK
6
CONTINUOUS
10
6.2840194094488186
20
-3.9913188582677166
11
6.2840196062992124
21
-3.9913188582677166
0
LINE
8
BLACK
6
CONTINUOUS
10
6.2840196062992124
20
-3.9913188582677166
11
6.2875025196850389
21
-3.9909006299212599
0
LINE
8
BLACK
6
CONTINUOUS
10
6.2875025196850389
20
-3.9909006299212599
11
6.2930449606299215
21
-3.988715
0
LINE
8
BLACK
6
CONTINUOUS
10
6.2930449606299215
20
-3.988715
11
6.2977922047244093
21
-3.9851150393700787
0
LINE
8
BLACK
6
CONTINUOUS
10
6.2977922047244093
20
-3.9851150393700787
11
6.301392165354331
21
-3.9803677952755905
0
LINE
8
BLACK
6
CONTINUOUS
10
6.301392165354331
20
-3.9803677952755905
11
6.30357779527559
21
-3.9748253543307084
0
LINE
8
BLACK
6
CONTINUOUS
10
6.30357779527559
20
-3.9748253543307084
11
6.3039960629921259
21
-3.9713424803149606
0
LINE
8
BLACK
6
CONTINUOUS
10
6.3039960629921259
20
-3.9713424803149606
11
6.3039960629921259
21
-3.9712007874015747
0
LINE
8
BLACK
6
CONTINUOUS
10
6.3039960629921259
20
-3.9712007874015747
11
6.3047835433070869
21
-3.9685188582677164
0
LINE
8
BLACK
6
CONTINUOUS
10
6.3047835433070869
20
-3.9685188582677164
11
6.3068959842519687
21
-3.9666884251968502
0
LINE
8
BLACK
6
CONTINUOUS
10
6.3068959842519687
20
-3.9666884251968502
11
6.3089566929133856
21
-3.966240157480315
0
LINE
8
BLACK
6
CONTINUOUS
10
6.3089566929133856
20
-3.966240157480315
11
6.3193503937007875
21
-3.966240157480315
0
LINE
8
BLACK
6
CONTINUOUS
10
6.3193503937007875
20
-3.966240157480315
11
6.3220323228346453
21
-3.9670276377952756
0
LINE
8
BLACK
6
CONTINUOUS
10
4.9460264960629923
20
-3.9254507086614172
11
4.9495868110236216
21
-3.9275062598425197
0
LINE
8
BLACK
6
CONTINUOUS
10
4.9495868110236216
20
-3.9275062598425197
11
4.9524937401574798
21
-3.9304131889763778
0
LINE
8
BLACK
6
CONTINUOUS
10
4.9524937401574798
20
-3.9304131889763778
11
4.9545492913385827
21
-3.9339735039370076
0
LINE
8
BLACK
6
CONTINUOUS
10
4.9545492913385827
20
-3.9339735039370076
11
4.9556133070866144
21
-3.9379444881889762
0
LINE
8
BLACK
6
CONTINUOUS
10
4.9556133070866144
20
-3.9379444881889762
11
4.9556133070866144
21
-3.9420555118110236
0
LINE
8
BLACK
6
CONTINUOUS
10
4.9556133070866144
20
-3.9420555118110236
11
4.9545492913385827
21
-3.9460264960629918
0
LINE
8
BLACK
6
CONTINUOUS
10
4.9545492913385827
20
-3.9460264960629918
11
4.9524937401574798
21
-3.9495868110236221
0
LINE
8
BLACK
6
CONTINUOUS
10
4.9524937401574798
20
-3.9495868110236221
11
4.9495868110236216
21
-3.9524937401574802
0
LINE
8
BLACK
6
CONTINUOUS
10
4.9495868110236216
20
-3.9524937401574802
11
4.9460264960629923
21
-3.9545492913385827
0
LINE
8
BLACK
6
CONTINUOUS
10
4.9460264960629923
20
-3.9545492913385827
11
4.9420555118110236
21
-3.955613307086614
0
LINE
8
BLACK
6
CONTINUOUS
10
4.9420555118110236
20
-3.955613307086614
11
4.9379444881889762
21
-3.955613307086614
0
LINE
8
BLACK
6
CONTINUOUS
10
4.9379444881889762
20
-3.955613307086614
11
4.9339735039370076
21
-3.9545492913385827
0
LINE
8
BLACK
6
CONTINUOUS
10
4.9339735039370076
20
-3.9545492913385827
11
4.9328199606299208
21
-3.9538833070866142
0
LINE
8
BLACK
6
CONTINUOUS
10
4.9328199606299208
20
-3.9538833070866142
11
4.8801771653543309
21
-4.0065261417322837
0
LINE
8
BLACK
6
CONTINUOUS
10
4.8801771653543309
20
-4.0065261417322837
11
4.8801771653543309
21
-4.0277165354330711
0
LINE
8
BLACK
6
CONTINUOUS
10
4.8801771653543309
20
-4.0277165354330711
11
4.879427952755905
21
-4.0314831102362207
0
LINE
8
BLACK
6
CONTINUOUS
10
4.879427952755905
20
-4.0314831102362207
11
4.8772943700787401
21
-4.0346762598425192
0
LINE
8
BLACK
6
CONTINUOUS
10
4.8772943700787401
20
-4.0346762598425192
11
4.8741012204724408
21
-4.036809842519685
0
LINE
8
BLACK
6
CONTINUOUS
10
4.8741012204724408
20
-4.036809842519685
11
4.8703346456692911
21
-4.03755905511811
0
LINE
8
BLACK
6
CONTINUOUS
10
4.8703346456692911
20
-4.03755905511811
11
4.8496653543307087
21
-4.03755905511811
0
LINE
8
BLACK
6
CONTINUOUS
10
4.8496653543307087
20
-4.03755905511811
11
4.845898779527559
21
-4.036809842519685
0
LINE
8
BLACK
6
CONTINUOUS
10
4.845898779527559
20
-4.036809842519685
11
4.8427056299212596
21
-4.0346762598425192
0
LINE
8
BLACK
6
CONTINUOUS
10
4.8427056299212596
20
-4.0346762598425192
11
4.8405720472440947
21
-4.0314831102362207
0
LINE
8
BLACK
6
CONTINUOUS
10
4.8405720472440947
20
-4.0314831102362207
11
4.840120433070866
21
-4.0292125984251967
0
LINE
8
BLACK
6
CONTINUOUS
10
4.840120433070866
20
-4.0292125984251967
11
4.7881517322834641
21
-4.0292125984251967
0
LINE
8
BLACK
6
CONTINUOUS
10
4.7881517322834641
20
-4.0292125984251967
11
4.7877940944881887
21
-4.0310106692913381
0
LINE
8
BLACK
6
CONTINUOUS
10
4.7877940944881887
20
-4.0310106692913381
11
4.7856605118110238
21
-4.0342038188976375
0
LINE
8
BLACK
6
CONTINUOUS
10
4.7856605118110238
20
-4.0342038188976375
11
4.7824673622047245
21
-4.0363374015748033
0
LINE
8
BLACK
6
CONTINUOUS
10
4.7824673622047245
20
-4.0363374015748033
11
4.7787007874015748
21
-4.0370866141732282
0
LINE
8
BLACK
6
CONTINUOUS
10
4.7787007874015748
20
-4.0370866141732282
11
4.7412992125984248
21
-4.0370866141732282
0
LINE
8
BLACK
6
CONTINUOUS
10
4.7412992125984248
20
-4.0370866141732282
11
4.7375326377952751
21
-4.0363374015748033
0
LINE
8
BLACK
6
CONTINUOUS
10
4.7375326377952751
20
-4.0363374015748033
11
4.7343394881889767
21
-4.0342038188976375
0
LINE
8
BLACK
6
CONTINUOUS
10
4.7343394881889767
20
-4.0342038188976375
11
4.7322059055118109
21
-4.0310106692913381
0
LINE
8
BLACK
6
CONTINUOUS
10
4.7322059055118109
20
-4.0310106692913381
11
4.7318482677165354
21
-4.0292125984251967
0
LINE
8
BLACK
6
CONTINUOUS
10
4.7318482677165354
20
-4.0292125984251967
11
4.6881517322834645
21
-4.0292125984251967
0
LINE
8
BLACK
6
CONTINUOUS
10
4.6881517322834645
20
-4.0292125984251967
11
4.6877940944881891
21
-4.0310106692913381
0
LINE
8
BLACK
6
CONTINUOUS
10
4.6877940944881891
20
-4.0310106692913381
11
4.6856605118110233
21
-4.0342038188976375
0
LINE
8
BLACK
6
CONTINUOUS
10
4.6856605118110233
20
-4.0342038188976375
11
4.6824673622047239
21
-4.0363374015748033
0
LINE
8
BLACK
6
CONTINUOUS
10
4.6824673622047239
20
-4.0363374015748033
11
4.6787007874015751
21
-4.0370866141732282
0
LINE
8
BLACK
6
CONTINUOUS
10
4.6787007874015751
20
-4.0370866141732282
11
4.6412992125984252
21
-4.0370866141732282
0
LINE
8
BLACK
6
CONTINUOUS
10
4.6412992125984252
20
-4.0370866141732282
11
4.6375326377952755
21
-4.0363374015748033
0
LINE
8
BLACK
6
CONTINUOUS
10
4.6375326377952755
20
-4.0363374015748033
11
4.6343394881889761
21
-4.0342038188976375
0
LINE
8
BLACK
6
CONTINUOUS
10
4.6343394881889761
20
-4.0342038188976375
11
4.6322059055118112
21
-4.0310106692913381
0
LINE
8
BLACK
6
CONTINUOUS
10
4.6322059055118112
20
-4.0310106692913381
11
4.6314566929133854
21
-4.0272440944881893
0
LINE
8
BLACK
6
CONTINUOUS
10
4.6314566929133854
20
-4.0272440944881893
11
4.6314566929133854
21
-4.0075590551181097
0
LINE
8
BLACK
6
CONTINUOUS
10
4.6314566929133854
20
-4.0075590551181097
11
4.6322059055118112
21
-4.0037924803149609
0
LINE
8
BLACK
6
CONTINUOUS
10
4.6322059055118112
20
-4.0037924803149609
11
4.6343394881889761
21
-4.0005993307086616
0
LINE
8
BLACK
6
CONTINUOUS
10
4.6343394881889761
20
-4.0005993307086616
11
4.6375326377952755
21
-3.9984657480314958
0
LINE
8
BLACK
6
CONTINUOUS
10
4.6375326377952755
20
-3.9984657480314958
11
4.6412992125984252
21
-3.9977165354330708
0
LINE
8
BLACK
6
CONTINUOUS
10
4.6412992125984252
20
-3.9977165354330708
11
4.6787007874015751
21
-3.9977165354330708
0
LINE
8
BLACK
6
CONTINUOUS
10
4.6787007874015751
20
-3.9977165354330708
11
4.6824673622047239
21
-3.9984657480314958
0
LINE
8
BLACK
6
CONTINUOUS
10
4.6824673622047239
20
-3.9984657480314958
11
4.6856605118110233
21
-4.0005993307086616
0
LINE
8
BLACK
6
CONTINUOUS
10
4.6856605118110233
20
-4.0005993307086616
11
4.6877940944881891
21
-4.0037924803149609
0
LINE
8
BLACK
6
CONTINUOUS
10
4.6877940944881891
20
-4.0037924803149609
11
4.6881517322834645
21
-4.0055905511811023
0
LINE
8
BLACK
6
CONTINUOUS
10
4.6881517322834645
20
-4.0055905511811023
11
4.7318482677165354
21
-4.0055905511811023
0
LINE
8
BLACK
6
CONTINUOUS
10
4.7318482677165354
20
-4.0055905511811023
11
4.7322059055118109
21
-4.0037924803149609
0
LINE
8
BLACK
6
CONTINUOUS
10
4.7322059055118109
20
-4.0037924803149609
11
4.7343394881889767
21
-4.0005993307086616
0
LINE
8
BLACK
6
CONTINUOUS
10
4.7343394881889767
20
-4.0005993307086616
11
4.7375326377952751
21
-3.9984657480314958
0
LINE
8
BLACK
6
CONTINUOUS
10
4.7375326377952751
20
-3.9984657480314958
11
4.7412992125984248
21
-3.9977165354330708
0
LINE
8
BLACK
6
CONTINUOUS
10
4.7412992125984248
20
-3.9977165354330708
11
4.7787007874015748
21
-3.9977165354330708
0
LINE
8
BLACK
6
CONTINUOUS
10
4.7787007874015748
20
-3.9977165354330708
11
4.7824673622047245
21
-3.9984657480314958
0
LINE
8
BLACK
6
CONTINUOUS
10
4.7824673622047245
20
-3.9984657480314958
11
4.7856605118110238
21
-4.0005993307086616
0
LINE
8
BLACK
6
CONTINUOUS
10
4.7856605118110238
20
-4.0005993307086616
11
4.7877940944881887
21
-4.0037924803149609
0
LINE
8
BLACK
6
CONTINUOUS
10
4.7877940944881887
20
-4.0037924803149609
11
4.7881517322834641
21
-4.0055905511811023
0
LINE
8
BLACK
6
CONTINUOUS
10
4.7881517322834641
20
-4.0055905511811023
11
4.8398228346456689
21
-4.0055905511811023
0
LINE
8
BLACK
6
CONTINUOUS
10
4.8398228346456689
20
-4.0055905511811023
11
4.8398228346456689
21
-3.992283464566929
0
LINE
8
BLACK
6
CONTINUOUS
10
4.8398228346456689
20
-3.992283464566929
11
4.8405720472440947
21
-3.9885168897637793
0
LINE
8
BLACK
6
CONTINUOUS
10
4.8405720472440947
20
-3.9885168897637793
11
4.8427056299212596
21
-3.9853237401574804
0
LINE
8
BLACK
6
CONTINUOUS
10
4.8427056299212596
20
-3.9853237401574804
11
4.845898779527559
21
-3.983190157480315
0
LINE
8
BLACK
6
CONTINUOUS
10
4.845898779527559
20
-3.983190157480315
11
4.8496653543307087
21
-3.9824409448818896
0
LINE
8
BLACK
6
CONTINUOUS
10
4.8496653543307087
20
-3.9824409448818896
11
4.8703346456692911
21
-3.9824409448818896
0
LINE
8
BLACK
6
CONTINUOUS
10
4.8703346456692911
20
-3.9824409448818896
11
4.8707692913385827
21
-3.9825273622047241
0
LINE
8
BLACK
6
CONTINUOUS
10
4.8707692913385827
20
-3.9825273622047241
11
4.9216483464566929
21
-3.9316483464566927
0
LINE
8
BLACK
6
CONTINUOUS
10
4.9216483464566929
20
-3.9316483464566927
11
4.9228099212598426
21
-3.9306296850393698
0
LINE
8
BLACK
6
CONTINUOUS
10
4.9228099212598426
20
-3.9306296850393698
11
4.9254801181102357
21
-3.9290880314960628
0
LINE
8
BLACK
6
CONTINUOUS
10
4.9254801181102357
20
-3.9290880314960628
11
4.9284583464566927
21
-3.9282900393700788
0
LINE
8
BLACK
6
CONTINUOUS
10
4.9284583464566927
20
-3.9282900393700788
11
4.9297115354330705
21
-3.9282078740157478
0
LINE
8
BLACK
6
CONTINUOUS
10
4.9297115354330705
20
-3.9282078740157478
11
4.9304131889763783
21
-3.9275062598425197
0
LINE
8
BLACK
6
CONTINUOUS
10
4.9304131889763783
20
-3.9275062598425197
11
4.9339735039370076
21
-3.9254507086614172
0
LINE
8
BLACK
6
CONTINUOUS
10
4.9339735039370076
20
-3.9254507086614172
11
4.9379444881889762
21
-3.9243866929133859
0
LINE
8
BLACK
6
CONTINUOUS
10
4.9379444881889762
20
-3.9243866929133859
11
4.9420555118110236
21
-3.9243866929133859
0
LINE
8
BLACK
6
CONTINUOUS
10
4.9420555118110236
20
-3.9243866929133859
11
4.9460264960629923
21
-3.9254507086614172
0
LINE
8
BLACK
6
CONTINUOUS
10
4.9459516141732278
20
-3.983190157480315
11
4.9491447637795272
21
-3.9853237401574804
0
LINE
8
BLACK
6
CONTINUOUS
10
4.9491447637795272
20
-3.9853237401574804
11
4.951278346456693
21
-3.9885168897637793
0
LINE
8
BLACK
6
CONTINUOUS
10
4.951278346456693
20
-3.9885168897637793
11
4.9520275590551179
21
-3.992283464566929
0
LINE
8
BLACK
6
CONTINUOUS
10
4.9520275590551179
20
-3.992283464566929
11
4.9520275590551179
21
-4.0055905511811023
0
LINE
8
BLACK
6
CONTINUOUS
10
4.9520275590551179
20
-4.0055905511811023
11
4.9918482677165352
21
-4.0055905511811023
0
LINE
8
BLACK
6
CONTINUOUS
10
4.9918482677165352
20
-4.0055905511811023
11
4.9922059055118106
21
-4.0037924803149609
0
LINE
8
BLACK
6
CONTINUOUS
10
4.9922059055118106
20
-4.0037924803149609
11
4.9943394881889764
21
-4.0005993307086616
0
LINE
8
BLACK
6
CONTINUOUS
10
4.9943394881889764
20
-4.0005993307086616
11
4.9975326377952758
21
-3.9984657480314958
0
LINE
8
BLACK
6
CONTINUOUS
10
4.9975326377952758
20
-3.9984657480314958
11
5.0012992125984255
21
-3.9977165354330708
0
LINE
8
BLACK
6
CONTINUOUS
10
5.0012992125984255
20
-3.9977165354330708
11
5.0387007874015746
21
-3.9977165354330708
0
LINE
8
BLACK
6
CONTINUOUS
10
5.0387007874015746
20
-3.9977165354330708
11
5.0424673622047242
21
-3.9984657480314958
0
LINE
8
BLACK
6
CONTINUOUS
10
5.0424673622047242
20
-3.9984657480314958
11
5.0456605118110236
21
-4.0005993307086616
0
LINE
8
BLACK
6
CONTINUOUS
10
5.0456605118110236
20
-4.0005993307086616
11
5.0477940944881885
21
-4.0037924803149609
0
LINE
8
BLACK
6
CONTINUOUS
10
5.0477940944881885
20
-4.0037924803149609
11
5.0481517322834648
21
-4.0055905511811023
0
LINE
8
BLACK
6
CONTINUOUS
10
5.0481517322834648
20
-4.0055905511811023
11
5.0938976377952754
21
-4.0055905511811023
0
LINE
8
BLACK
6
CONTINUOUS
10
5.0938976377952754
20
-4.0055905511811023
11
5.0938976377952754
21
-3.992283464566929
0
LINE
8
BLACK
6
CONTINUOUS
10
5.0938976377952754
20
-3.992283464566929
11
5.0946468503937004
21
-3.9885168897637793
0
LINE
8
BLACK
6
CONTINUOUS
10
5.0946468503937004
20
-3.9885168897637793
11
5.0967804330708661
21
-3.9853237401574804
0
LINE
8
BLACK
6
CONTINUOUS
10
5.0967804330708661
20
-3.9853237401574804
11
5.0999735826771655
21
-3.983190157480315
0
LINE
8
BLACK
6
CONTINUOUS
10
5.0999735826771655
20
-3.983190157480315
11
5.1037401574803152
21
-3.9824409448818896
0
LINE
8
BLACK
6
CONTINUOUS
10
5.1037401574803152
20
-3.9824409448818896
11
5.1244094488188976
21
-3.9824409448818896
0
LINE
8
BLACK
6
CONTINUOUS
10
5.1244094488188976
20
-3.9824409448818896
11
5.1281760236220473
21
-3.983190157480315
0
LINE
8
BLACK
6
CONTINUOUS
10
5.1281760236220473
20
-3.983190157480315
11
5.1313691732283466
21
-3.9853237401574804
0
LINE
8
BLACK
6
CONTINUOUS
10
5.1313691732283466
20
-3.9853237401574804
11
5.1335027559055115
21
-3.9885168897637793
0
LINE
8
BLACK
6
CONTINUOUS
10
5.1335027559055115
20
-3.9885168897637793
11
5.1342519685039365
21
-3.992283464566929
0
LINE
8
BLACK
6
CONTINUOUS
10
5.1342519685039365
20
-3.992283464566929
11
5.1342519685039365
21
-4.0277165354330711
0
LINE
8
BLACK
6
CONTINUOUS
10
5.1342519685039365
20
-4.0277165354330711
11
5.1335027559055115
21
-4.0314831102362207
0
LINE
8
BLACK
6
CONTINUOUS
10
5.1335027559055115
20
-4.0314831102362207
11
5.1313691732283466
21
-4.0346762598425192
0
LINE
8
BLACK
6
CONTINUOUS
10
5.1313691732283466
20
-4.0346762598425192
11
5.1281760236220473
21
-4.036809842519685
0
LINE
8
BLACK
6
CONTINUOUS
10
5.1281760236220473
20
-4.036809842519685
11
5.1244094488188976
21
-4.03755905511811
0
LINE
8
BLACK
6
CONTINUOUS
10
5.1244094488188976
20
-4.03755905511811
11
5.1037401574803152
21
-4.03755905511811
0
LINE
8
BLACK
6
CONTINUOUS
10
5.1037401574803152
20
-4.03755905511811
11
5.0999735826771655
21
-4.036809842519685
0
LINE
8
BLACK
6
CONTINUOUS
10
5.0999735826771655
20
-4.036809842519685
11
5.0967804330708661
21
-4.0346762598425192
0
LINE
8
BLACK
6
CONTINUOUS
10
5.0967804330708661
20
-4.0346762598425192
11
5.0946468503937004
21
-4.0314831102362207
0
LINE
8
BLACK
6
CONTINUOUS
10
5.0946468503937004
20
-4.0314831102362207
11
5.0941952362204725
21
-4.0292125984251967
0
LINE
8
BLACK
6
CONTINUOUS
10
5.0941952362204725
20
-4.0292125984251967
11
5.0481517322834648
21
-4.0292125984251967
0
LINE
8
BLACK
6
CONTINUOUS
10
5.0481517322834648
20
-4.0292125984251967
11
5.0477940944881885
21
-4.0310106692913381
0
LINE
8
BLACK
6
CONTINUOUS
10
5.0477940944881885
20
-4.0310106692913381
11
5.0456605118110236
21
-4.0342038188976375
0
LINE
8
BLACK
6
CONTINUOUS
10
5.0456605118110236
20
-4.0342038188976375
11
5.0424673622047242
21
-4.0363374015748033
0
LINE
8
BLACK
6
CONTINUOUS
10
5.0424673622047242
20
-4.0363374015748033
11
5.0387007874015746
21
-4.0370866141732282
0
LINE
8
BLACK
6
CONTINUOUS
10
5.0387007874015746
20
-4.0370866141732282
11
5.0012992125984255
21
-4.0370866141732282
0
LINE
8
BLACK
6
CONTINUOUS
10
5.0012992125984255
20
-4.0370866141732282
11
4.9975326377952758
21
-4.0363374015748033
0
LINE
8
BLACK
6
CONTINUOUS
10
4.9975326377952758
20
-4.0363374015748033
11
4.9943394881889764
21
-4.0342038188976375
0
LINE
8
BLACK
6
CONTINUOUS
10
4.9943394881889764
20
-4.0342038188976375
11
4.9922059055118106
21
-4.0310106692913381
0
LINE
8
BLACK
6
CONTINUOUS
10
4.9922059055118106
20
-4.0310106692913381
11
4.9918482677165352
21
-4.0292125984251967
0
LINE
8
BLACK
6
CONTINUOUS
10
4.9918482677165352
20
-4.0292125984251967
11
4.9517299606299208
21
-4.0292125984251967
0
LINE
8
BLACK
6
CONTINUOUS
10
4.9517299606299208
20
-4.0292125984251967
11
4.951278346456693
21
-4.0314831102362207
0
LINE
8
BLACK
6
CONTINUOUS
10
4.951278346456693
20
-4.0314831102362207
11
4.9491447637795272
21
-4.0346762598425192
0
LINE
8
BLACK
6
CONTINUOUS
10
4.9491447637795272
20
-4.0346762598425192
11
4.9459516141732278
21
-4.036809842519685
0
LINE
8
BLACK
6
CONTINUOUS
10
4.9459516141732278
20
-4.036809842519685
11
4.942185039370079
21
-4.03755905511811
0
LINE
8
BLACK
6
CONTINUOUS
10
4.942185039370079
20
-4.03755905511811
11
4.9215157480314957
21
-4.03755905511811
0
LINE
8
BLACK
6
CONTINUOUS
10
4.9215157480314957
20
-4.03755905511811
11
4.917749173228346
21
-4.036809842519685
0
LINE
8
BLACK
6
CONTINUOUS
10
4.917749173228346
20
-4.036809842519685
11
4.9145560236220476
21
-4.0346762598425192
0
LINE
8
BLACK
6
CONTINUOUS
10
4.9145560236220476
20
-4.0346762598425192
11
4.9124224409448818
21
-4.0314831102362207
0
LINE
8
BLACK
6
CONTINUOUS
10
4.9124224409448818
20
-4.0314831102362207
11
4.9116732283464568
21
-4.0277165354330711
0
LINE
8
BLACK
6
CONTINUOUS
10
4.9116732283464568
20
-4.0277165354330711
11
4.9116732283464568
21
-3.992283464566929
0
LINE
8
BLACK
6
CONTINUOUS
10
4.9116732283464568
20
-3.992283464566929
11
4.9124224409448818
21
-3.9885168897637793
0
LINE
8
BLACK
6
CONTINUOUS
10
4.9124224409448818
20
-3.9885168897637793
11
4.9145560236220476
21
-3.9853237401574804
0
LINE
8
BLACK
6
CONTINUOUS
10
4.9145560236220476
20
-3.9853237401574804
11
4.917749173228346
21
-3.983190157480315
0
LINE
8
BLACK
6
CONTINUOUS
10
4.917749173228346
20
-3.983190157480315
11
4.9215157480314957
21
-3.9824409448818896
0
LINE
8
BLACK
6
CONTINUOUS
10
4.9215157480314957
20
-3.9824409448818896
11
4.942185039370079
21
-3.9824409448818896
0
LINE
8
BLACK
6
CONTINUOUS
10
4.942185039370079
20
-3.9824409448818896
11
4.9459516141732278
21
-3.983190157480315
0
LINE
8
BLACK
6
CONTINUOUS
10
5.2000264173228343
20
-3.983190157480315
11
5.2032195669291337
21
-3.9853237401574804
0
LINE
8
BLACK
6
CONTINUOUS
10
5.2032195669291337
20
-3.9853237401574804
11
5.2053531496062995
21
-3.9885168897637793
0
LINE
8
BLACK
6
CONTINUOUS
10
5.2053531496062995
20
-3.9885168897637793
11
5.2061023622047244
21
-3.992283464566929
0
LINE
8
BLACK
6
CONTINUOUS
10
5.2061023622047244
20
-3.992283464566929
11
5.2061023622047244
21
-4.0055905511811023
0
LINE
8
BLACK
6
CONTINUOUS
10
5.2061023622047244
20
-4.0055905511811023
11
5.2418482677165352
21
-4.0055905511811023
0
LINE
8
BLACK
6
CONTINUOUS
10
5.2418482677165352
20
-4.0055905511811023
11
5.2422059055118106
21
-4.0037924803149609
0
LINE
8
BLACK
6
CONTINUOUS
10
5.2422059055118106
20
-4.0037924803149609
11
5.2443394881889764
21
-4.0005993307086616
0
LINE
8
BLACK
6
CONTINUOUS
10
5.2443394881889764
20
-4.0005993307086616
11
5.2475326377952758
21
-3.9984657480314958
0
LINE
8
BLACK
6
CONTINUOUS
10
5.2475326377952758
20
-3.9984657480314958
11
5.2512992125984255
21
-3.9977165354330708
0
LINE
8
BLACK
6
CONTINUOUS
10
5.2512992125984255
20
-3.9977165354330708
11
5.2887007874015746
21
-3.9977165354330708
0
LINE
8
BLACK
6
CONTINUOUS
10
5.2887007874015746
20
-3.9977165354330708
11
5.2910759448818894
21
-3.9981889763779526
0
LINE
8
BLACK
6
CONTINUOUS
10
5.2910759448818894
20
-3.9981889763779526
11
5.3438976377952754
21
-3.9981889763779526
0
LINE
8
BLACK
6
CONTINUOUS
10
5.3438976377952754
20
-3.9981889763779526
11
5.3438976377952754
21
-3.992283464566929
0
LINE
8
BLACK
6
CONTINUOUS
10
5.3438976377952754
20
-3.992283464566929
11
5.3446468503937004
21
-3.9885168897637793
0
LINE
8
BLACK
6
CONTINUOUS
10
5.3446468503937004
20
-3.9885168897637793
11
5.3467804330708661
21
-3.9853237401574804
0
LINE
8
BLACK
6
CONTINUOUS
10
5.3467804330708661
20
-3.9853237401574804
11
5.3499735826771655
21
-3.983190157480315
0
LINE
8
BLACK
6
CONTINUOUS
10
5.3499735826771655
20
-3.983190157480315
11
5.3537401574803152
21
-3.9824409448818896
0
LINE
8
BLACK
6
CONTINUOUS
10
5.3537401574803152
20
-3.9824409448818896
11
5.3744094488188976
21
-3.9824409448818896
0
LINE
8
BLACK
6
CONTINUOUS
10
5.3744094488188976
20
-3.9824409448818896
11
5.3781760236220473
21
-3.983190157480315
0
LINE
8
BLACK
6
CONTINUOUS
10
5.3781760236220473
20
-3.983190157480315
11
5.3813691732283466
21
-3.9853237401574804
0
LINE
8
BLACK
6
CONTINUOUS
10
5.3813691732283466
20
-3.9853237401574804
11
5.3835027559055115
21
-3.9885168897637793
0
LINE
8
BLACK
6
CONTINUOUS
10
5.3835027559055115
20
-3.9885168897637793
11
5.3842519685039365
21
-3.992283464566929
0
LINE
8
BLACK
6
CONTINUOUS
10
5.3842519685039365
20
-3.992283464566929
11
5.3842519685039365
21
-4.0277165354330711
0
LINE
8
BLACK
6
CONTINUOUS
10
5.3842519685039365
20
-4.0277165354330711
11
5.3835027559055115
21
-4.0314831102362207
0
LINE
8
BLACK
6
CONTINUOUS
10
5.3835027559055115
20
-4.0314831102362207
11
5.3813691732283466
21
-4.0346762598425192
0
LINE
8
BLACK
6
CONTINUOUS
10
5.3813691732283466
20
-4.0346762598425192
11
5.3781760236220473
21
-4.036809842519685
0
LINE
8
BLACK
6
CONTINUOUS
10
5.3781760236220473
20
-4.036809842519685
11
5.3744094488188976
21
-4.03755905511811
0
LINE
8
BLACK
6
CONTINUOUS
10
5.3744094488188976
20
-4.03755905511811
11
5.3537401574803152
21
-4.03755905511811
0
LINE
8
BLACK
6
CONTINUOUS
10
5.3537401574803152
20
-4.03755905511811
11
5.3499735826771655
21
-4.036809842519685
0
LINE
8
BLACK
6
CONTINUOUS
10
5.3499735826771655
20
-4.036809842519685
11
5.3467804330708661
21
-4.0346762598425192
0
LINE
8
BLACK
6
CONTINUOUS
10
5.3467804330708661
20
-4.0346762598425192
11
5.3446468503937004
21
-4.0314831102362207
0
LINE
8
BLACK
6
CONTINUOUS
10
5.3446468503937004
20
-4.0314831102362207
11
5.3438976377952754
21
-4.0277165354330711
0
LINE
8
BLACK
6
CONTINUOUS
10
5.3438976377952754
20
-4.0277165354330711
11
5.3438976377952754
21
-4.021811023622047
0
LINE
8
BLACK
6
CONTINUOUS
10
5.3438976377952754
20
-4.021811023622047
11
5.2985433070866144
21
-4.021811023622047
0
LINE
8
BLACK
6
CONTINUOUS
10
5.2985433070866144
20
-4.021811023622047
11
5.2985433070866144
21
-4.0272440944881893
0
LINE
8
BLACK
6
CONTINUOUS
10
5.2985433070866144
20
-4.0272440944881893
11
5.2977940944881885
21
-4.0310106692913381
0
LINE
8
BLACK
6
CONTINUOUS
10
5.2977940944881885
20
-4.0310106692913381
11
5.2956605118110236
21
-4.0342038188976375
0
LINE
8
BLACK
6
CONTINUOUS
10
5.2956605118110236
20
-4.0342038188976375
11
5.2924673622047242
21
-4.0363374015748033
0
LINE
8
BLACK
6
CONTINUOUS
10
5.2924673622047242
20
-4.0363374015748033
11
5.2887007874015746
21
-4.0370866141732282
0
LINE
8
BLACK
6
CONTINUOUS
10
5.2887007874015746
20
-4.0370866141732282
11
5.2512992125984255
21
-4.0370866141732282
0
LINE
8
BLACK
6
CONTINUOUS
10
5.2512992125984255
20
-4.0370866141732282
11
5.2475326377952758
21
-4.0363374015748033
0
LINE
8
BLACK
6
CONTINUOUS
10
5.2475326377952758
20
-4.0363374015748033
11
5.2443394881889764
21
-4.0342038188976375
0
LINE
8
BLACK
6
CONTINUOUS
10
5.2443394881889764
20
-4.0342038188976375
11
5.2422059055118106
21
-4.0310106692913381
0
LINE
8
BLACK
6
CONTINUOUS
10
5.2422059055118106
20
-4.0310106692913381
11
5.2418482677165352
21
-4.0292125984251967
0
LINE
8
BLACK
6
CONTINUOUS
10
5.2418482677165352
20
-4.0292125984251967
11
5.2058047637795273
21
-4.0292125984251967
0
LINE
8
BLACK
6
CONTINUOUS
10
5.2058047637795273
20
-4.0292125984251967
11
5.2053531496062995
21
-4.0314831102362207
0
LINE
8
BLACK
6
CONTINUOUS
10
5.2053531496062995
20
-4.0314831102362207
11
5.2032195669291337
21
-4.0346762598425192
0
LINE
8
BLACK
6
CONTINUOUS
10
5.2032195669291337
20
-4.0346762598425192
11
5.2000264173228343
21
-4.036809842519685
0
LINE
8
BLACK
6
CONTINUOUS
10
5.2000264173228343
20
-4.036809842519685
11
5.1962598425196846
21
-4.03755905511811
0
LINE
8
BLACK
6
CONTINUOUS
10
5.1962598425196846
20
-4.03755905511811
11
5.1755905511811022
21
-4.03755905511811
0
LINE
8
BLACK
6
CONTINUOUS
10
5.1755905511811022
20
-4.03755905511811
11
5.1718239763779525
21
-4.036809842519685
0
LINE
8
BLACK
6
CONTINUOUS
10
5.1718239763779525
20
-4.036809842519685
11
5.1686308267716532
21
-4.0346762598425192
0
LINE
8
BLACK
6
CONTINUOUS
10
5.1686308267716532
20
-4.0346762598425192
11
5.1664972440944883
21
-4.0314831102362207
0
LINE
8
BLACK
6
CONTINUOUS
10
5.1664972440944883
20
-4.0314831102362207
11
5.1657480314960624
21
-4.0277165354330711
0
LINE
8
BLACK
6
CONTINUOUS
10
5.1657480314960624
20
-4.0277165354330711
11
5.1657480314960624
21
-3.992283464566929
0
LINE
8
BLACK
6
CONTINUOUS
10
5.1657480314960624
20
-3.992283464566929
11
5.1664972440944883
21
-3.9885168897637793
0
LINE
8
BLACK
6
CONTINUOUS
10
5.1664972440944883
20
-3.9885168897637793
11
5.1686308267716532
21
-3.9853237401574804
0
LINE
8
BLACK
6
CONTINUOUS
10
5.1686308267716532
20
-3.9853237401574804
11
5.1718239763779525
21
-3.983190157480315
0
LINE
8
BLACK
6
CONTINUOUS
10
5.1718239763779525
20
-3.983190157480315
11
5.1755905511811022
21
-3.9824409448818896
0
LINE
8
BLACK
6
CONTINUOUS
10
5.1755905511811022
20
-3.9824409448818896
11
5.1962598425196846
21
-3.9824409448818896
0
LINE
8
BLACK
6
CONTINUOUS
10
5.1962598425196846
20
-3.9824409448818896
11
5.2000264173228343
21
-3.983190157480315
0
LINE
8
BLACK
6
CONTINUOUS
10
5.4500264173228343
20
-3.983190157480315
11
5.4532195669291337
21
-3.9853237401574804
0
LINE
8
BLACK
6
CONTINUOUS
10
5.4532195669291337
20
-3.9853237401574804
11
5.4553531496062995
21
-3.9885168897637793
0
LINE
8
BLACK
6
CONTINUOUS
10
5.4553531496062995
20
-3.9885168897637793
11
5.4561023622047244
21
-3.992283464566929
0
LINE
8
BLACK
6
CONTINUOUS
10
5.4561023622047244
20
-3.992283464566929
11
5.4561023622047244
21
-4.0055905511811023
0
LINE
8
BLACK
6
CONTINUOUS
10
5.4561023622047244
20
-4.0055905511811023
11
5.501848267716535
21
-4.0055905511811023
0
LINE
8
BLACK
6
CONTINUOUS
10
5.501848267716535
20
-4.0055905511811023
11
5.5022059055118113
21
-4.0037924803149609
0
LINE
8
BLACK
6
CONTINUOUS
10
5.5022059055118113
20
-4.0037924803149609
11
5.5043394881889762
21
-4.0005993307086616
0
LINE
8
BLACK
6
CONTINUOUS
10
5.5043394881889762
20
-4.0005993307086616
11
5.5075326377952756
21
-3.9984657480314958
0
LINE
8
BLACK
6
CONTINUOUS
10
5.5075326377952756
20
-3.9984657480314958
11
5.5112992125984253
21
-3.9977165354330708
0
LINE
8
BLACK
6
CONTINUOUS
10
5.5112992125984253
20
-3.9977165354330708
11
5.5487007874015744
21
-3.9977165354330708
0
LINE
8
BLACK
6
CONTINUOUS
10
5.5487007874015744
20
-3.9977165354330708
11
5.552467362204724
21
-3.9984657480314958
0
LINE
8
BLACK
6
CONTINUOUS
10
5.552467362204724
20
-3.9984657480314958
11
5.5556605118110234
21
-4.0005993307086616
0
LINE
8
BLACK
6
CONTINUOUS
10
5.5556605118110234
20
-4.0005993307086616
11
5.5577940944881892
21
-4.0037924803149609
0
LINE
8
BLACK
6
CONTINUOUS
10
5.5577940944881892
20
-4.0037924803149609
11
5.5581517322834646
21
-4.0055905511811023
0
LINE
8
BLACK
6
CONTINUOUS
10
5.5581517322834646
20
-4.0055905511811023
11
5.6118482677165353
21
-4.0055905511811023
0
LINE
8
BLACK
6
CONTINUOUS
10
5.6118482677165353
20
-4.0055905511811023
11
5.6122059055118108
21
-4.0037924803149609
0
LINE
8
BLACK
6
CONTINUOUS
10
5.6122059055118108
20
-4.0037924803149609
11
5.6143394881889765
21
-4.0005993307086616
0
LINE
8
BLACK
6
CONTINUOUS
10
5.6143394881889765
20
-4.0005993307086616
11
5.6175326377952759
21
-3.9984657480314958
0
LINE
8
BLACK
6
CONTINUOUS
10
5.6175326377952759
20
-3.9984657480314958
11
5.6212992125984247
21
-3.9977165354330708
0
LINE
8
BLACK
6
CONTINUOUS
10
5.6212992125984247
20
-3.9977165354330708
11
5.6587007874015747
21
-3.9977165354330708
0
LINE
8
BLACK
6
CONTINUOUS
10
5.6587007874015747
20
-3.9977165354330708
11
5.6624673622047244
21
-3.9984657480314958
0
LINE
8
BLACK
6
CONTINUOUS
10
5.6624673622047244
20
-3.9984657480314958
11
5.6656605118110237
21
-4.0005993307086616
0
LINE
8
BLACK
6
CONTINUOUS
10
5.6656605118110237
20
-4.0005993307086616
11
5.6677940944881886
21
-4.0037924803149609
0
LINE
8
BLACK
6
CONTINUOUS
10
5.6677940944881886
20
-4.0037924803149609
11
5.668151732283464
21
-4.0055905511811023
0
LINE
8
BLACK
6
CONTINUOUS
10
5.668151732283464
20
-4.0055905511811023
11
5.7038976377952757
21
-4.0055905511811023
0
LINE
8
BLACK
6
CONTINUOUS
10
5.7038976377952757
20
-4.0055905511811023
11
5.7038976377952757
21
-3.992283464566929
0
LINE
8
BLACK
6
CONTINUOUS
10
5.7038976377952757
20
-3.992283464566929
11
5.7046468503937007
21
-3.9885168897637793
0
LINE
8
BLACK
6
CONTINUOUS
10
5.7046468503937007
20
-3.9885168897637793
11
5.7067804330708656
21
-3.9853237401574804
0
LINE
8
BLACK
6
CONTINUOUS
10
5.7067804330708656
20
-3.9853237401574804
11
5.7099735826771649
21
-3.983190157480315
0
LINE
8
BLACK
6
CONTINUOUS
10
5.7099735826771649
20
-3.983190157480315
11
5.7137401574803146
21
-3.9824409448818896
0
LINE
8
BLACK
6
CONTINUOUS
10
5.7137401574803146
20
-3.9824409448818896
11
5.7344094488188979
21
-3.9824409448818896
0
LINE
8
BLACK
6
CONTINUOUS
10
5.7344094488188979
20
-3.9824409448818896
11
5.7381760236220467
21
-3.983190157480315
0
LINE
8
BLACK
6
CONTINUOUS
10
5.7381760236220467
20
-3.983190157480315
11
5.7413691732283461
21
-3.9853237401574804
0
LINE
8
BLACK
6
CONTINUOUS
10
5.7413691732283461
20
-3.9853237401574804
11
5.7435027559055118
21
-3.9885168897637793
0
LINE
8
BLACK
6
CONTINUOUS
10
5.7435027559055118
20
-3.9885168897637793
11
5.7442519685039368
21
-3.992283464566929
0
LINE
8
BLACK
6
CONTINUOUS
10
5.7442519685039368
20
-3.992283464566929
11
5.7442519685039368
21
-4.0277165354330711
0
LINE
8
BLACK
6
CONTINUOUS
10
5.7442519685039368
20
-4.0277165354330711
11
5.7435027559055118
21
-4.0314831102362207
0
LINE
8
BLACK
6
CONTINUOUS
10
5.7435027559055118
20
-4.0314831102362207
11
5.7413691732283461
21
-4.0346762598425192
0
LINE
8
BLACK
6
CONTINUOUS
10
5.7413691732283461
20
-4.0346762598425192
11
5.7381760236220467
21
-4.036809842519685
0
LINE
8
BLACK
6
CONTINUOUS
10
5.7381760236220467
20
-4.036809842519685
11
5.7344094488188979
21
-4.03755905511811
0
LINE
8
BLACK
6
CONTINUOUS
10
5.7344094488188979
20
-4.03755905511811
11
5.7137401574803146
21
-4.03755905511811
0
LINE
8
BLACK
6
CONTINUOUS
10
5.7137401574803146
20
-4.03755905511811
11
5.7099735826771649
21
-4.036809842519685
0
LINE
8
BLACK
6
CONTINUOUS
10
5.7099735826771649
20
-4.036809842519685
11
5.7067804330708656
21
-4.0346762598425192
0
LINE
8
BLACK
6
CONTINUOUS
10
5.7067804330708656
20
-4.0346762598425192
11
5.7046468503937007
21
-4.0314831102362207
0
LINE
8
BLACK
6
CONTINUOUS
10
5.7046468503937007
20
-4.0314831102362207
11
5.704195236220472
21
-4.0292125984251967
0
LINE
8
BLACK
6
CONTINUOUS
10
5.704195236220472
20
-4.0292125984251967
11
5.668151732283464
21
-4.0292125984251967
0
LINE
8
BLACK
6
CONTINUOUS
10
5.668151732283464
20
-4.0292125984251967
11
5.6677940944881886
21
-4.0310106692913381
0
LINE
8
BLACK
6
CONTINUOUS
10
5.6677940944881886
20
-4.0310106692913381
11
5.6656605118110237
21
-4.0342038188976375
0
LINE
8
BLACK
6
CONTINUOUS
10
5.6656605118110237
20
-4.0342038188976375
11
5.6624673622047244
21
-4.0363374015748033
0
LINE
8
BLACK
6
CONTINUOUS
10
5.6624673622047244
20
-4.0363374015748033
11
5.6587007874015747
21
-4.0370866141732282
0
LINE
8
BLACK
6
CONTINUOUS
10
5.6587007874015747
20
-4.0370866141732282
11
5.6212992125984247
21
-4.0370866141732282
0
LINE
8
BLACK
6
CONTINUOUS
10
5.6212992125984247
20
-4.0370866141732282
11
5.6175326377952759
21
-4.0363374015748033
0
LINE
8
BLACK
6
CONTINUOUS
10
5.6175326377952759
20
-4.0363374015748033
11
5.6143394881889765
21
-4.0342038188976375
0
LINE
8
BLACK
6
CONTINUOUS
10
5.6143394881889765
20
-4.0342038188976375
11
5.6122059055118108
21
-4.0310106692913381
0
LINE
8
BLACK
6
CONTINUOUS
10
5.6122059055118108
20
-4.0310106692913381
11
5.6118482677165353
21
-4.0292125984251967
0
LINE
8
BLACK
6
CONTINUOUS
10
5.6118482677165353
20
-4.0292125984251967
11
5.5581517322834646
21
-4.0292125984251967
0
LINE
8
BLACK
6
CONTINUOUS
10
5.5581517322834646
20
-4.0292125984251967
11
5.5577940944881892
21
-4.0310106692913381
0
LINE
8
BLACK
6
CONTINUOUS
10
5.5577940944881892
20
-4.0310106692913381
11
5.5556605118110234
21
-4.0342038188976375
0
LINE
8
BLACK
6
CONTINUOUS
10
5.5556605118110234
20
-4.0342038188976375
11
5.552467362204724
21
-4.0363374015748033
0
LINE
8
BLACK
6
CONTINUOUS
10
5.552467362204724
20
-4.0363374015748033
11
5.5487007874015744
21
-4.0370866141732282
0
LINE
8
BLACK
6
CONTINUOUS
10
5.5487007874015744
20
-4.0370866141732282
11
5.5112992125984253
21
-4.0370866141732282
0
LINE
8
BLACK
6
CONTINUOUS
10
5.5112992125984253
20
-4.0370866141732282
11
5.5075326377952756
21
-4.0363374015748033
0
LINE
8
BLACK
6
CONTINUOUS
10
5.5075326377952756
20
-4.0363374015748033
11
5.5043394881889762
21
-4.0342038188976375
0
LINE
8
BLACK
6
CONTINUOUS
10
5.5043394881889762
20
-4.0342038188976375
11
5.5022059055118113
21
-4.0310106692913381
0
LINE
8
BLACK
6
CONTINUOUS
10
5.5022059055118113
20
-4.0310106692913381
11
5.501848267716535
21
-4.0292125984251967
0
LINE
8
BLACK
6
CONTINUOUS
10
5.501848267716535
20
-4.0292125984251967
11
5.4558047637795273
21
-4.0292125984251967
0
LINE
8
BLACK
6
CONTINUOUS
10
5.4558047637795273
20
-4.0292125984251967
11
5.4553531496062995
21
-4.0314831102362207
0
LINE
8
BLACK
6
CONTINUOUS
10
5.4553531496062995
20
-4.0314831102362207
11
5.4532195669291337
21
-4.0346762598425192
0
LINE
8
BLACK
6
CONTINUOUS
10
5.4532195669291337
20
-4.0346762598425192
11
5.4500264173228343
21
-4.036809842519685
0
LINE
8
BLACK
6
CONTINUOUS
10
5.4500264173228343
20
-4.036809842519685
11
5.4462598425196846
21
-4.03755905511811
0
LINE
8
BLACK
6
CONTINUOUS
10
5.4462598425196846
20
-4.03755905511811
11
5.4255905511811022
21
-4.03755905511811
0
LINE
8
BLACK
6
CONTINUOUS
10
5.4255905511811022
20
-4.03755905511811
11
5.4218239763779525
21
-4.036809842519685
0
LINE
8
BLACK
6
CONTINUOUS
10
5.4218239763779525
20
-4.036809842519685
11
5.4186308267716532
21
-4.0346762598425192
0
LINE
8
BLACK
6
CONTINUOUS
10
5.4186308267716532
20
-4.0346762598425192
11
5.4164972440944883
21
-4.0314831102362207
0
LINE
8
BLACK
6
CONTINUOUS
10
5.4164972440944883
20
-4.0314831102362207
11
5.4157480314960624
21
-4.0277165354330711
0
LINE
8
BLACK
6
CONTINUOUS
10
5.4157480314960624
20
-4.0277165354330711
11
5.4157480314960624
21
-3.992283464566929
0
LINE
8
BLACK
6
CONTINUOUS
10
5.4157480314960624
20
-3.992283464566929
11
5.4164972440944883
21
-3.9885168897637793
0
LINE
8
BLACK
6
CONTINUOUS
10
5.4164972440944883
20
-3.9885168897637793
11
5.4186308267716532
21
-3.9853237401574804
0
LINE
8
BLACK
6
CONTINUOUS
10
5.4186308267716532
20
-3.9853237401574804
11
5.4218239763779525
21
-3.983190157480315
0
LINE
8
BLACK
6
CONTINUOUS
10
5.4218239763779525
20
-3.983190157480315
11
5.4255905511811022
21
-3.9824409448818896
0
LINE
8
BLACK
6
CONTINUOUS
10
5.4255905511811022
20
-3.9824409448818896
11
5.4462598425196846
21
-3.9824409448818896
0
LINE
8
BLACK
6
CONTINUOUS
10
5.4462598425196846
20
-3.9824409448818896
11
5.4500264173228343
21
-3.983190157480315
0
LINE
8
BLACK
6
CONTINUOUS
10
6.2860893700787397
20
-3.9241350393700785
11
6.289282519685039
21
-3.9262686614173226
0
LINE
8
BLACK
6
CONTINUOUS
10
6.289282519685039
20
-3.9262686614173226
11
6.2914161417322836
21
-3.9294618110236219
0
LINE
8
BLACK
6
CONTINUOUS
10
6.2914161417322836
20
-3.9294618110236219
11
6.2916798031496057
21
-3.9307874015748032
0
LINE
8
BLACK
6
CONTINUOUS
10
6.2916798031496057
20
-3.9307874015748032
11
6.3361417322834646
21
-3.9307874015748032
0
LINE
8
BLACK
6
CONTINUOUS
10
6.3361417322834646
20
-3.9307874015748032
11
6.3361417322834646
21
-3.9298031496062991
0
LINE
8
BLACK
6
CONTINUOUS
10
6.3361417322834646
20
-3.9298031496062991
11
6.3975590551181103
21
-3.9298031496062991
0
LINE
8
BLACK
6
CONTINUOUS
10
6.3975590551181103
20
-3.9298031496062991
11
6.3975590551181103
21
-3.9553937007874014
0
LINE
8
BLACK
6
CONTINUOUS
10
6.3975590551181103
20
-3.9553937007874014
11
6.3361417322834646
21
-3.9553937007874014
0
LINE
8
BLACK
6
CONTINUOUS
10
6.3361417322834646
20
-3.9553937007874014
11
6.3361417322834646
21
-3.9544094488188977
0
LINE
8
BLACK
6
CONTINUOUS
10
6.3361417322834646
20
-3.9544094488188977
11
6.2921653543307086
21
-3.9544094488188977
0
LINE
8
BLACK
6
CONTINUOUS
10
6.2921653543307086
20
-3.9544094488188977
11
6.2921653543307086
21
-3.9696456299212599
0
LINE
8
BLACK
6
CONTINUOUS
10
6.2921653543307086
20
-3.9696456299212599
11
6.2914161417322836
21
-3.9734122047244091
0
LINE
8
BLACK
6
CONTINUOUS
10
6.2914161417322836
20
-3.9734122047244091
11
6.289282519685039
21
-3.9766053543307085
0
LINE
8
BLACK
6
CONTINUOUS
10
6.289282519685039
20
-3.9766053543307085
11
6.2860893700787397
21
-3.9787389763779526
0
LINE
8
BLACK
6
CONTINUOUS
10
6.2860893700787397
20
-3.9787389763779526
11
6.2823227559055113
21
-3.9794881496062993
0
LINE
8
BLACK
6
CONTINUOUS
10
6.2823227559055113
20
-3.9794881496062993
11
6.207215118110236
21
-3.9794881496062993
0
LINE
8
BLACK
6
CONTINUOUS
10
6.207215118110236
20
-3.9794881496062993
11
6.1883516535433065
21
-3.998351653543307
0
LINE
8
BLACK
6
CONTINUOUS
10
6.1883516535433065
20
-3.998351653543307
11
6.1871900787401577
21
-3.9993703149606299
0
LINE
8
BLACK
6
CONTINUOUS
10
6.1871900787401577
20
-3.9993703149606299
11
6.1845198818897638
21
-4.0009119685039369
0
LINE
8
BLACK
6
CONTINUOUS
10
6.1845198818897638
20
-4.0009119685039369
11
6.1815416535433068
21
-4.0017099606299213
0
LINE
8
BLACK
6
CONTINUOUS
10
6.1815416535433068
20
-4.0017099606299213
11
6.1799999999999997
21
-4.0018110236220474
0
LINE
8
BLACK
6
CONTINUOUS
10
6.1799999999999997
20
-4.0018110236220474
11
6.1393700787401571
21
-4.0018110236220474
0
LINE
8
BLACK
6
CONTINUOUS
10
6.1393700787401571
20
-4.0018110236220474
11
6.1393700787401571
21
-4.0037795275590549
0
LINE
8
BLACK
6
CONTINUOUS
10
6.1393700787401571
20
-4.0037795275590549
11
6.1157480314960626
21
-4.0037795275590549
0
LINE
8
BLACK
6
CONTINUOUS
10
6.1157480314960626
20
-4.0037795275590549
11
6.1157480314960626
21
-3.9762204724409447
0
LINE
8
BLACK
6
CONTINUOUS
10
6.1157480314960626
20
-3.9762204724409447
11
6.1393700787401571
21
-3.9762204724409447
0
LINE
8
BLACK
6
CONTINUOUS
10
6.1393700787401571
20
-3.9762204724409447
11
6.1393700787401571
21
-3.9781889763779525
0
LINE
8
BLACK
6
CONTINUOUS
10
6.1393700787401571
20
-3.9781889763779525
11
6.1751077165354333
21
-3.9781889763779525
0
LINE
8
BLACK
6
CONTINUOUS
10
6.1751077165354333
20
-3.9781889763779525
11
6.187834645669291
21
-3.9654620078740157
0
LINE
8
BLACK
6
CONTINUOUS
10
6.187834645669291
20
-3.9654620078740157
11
6.187834645669291
21
-3.9332283858267716
0
LINE
8
BLACK
6
CONTINUOUS
10
6.187834645669291
20
-3.9332283858267716
11
6.188583858267716
21
-3.9294618110236219
0
LINE
8
BLACK
6
CONTINUOUS
10
6.188583858267716
20
-3.9294618110236219
11
6.1907174803149605
21
-3.9262686614173226
0
LINE
8
BLACK
6
CONTINUOUS
10
6.1907174803149605
20
-3.9262686614173226
11
6.1939106299212598
21
-3.9241350393700785
0
LINE
8
BLACK
6
CONTINUOUS
10
6.1939106299212598
20
-3.9241350393700785
11
6.1976772440944883
21
-3.9233858661417322
0
LINE
8
BLACK
6
CONTINUOUS
10
6.1976772440944883
20
-3.9233858661417322
11
6.28232279527559
21
-3.9233858267716535
0
LINE
8
BLACK
6
CONTINUOUS
10
6.28232279527559
20
-3.9233858267716535
11
6.2860893700787397
21
-3.9241350393700785
0
LINE
8
BLACK
6
CONTINUOUS
10
6.8802212992125984
20
-3.8899410236220473
11
6.8820517322834647
21
-3.8920534645669291
0
LINE
8
BLACK
6
CONTINUOUS
10
6.8820517322834647
20
-3.8920534645669291
11
6.8825000000000003
21
-3.8941141732283464
0
LINE
8
BLACK
6
CONTINUOUS
10
6.8825000000000003
20
-3.8941141732283464
11
6.8825000000000003
21
-4.4353346456692915
0
LINE
8
BLACK
6
CONTINUOUS
10
6.8825000000000003
20
-4.4353346456692915
11
6.8817125196850393
21
-4.4380165748031493
0
LINE
8
BLACK
6
CONTINUOUS
10
6.8817125196850393
20
-4.4380165748031493
11
6.8796000787401574
21
-4.4398470078740155
0
LINE
8
BLACK
6
CONTINUOUS
10
6.8796000787401574
20
-4.4398470078740155
11
6.8775393700787397
21
-4.4402952755905511
0
LINE
8
BLACK
6
CONTINUOUS
10
6.8775393700787397
20
-4.4402952755905511
11
4.5646653543307085
21
-4.4402952755905511
0
LINE
8
BLACK
6
CONTINUOUS
10
4.5646653543307085
20
-4.4402952755905511
11
4.5619834251968499
21
-4.4395077952755901
0
LINE
8
BLACK
6
CONTINUOUS
10
4.5619834251968499
20
-4.4395077952755901
11
4.5601529921259845
21
-4.4373953543307083
0
LINE
8
BLACK
6
CONTINUOUS
10
4.5601529921259845
20
-4.4373953543307083
11
4.5597047244094489
21
-4.4353346456692915
0
LINE
8
BLACK
6
CONTINUOUS
10
4.5597047244094489
20
-4.4353346456692915
11
4.5597047244094489
21
-4.1672836220472442
0
LINE
8
BLACK
6
CONTINUOUS
10
4.5597047244094489
20
-4.1672836220472442
11
4.5597047244094489
21
-3.8941141732283464
0
LINE
8
BLACK
6
CONTINUOUS
10
4.5597047244094489
20
-3.8941141732283464
11
4.560492204724409
21
-3.8914322440944882
0
LINE
8
BLACK
6
CONTINUOUS
10
4.560492204724409
20
-3.8914322440944882
11
4.5626046456692908
21
-3.8896018110236219
0
LINE
8
BLACK
6
CONTINUOUS
10
4.5626046456692908
20
-3.8896018110236219
11
4.5646653543307085
21
-3.8891535433070867
0
LINE
8
BLACK
6
CONTINUOUS
10
4.5646653543307085
20
-3.8891535433070867
11
6.8775393700787397
21
-3.8891535433070867
0
LINE
8
BLACK
6
CONTINUOUS
10
6.8775393700787397
20
-3.8891535433070867
11
6.8802212992125984
21
-3.8899410236220473
0
LINE
8
BLACK
6
CONTINUOUS
10
4.58242125984252
20
-4.1727163385826769
11
4.5834811023622049
21
-4.1780444094488187
0
LINE
8
BLACK
6
CONTINUOUS
10
4.5834811023622049
20
-4.1780444094488187
11
4.5834811417322836
21
-4.178044527559055
0
LINE
8
BLACK
6
CONTINUOUS
10
4.5834811417322836
20
-4.178044527559055
11
4.5855601574803151
21
-4.1830637401574799
0
LINE
8
BLACK
6
CONTINUOUS
10
4.5855601574803151
20
-4.1830637401574799
11
4.5856749606299214
21
-4.1832785039370082
0
LINE
8
BLACK
6
CONTINUOUS
10
4.5856749606299214
20
-4.1832785039370082
11
4.585616889763779
21
-4.1833094881889759
0
LINE
8
BLACK
6
CONTINUOUS
10
4.585616889763779
20
-4.1833094881889759
11
4.586357440944882
21
-4.1856738976377947
0
LINE
8
BLACK
6
CONTINUOUS
10
4.586357440944882
20
-4.1856738976377947
11
4.586358228346457
21
-4.1857627952755907
0
LINE
8
BLACK
6
CONTINUOUS
10
4.586358228346457
20
-4.1857627952755907
11
4.586358228346457
21
-4.1912620866141728
0
LINE
8
BLACK
6
CONTINUOUS
10
4.586358228346457
20
-4.1912620866141728
11
4.587969409448819
21
-4.1972750000000003
0
LINE
8
BLACK
6
CONTINUOUS
10
4.587969409448819
20
-4.1972750000000003
11
4.5890640551181106
21
-4.1991709842519684
0
LINE
8
BLACK
6
CONTINUOUS
10
4.5890640551181106
20
-4.1991709842519684
11
4.5890640944881893
21
-4.1991710629921259
0
LINE
8
BLACK
6
CONTINUOUS
10
4.5890640944881893
20
-4.1991710629921259
11
4.5890640551181106
21
-4.1991710629921259
0
LINE
8
BLACK
6
CONTINUOUS
10
4.5890640551181106
20
-4.1991710629921259
11
4.5892072440944878
21
-4.1994190157480311
0
LINE
8
BLACK
6
CONTINUOUS
10
4.5892072440944878
20
-4.1994190157480311
11
4.5898720472440946
21
-4.2018996456692914
0
LINE
8
BLACK
6
CONTINUOUS
10
4.5898720472440946
20
-4.2018996456692914
11
4.5898720472440946
21
-4.2194431102362202
0
LINE
8
BLACK
6
CONTINUOUS
10
4.5898720472440946
20
-4.2194431102362202
11
4.5902902362204721
21
-4.2229257480314963
0
LINE
8
BLACK
6
CONTINUOUS
10
4.5902902362204721
20
-4.2229257480314963
11
4.5924759055118107
21
-4.2284681496062992
0
LINE
8
BLACK
6
CONTINUOUS
10
4.5924759055118107
20
-4.2284681496062992
11
4.592476023622047
21
-4.2284683070866143
0
LINE
8
BLACK
6
CONTINUOUS
10
4.592476023622047
20
-4.2284683070866143
11
4.5960758661417325
21
-4.2332154330708658
0
LINE
8
BLACK
6
CONTINUOUS
10
4.5960758661417325
20
-4.2332154330708658
11
4.600822992125984
21
-4.2368152755905513
0
LINE
8
BLACK
6
CONTINUOUS
10
4.600822992125984
20
-4.2368152755905513
11
4.600823149606299
21
-4.2368153937007875
0
LINE
8
BLACK
6
CONTINUOUS
10
4.600823149606299
20
-4.2368153937007875
11
4.6063655511811019
21
-4.2390010629921262
0
LINE
8
BLACK
6
CONTINUOUS
10
4.6063655511811019
20
-4.2390010629921262
11
4.6063655118110232
21
-4.2390010629921262
0
LINE
8
BLACK
6
CONTINUOUS
10
4.6063655118110232
20
-4.2390010629921262
11
4.6074662992125983
21
-4.2391332283464562
0
LINE
8
BLACK
6
CONTINUOUS
10
4.6074662992125983
20
-4.2391332283464562
11
4.6098483464566931
21
-4.2394192913385824
0
LINE
8
BLACK
6
CONTINUOUS
10
4.6098483464566931
20
-4.2394192913385824
11
4.6098484645669293
21
-4.2394192913385824
0
LINE
8
BLACK
6
CONTINUOUS
10
4.6098484645669293
20
-4.2394192913385824
11
4.6486751574803149
21
-4.2394192913385824
0
LINE
8
BLACK
6
CONTINUOUS
10
4.6486751574803149
20
-4.2394192913385824
11
4.6486752755905512
21
-4.2394192913385824
0
LINE
8
BLACK
6
CONTINUOUS
10
4.6486752755905512
20
-4.2394192913385824
11
4.6521580314960627
21
-4.2390010629921262
0
LINE
8
BLACK
6
CONTINUOUS
10
4.6521580314960627
20
-4.2390010629921262
11
4.6577004724409452
21
-4.2368153937007875
0
LINE
8
BLACK
6
CONTINUOUS
10
4.6577004724409452
20
-4.2368153937007875
11
4.662447716535433
21
-4.2332154330708658
0
LINE
8
BLACK
6
CONTINUOUS
10
4.662447716535433
20
-4.2332154330708658
11
4.6644011417322835
21
-4.2306394881889764
0
LINE
8
BLACK
6
CONTINUOUS
10
4.6644011417322835
20
-4.2306394881889764
11
4.665584212598425
21
-4.2290793700787397
0
LINE
8
BLACK
6
CONTINUOUS
10
4.665584212598425
20
-4.2290793700787397
11
4.6657185039370077
21
-4.2289801181102362
0
LINE
8
BLACK
6
CONTINUOUS
10
4.6657185039370077
20
-4.2289801181102362
11
4.6657878740157477
21
-4.2288282677165352
0
LINE
8
BLACK
6
CONTINUOUS
10
4.6657878740157477
20
-4.2288282677165352
11
4.6668326771653543
21
-4.2281567716535431
0
LINE
8
BLACK
6
CONTINUOUS
10
4.6668326771653543
20
-4.2281567716535431
11
4.6678321653543309
21
-4.2274182283464565
0
LINE
8
BLACK
6
CONTINUOUS
10
4.6678321653543309
20
-4.2274182283464565
11
4.6680388976377953
21
-4.2273815748031494
0
LINE
8
BLACK
6
CONTINUOUS
10
4.6680388976377953
20
-4.2273815748031494
11
4.6681392913385826
21
-4.2273170866141729
0
LINE
8
BLACK
6
CONTINUOUS
10
4.6681392913385826
20
-4.2273170866141729
11
4.6695368503937003
21
-4.2271161417322833
0
LINE
8
BLACK
6
CONTINUOUS
10
4.6695368503937003
20
-4.2271161417322833
11
4.6794952755905515
21
-4.2271161417322833
0
LINE
8
BLACK
6
CONTINUOUS
10
4.6794952755905515
20
-4.2271161417322833
11
4.6821772047244092
21
-4.2279036220472443
0
LINE
8
BLACK
6
CONTINUOUS
10
4.6821772047244092
20
-4.2279036220472443
11
4.6834479133858267
21
-4.2290793700787397
0
LINE
8
BLACK
6
CONTINUOUS
10
4.6834479133858267
20
-4.2290793700787397
11
4.6850916141732286
21
-4.2312469291338584
0
LINE
8
BLACK
6
CONTINUOUS
10
4.6850916141732286
20
-4.2312469291338584
11
4.6898387401574801
21
-4.234846771653543
0
LINE
8
BLACK
6
CONTINUOUS
10
4.6898387401574801
20
-4.234846771653543
11
4.6898388976377952
21
-4.2348468897637792
0
LINE
8
BLACK
6
CONTINUOUS
10
4.6898388976377952
20
-4.2348468897637792
11
4.6953812992125981
21
-4.2370325590551179
0
LINE
8
BLACK
6
CONTINUOUS
10
4.6953812992125981
20
-4.2370325590551179
11
4.6953812598425193
21
-4.2370325590551179
0
LINE
8
BLACK
6
CONTINUOUS
10
4.6953812598425193
20
-4.2370325590551179
11
4.6964820472440945
21
-4.2371647244094488
0
LINE
8
BLACK
6
CONTINUOUS
10
4.6964820472440945
20
-4.2371647244094488
11
4.6988640944881892
21
-4.237450787401575
0
LINE
8
BLACK
6
CONTINUOUS
10
4.6988640944881892
20
-4.237450787401575
11
4.6988642125984255
21
-4.237450787401575
0
LINE
8
BLACK
6
CONTINUOUS
10
4.6988642125984255
20
-4.237450787401575
11
4.7396594094488185
21
-4.237450787401575
0
LINE
8
BLACK
6
CONTINUOUS
10
4.7396594094488185
20
-4.237450787401575
11
4.7396595275590547
21
-4.237450787401575
0
LINE
8
BLACK
6
CONTINUOUS
10
4.7396595275590547
20
-4.237450787401575
11
4.7431422834645671
21
-4.2370325590551179
0
LINE
8
BLACK
6
CONTINUOUS
10
4.7431422834645671
20
-4.2370325590551179
11
4.7458699606299213
21
-4.2359568503937011
0
LINE
8
BLACK
6
CONTINUOUS
10
4.7458699606299213
20
-4.2359568503937011
11
4.7476898031496058
21
-4.235611023622047
0
LINE
8
BLACK
6
CONTINUOUS
10
4.7476898031496058
20
-4.235611023622047
11
4.7856496062992129
21
-4.235611023622047
0
LINE
8
BLACK
6
CONTINUOUS
10
4.7856496062992129
20
-4.235611023622047
11
4.7883315354330707
21
-4.236398503937008
0
LINE
8
BLACK
6
CONTINUOUS
10
4.7883315354330707
20
-4.236398503937008
11
4.7901619685039369
21
-4.2385109448818898
0
LINE
8
BLACK
6
CONTINUOUS
10
4.7901619685039369
20
-4.2385109448818898
11
4.7906102362204726
21
-4.2405716535433067
0
LINE
8
BLACK
6
CONTINUOUS
10
4.7906102362204726
20
-4.2405716535433067
11
4.7906102362204726
21
-4.2638820866141733
0
LINE
8
BLACK
6
CONTINUOUS
10
4.7906102362204726
20
-4.2638820866141733
11
4.79102842519685
21
-4.2673647244094486
0
LINE
8
BLACK
6
CONTINUOUS
10
4.79102842519685
20
-4.2673647244094486
11
4.7932140944881887
21
-4.2729071259842515
0
LINE
8
BLACK
6
CONTINUOUS
10
4.7932140944881887
20
-4.2729071259842515
11
4.793214212598425
21
-4.2729072834645665
0
LINE
8
BLACK
6
CONTINUOUS
10
4.793214212598425
20
-4.2729072834645665
11
4.7968140551181104
21
-4.2776544094488189
0
LINE
8
BLACK
6
CONTINUOUS
10
4.7968140551181104
20
-4.2776544094488189
11
4.801561181102362
21
-4.2812542519685035
0
LINE
8
BLACK
6
CONTINUOUS
10
4.801561181102362
20
-4.2812542519685035
11
4.801561338582677
21
-4.2812543700787398
0
LINE
8
BLACK
6
CONTINUOUS
10
4.801561338582677
20
-4.2812543700787398
11
4.8046985433070866
21
-4.2824915354330706
0
LINE
8
BLACK
6
CONTINUOUS
10
4.8046985433070866
20
-4.2824915354330706
11
4.8069045669291341
21
-4.2842079921259844
0
LINE
8
BLACK
6
CONTINUOUS
10
4.8069045669291341
20
-4.2842079921259844
11
4.8078324409448818
21
-4.2868446456692908
0
LINE
8
BLACK
6
CONTINUOUS
10
4.8078324409448818
20
-4.2868446456692908
11
4.8071874803149601
21
-4.2895643700787405
0
LINE
8
BLACK
6
CONTINUOUS
10
4.8071874803149601
20
-4.2895643700787405
11
4.8051745669291339
21
-4.2915036614173223
0
LINE
8
BLACK
6
CONTINUOUS
10
4.8051745669291339
20
-4.2915036614173223
11
4.8028787007874012
21
-4.292066929133858
0
LINE
8
BLACK
6
CONTINUOUS
10
4.8028787007874012
20
-4.292066929133858
11
4.7905863779527555
21
-4.292066929133858
0
LINE
8
BLACK
6
CONTINUOUS
10
4.7905863779527555
20
-4.292066929133858
11
4.7871037401574803
21
-4.2924851181102364
0
LINE
8
BLACK
6
CONTINUOUS
10
4.7871037401574803
20
-4.2924851181102364
11
4.7815613385826774
21
-4.294670787401575
0
LINE
8
BLACK
6
CONTINUOUS
10
4.7815613385826774
20
-4.294670787401575
11
4.7815611811023624
21
-4.2946709055118113
0
LINE
8
BLACK
6
CONTINUOUS
10
4.7815611811023624
20
-4.2946709055118113
11
4.77681405511811
21
-4.2982707480314959
0
LINE
8
BLACK
6
CONTINUOUS
10
4.77681405511811
20
-4.2982707480314959
11
4.7732142125984254
21
-4.3030178740157483
0
LINE
8
BLACK
6
CONTINUOUS
10
4.7732142125984254
20
-4.3030178740157483
11
4.7732140944881891
21
-4.3030180314960633
0
LINE
8
BLACK
6
CONTINUOUS
10
4.7732140944881891
20
-4.3030180314960633
11
4.7710284251968504
21
-4.3085604330708662
0
LINE
8
BLACK
6
CONTINUOUS
10
4.7710284251968504
20
-4.3085604330708662
11
4.7706102362204721
21
-4.3120430708661415
0
LINE
8
BLACK
6
CONTINUOUS
10
4.7706102362204721
20
-4.3120430708661415
11
4.7706102362204721
21
-4.3361064960629916
0
LINE
8
BLACK
6
CONTINUOUS
10
4.7706102362204721
20
-4.3361064960629916
11
4.7710284645669292
21
-4.3395891338582677
0
LINE
8
BLACK
6
CONTINUOUS
10
4.7710284645669292
20
-4.3395891338582677
11
4.7710284251968504
21
-4.3395891338582677
0
LINE
8
BLACK
6
CONTINUOUS
10
4.7710284251968504
20
-4.3395891338582677
11
4.7732140944881891
21
-4.3451315354330706
0
LINE
8
BLACK
6
CONTINUOUS
10
4.7732140944881891
20
-4.3451315354330706
11
4.7732142125984254
21
-4.3451316929133856
0
LINE
8
BLACK
6
CONTINUOUS
10
4.7732142125984254
20
-4.3451316929133856
11
4.77681405511811
21
-4.3498788188976381
0
LINE
8
BLACK
6
CONTINUOUS
10
4.77681405511811
20
-4.3498788188976381
11
4.7815611811023624
21
-4.3534786614173226
0
LINE
8
BLACK
6
CONTINUOUS
10
4.7815611811023624
20
-4.3534786614173226
11
4.7815613385826774
21
-4.3534787795275589
0
LINE
8
BLACK
6
CONTINUOUS
10
4.7815613385826774
20
-4.3534787795275589
11
4.7863957086614173
21
-4.3553852362204726
0
LINE
8
BLACK
6
CONTINUOUS
10
4.7863957086614173
20
-4.3553852362204726
11
4.7886017322834649
21
-4.3571016929133854
0
LINE
8
BLACK
6
CONTINUOUS
10
4.7886017322834649
20
-4.3571016929133854
11
4.7895296062992125
21
-4.3597383464566928
0
LINE
8
BLACK
6
CONTINUOUS
10
4.7895296062992125
20
-4.3597383464566928
11
4.7888846456692908
21
-4.3624580708661416
0
LINE
8
BLACK
6
CONTINUOUS
10
4.7888846456692908
20
-4.3624580708661416
11
4.7868717322834646
21
-4.3643973622047243
0
LINE
8
BLACK
6
CONTINUOUS
10
4.7868717322834646
20
-4.3643973622047243
11
4.7863957086614173
21
-4.3646147637795272
0
LINE
8
BLACK
6
CONTINUOUS
10
4.7863957086614173
20
-4.3646147637795272
11
4.7815613385826774
21
-4.3665211811023621
0
LINE
8
BLACK
6
CONTINUOUS
10
4.7815613385826774
20
-4.3665211811023621
11
4.7815611811023624
21
-4.3665212992125984
0
LINE
8
BLACK
6
CONTINUOUS
10
4.7815611811023624
20
-4.3665212992125984
11
4.77681405511811
21
-4.3701211417322829
0
LINE
8
BLACK
6
CONTINUOUS
10
4.77681405511811
20
-4.3701211417322829
11
4.7732142125984254
21
-4.3748682677165354
0
LINE
8
BLACK
6
CONTINUOUS
10
4.7732142125984254
20
-4.3748682677165354
11
4.7732140944881891
21
-4.3748684251968504
0
LINE
8
BLACK
6
CONTINUOUS
10
4.7732140944881891
20
-4.3748684251968504
11
4.7710284251968504
21
-4.3804108267716533
0
LINE
8
BLACK
6
CONTINUOUS
10
4.7710284251968504
20
-4.3804108267716533
11
4.7706102362204721
21
-4.3838934645669294
0
LINE
8
BLACK
6
CONTINUOUS
10
4.7706102362204721
20
-4.3838934645669294
11
4.7706102362204721
21
-4.4079568897637795
0
LINE
8
BLACK
6
CONTINUOUS
10
4.7706102362204721
20
-4.4079568897637795
11
4.7710284251968504
21
-4.4114395275590548
0
LINE
8
BLACK
6
CONTINUOUS
10
4.7710284251968504
20
-4.4114395275590548
11
4.7732140944881891
21
-4.4169819291338586
0
LINE
8
BLACK
6
CONTINUOUS
10
4.7732140944881891
20
-4.4169819291338586
11
4.7732142125984254
21
-4.4169820866141727
0
LINE
8
BLACK
6
CONTINUOUS
10
4.7732142125984254
20
-4.4169820866141727
11
4.77681405511811
21
-4.4217292125984251
0
LINE
8
BLACK
6
CONTINUOUS
10
4.77681405511811
20
-4.4217292125984251
11
4.7815611811023624
21
-4.4253290551181097
0
LINE
8
BLACK
6
CONTINUOUS
10
4.7815611811023624
20
-4.4253290551181097
11
4.7815613385826774
21
-4.425329173228346
0
LINE
8
BLACK
6
CONTINUOUS
10
4.7815613385826774
20
-4.425329173228346
11
4.7871037401574803
21
-4.4275148425196846
0
LINE
8
BLACK
6
CONTINUOUS
10
4.7871037401574803
20
-4.4275148425196846
11
4.7871037007874016
21
-4.4275148425196846
0
LINE
8
BLACK
6
CONTINUOUS
10
4.7871037007874016
20
-4.4275148425196846
11
4.7880092913385823
21
-4.4276235826771648
0
LINE
8
BLACK
6
CONTINUOUS
10
4.7880092913385823
20
-4.4276235826771648
11
4.7905865354330706
21
-4.4279330708661417
0
LINE
8
BLACK
6
CONTINUOUS
10
4.7905865354330706
20
-4.4279330708661417
11
4.792895748031496
21
-4.4279330708661417
0
LINE
8
BLACK
6
CONTINUOUS
10
4.792895748031496
20
-4.4279330708661417
11
4.7941796062992124
21
-4.428102047244094
0
LINE
8
BLACK
6
CONTINUOUS
10
4.7941796062992124
20
-4.428102047244094
11
4.7974058267716533
21
-4.4289665354330712
0
LINE
8
BLACK
6
CONTINUOUS
10
4.7974058267716533
20
-4.4289665354330712
11
4.797405866141732
21
-4.4289665354330712
0
LINE
8
BLACK
6
CONTINUOUS
10
4.797405866141732
20
-4.4289665354330712
11
5.3933322834645665
21
-4.4289665354330712
0
LINE
8
BLACK
6
CONTINUOUS
10
5.3933322834645665
20
-4.4289665354330712
11
5.393332362204724
21
-4.4289665354330712
0
LINE
8
BLACK
6
CONTINUOUS
10
5.393332362204724
20
-4.4289665354330712
11
5.3983439370078736
21
-4.4276237007874011
0
LINE
8
BLACK
6
CONTINUOUS
10
5.3983439370078736
20
-4.4276237007874011
11
5.402837165354331
21
-4.4250295275590554
0
LINE
8
BLACK
6
CONTINUOUS
10
5.402837165354331
20
-4.4250295275590554
11
5.4367090551181105
21
-4.3911575984251972
0
LINE
8
BLACK
6
CONTINUOUS
10
5.4367090551181105
20
-4.3911575984251972
11
5.4391622440944882
21
-4.3898181102362202
0
LINE
8
BLACK
6
CONTINUOUS
10
5.4391622440944882
20
-4.3898181102362202
11
5.4402166929133857
21
-4.3897047244094489
0
LINE
8
BLACK
6
CONTINUOUS
10
5.4402166929133857
20
-4.3897047244094489
11
6.462594094488189
21
-4.3897047244094489
0
LINE
8
BLACK
6
CONTINUOUS
10
6.462594094488189
20
-4.3897047244094489
11
6.4625941732283465
21
-4.3897047244094489
0
LINE
8
BLACK
6
CONTINUOUS
10
6.4625941732283465
20
-4.3897047244094489
11
6.4676057480314961
21
-4.3883618897637797
0
LINE
8
BLACK
6
CONTINUOUS
10
6.4676057480314961
20
-4.3883618897637797
11
6.4720989763779526
21
-4.3857677165354332
0
LINE
8
BLACK
6
CONTINUOUS
10
6.4720989763779526
20
-4.3857677165354332
11
6.5182775590551181
21
-4.3395891338582677
0
LINE
8
BLACK
6
CONTINUOUS
10
6.5182775590551181
20
-4.3395891338582677
11
6.5249060236220471
21
-4.3329606692913387
0
LINE
8
BLACK
6
CONTINUOUS
10
6.5249060236220471
20
-4.3329606692913387
11
6.5719846062992122
21
-4.2858820866141727
0
LINE
8
BLACK
6
CONTINUOUS
10
6.5719846062992122
20
-4.2858820866141727
11
6.5744378346456696
21
-4.2845424803149603
0
LINE
8
BLACK
6
CONTINUOUS
10
6.5744378346456696
20
-4.2845424803149603
11
6.575492283464567
21
-4.2844291338582678
0
LINE
8
BLACK
6
CONTINUOUS
10
6.575492283464567
20
-4.2844291338582678
11
6.6632087007874015
21
-4.2844291338582678
0
LINE
8
BLACK
6
CONTINUOUS
10
6.6632087007874015
20
-4.2844291338582678
11
6.6658906299212592
21
-4.285216614173228
0
LINE
8
BLACK
6
CONTINUOUS
10
6.6658906299212592
20
-4.285216614173228
11
6.6677210629921255
21
-4.2873290551181098
0
LINE
8
BLACK
6
CONTINUOUS
10
6.6677210629921255
20
-4.2873290551181098
11
6.6681693307086611
21
-4.2893897637795275
0
LINE
8
BLACK
6
CONTINUOUS
10
6.6681693307086611
20
-4.2893897637795275
11
6.6681693307086611
21
-4.2964907874015745
0
LINE
8
BLACK
6
CONTINUOUS
10
6.6681693307086611
20
-4.2964907874015745
11
6.6682840157480312
21
-4.2974799212598427
0
LINE
8
BLACK
6
CONTINUOUS
10
6.6682840157480312
20
-4.2974799212598427
11
6.6682840944881887
21
-4.2974800787401577
0
LINE
8
BLACK
6
CONTINUOUS
10
6.6682840944881887
20
-4.2974800787401577
11
6.6700705905511812
21
-4.3015261811023624
0
LINE
8
BLACK
6
CONTINUOUS
10
6.6700705905511812
20
-4.3015261811023624
11
6.6731981102362203
21
-4.3046537007874015
0
LINE
8
BLACK
6
CONTINUOUS
10
6.6731981102362203
20
-4.3046537007874015
11
6.6731981889763778
21
-4.3046537401574803
0
LINE
8
BLACK
6
CONTINUOUS
10
6.6731981889763778
20
-4.3046537401574803
11
6.6731982283464566
21
-4.304653779527559
0
LINE
8
BLACK
6
CONTINUOUS
10
6.6731982283464566
20
-4.304653779527559
11
6.6772444488188976
21
-4.3064403543307082
0
LINE
8
BLACK
6
CONTINUOUS
10
6.6772444488188976
20
-4.3064403543307082
11
6.6782336614173223
21
-4.3065551181102357
0
LINE
8
BLACK
6
CONTINUOUS
10
6.6782336614173223
20
-4.3065551181102357
11
6.741766299212598
21
-4.306555078740157
0
LINE
8
BLACK
6
CONTINUOUS
10
6.741766299212598
20
-4.306555078740157
11
6.7427555511811024
21
-4.3064403543307082
0
LINE
8
BLACK
6
CONTINUOUS
10
6.7427555511811024
20
-4.3064403543307082
11
6.7468017716535433
21
-4.304653779527559
0
LINE
8
BLACK
6
CONTINUOUS
10
6.7468017716535433
20
-4.304653779527559
11
6.7499293700787399
21
-4.3015261811023624
0
LINE
8
BLACK
6
CONTINUOUS
10
6.7499293700787399
20
-4.3015261811023624
11
6.75171594488189
21
-4.2974799606299214
0
LINE
8
BLACK
6
CONTINUOUS
10
6.75171594488189
20
-4.2974799606299214
11
6.7518307086614175
21
-4.2964907480314958
0
LINE
8
BLACK
6
CONTINUOUS
10
6.7518307086614175
20
-4.2964907480314958
11
6.7518307086614175
21
-4.2893897637795275
0
LINE
8
BLACK
6
CONTINUOUS
10
6.7518307086614175
20
-4.2893897637795275
11
6.7519327165354328
21
-4.2890422834645667
0
LINE
8
BLACK
6
CONTINUOUS
10
6.7519327165354328
20
-4.2890422834645667
11
6.7518811811023625
21
-4.2886837795275587
0
LINE
8
BLACK
6
CONTINUOUS
10
6.7518811811023625
20
-4.2886837795275587
11
6.7523203543307089
21
-4.287722125984252
0
LINE
8
BLACK
6
CONTINUOUS
10
6.7523203543307089
20
-4.287722125984252
11
6.7526181889763777
21
-4.2867078346456688
0
LINE
8
BLACK
6
CONTINUOUS
10
6.7526181889763777
20
-4.2867078346456688
11
6.7528919291338578
21
-4.2864706299212596
0
LINE
8
BLACK
6
CONTINUOUS
10
6.7528919291338578
20
-4.2864706299212596
11
6.7530423622047246
21
-4.2861412598425197
0
LINE
8
BLACK
6
CONTINUOUS
10
6.7530423622047246
20
-4.2861412598425197
11
6.7539315354330709
21
-4.2855698031496061
0
LINE
8
BLACK
6
CONTINUOUS
10
6.7539315354330709
20
-4.2855698031496061
11
6.7547306299212595
21
-4.2848774015748035
0
LINE
8
BLACK
6
CONTINUOUS
10
6.7547306299212595
20
-4.2848774015748035
11
6.7551513385826771
21
-4.284785866141732
0
LINE
8
BLACK
6
CONTINUOUS
10
6.7551513385826771
20
-4.284785866141732
11
6.7553937795275587
21
-4.2846300787401574
0
LINE
8
BLACK
6
CONTINUOUS
10
6.7553937795275587
20
-4.2846300787401574
11
6.7567913385826772
21
-4.2844291338582678
0
LINE
8
BLACK
6
CONTINUOUS
10
6.7567913385826772
20
-4.2844291338582678
11
6.7632087007874011
21
-4.2844291338582678
0
LINE
8
BLACK
6
CONTINUOUS
10
6.7632087007874011
20
-4.2844291338582678
11
6.7658906299212598
21
-4.285216614173228
0
LINE
8
BLACK
6
CONTINUOUS
10
6.7658906299212598
20
-4.285216614173228
11
6.7677210629921261
21
-4.2873290551181098
0
LINE
8
BLACK
6
CONTINUOUS
10
6.7677210629921261
20
-4.2873290551181098
11
6.7681693307086617
21
-4.2893897637795275
0
LINE
8
BLACK
6
CONTINUOUS
10
6.7681693307086617
20
-4.2893897637795275
11
6.7681693307086617
21
-4.2964907874015745
0
LINE
8
BLACK
6
CONTINUOUS
10
6.7681693307086617
20
-4.2964907874015745
11
6.7682840157480317
21
-4.2974799212598427
0
LINE
8
BLACK
6
CONTINUOUS
10
6.7682840157480317
20
-4.2974799212598427
11
6.7682840944881892
21
-4.2974800787401577
0
LINE
8
BLACK
6
CONTINUOUS
10
6.7682840944881892
20
-4.2974800787401577
11
6.7700705905511809
21
-4.3015261811023624
0
LINE
8
BLACK
6
CONTINUOUS
10
6.7700705905511809
20
-4.3015261811023624
11
6.77319811023622
21
-4.3046537007874015
0
LINE
8
BLACK
6
CONTINUOUS
10
6.77319811023622
20
-4.3046537007874015
11
6.7731981889763775
21
-4.3046537401574803
0
LINE
8
BLACK
6
CONTINUOUS
10
6.7731981889763775
20
-4.3046537401574803
11
6.7731982283464562
21
-4.304653779527559
0
LINE
8
BLACK
6
CONTINUOUS
10
6.7731982283464562
20
-4.304653779527559
11
6.7772444488188972
21
-4.3064403543307082
0
LINE
8
BLACK
6
CONTINUOUS
10
6.7772444488188972
20
-4.3064403543307082
11
6.7782336614173229
21
-4.3065551181102357
0
LINE
8
BLACK
6
CONTINUOUS
10
6.7782336614173229
20
-4.3065551181102357
11
6.8417662992125985
21
-4.306555078740157
0
LINE
8
BLACK
6
CONTINUOUS
10
6.8417662992125985
20
-4.306555078740157
11
6.842755551181102
21
-4.3064403543307082
0
LINE
8
BLACK
6
CONTINUOUS
10
6.842755551181102
20
-4.3064403543307082
11
6.846801771653543
21
-4.304653779527559
0
LINE
8
BLACK
6
CONTINUOUS
10
6.846801771653543
20
-4.304653779527559
11
6.8499293700787396
21
-4.3015261811023624
0
LINE
8
BLACK
6
CONTINUOUS
10
6.8499293700787396
20
-4.3015261811023624
11
6.8517159448818896
21
-4.2974799606299214
0
LINE
8
BLACK
6
CONTINUOUS
10
6.8517159448818896
20
-4.2974799606299214
11
6.8518307086614172
21
-4.2964907480314958
0
LINE
8
BLACK
6
CONTINUOUS
10
6.8518307086614172
20
-4.2964907480314958
11
6.8518306692913384
21
-4.2329581102362202
0
LINE
8
BLACK
6
CONTINUOUS
10
6.8518306692913384
20
-4.2329581102362202
11
6.8517159448818896
21
-4.2319688582677166
0
LINE
8
BLACK
6
CONTINUOUS
10
6.8517159448818896
20
-4.2319688582677166
11
6.8507192913385824
21
-4.2297116141732278
0
LINE
8
BLACK
6
CONTINUOUS
10
6.8507192913385824
20
-4.2297116141732278
11
6.8499293700787396
21
-4.2279225984251969
0
LINE
8
BLACK
6
CONTINUOUS
10
6.8499293700787396
20
-4.2279225984251969
11
6.8468018503937005
21
-4.2247950787401578
0
LINE
8
BLACK
6
CONTINUOUS
10
6.8468018503937005
20
-4.2247950787401578
11
6.846801771653543
21
-4.2247950393700791
0
LINE
8
BLACK
6
CONTINUOUS
10
6.846801771653543
20
-4.2247950393700791
11
6.8427554724409445
21
-4.2230084251968503
0
LINE
8
BLACK
6
CONTINUOUS
10
6.8427554724409445
20
-4.2230084251968503
11
6.8427555118110233
21
-4.2230084251968503
0
LINE
8
BLACK
6
CONTINUOUS
10
6.8427555118110233
20
-4.2230084251968503
11
6.8417664566929135
21
-4.2228937007874014
0
LINE
8
BLACK
6
CONTINUOUS
10
6.8417664566929135
20
-4.2228937007874014
11
6.7782338582677166
21
-4.2228937007874014
0
LINE
8
BLACK
6
CONTINUOUS
10
6.7782338582677166
20
-4.2228937007874014
11
6.7782335826771654
21
-4.2228937401574802
0
LINE
8
BLACK
6
CONTINUOUS
10
6.7782335826771654
20
-4.2228937401574802
11
6.7772444488188972
21
-4.2230084251968503
0
LINE
8
BLACK
6
CONTINUOUS
10
6.7772444488188972
20
-4.2230084251968503
11
6.7772442913385822
21
-4.2230085039370078
0
LINE
8
BLACK
6
CONTINUOUS
10
6.7772442913385822
20
-4.2230085039370078
11
6.7731981889763775
21
-4.2247950000000003
0
LINE
8
BLACK
6
CONTINUOUS
10
6.7731981889763775
20
-4.2247950000000003
11
6.7700706692913384
21
-4.2279225196850394
0
LINE
8
BLACK
6
CONTINUOUS
10
6.7700706692913384
20
-4.2279225196850394
11
6.7700706299212596
21
-4.2279225984251969
0
LINE
8
BLACK
6
CONTINUOUS
10
6.7700706299212596
20
-4.2279225984251969
11
6.7682840157480317
21
-4.2319688582677166
0
LINE
8
BLACK
6
CONTINUOUS
10
6.7682840157480317
20
-4.2319688582677166
11
6.7681692913385829
21
-4.2329578346456689
0
LINE
8
BLACK
6
CONTINUOUS
10
6.7681692913385829
20
-4.2329578346456689
11
6.7681692913385829
21
-4.2400590551181105
0
LINE
8
BLACK
6
CONTINUOUS
10
6.7681692913385829
20
-4.2400590551181105
11
6.768067244094488
21
-4.2404064960629917
0
LINE
8
BLACK
6
CONTINUOUS
10
6.768067244094488
20
-4.2404064960629917
11
6.768118818897638
21
-4.2407650393700784
0
LINE
8
BLACK
6
CONTINUOUS
10
6.768118818897638
20
-4.2407650393700784
11
6.7676796062992128
21
-4.2417266535433074
0
LINE
8
BLACK
6
CONTINUOUS
10
6.7676796062992128
20
-4.2417266535433074
11
6.7673818110236219
21
-4.2427409842519683
0
LINE
8
BLACK
6
CONTINUOUS
10
6.7673818110236219
20
-4.2427409842519683
11
6.767108031496063
21
-4.2429781496062988
0
LINE
8
BLACK
6
CONTINUOUS
10
6.767108031496063
20
-4.2429781496062988
11
6.7669576377952758
21
-4.2433075590551184
0
LINE
8
BLACK
6
CONTINUOUS
10
6.7669576377952758
20
-4.2433075590551184
11
6.7660684251968499
21
-4.2438789763779523
0
LINE
8
BLACK
6
CONTINUOUS
10
6.7660684251968499
20
-4.2438789763779523
11
6.7652693700787401
21
-4.2445714173228346
0
LINE
8
BLACK
6
CONTINUOUS
10
6.7652693700787401
20
-4.2445714173228346
11
6.7648486220472437
21
-4.2446629133858265
0
LINE
8
BLACK
6
CONTINUOUS
10
6.7648486220472437
20
-4.2446629133858265
11
6.7646062204724409
21
-4.2448187401574806
0
LINE
8
BLACK
6
CONTINUOUS
10
6.7646062204724409
20
-4.2448187401574806
11
6.7632086614173224
21
-4.2450196850393702
0
LINE
8
BLACK
6
CONTINUOUS
10
6.7632086614173224
20
-4.2450196850393702
11
6.7567912992125985
21
-4.2450196850393702
0
LINE
8
BLACK
6
CONTINUOUS
10
6.7567912992125985
20
-4.2450196850393702
11
6.7541093700787398
21
-4.2442322047244092
0
LINE
8
BLACK
6
CONTINUOUS
10
6.7541093700787398
20
-4.2442322047244092
11
6.7522789370078735
21
-4.2421197637795274
0
LINE
8
BLACK
6
CONTINUOUS
10
6.7522789370078735
20
-4.2421197637795274
11
6.7518306692913388
21
-4.2400590551181105
0
LINE
8
BLACK
6
CONTINUOUS
10
6.7518306692913388
20
-4.2400590551181105
11
6.7518306692913388
21
-4.2329582677165352
0
LINE
8
BLACK
6
CONTINUOUS
10
6.7518306692913388
20
-4.2329582677165352
11
6.7518306692913388
21
-4.2329581102362202
0
LINE
8
BLACK
6
CONTINUOUS
10
6.7518306692913388
20
-4.2329581102362202
11
6.75171594488189
21
-4.2319688582677166
0
LINE
8
BLACK
6
CONTINUOUS
10
6.75171594488189
20
-4.2319688582677166
11
6.7507192913385827
21
-4.2297116141732278
0
LINE
8
BLACK
6
CONTINUOUS
10
6.7507192913385827
20
-4.2297116141732278
11
6.7499293700787399
21
-4.2279225984251969
0
LINE
8
BLACK
6
CONTINUOUS
10
6.7499293700787399
20
-4.2279225984251969
11
6.7468018503937008
21
-4.2247950787401578
0
LINE
8
BLACK
6
CONTINUOUS
10
6.7468018503937008
20
-4.2247950787401578
11
6.7468017716535433
21
-4.2247950393700791
0
LINE
8
BLACK
6
CONTINUOUS
10
6.7468017716535433
20
-4.2247950393700791
11
6.7427554724409449
21
-4.2230084251968503
0
LINE
8
BLACK
6
CONTINUOUS
10
6.7427554724409449
20
-4.2230084251968503
11
6.7427555118110236
21
-4.2230084251968503
0
LINE
8
BLACK
6
CONTINUOUS
10
6.7427555118110236
20
-4.2230084251968503
11
6.741766456692913
21
-4.2228937007874014
0
LINE
8
BLACK
6
CONTINUOUS
10
6.741766456692913
20
-4.2228937007874014
11
6.6782338582677161
21
-4.2228937007874014
0
LINE
8
BLACK
6
CONTINUOUS
10
6.6782338582677161
20
-4.2228937007874014
11
6.6782335826771648
21
-4.2228937401574802
0
LINE
8
BLACK
6
CONTINUOUS
10
6.6782335826771648
20
-4.2228937401574802
11
6.6772444488188976
21
-4.2230084251968503
0
LINE
8
BLACK
6
CONTINUOUS
10
6.6772444488188976
20
-4.2230084251968503
11
6.6772442913385825
21
-4.2230085039370078
0
LINE
8
BLACK
6
CONTINUOUS
10
6.6772442913385825
20
-4.2230085039370078
11
6.6731981889763778
21
-4.2247950000000003
0
LINE
8
BLACK
6
CONTINUOUS
10
6.6731981889763778
20
-4.2247950000000003
11
6.6700706692913387
21
-4.2279225196850394
0
LINE
8
BLACK
6
CONTINUOUS
10
6.6700706692913387
20
-4.2279225196850394
11
6.67007062992126
21
-4.2279225984251969
0
LINE
8
BLACK
6
CONTINUOUS
10
6.67007062992126
20
-4.2279225984251969
11
6.6682840157480312
21
-4.2319688582677166
0
LINE
8
BLACK
6
CONTINUOUS
10
6.6682840157480312
20
-4.2319688582677166
11
6.6681692913385824
21
-4.2329578346456689
0
LINE
8
BLACK
6
CONTINUOUS
10
6.6681692913385824
20
-4.2329578346456689
11
6.6681692913385824
21
-4.2400590551181105
0
LINE
8
BLACK
6
CONTINUOUS
10
6.6681692913385824
20
-4.2400590551181105
11
6.6673818110236223
21
-4.2427409842519683
0
LINE
8
BLACK
6
CONTINUOUS
10
6.6673818110236223
20
-4.2427409842519683
11
6.6652693700787404
21
-4.2445714173228346
0
LINE
8
BLACK
6
CONTINUOUS
10
6.6652693700787404
20
-4.2445714173228346
11
6.6632086614173227
21
-4.2450196850393702
0
LINE
8
BLACK
6
CONTINUOUS
10
6.6632086614173227
20
-4.2450196850393702
11
6.5678698031496063
21
-4.2450196850393702
0
LINE
8
BLACK
6
CONTINUOUS
10
6.5678698031496063
20
-4.2450196850393702
11
6.5678697637795276
21
-4.2450196850393702
0
LINE
8
BLACK
6
CONTINUOUS
10
6.5678697637795276
20
-4.2450196850393702
11
6.5626814173228345
21
-4.2450196850393702
0
LINE
8
BLACK
6
CONTINUOUS
10
6.5626814173228345
20
-4.2450196850393702
11
6.5605235826771651
21
-4.2455978740157478
0
LINE
8
BLACK
6
CONTINUOUS
10
6.5605235826771651
20
-4.2455978740157478
11
6.5576699212598424
21
-4.2463624803149607
0
LINE
8
BLACK
6
CONTINUOUS
10
6.5576699212598424
20
-4.2463624803149607
11
6.5576696456692911
21
-4.2463625984251969
0
LINE
8
BLACK
6
CONTINUOUS
10
6.5576696456692911
20
-4.2463625984251969
11
6.5531767322834646
21
-4.2489565748031497
0
LINE
8
BLACK
6
CONTINUOUS
10
6.5531767322834646
20
-4.2489565748031497
11
6.5531763385826771
21
-4.2489568897637797
0
LINE
8
BLACK
6
CONTINUOUS
10
6.5531763385826771
20
-4.2489568897637797
11
6.490090078740157
21
-4.3120432283464565
0
LINE
8
BLACK
6
CONTINUOUS
10
6.490090078740157
20
-4.3120432283464565
11
6.4532909842519688
21
-4.3488423228346456
0
LINE
8
BLACK
6
CONTINUOUS
10
6.4532909842519688
20
-4.3488423228346456
11
6.4508377559055115
21
-4.3501819291338579
0
LINE
8
BLACK
6
CONTINUOUS
10
6.4508377559055115
20
-4.3501819291338579
11
6.449783307086614
21
-4.3502952755905513
0
LINE
8
BLACK
6
CONTINUOUS
10
6.449783307086614
20
-4.3502952755905513
11
5.4325941732283463
21
-4.3502952755905513
0
LINE
8
BLACK
6
CONTINUOUS
10
5.4325941732283463
20
-4.3502952755905513
11
5.4274057874015744
21
-4.3502952755905513
0
LINE
8
BLACK
6
CONTINUOUS
10
5.4274057874015744
20
-4.3502952755905513
11
5.4247201968503935
21
-4.3510148425196853
0
LINE
8
BLACK
6
CONTINUOUS
10
5.4247201968503935
20
-4.3510148425196853
11
5.4223943307086611
21
-4.3516380708661417
0
LINE
8
BLACK
6
CONTINUOUS
10
5.4223943307086611
20
-4.3516380708661417
11
5.4223940551181098
21
-4.351638188976378
0
LINE
8
BLACK
6
CONTINUOUS
10
5.4223940551181098
20
-4.351638188976378
11
5.4179011417322833
21
-4.3542321653543308
0
LINE
8
BLACK
6
CONTINUOUS
10
5.4179011417322833
20
-4.3542321653543308
11
5.3840291732283463
21
-4.3881041338582678
0
LINE
8
BLACK
6
CONTINUOUS
10
5.3840291732283463
20
-4.3881041338582678
11
5.3815759448818898
21
-4.3894437401574802
0
LINE
8
BLACK
6
CONTINUOUS
10
5.3815759448818898
20
-4.3894437401574802
11
5.3805214960629923
21
-4.3895570866141735
0
LINE
8
BLACK
6
CONTINUOUS
10
5.3805214960629923
20
-4.3895570866141735
11
4.8543503937007877
21
-4.3895570866141735
0
LINE
8
BLACK
6
CONTINUOUS
10
4.8543503937007877
20
-4.3895570866141735
11
4.851668464566929
21
-4.3887696062992125
0
LINE
8
BLACK
6
CONTINUOUS
10
4.851668464566929
20
-4.3887696062992125
11
4.8498380314960627
21
-4.3866571653543307
0
LINE
8
BLACK
6
CONTINUOUS
10
4.8498380314960627
20
-4.3866571653543307
11
4.8493897637795271
21
-4.384596456692913
0
LINE
8
BLACK
6
CONTINUOUS
10
4.8493897637795271
20
-4.384596456692913
11
4.8493897637795271
21
-4.3838937401574798
0
LINE
8
BLACK
6
CONTINUOUS
10
4.8493897637795271
20
-4.3838937401574798
11
4.8493897637795271
21
-4.3838936220472444
0
LINE
8
BLACK
6
CONTINUOUS
10
4.8493897637795271
20
-4.3838936220472444
11
4.8489715354330709
21
-4.380410866141732
0
LINE
8
BLACK
6
CONTINUOUS
10
4.8489715354330709
20
-4.380410866141732
11
4.8467858661417322
21
-4.3748684251968504
0
LINE
8
BLACK
6
CONTINUOUS
10
4.8467858661417322
20
-4.3748684251968504
11
4.846785748031496
21
-4.3748682677165354
0
LINE
8
BLACK
6
CONTINUOUS
10
4.846785748031496
20
-4.3748682677165354
11
4.8431859055118105
21
-4.3701211417322829
0
LINE
8
BLACK
6
CONTINUOUS
10
4.8431859055118105
20
-4.3701211417322829
11
4.838438779527559
21
-4.3665212992125984
0
LINE
8
BLACK
6
CONTINUOUS
10
4.838438779527559
20
-4.3665212992125984
11
4.838438622047244
21
-4.3665211811023621
0
LINE
8
BLACK
6
CONTINUOUS
10
4.838438622047244
20
-4.3665211811023621
11
4.8336042519685041
21
-4.3646147637795272
0
LINE
8
BLACK
6
CONTINUOUS
10
4.8336042519685041
20
-4.3646147637795272
11
4.8313982283464565
21
-4.3628983070866143
0
LINE
8
BLACK
6
CONTINUOUS
10
4.8313982283464565
20
-4.3628983070866143
11
4.8304703543307088
21
-4.360261653543307
0
LINE
8
BLACK
6
CONTINUOUS
10
4.8304703543307088
20
-4.360261653543307
11
4.8311152755905509
21
-4.3575419291338582
0
LINE
8
BLACK
6
CONTINUOUS
10
4.8311152755905509
20
-4.3575419291338582
11
4.8331282283464567
21
-4.3556026377952755
0
LINE
8
BLACK
6
CONTINUOUS
10
4.8331282283464567
20
-4.3556026377952755
11
4.8336042519685041
21
-4.3553852362204726
0
LINE
8
BLACK
6
CONTINUOUS
10
4.8336042519685041
20
-4.3553852362204726
11
4.8337859448818898
21
-4.355313582677165
0
LINE
8
BLACK
6
CONTINUOUS
10
4.8337859448818898
20
-4.355313582677165
11
4.8384386614173227
21
-4.3534787795275589
0
LINE
8
BLACK
6
CONTINUOUS
10
4.8384386614173227
20
-4.3534787795275589
11
4.8431859055118105
21
-4.3498788188976381
0
LINE
8
BLACK
6
CONTINUOUS
10
4.8431859055118105
20
-4.3498788188976381
11
4.8467858661417322
21
-4.3451315748031494
0
LINE
8
BLACK
6
CONTINUOUS
10
4.8467858661417322
20
-4.3451315748031494
11
4.8489715354330709
21
-4.3395891338582677
0
LINE
8
BLACK
6
CONTINUOUS
10
4.8489715354330709
20
-4.3395891338582677
11
4.8493897637795271
21
-4.3361063779527562
0
LINE
8
BLACK
6
CONTINUOUS
10
4.8493897637795271
20
-4.3361063779527562
11
4.8493897637795271
21
-4.3354035433070868
0
LINE
8
BLACK
6
CONTINUOUS
10
4.8493897637795271
20
-4.3354035433070868
11
4.8501772440944881
21
-4.3327216141732281
0
LINE
8
BLACK
6
CONTINUOUS
10
4.8501772440944881
20
-4.3327216141732281
11
4.85228968503937
21
-4.3308911811023618
0
LINE
8
BLACK
6
CONTINUOUS
10
4.85228968503937
20
-4.3308911811023618
11
4.8543503937007877
21
-4.3304429133858271
0
LINE
8
BLACK
6
CONTINUOUS
10
4.8543503937007877
20
-4.3304429133858271
11
4.8681440157480314
21
-4.3304429133858271
0
LINE
8
BLACK
6
CONTINUOUS
10
4.8681440157480314
20
-4.3304429133858271
11
4.8866676377952754
21
-4.3304429133858271
0
LINE
8
BLACK
6
CONTINUOUS
10
4.8866676377952754
20
-4.3304429133858271
11
4.9014980708661415
21
-4.3304429133858271
0
LINE
8
BLACK
6
CONTINUOUS
10
4.9014980708661415
20
-4.3304429133858271
11
4.9041800000000002
21
-4.3312303937007872
0
LINE
8
BLACK
6
CONTINUOUS
10
4.9041800000000002
20
-4.3312303937007872
11
4.9044437795275586
21
-4.331412244094488
0
LINE
8
BLACK
6
CONTINUOUS
10
4.9044437795275586
20
-4.331412244094488
11
4.9059198031496063
21
-4.3325016141732284
0
LINE
8
BLACK
6
CONTINUOUS
10
4.9059198031496063
20
-4.3325016141732284
11
4.9059200000000001
21
-4.3325016929133859
0
LINE
8
BLACK
6
CONTINUOUS
10
4.9059200000000001
20
-4.3325016929133859
11
4.9109665748031492
21
-4.3342675590551183
0
LINE
8
BLACK
6
CONTINUOUS
10
4.9109665748031492
20
-4.3342675590551183
11
4.9121647244094486
21
-4.3343799212598428
0
LINE
8
BLACK
6
CONTINUOUS
10
4.9121647244094486
20
-4.3343799212598428
11
4.9121648031496061
21
-4.3343799212598428
0
LINE
8
BLACK
6
CONTINUOUS
10
4.9121648031496061
20
-4.3343799212598428
11
4.956791889763779
21
-4.3343799212598428
0
LINE
8
BLACK
6
CONTINUOUS
10
4.956791889763779
20
-4.3343799212598428
11
4.9567919685039366
21
-4.3343799212598428
0
LINE
8
BLACK
6
CONTINUOUS
10
4.9567919685039366
20
-4.3343799212598428
11
4.9579901181102359
21
-4.3342675590551183
0
LINE
8
BLACK
6
CONTINUOUS
10
4.9579901181102359
20
-4.3342675590551183
11
4.963036692913386
21
-4.3325016929133859
0
LINE
8
BLACK
6
CONTINUOUS
10
4.963036692913386
20
-4.3325016929133859
11
4.9637524409448819
21
-4.3319734645669294
0
LINE
8
BLACK
6
CONTINUOUS
10
4.9637524409448819
20
-4.3319734645669294
11
4.967338582677165
21
-4.3293267716535428
0
LINE
8
BLACK
6
CONTINUOUS
10
4.967338582677165
20
-4.3293267716535428
11
4.9705134251968506
21
-4.3250250000000001
0
LINE
8
BLACK
6
CONTINUOUS
10
4.9705134251968506
20
-4.3250250000000001
11
4.9705135039370081
21
-4.3250248425196851
0
LINE
8
BLACK
6
CONTINUOUS
10
4.9705135039370081
20
-4.3250248425196851
11
4.9705881496062991
21
-4.3248115748031495
0
LINE
8
BLACK
6
CONTINUOUS
10
4.9705881496062991
20
-4.3248115748031495
11
4.9722793700787404
21
-4.3199783070866138
0
LINE
8
BLACK
6
CONTINUOUS
10
4.9722793700787404
20
-4.3199783070866138
11
4.9723917322834641
21
-4.3187801574803153
0
LINE
8
BLACK
6
CONTINUOUS
10
4.9723917322834641
20
-4.3187801574803153
11
4.9723917322834641
21
-4.3026962204724413
0
LINE
8
BLACK
6
CONTINUOUS
10
4.9723917322834641
20
-4.3026962204724413
11
4.9722793700787404
21
-4.3014980708661419
0
LINE
8
BLACK
6
CONTINUOUS
10
4.9722793700787404
20
-4.3014980708661419
11
4.9705135039370081
21
-4.2964514960629918
0
LINE
8
BLACK
6
CONTINUOUS
10
4.9705135039370081
20
-4.2964514960629918
11
4.9705134251968506
21
-4.2964513385826768
0
LINE
8
BLACK
6
CONTINUOUS
10
4.9705134251968506
20
-4.2964513385826768
11
4.967338582677165
21
-4.2921495669291341
0
LINE
8
BLACK
6
CONTINUOUS
10
4.967338582677165
20
-4.2921495669291341
11
4.9630368110236223
21
-4.2889747244094485
0
LINE
8
BLACK
6
CONTINUOUS
10
4.9630368110236223
20
-4.2889747244094485
11
4.9630366535433073
21
-4.288974645669291
0
LINE
8
BLACK
6
CONTINUOUS
10
4.9630366535433073
20
-4.288974645669291
11
4.9579903149606297
21
-4.2872088582677161
0
LINE
8
BLACK
6
CONTINUOUS
10
4.9579903149606297
20
-4.2872088582677161
11
4.9579901574803147
21
-4.2872088188976374
0
LINE
8
BLACK
6
CONTINUOUS
10
4.9579901574803147
20
-4.2872088188976374
11
4.9567919685039366
21
-4.2870964566929137
0
LINE
8
BLACK
6
CONTINUOUS
10
4.9567919685039366
20
-4.2870964566929137
11
4.9121647244094486
21
-4.2870964566929137
0
LINE
8
BLACK
6
CONTINUOUS
10
4.9121647244094486
20
-4.2870964566929137
11
4.9121646850393699
21
-4.2870964566929137
0
LINE
8
BLACK
6
CONTINUOUS
10
4.9121646850393699
20
-4.2870964566929137
11
4.9109664960629917
21
-4.2872088188976374
0
LINE
8
BLACK
6
CONTINUOUS
10
4.9109664960629917
20
-4.2872088188976374
11
4.9109663385826767
21
-4.2872088582677161
0
LINE
8
BLACK
6
CONTINUOUS
10
4.9109663385826767
20
-4.2872088582677161
11
4.9059200000000001
21
-4.288974645669291
0
LINE
8
BLACK
6
CONTINUOUS
10
4.9059200000000001
20
-4.288974645669291
11
4.9059198031496063
21
-4.2889747244094485
0
LINE
8
BLACK
6
CONTINUOUS
10
4.9059198031496063
20
-4.2889747244094485
11
4.9044437795275586
21
-4.2900641338582677
0
LINE
8
BLACK
6
CONTINUOUS
10
4.9044437795275586
20
-4.2900641338582677
11
4.9018183070866144
21
-4.2910231102362202
0
LINE
8
BLACK
6
CONTINUOUS
10
4.9018183070866144
20
-4.2910231102362202
11
4.9014980708661415
21
-4.2910334645669295
0
LINE
8
BLACK
6
CONTINUOUS
10
4.9014980708661415
20
-4.2910334645669295
11
4.8597419685039371
21
-4.2910334645669295
0
LINE
8
BLACK
6
CONTINUOUS
10
4.8597419685039371
20
-4.2910334645669295
11
4.8570600393700785
21
-4.2902459842519685
0
LINE
8
BLACK
6
CONTINUOUS
10
4.8570600393700785
20
-4.2902459842519685
11
4.8552296062992122
21
-4.2881335433070866
0
LINE
8
BLACK
6
CONTINUOUS
10
4.8552296062992122
20
-4.2881335433070866
11
4.8548318110236224
21
-4.285366850393701
0
LINE
8
BLACK
6
CONTINUOUS
10
4.8548318110236224
20
-4.285366850393701
11
4.8559929921259846
21
-4.2828243307086611
0
LINE
8
BLACK
6
CONTINUOUS
10
4.8559929921259846
20
-4.2828243307086611
11
4.8579220472440943
21
-4.2814580708661421
0
LINE
8
BLACK
6
CONTINUOUS
10
4.8579220472440943
20
-4.2814580708661421
11
4.8584386614173232
21
-4.2812543700787398
0
LINE
8
BLACK
6
CONTINUOUS
10
4.8584386614173232
20
-4.2812543700787398
11
4.863185905511811
21
-4.2776544094488189
0
LINE
8
BLACK
6
CONTINUOUS
10
4.863185905511811
20
-4.2776544094488189
11
4.8667858661417318
21
-4.2729071653543302
0
LINE
8
BLACK
6
CONTINUOUS
10
4.8667858661417318
20
-4.2729071653543302
11
4.8689715354330705
21
-4.2673647244094486
0
LINE
8
BLACK
6
CONTINUOUS
10
4.8689715354330705
20
-4.2673647244094486
11
4.8693897637795276
21
-4.2638819685039371
0
LINE
8
BLACK
6
CONTINUOUS
10
4.8693897637795276
20
-4.2638819685039371
11
4.8693897637795276
21
-4.2405716535433067
0
LINE
8
BLACK
6
CONTINUOUS
10
4.8693897637795276
20
-4.2405716535433067
11
4.8694917716535429
21
-4.2402241732283468
0
LINE
8
BLACK
6
CONTINUOUS
10
4.8694917716535429
20
-4.2402241732283468
11
4.8694402362204725
21
-4.2398656692913388
0
LINE
8
BLACK
6
CONTINUOUS
10
4.8694402362204725
20
-4.2398656692913388
11
4.8698794094488189
21
-4.2389040157480311
0
LINE
8
BLACK
6
CONTINUOUS
10
4.8698794094488189
20
-4.2389040157480311
11
4.8701772440944877
21
-4.2378897244094489
0
LINE
8
BLACK
6
CONTINUOUS
10
4.8701772440944877
20
-4.2378897244094489
11
4.8704509842519688
21
-4.2376525196850396
0
LINE
8
BLACK
6
CONTINUOUS
10
4.8704509842519688
20
-4.2376525196850396
11
4.8706014173228347
21
-4.2373231496062989
0
LINE
8
BLACK
6
CONTINUOUS
10
4.8706014173228347
20
-4.2373231496062989
11
4.8714905905511809
21
-4.2367516929133862
0
LINE
8
BLACK
6
CONTINUOUS
10
4.8714905905511809
20
-4.2367516929133862
11
4.8722896850393695
21
-4.2360592913385826
0
LINE
8
BLACK
6
CONTINUOUS
10
4.8722896850393695
20
-4.2360592913385826
11
4.8727103937007872
21
-4.235967755905512
0
LINE
8
BLACK
6
CONTINUOUS
10
4.8727103937007872
20
-4.235967755905512
11
4.8729528346456688
21
-4.2358119685039366
0
LINE
8
BLACK
6
CONTINUOUS
10
4.8729528346456688
20
-4.2358119685039366
11
4.8743503937007873
21
-4.235611023622047
0
LINE
8
BLACK
6
CONTINUOUS
10
4.8743503937007873
20
-4.235611023622047
11
4.8756896062992121
21
-4.235611023622047
0
LINE
8
BLACK
6
CONTINUOUS
10
4.8756896062992121
20
-4.235611023622047
11
4.8783715354330708
21
-4.236398503937008
0
LINE
8
BLACK
6
CONTINUOUS
10
4.8783715354330708
20
-4.236398503937008
11
4.8791972834645669
21
-4.2370639763779527
0
LINE
8
BLACK
6
CONTINUOUS
10
4.8791972834645669
20
-4.2370639763779527
11
4.8901673228346452
21
-4.248034015748031
0
LINE
8
BLACK
6
CONTINUOUS
10
4.8901673228346452
20
-4.248034015748031
11
4.8938360629921256
21
-4.2517027559055114
0
LINE
8
BLACK
6
CONTINUOUS
10
4.8938360629921256
20
-4.2517027559055114
11
4.898329291338583
21
-4.2542969291338579
0
LINE
8
BLACK
6
CONTINUOUS
10
4.898329291338583
20
-4.2542969291338579
11
4.9021038976377955
21
-4.2553083070866142
0
LINE
8
BLACK
6
CONTINUOUS
10
4.9021038976377955
20
-4.2553083070866142
11
4.9037655905511812
21
-4.2561085039370079
0
LINE
8
BLACK
6
CONTINUOUS
10
4.9037655905511812
20
-4.2561085039370079
11
4.9059200000000001
21
-4.2576985433070869
0
LINE
8
BLACK
6
CONTINUOUS
10
4.9059200000000001
20
-4.2576985433070869
11
4.9059201181102363
21
-4.2576985826771656
0
LINE
8
BLACK
6
CONTINUOUS
10
4.9059201181102363
20
-4.2576985826771656
11
4.9059201968503938
21
-4.2576986220472444
0
LINE
8
BLACK
6
CONTINUOUS
10
4.9059201968503938
20
-4.2576986220472444
11
4.9108096062992121
21
-4.2594094881889761
0
LINE
8
BLACK
6
CONTINUOUS
10
4.9108096062992121
20
-4.2594094881889761
11
4.9109665748031492
21
-4.2594644094488192
0
LINE
8
BLACK
6
CONTINUOUS
10
4.9109665748031492
20
-4.2594644094488192
11
4.9121647244094486
21
-4.2595767716535429
0
LINE
8
BLACK
6
CONTINUOUS
10
4.9121647244094486
20
-4.2595767716535429
11
4.9121648031496061
21
-4.2595767716535429
0
LINE
8
BLACK
6
CONTINUOUS
10
4.9121648031496061
20
-4.2595767716535429
11
4.956791889763779
21
-4.2595767716535429
0
LINE
8
BLACK
6
CONTINUOUS
10
4.956791889763779
20
-4.2595767716535429
11
4.9567919685039366
21
-4.2595767716535429
0
LINE
8
BLACK
6
CONTINUOUS
10
4.9567919685039366
20
-4.2595767716535429
11
4.9579901181102359
21
-4.2594644094488192
0
LINE
8
BLACK
6
CONTINUOUS
10
4.9579901181102359
20
-4.2594644094488192
11
4.963036692913386
21
-4.2576985433070869
0
LINE
8
BLACK
6
CONTINUOUS
10
4.963036692913386
20
-4.2576985433070869
11
4.967338582677165
21
-4.2545236220472438
0
LINE
8
BLACK
6
CONTINUOUS
10
4.967338582677165
20
-4.2545236220472438
11
4.9683427559055113
21
-4.2531630314960625
0
LINE
8
BLACK
6
CONTINUOUS
10
4.9683427559055113
20
-4.2531630314960625
11
4.9705134251968506
21
-4.250221850393701
0
LINE
8
BLACK
6
CONTINUOUS
10
4.9705134251968506
20
-4.250221850393701
11
4.9705135039370081
21
-4.250221692913386
0
LINE
8
BLACK
6
CONTINUOUS
10
4.9705135039370081
20
-4.250221692913386
11
4.9707348818897641
21
-4.2495890944881891
0
LINE
8
BLACK
6
CONTINUOUS
10
4.9707348818897641
20
-4.2495890944881891
11
4.9722793700787404
21
-4.2451751574803147
0
LINE
8
BLACK
6
CONTINUOUS
10
4.9722793700787404
20
-4.2451751574803147
11
4.9723917322834641
21
-4.2439770078740153
0
LINE
8
BLACK
6
CONTINUOUS
10
4.9723917322834641
20
-4.2439770078740153
11
4.9723917322834641
21
-4.2278930708661413
0
LINE
8
BLACK
6
CONTINUOUS
10
4.9723917322834641
20
-4.2278930708661413
11
4.9722793700787404
21
-4.2266949212598428
0
LINE
8
BLACK
6
CONTINUOUS
10
4.9722793700787404
20
-4.2266949212598428
11
4.972065118110236
21
-4.2260826771653539
0
LINE
8
BLACK
6
CONTINUOUS
10
4.972065118110236
20
-4.2260826771653539
11
4.9705135039370081
21
-4.2216483464566927
0
LINE
8
BLACK
6
CONTINUOUS
10
4.9705135039370081
20
-4.2216483464566927
11
4.9705134251968506
21
-4.2216481889763777
0
LINE
8
BLACK
6
CONTINUOUS
10
4.9705134251968506
20
-4.2216481889763777
11
4.967338582677165
21
-4.2173464173228341
0
LINE
8
BLACK
6
CONTINUOUS
10
4.967338582677165
20
-4.2173464173228341
11
4.9630368110236223
21
-4.2141715748031494
0
LINE
8
BLACK
6
CONTINUOUS
10
4.9630368110236223
20
-4.2141715748031494
11
4.9630366535433073
21
-4.2141714960629919
0
LINE
8
BLACK
6
CONTINUOUS
10
4.9630366535433073
20
-4.2141714960629919
11
4.9579903149606297
21
-4.2124057086614171
0
LINE
8
BLACK
6
CONTINUOUS
10
4.9579903149606297
20
-4.2124057086614171
11
4.9579901574803147
21
-4.2124056692913383
0
LINE
8
BLACK
6
CONTINUOUS
10
4.9579901574803147
20
-4.2124056692913383
11
4.9567919685039366
21
-4.2122933070866138
0
LINE
8
BLACK
6
CONTINUOUS
10
4.9567919685039366
20
-4.2122933070866138
11
4.9122147244094485
21
-4.2122933070866138
0
LINE
8
BLACK
6
CONTINUOUS
10
4.9122147244094485
20
-4.2122933070866138
11
4.9095327952755907
21
-4.2115058267716536
0
LINE
8
BLACK
6
CONTINUOUS
10
4.9095327952755907
20
-4.2115058267716536
11
4.9087072047244096
21
-4.2108405118110239
0
LINE
8
BLACK
6
CONTINUOUS
10
4.9087072047244096
20
-4.2108405118110239
11
4.8980052755905508
21
-4.2001385826771651
0
LINE
8
BLACK
6
CONTINUOUS
10
4.8980052755905508
20
-4.2001385826771651
11
4.8980051968503933
21
-4.2001385433070864
0
LINE
8
BLACK
6
CONTINUOUS
10
4.8980051968503933
20
-4.2001385433070864
11
4.8980051181102358
21
-4.2001384645669289
0
LINE
8
BLACK
6
CONTINUOUS
10
4.8980051181102358
20
-4.2001384645669289
11
4.8935122047244093
21
-4.1975444881889761
0
LINE
8
BLACK
6
CONTINUOUS
10
4.8935122047244093
20
-4.1975444881889761
11
4.893512086614173
21
-4.1975444488188973
0
LINE
8
BLACK
6
CONTINUOUS
10
4.893512086614173
20
-4.1975444488188973
11
4.8935120472440943
21
-4.1975444094488186
0
LINE
8
BLACK
6
CONTINUOUS
10
4.8935120472440943
20
-4.1975444094488186
11
4.8935119685039368
21
-4.1975443700787398
0
LINE
8
BLACK
6
CONTINUOUS
10
4.8935119685039368
20
-4.1975443700787398
11
4.893511929133858
21
-4.1975443700787398
0
LINE
8
BLACK
6
CONTINUOUS
10
4.893511929133858
20
-4.1975443700787398
11
4.8921690157480313
21
-4.1971845275590551
0
LINE
8
BLACK
6
CONTINUOUS
10
4.8921690157480313
20
-4.1971845275590551
11
4.8885004724409447
21
-4.1962015748031494
0
LINE
8
BLACK
6
CONTINUOUS
10
4.8885004724409447
20
-4.1962015748031494
11
4.8885003937007871
21
-4.1962015748031494
0
LINE
8
BLACK
6
CONTINUOUS
10
4.8885003937007871
20
-4.1962015748031494
11
4.8743503937007873
21
-4.1962015748031494
0
LINE
8
BLACK
6
CONTINUOUS
10
4.8743503937007873
20
-4.1962015748031494
11
4.8716684645669286
21
-4.1954140944881892
0
LINE
8
BLACK
6
CONTINUOUS
10
4.8716684645669286
20
-4.1954140944881892
11
4.8698380314960632
21
-4.1933016535433074
0
LINE
8
BLACK
6
CONTINUOUS
10
4.8698380314960632
20
-4.1933016535433074
11
4.8693897637795276
21
-4.1912409448818897
0
LINE
8
BLACK
6
CONTINUOUS
10
4.8693897637795276
20
-4.1912409448818897
11
4.8693897637795276
21
-4.1780019685039367
0
LINE
8
BLACK
6
CONTINUOUS
10
4.8693897637795276
20
-4.1780019685039367
11
4.8701772440944877
21
-4.1753200393700789
0
LINE
8
BLACK
6
CONTINUOUS
10
4.8701772440944877
20
-4.1753200393700789
11
4.8722896850393695
21
-4.1734896062992126
0
LINE
8
BLACK
6
CONTINUOUS
10
4.8722896850393695
20
-4.1734896062992126
11
4.8743503937007873
21
-4.173041338582677
0
LINE
8
BLACK
6
CONTINUOUS
10
4.8743503937007873
20
-4.173041338582677
11
4.9271122047244091
21
-4.173041338582677
0
LINE
8
BLACK
6
CONTINUOUS
10
4.9271122047244091
20
-4.173041338582677
11
4.9297941338582678
21
-4.173828818897638
0
LINE
8
BLACK
6
CONTINUOUS
10
4.9297941338582678
20
-4.173828818897638
11
4.9316245669291341
21
-4.1759412598425198
0
LINE
8
BLACK
6
CONTINUOUS
10
4.9316245669291341
20
-4.1759412598425198
11
4.9317269685039369
21
-4.1761821259842522
0
LINE
8
BLACK
6
CONTINUOUS
10
4.9317269685039369
20
-4.1761821259842522
11
4.9339325984251969
21
-4.1817752362204725
0
LINE
8
BLACK
6
CONTINUOUS
10
4.9339325984251969
20
-4.1817752362204725
11
4.9339327165354332
21
-4.1817753937007875
0
LINE
8
BLACK
6
CONTINUOUS
10
4.9339327165354332
20
-4.1817753937007875
11
4.9375325590551178
21
-4.1865225196850391
0
LINE
8
BLACK
6
CONTINUOUS
10
4.9375325590551178
20
-4.1865225196850391
11
4.9422796850393702
21
-4.1901223622047246
0
LINE
8
BLACK
6
CONTINUOUS
10
4.9422796850393702
20
-4.1901223622047246
11
4.9422798425196852
21
-4.1901224803149608
0
LINE
8
BLACK
6
CONTINUOUS
10
4.9422798425196852
20
-4.1901224803149608
11
4.9478222440944881
21
-4.1923081496062995
0
LINE
8
BLACK
6
CONTINUOUS
10
4.9478222440944881
20
-4.1923081496062995
11
4.9478222047244094
21
-4.1923081496062995
0
LINE
8
BLACK
6
CONTINUOUS
10
4.9478222047244094
20
-4.1923081496062995
11
4.9489229921259845
21
-4.1924403149606295
0
LINE
8
BLACK
6
CONTINUOUS
10
4.9489229921259845
20
-4.1924403149606295
11
4.9513050393700784
21
-4.1927263779527557
0
LINE
8
BLACK
6
CONTINUOUS
10
4.9513050393700784
20
-4.1927263779527557
11
4.9728049606299214
21
-4.1927263779527557
0
LINE
8
BLACK
6
CONTINUOUS
10
4.9728049606299214
20
-4.1927263779527557
11
4.9754868897637792
21
-4.1935138582677167
0
LINE
8
BLACK
6
CONTINUOUS
10
4.9754868897637792
20
-4.1935138582677167
11
4.9763126377952753
21
-4.1941793307086614
0
LINE
8
BLACK
6
CONTINUOUS
10
4.9763126377952753
20
-4.1941793307086614
11
4.9918814960629918
21
-4.2097481889763779
0
LINE
8
BLACK
6
CONTINUOUS
10
4.9918814960629918
20
-4.2097481889763779
11
4.9932211023622042
21
-4.2122014173228344
0
LINE
8
BLACK
6
CONTINUOUS
10
4.9932211023622042
20
-4.2122014173228344
11
4.9930216929133859
21
-4.2149894094488189
0
LINE
8
BLACK
6
CONTINUOUS
10
4.9930216929133859
20
-4.2149894094488189
11
4.9913466141732279
21
-4.2172270472440943
0
LINE
8
BLACK
6
CONTINUOUS
10
4.9913466141732279
20
-4.2172270472440943
11
4.9913196062992125
21
-4.2172471259842519
0
LINE
8
BLACK
6
CONTINUOUS
10
4.9913196062992125
20
-4.2172471259842519
11
4.9911849999999998
21
-4.2173464566929129
0
LINE
8
BLACK
6
CONTINUOUS
10
4.9911849999999998
20
-4.2173464566929129
11
4.9880101574803151
21
-4.2216481889763777
0
LINE
8
BLACK
6
CONTINUOUS
10
4.9880101574803151
20
-4.2216481889763777
11
4.9880100787401576
21
-4.2216483464566927
0
LINE
8
BLACK
6
CONTINUOUS
10
4.9880100787401576
20
-4.2216483464566927
11
4.9862442913385827
21
-4.2266946850393703
0
LINE
8
BLACK
6
CONTINUOUS
10
4.9862442913385827
20
-4.2266946850393703
11
4.986244251968504
21
-4.2266948425196853
0
LINE
8
BLACK
6
CONTINUOUS
10
4.986244251968504
20
-4.2266948425196853
11
4.9861318897637794
21
-4.2278930314960625
0
LINE
8
BLACK
6
CONTINUOUS
10
4.9861318897637794
20
-4.2278930314960625
11
4.9861318897637794
21
-4.2439770078740153
0
LINE
8
BLACK
6
CONTINUOUS
10
4.9861318897637794
20
-4.2439770078740153
11
4.986244251968504
21
-4.2451751968503935
0
LINE
8
BLACK
6
CONTINUOUS
10
4.986244251968504
20
-4.2451751968503935
11
4.9862442913385827
21
-4.2451753543307085
0
LINE
8
BLACK
6
CONTINUOUS
10
4.9862442913385827
20
-4.2451753543307085
11
4.9880100787401576
21
-4.250221692913386
0
LINE
8
BLACK
6
CONTINUOUS
10
4.9880100787401576
20
-4.250221692913386
11
4.9890938188976373
21
-4.2516901181102362
0
LINE
8
BLACK
6
CONTINUOUS
10
4.9890938188976373
20
-4.2516901181102362
11
4.9900527559055119
21
-4.2543156299212601
0
LINE
8
BLACK
6
CONTINUOUS
10
4.9900527559055119
20
-4.2543156299212601
11
4.9894400393700788
21
-4.2570427559055117
0
LINE
8
BLACK
6
CONTINUOUS
10
4.9894400393700788
20
-4.2570427559055117
11
4.9890938188976373
21
-4.2575815354330704
0
LINE
8
BLACK
6
CONTINUOUS
10
4.9890938188976373
20
-4.2575815354330704
11
4.9880100787401576
21
-4.2590499212598427
0
LINE
8
BLACK
6
CONTINUOUS
10
4.9880100787401576
20
-4.2590499212598427
11
4.9862442913385827
21
-4.2640962598425194
0
LINE
8
BLACK
6
CONTINUOUS
10
4.9862442913385827
20
-4.2640962598425194
11
4.986244251968504
21
-4.2640964173228344
0
LINE
8
BLACK
6
CONTINUOUS
10
4.986244251968504
20
-4.2640964173228344
11
4.9861318897637794
21
-4.2652946062992125
0
LINE
8
BLACK
6
CONTINUOUS
10
4.9861318897637794
20
-4.2652946062992125
11
4.9861318897637794
21
-4.2813785826771653
0
LINE
8
BLACK
6
CONTINUOUS
10
4.9861318897637794
20
-4.2813785826771653
11
4.986244251968504
21
-4.2825767716535434
0
LINE
8
BLACK
6
CONTINUOUS
10
4.986244251968504
20
-4.2825767716535434
11
4.9862442913385827
21
-4.2825769291338585
0
LINE
8
BLACK
6
CONTINUOUS
10
4.9862442913385827
20
-4.2825769291338585
11
4.9880100787401576
21
-4.2876232677165351
0
LINE
8
BLACK
6
CONTINUOUS
10
4.9880100787401576
20
-4.2876232677165351
11
4.9890938188976373
21
-4.2890916929133853
0
LINE
8
BLACK
6
CONTINUOUS
10
4.9890938188976373
20
-4.2890916929133853
11
4.9900527559055119
21
-4.2917172047244092
0
LINE
8
BLACK
6
CONTINUOUS
10
4.9900527559055119
20
-4.2917172047244092
11
4.9894400393700788
21
-4.2944443307086617
0
LINE
8
BLACK
6
CONTINUOUS
10
4.9894400393700788
20
-4.2944443307086617
11
4.9890938188976373
21
-4.2949831102362204
0
LINE
8
BLACK
6
CONTINUOUS
10
4.9890938188976373
20
-4.2949831102362204
11
4.9880100787401576
21
-4.2964514960629918
0
LINE
8
BLACK
6
CONTINUOUS
10
4.9880100787401576
20
-4.2964514960629918
11
4.9862442913385827
21
-4.3014978346456694
0
LINE
8
BLACK
6
CONTINUOUS
10
4.9862442913385827
20
-4.3014978346456694
11
4.986244251968504
21
-4.3014979921259844
0
LINE
8
BLACK
6
CONTINUOUS
10
4.986244251968504
20
-4.3014979921259844
11
4.9861318897637794
21
-4.3026961811023625
0
LINE
8
BLACK
6
CONTINUOUS
10
4.9861318897637794
20
-4.3026961811023625
11
4.9861318897637794
21
-4.3187801574803153
0
LINE
8
BLACK
6
CONTINUOUS
10
4.9861318897637794
20
-4.3187801574803153
11
4.986244251968504
21
-4.3199783464566925
0
LINE
8
BLACK
6
CONTINUOUS
10
4.986244251968504
20
-4.3199783464566925
11
4.9862442913385827
21
-4.3199785039370076
0
LINE
8
BLACK
6
CONTINUOUS
10
4.9862442913385827
20
-4.3199785039370076
11
4.9880100787401576
21
-4.3250248425196851
0
LINE
8
BLACK
6
CONTINUOUS
10
4.9880100787401576
20
-4.3250248425196851
11
4.9880101574803151
21
-4.3250250000000001
0
LINE
8
BLACK
6
CONTINUOUS
10
4.9880101574803151
20
-4.3250250000000001
11
4.9911849999999998
21
-4.3293267716535428
0
LINE
8
BLACK
6
CONTINUOUS
10
4.9911849999999998
20
-4.3293267716535428
11
4.9954867716535434
21
-4.3325016141732284
0
LINE
8
BLACK
6
CONTINUOUS
10
4.9954867716535434
20
-4.3325016141732284
11
4.9954869291338584
21
-4.3325016929133859
0
LINE
8
BLACK
6
CONTINUOUS
10
4.9954869291338584
20
-4.3325016929133859
11
5.0005335039370076
21
-4.3342675590551183
0
LINE
8
BLACK
6
CONTINUOUS
10
5.0005335039370076
20
-4.3342675590551183
11
5.001731653543307
21
-4.3343799212598428
0
LINE
8
BLACK
6
CONTINUOUS
10
5.001731653543307
20
-4.3343799212598428
11
5.0017317322834645
21
-4.3343799212598428
0
LINE
8
BLACK
6
CONTINUOUS
10
5.0017317322834645
20
-4.3343799212598428
11
5.0463588188976374
21
-4.3343799212598428
0
LINE
8
BLACK
6
CONTINUOUS
10
5.0463588188976374
20
-4.3343799212598428
11
5.0463588976377949
21
-4.3343799212598428
0
LINE
8
BLACK
6
CONTINUOUS
10
5.0463588976377949
20
-4.3343799212598428
11
5.0475570472440943
21
-4.3342675590551183
0
LINE
8
BLACK
6
CONTINUOUS
10
5.0475570472440943
20
-4.3342675590551183
11
5.0526036220472443
21
-4.3325016929133859
0
LINE
8
BLACK
6
CONTINUOUS
10
5.0526036220472443
20
-4.3325016929133859
11
5.0526036614173231
21
-4.3325016535433072
0
LINE
8
BLACK
6
CONTINUOUS
10
5.0526036614173231
20
-4.3325016535433072
11
5.0526037795275593
21
-4.3325016141732284
0
LINE
8
BLACK
6
CONTINUOUS
10
5.0526037795275593
20
-4.3325016141732284
11
5.0540798425196849
21
-4.331412244094488
0
LINE
8
BLACK
6
CONTINUOUS
10
5.0540798425196849
20
-4.331412244094488
11
5.05670531496063
21
-4.3304532677165355
0
LINE
8
BLACK
6
CONTINUOUS
10
5.05670531496063
20
-4.3304532677165355
11
5.057025551181102
21
-4.3304429133858271
0
LINE
8
BLACK
6
CONTINUOUS
10
5.057025551181102
20
-4.3304429133858271
11
5.1034730314960628
21
-4.3304429133858271
0
LINE
8
BLACK
6
CONTINUOUS
10
5.1034730314960628
20
-4.3304429133858271
11
5.1061549606299215
21
-4.3312303937007872
0
LINE
8
BLACK
6
CONTINUOUS
10
5.1061549606299215
20
-4.3312303937007872
11
5.106534527559055
21
-4.3315362992125985
0
LINE
8
BLACK
6
CONTINUOUS
10
5.106534527559055
20
-4.3315362992125985
11
5.1065437401574805
21
-4.331524212598425
0
LINE
8
BLACK
6
CONTINUOUS
10
5.1065437401574805
20
-4.331524212598425
11
5.1115611811023625
21
-4.3353290551181098
0
LINE
8
BLACK
6
CONTINUOUS
10
5.1115611811023625
20
-4.3353290551181098
11
5.1115613385826775
21
-4.3353291732283461
0
LINE
8
BLACK
6
CONTINUOUS
10
5.1115613385826775
20
-4.3353291732283461
11
5.1171037401574804
21
-4.3375148425196848
0
LINE
8
BLACK
6
CONTINUOUS
10
5.1171037401574804
20
-4.3375148425196848
11
5.1171037007874016
21
-4.3375148425196848
0
LINE
8
BLACK
6
CONTINUOUS
10
5.1171037007874016
20
-4.3375148425196848
11
5.1182044881889759
21
-4.3376470078740157
0
LINE
8
BLACK
6
CONTINUOUS
10
5.1182044881889759
20
-4.3376470078740157
11
5.1205865354330706
21
-4.3379330708661419
0
LINE
8
BLACK
6
CONTINUOUS
10
5.1205865354330706
20
-4.3379330708661419
11
5.1205866535433069
21
-4.3379330708661419
0
LINE
8
BLACK
6
CONTINUOUS
10
5.1205866535433069
20
-4.3379330708661419
11
5.1594133464566925
21
-4.3379330708661419
0
LINE
8
BLACK
6
CONTINUOUS
10
5.1594133464566925
20
-4.3379330708661419
11
5.1594134645669287
21
-4.3379330708661419
0
LINE
8
BLACK
6
CONTINUOUS
10
5.1594134645669287
20
-4.3379330708661419
11
5.1628962204724411
21
-4.3375148425196848
0
LINE
8
BLACK
6
CONTINUOUS
10
5.1628962204724411
20
-4.3375148425196848
11
5.1684386614173228
21
-4.3353291732283461
0
LINE
8
BLACK
6
CONTINUOUS
10
5.1684386614173228
20
-4.3353291732283461
11
5.1731859055118106
21
-4.3317292125984252
0
LINE
8
BLACK
6
CONTINUOUS
10
5.1731859055118106
20
-4.3317292125984252
11
5.1767858661417323
21
-4.3269819685039366
0
LINE
8
BLACK
6
CONTINUOUS
10
5.1767858661417323
20
-4.3269819685039366
11
5.1785581889763774
21
-4.3224875984251971
0
LINE
8
BLACK
6
CONTINUOUS
10
5.1785581889763774
20
-4.3224875984251971
11
5.1796651181102362
21
-4.3207999212598427
0
LINE
8
BLACK
6
CONTINUOUS
10
5.1796651181102362
20
-4.3207999212598427
11
5.2348980708661417
21
-4.265567007874016
0
LINE
8
BLACK
6
CONTINUOUS
10
5.2348980708661417
20
-4.265567007874016
11
5.2373512204724406
21
-4.264227519685039
0
LINE
8
BLACK
6
CONTINUOUS
10
5.2373512204724406
20
-4.264227519685039
11
5.2384056692913381
21
-4.2641141732283465
0
LINE
8
BLACK
6
CONTINUOUS
10
5.2384056692913381
20
-4.2641141732283465
11
5.2603975984251967
21
-4.2641141732283465
0
LINE
8
BLACK
6
CONTINUOUS
10
5.2603975984251967
20
-4.2641141732283465
11
5.260397716535433
21
-4.2641141732283465
0
LINE
8
BLACK
6
CONTINUOUS
10
5.260397716535433
20
-4.2641141732283465
11
5.2638804724409445
21
-4.2636959448818894
0
LINE
8
BLACK
6
CONTINUOUS
10
5.2638804724409445
20
-4.2636959448818894
11
5.269422913385827
21
-4.2615102755905507
0
LINE
8
BLACK
6
CONTINUOUS
10
5.269422913385827
20
-4.2615102755905507
11
5.2741701574803148
21
-4.2579103149606299
0
LINE
8
BLACK
6
CONTINUOUS
10
5.2741701574803148
20
-4.2579103149606299
11
5.2777701181102357
21
-4.2531630708661412
0
LINE
8
BLACK
6
CONTINUOUS
10
5.2777701181102357
20
-4.2531630708661412
11
5.2799557874015743
21
-4.2476206299212595
0
LINE
8
BLACK
6
CONTINUOUS
10
5.2799557874015743
20
-4.2476206299212595
11
5.2803740157480314
21
-4.244137874015748
0
LINE
8
BLACK
6
CONTINUOUS
10
5.2803740157480314
20
-4.244137874015748
11
5.2803740157480314
21
-4.2221457874015744
0
LINE
8
BLACK
6
CONTINUOUS
10
5.2803740157480314
20
-4.2221457874015744
11
5.2811614960629916
21
-4.2194638582677166
0
LINE
8
BLACK
6
CONTINUOUS
10
5.2811614960629916
20
-4.2194638582677166
11
5.2818269685039372
21
-4.2186381102362205
0
LINE
8
BLACK
6
CONTINUOUS
10
5.2818269685039372
20
-4.2186381102362205
11
5.2967089763779525
21
-4.2037561023622043
0
LINE
8
BLACK
6
CONTINUOUS
10
5.2967089763779525
20
-4.2037561023622043
11
5.2977864566929131
21
-4.2031677165354333
0
LINE
8
BLACK
6
CONTINUOUS
10
5.2977864566929131
20
-4.2031677165354333
11
5.2988190944881888
21
-4.2025040944881891
0
LINE
8
BLACK
6
CONTINUOUS
10
5.2988190944881888
20
-4.2025040944881891
11
5.2990670472440939
21
-4.2024684251968507
0
LINE
8
BLACK
6
CONTINUOUS
10
5.2990670472440939
20
-4.2024684251968507
11
5.2991622047244089
21
-4.2024164960629919
0
LINE
8
BLACK
6
CONTINUOUS
10
5.2991622047244089
20
-4.2024164960629919
11
5.3002166535433073
21
-4.2023031496062995
0
LINE
8
BLACK
6
CONTINUOUS
10
5.3002166535433073
20
-4.2023031496062995
11
5.3091138976377952
21
-4.2023031496062995
0
LINE
8
BLACK
6
CONTINUOUS
10
5.3091138976377952
20
-4.2023031496062995
11
5.3117958267716539
21
-4.2030906299212596
0
LINE
8
BLACK
6
CONTINUOUS
10
5.3117958267716539
20
-4.2030906299212596
11
5.3130665354330704
21
-4.2042663779527558
0
LINE
8
BLACK
6
CONTINUOUS
10
5.3130665354330704
20
-4.2042663779527558
11
5.3158298031496063
21
-4.2079103149606301
0
LINE
8
BLACK
6
CONTINUOUS
10
5.3158298031496063
20
-4.2079103149606301
11
5.3205769291338578
21
-4.2115101574803147
0
LINE
8
BLACK
6
CONTINUOUS
10
5.3205769291338578
20
-4.2115101574803147
11
5.3205770866141728
21
-4.2115102755905509
0
LINE
8
BLACK
6
CONTINUOUS
10
5.3205770866141728
20
-4.2115102755905509
11
5.3261194881889766
21
-4.2136959448818896
0
LINE
8
BLACK
6
CONTINUOUS
10
5.3261194881889766
20
-4.2136959448818896
11
5.3261194488188979
21
-4.2136959448818896
0
LINE
8
BLACK
6
CONTINUOUS
10
5.3261194488188979
20
-4.2136959448818896
11
5.3272202362204721
21
-4.2138281102362205
0
LINE
8
BLACK
6
CONTINUOUS
10
5.3272202362204721
20
-4.2138281102362205
11
5.3296022834645669
21
-4.2141141732283467
0
LINE
8
BLACK
6
CONTINUOUS
10
5.3296022834645669
20
-4.2141141732283467
11
5.3296024015748031
21
-4.2141141732283467
0
LINE
8
BLACK
6
CONTINUOUS
10
5.3296024015748031
20
-4.2141141732283467
11
5.370397598425197
21
-4.2141141732283467
0
LINE
8
BLACK
6
CONTINUOUS
10
5.370397598425197
20
-4.2141141732283467
11
5.3703977165354333
21
-4.2141141732283467
0
LINE
8
BLACK
6
CONTINUOUS
10
5.3703977165354333
20
-4.2141141732283467
11
5.3738804724409448
21
-4.2136959448818896
0
LINE
8
BLACK
6
CONTINUOUS
10
5.3738804724409448
20
-4.2136959448818896
11
5.3794229133858265
21
-4.2115102755905509
0
LINE
8
BLACK
6
CONTINUOUS
10
5.3794229133858265
20
-4.2115102755905509
11
5.3841701574803151
21
-4.2079103149606301
0
LINE
8
BLACK
6
CONTINUOUS
10
5.3841701574803151
20
-4.2079103149606301
11
5.3866266929133859
21
-4.2046709055118106
0
LINE
8
BLACK
6
CONTINUOUS
10
5.3866266929133859
20
-4.2046709055118106
11
5.3869334645669289
21
-4.2042663779527558
0
LINE
8
BLACK
6
CONTINUOUS
10
5.3869334645669289
20
-4.2042663779527558
11
5.3891814173228347
21
-4.2026052362204727
0
LINE
8
BLACK
6
CONTINUOUS
10
5.3891814173228347
20
-4.2026052362204727
11
5.390886102362205
21
-4.2023031496062995
0
LINE
8
BLACK
6
CONTINUOUS
10
5.390886102362205
20
-4.2023031496062995
11
5.726456535433071
21
-4.2023031496062995
0
LINE
8
BLACK
6
CONTINUOUS
10
5.726456535433071
20
-4.2023031496062995
11
5.7276342913385827
21
-4.2026489370078739
0
LINE
8
BLACK
6
CONTINUOUS
10
5.7276342913385827
20
-4.2026489370078739
11
5.728833897637795
21
-4.2029099212598426
0
LINE
8
BLACK
6
CONTINUOUS
10
5.728833897637795
20
-4.2029099212598426
11
5.7290344881889759
21
-4.2030600787401573
0
LINE
8
BLACK
6
CONTINUOUS
10
5.7290344881889759
20
-4.2030600787401573
11
5.7291384645669288
21
-4.2030906299212596
0
LINE
8
BLACK
6
CONTINUOUS
10
5.7291384645669288
20
-4.2030906299212596
11
5.7299642125984249
21
-4.2037561023622043
0
LINE
8
BLACK
6
CONTINUOUS
10
5.7299642125984249
20
-4.2037561023622043
11
5.7306139763779527
21
-4.2044058661417321
0
LINE
8
BLACK
6
CONTINUOUS
10
5.7306139763779527
20
-4.2044058661417321
11
5.731953582677165
21
-4.2068590944881885
0
LINE
8
BLACK
6
CONTINUOUS
10
5.731953582677165
20
-4.2068590944881885
11
5.7320669291338584
21
-4.2079135433070869
0
LINE
8
BLACK
6
CONTINUOUS
10
5.7320669291338584
20
-4.2079135433070869
11
5.7320669291338584
21
-4.2294135826771653
0
LINE
8
BLACK
6
CONTINUOUS
10
5.7320669291338584
20
-4.2294135826771653
11
5.7324851181102359
21
-4.2328962204724405
0
LINE
8
BLACK
6
CONTINUOUS
10
5.7324851181102359
20
-4.2328962204724405
11
5.7346707874015745
21
-4.2384386220472443
0
LINE
8
BLACK
6
CONTINUOUS
10
5.7346707874015745
20
-4.2384386220472443
11
5.7346709055118108
21
-4.2384387795275593
0
LINE
8
BLACK
6
CONTINUOUS
10
5.7346709055118108
20
-4.2384387795275593
11
5.7382707480314963
21
-4.2431859055118109
0
LINE
8
BLACK
6
CONTINUOUS
10
5.7382707480314963
20
-4.2431859055118109
11
5.7430178740157478
21
-4.2467857480314963
0
LINE
8
BLACK
6
CONTINUOUS
10
5.7430178740157478
20
-4.2467857480314963
11
5.7430180314960628
21
-4.2467858661417326
0
LINE
8
BLACK
6
CONTINUOUS
10
5.7430180314960628
20
-4.2467858661417326
11
5.7485604330708657
21
-4.2489715354330704
0
LINE
8
BLACK
6
CONTINUOUS
10
5.7485604330708657
20
-4.2489715354330704
11
5.748560393700787
21
-4.2489715354330704
0
LINE
8
BLACK
6
CONTINUOUS
10
5.748560393700787
20
-4.2489715354330704
11
5.7496611811023621
21
-4.2491037007874013
0
LINE
8
BLACK
6
CONTINUOUS
10
5.7496611811023621
20
-4.2491037007874013
11
5.7520432283464569
21
-4.2493897637795275
0
LINE
8
BLACK
6
CONTINUOUS
10
5.7520432283464569
20
-4.2493897637795275
11
5.7520433464566931
21
-4.2493897637795275
0
LINE
8
BLACK
6
CONTINUOUS
10
5.7520433464566931
20
-4.2493897637795275
11
5.7761062598425195
21
-4.2493897637795275
0
LINE
8
BLACK
6
CONTINUOUS
10
5.7761062598425195
20
-4.2493897637795275
11
5.7761063779527557
21
-4.2493897637795275
0
LINE
8
BLACK
6
CONTINUOUS
10
5.7761063779527557
20
-4.2493897637795275
11
5.7795891338582672
21
-4.2489715354330704
0
LINE
8
BLACK
6
CONTINUOUS
10
5.7795891338582672
20
-4.2489715354330704
11
5.7851315748031498
21
-4.2467858661417326
0
LINE
8
BLACK
6
CONTINUOUS
10
5.7851315748031498
20
-4.2467858661417326
11
5.7898788188976376
21
-4.2431859055118109
0
LINE
8
BLACK
6
CONTINUOUS
10
5.7898788188976376
20
-4.2431859055118109
11
5.7934787795275593
21
-4.2384386614173231
0
LINE
8
BLACK
6
CONTINUOUS
10
5.7934787795275593
20
-4.2384386614173231
11
5.7953852362204721
21
-4.2336042519685035
0
LINE
8
BLACK
6
CONTINUOUS
10
5.7953852362204721
20
-4.2336042519685035
11
5.7971016929133858
21
-4.2313982283464568
0
LINE
8
BLACK
6
CONTINUOUS
10
5.7971016929133858
20
-4.2313982283464568
11
5.7997383464566932
21
-4.2304703543307083
0
LINE
8
BLACK
6
CONTINUOUS
10
5.7997383464566932
20
-4.2304703543307083
11
5.802458070866142
21
-4.2311152755905512
0
LINE
8
BLACK
6
CONTINUOUS
10
5.802458070866142
20
-4.2311152755905512
11
5.8043973622047247
21
-4.2331282283464562
0
LINE
8
BLACK
6
CONTINUOUS
10
5.8043973622047247
20
-4.2331282283464562
11
5.8046147637795276
21
-4.2336042519685035
0
LINE
8
BLACK
6
CONTINUOUS
10
5.8046147637795276
20
-4.2336042519685035
11
5.8065211811023625
21
-4.2384386220472443
0
LINE
8
BLACK
6
CONTINUOUS
10
5.8065211811023625
20
-4.2384386220472443
11
5.8065212992125979
21
-4.2384387795275593
0
LINE
8
BLACK
6
CONTINUOUS
10
5.8065212992125979
20
-4.2384387795275593
11
5.8101211417322833
21
-4.2431859055118109
0
LINE
8
BLACK
6
CONTINUOUS
10
5.8101211417322833
20
-4.2431859055118109
11
5.8148682677165349
21
-4.2467857480314963
0
LINE
8
BLACK
6
CONTINUOUS
10
5.8148682677165349
20
-4.2467857480314963
11
5.8148684251968499
21
-4.2467858661417326
0
LINE
8
BLACK
6
CONTINUOUS
10
5.8148684251968499
20
-4.2467858661417326
11
5.8204108267716537
21
-4.2489715354330704
0
LINE
8
BLACK
6
CONTINUOUS
10
5.8204108267716537
20
-4.2489715354330704
11
5.8204107874015749
21
-4.2489715354330704
0
LINE
8
BLACK
6
CONTINUOUS
10
5.8204107874015749
20
-4.2489715354330704
11
5.8215115748031492
21
-4.2491037007874013
0
LINE
8
BLACK
6
CONTINUOUS
10
5.8215115748031492
20
-4.2491037007874013
11
5.8238936220472439
21
-4.2493897637795275
0
LINE
8
BLACK
6
CONTINUOUS
10
5.8238936220472439
20
-4.2493897637795275
11
5.8238937401574802
21
-4.2493897637795275
0
LINE
8
BLACK
6
CONTINUOUS
10
5.8238937401574802
20
-4.2493897637795275
11
5.8479566535433065
21
-4.2493897637795275
0
LINE
8
BLACK
6
CONTINUOUS
10
5.8479566535433065
20
-4.2493897637795275
11
5.8479567716535428
21
-4.2493897637795275
0
LINE
8
BLACK
6
CONTINUOUS
10
5.8479567716535428
20
-4.2493897637795275
11
5.8514395275590552
21
-4.2489715354330704
0
LINE
8
BLACK
6
CONTINUOUS
10
5.8514395275590552
20
-4.2489715354330704
11
5.8569819685039368
21
-4.2467858661417326
0
LINE
8
BLACK
6
CONTINUOUS
10
5.8569819685039368
20
-4.2467858661417326
11
5.8617292125984255
21
-4.2431859055118109
0
LINE
8
BLACK
6
CONTINUOUS
10
5.8617292125984255
20
-4.2431859055118109
11
5.8653291732283463
21
-4.2384386614173231
0
LINE
8
BLACK
6
CONTINUOUS
10
5.8653291732283463
20
-4.2384386614173231
11
5.8674904330708664
21
-4.2329581102362202
0
LINE
8
BLACK
6
CONTINUOUS
10
5.8674904330708664
20
-4.2329581102362202
11
5.8675348425196852
21
-4.2328455118110231
0
LINE
8
BLACK
6
CONTINUOUS
10
5.8675348425196852
20
-4.2328455118110231
11
5.869251299212598
21
-4.2306394881889764
0
LINE
8
BLACK
6
CONTINUOUS
10
5.869251299212598
20
-4.2306394881889764
11
5.8718879527559054
21
-4.2297116141732278
0
LINE
8
BLACK
6
CONTINUOUS
10
5.8718879527559054
20
-4.2297116141732278
11
5.8721496062992129
21
-4.2297047244094488
0
LINE
8
BLACK
6
CONTINUOUS
10
5.8721496062992129
20
-4.2297047244094488
11
5.9165279133858268
21
-4.2297047244094488
0
LINE
8
BLACK
6
CONTINUOUS
10
5.9165279133858268
20
-4.2297047244094488
11
5.9192098425196846
21
-4.2304922047244098
0
LINE
8
BLACK
6
CONTINUOUS
10
5.9192098425196846
20
-4.2304922047244098
11
5.9195252755905514
21
-4.2307126377952757
0
LINE
8
BLACK
6
CONTINUOUS
10
5.9195252755905514
20
-4.2307126377952757
11
5.9205770866141734
21
-4.2315102755905514
0
LINE
8
BLACK
6
CONTINUOUS
10
5.9205770866141734
20
-4.2315102755905514
11
5.9261194881889763
21
-4.23369594488189
0
LINE
8
BLACK
6
CONTINUOUS
10
5.9261194881889763
20
-4.23369594488189
11
5.9261194488188975
21
-4.23369594488189
0
LINE
8
BLACK
6
CONTINUOUS
10
5.9261194488188975
20
-4.23369594488189
11
5.9272202362204727
21
-4.2338281102362201
0
LINE
8
BLACK
6
CONTINUOUS
10
5.9272202362204727
20
-4.2338281102362201
11
5.9296022834645665
21
-4.2341141732283463
0
LINE
8
BLACK
6
CONTINUOUS
10
5.9296022834645665
20
-4.2341141732283463
11
5.9296024015748028
21
-4.2341141732283463
0
LINE
8
BLACK
6
CONTINUOUS
10
5.9296024015748028
20
-4.2341141732283463
11
5.9703975984251967
21
-4.2341141732283463
0
LINE
8
BLACK
6
CONTINUOUS
10
5.9703975984251967
20
-4.2341141732283463
11
5.9703977165354329
21
-4.2341141732283463
0
LINE
8
BLACK
6
CONTINUOUS
10
5.9703977165354329
20
-4.2341141732283463
11
5.9738804724409444
21
-4.23369594488189
0
LINE
8
BLACK
6
CONTINUOUS
10
5.9738804724409444
20
-4.23369594488189
11
5.979422913385827
21
-4.2315102755905514
0
LINE
8
BLACK
6
CONTINUOUS
10
5.979422913385827
20
-4.2315102755905514
11
5.9841701574803148
21
-4.2279103149606296
0
LINE
8
BLACK
6
CONTINUOUS
10
5.9841701574803148
20
-4.2279103149606296
11
5.9845711023622048
21
-4.2273815748031494
0
LINE
8
BLACK
6
CONTINUOUS
10
5.9845711023622048
20
-4.2273815748031494
11
5.9869334645669294
21
-4.2242663779527554
0
LINE
8
BLACK
6
CONTINUOUS
10
5.9869334645669294
20
-4.2242663779527554
11
5.9891814173228344
21
-4.2226052362204722
0
LINE
8
BLACK
6
CONTINUOUS
10
5.9891814173228344
20
-4.2226052362204722
11
5.9908861023622046
21
-4.222303149606299
0
LINE
8
BLACK
6
CONTINUOUS
10
5.9908861023622046
20
-4.222303149606299
11
6.0291138976377949
21
-4.222303149606299
0
LINE
8
BLACK
6
CONTINUOUS
10
6.0291138976377949
20
-4.222303149606299
11
6.0317958267716536
21
-4.2230906299212601
0
LINE
8
BLACK
6
CONTINUOUS
10
6.0317958267716536
20
-4.2230906299212601
11
6.033066535433071
21
-4.2242663779527554
0
LINE
8
BLACK
6
CONTINUOUS
10
6.033066535433071
20
-4.2242663779527554
11
6.035829803149606
21
-4.2279103149606296
0
LINE
8
BLACK
6
CONTINUOUS
10
6.035829803149606
20
-4.2279103149606296
11
6.0405769291338585
21
-4.2315101574803151
0
LINE
8
BLACK
6
CONTINUOUS
10
6.0405769291338585
20
-4.2315101574803151
11
6.0405770866141735
21
-4.2315102755905514
0
LINE
8
BLACK
6
CONTINUOUS
10
6.0405770866141735
20
-4.2315102755905514
11
6.0461194881889764
21
-4.23369594488189
0
LINE
8
BLACK
6
CONTINUOUS
10
6.0461194881889764
20
-4.23369594488189
11
6.0461194488188976
21
-4.23369594488189
0
LINE
8
BLACK
6
CONTINUOUS
10
6.0461194488188976
20
-4.23369594488189
11
6.0472202362204719
21
-4.2338281102362201
0
LINE
8
BLACK
6
CONTINUOUS
10
6.0472202362204719
20
-4.2338281102362201
11
6.0496022834645666
21
-4.2341141732283463
0
LINE
8
BLACK
6
CONTINUOUS
10
6.0496022834645666
20
-4.2341141732283463
11
6.0496024015748029
21
-4.2341141732283463
0
LINE
8
BLACK
6
CONTINUOUS
10
6.0496024015748029
20
-4.2341141732283463
11
6.0903975984251968
21
-4.2341141732283463
0
LINE
8
BLACK
6
CONTINUOUS
10
6.0903975984251968
20
-4.2341141732283463
11
6.090397716535433
21
-4.2341141732283463
0
LINE
8
BLACK
6
CONTINUOUS
10
6.090397716535433
20
-4.2341141732283463
11
6.0938804724409446
21
-4.23369594488189
0
LINE
8
BLACK
6
CONTINUOUS
10
6.0938804724409446
20
-4.23369594488189
11
6.0994229133858262
21
-4.2315102755905514
0
LINE
8
BLACK
6
CONTINUOUS
10
6.0994229133858262
20
-4.2315102755905514
11
6.1041701574803149
21
-4.2279103149606296
0
LINE
8
BLACK
6
CONTINUOUS
10
6.1041701574803149
20
-4.2279103149606296
11
6.1045711023622049
21
-4.2273815748031494
0
LINE
8
BLACK
6
CONTINUOUS
10
6.1045711023622049
20
-4.2273815748031494
11
6.1069334645669286
21
-4.2242663779527554
0
LINE
8
BLACK
6
CONTINUOUS
10
6.1069334645669286
20
-4.2242663779527554
11
6.1091814173228345
21
-4.2226052362204722
0
LINE
8
BLACK
6
CONTINUOUS
10
6.1091814173228345
20
-4.2226052362204722
11
6.1108861023622048
21
-4.222303149606299
0
LINE
8
BLACK
6
CONTINUOUS
10
6.1108861023622048
20
-4.222303149606299
11
6.149113897637795
21
-4.222303149606299
0
LINE
8
BLACK
6
CONTINUOUS
10
6.149113897637795
20
-4.222303149606299
11
6.1517958267716537
21
-4.2230906299212601
0
LINE
8
BLACK
6
CONTINUOUS
10
6.1517958267716537
20
-4.2230906299212601
11
6.1530665354330711
21
-4.2242663779527554
0
LINE
8
BLACK
6
CONTINUOUS
10
6.1530665354330711
20
-4.2242663779527554
11
6.1558298031496061
21
-4.2279103149606296
0
LINE
8
BLACK
6
CONTINUOUS
10
6.1558298031496061
20
-4.2279103149606296
11
6.1605769291338586
21
-4.2315101574803151
0
LINE
8
BLACK
6
CONTINUOUS
10
6.1605769291338586
20
-4.2315101574803151
11
6.1605770866141727
21
-4.2315102755905514
0
LINE
8
BLACK
6
CONTINUOUS
10
6.1605770866141727
20
-4.2315102755905514
11
6.1661194881889765
21
-4.23369594488189
0
LINE
8
BLACK
6
CONTINUOUS
10
6.1661194881889765
20
-4.23369594488189
11
6.1661194488188977
21
-4.23369594488189
0
LINE
8
BLACK
6
CONTINUOUS
10
6.1661194488188977
20
-4.23369594488189
11
6.167220236220472
21
-4.2338281102362201
0
LINE
8
BLACK
6
CONTINUOUS
10
6.167220236220472
20
-4.2338281102362201
11
6.1696022834645667
21
-4.2341141732283463
0
LINE
8
BLACK
6
CONTINUOUS
10
6.1696022834645667
20
-4.2341141732283463
11
6.169602401574803
21
-4.2341141732283463
0
LINE
8
BLACK
6
CONTINUOUS
10
6.169602401574803
20
-4.2341141732283463
11
6.2103975984251969
21
-4.2341141732283463
0
LINE
8
BLACK
6
CONTINUOUS
10
6.2103975984251969
20
-4.2341141732283463
11
6.2103977165354332
21
-4.2341141732283463
0
LINE
8
BLACK
6
CONTINUOUS
10
6.2103977165354332
20
-4.2341141732283463
11
6.2138804724409447
21
-4.23369594488189
0
LINE
8
BLACK
6
CONTINUOUS
10
6.2138804724409447
20
-4.23369594488189
11
6.2194229133858263
21
-4.2315102755905514
0
LINE
8
BLACK
6
CONTINUOUS
10
6.2194229133858263
20
-4.2315102755905514
11
6.224170157480315
21
-4.2279103149606296
0
LINE
8
BLACK
6
CONTINUOUS
10
6.224170157480315
20
-4.2279103149606296
11
6.224571102362205
21
-4.2273815748031494
0
LINE
8
BLACK
6
CONTINUOUS
10
6.224571102362205
20
-4.2273815748031494
11
6.2269334645669288
21
-4.2242663779527554
0
LINE
8
BLACK
6
CONTINUOUS
10
6.2269334645669288
20
-4.2242663779527554
11
6.2291814173228346
21
-4.2226052362204722
0
LINE
8
BLACK
6
CONTINUOUS
10
6.2291814173228346
20
-4.2226052362204722
11
6.2308861023622049
21
-4.222303149606299
0
LINE
8
BLACK
6
CONTINUOUS
10
6.2308861023622049
20
-4.222303149606299
11
6.2691138976377951
21
-4.222303149606299
0
LINE
8
BLACK
6
CONTINUOUS
10
6.2691138976377951
20
-4.222303149606299
11
6.2717958267716538
21
-4.2230906299212601
0
LINE
8
BLACK
6
CONTINUOUS
10
6.2717958267716538
20
-4.2230906299212601
11
6.2730665354330704
21
-4.2242663779527554
0
LINE
8
BLACK
6
CONTINUOUS
10
6.2730665354330704
20
-4.2242663779527554
11
6.2758298031496063
21
-4.2279103149606296
0
LINE
8
BLACK
6
CONTINUOUS
10
6.2758298031496063
20
-4.2279103149606296
11
6.2805769291338578
21
-4.2315101574803151
0
LINE
8
BLACK
6
CONTINUOUS
10
6.2805769291338578
20
-4.2315101574803151
11
6.2805770866141728
21
-4.2315102755905514
0
LINE
8
BLACK
6
CONTINUOUS
10
6.2805770866141728
20
-4.2315102755905514
11
6.2861194881889766
21
-4.23369594488189
0
LINE
8
BLACK
6
CONTINUOUS
10
6.2861194881889766
20
-4.23369594488189
11
6.2861194488188978
21
-4.23369594488189
0
LINE
8
BLACK
6
CONTINUOUS
10
6.2861194488188978
20
-4.23369594488189
11
6.2872202362204721
21
-4.2338281102362201
0
LINE
8
BLACK
6
CONTINUOUS
10
6.2872202362204721
20
-4.2338281102362201
11
6.2896022834645668
21
-4.2341141732283463
0
LINE
8
BLACK
6
CONTINUOUS
10
6.2896022834645668
20
-4.2341141732283463
11
6.2896024015748031
21
-4.2341141732283463
0
LINE
8
BLACK
6
CONTINUOUS
10
6.2896024015748031
20
-4.2341141732283463
11
6.330397598425197
21
-4.2341141732283463
0
LINE
8
BLACK
6
CONTINUOUS
10
6.330397598425197
20
-4.2341141732283463
11
6.3303977165354333
21
-4.2341141732283463
0
LINE
8
BLACK
6
CONTINUOUS
10
6.3303977165354333
20
-4.2341141732283463
11
6.3338804724409448
21
-4.23369594488189
0
LINE
8
BLACK
6
CONTINUOUS
10
6.3338804724409448
20
-4.23369594488189
11
6.3394229133858264
21
-4.2315102755905514
0
LINE
8
BLACK
6
CONTINUOUS
10
6.3394229133858264
20
-4.2315102755905514
11
6.3441701574803151
21
-4.2279103149606296
0
LINE
8
BLACK
6
CONTINUOUS
10
6.3441701574803151
20
-4.2279103149606296
11
6.3441702362204726
21
-4.2279102362204721
0
LINE
8
BLACK
6
CONTINUOUS
10
6.3441702362204726
20
-4.2279102362204721
11
6.3444101181102361
21
-4.2276703937007873
0
LINE
8
BLACK
6
CONTINUOUS
10
6.3444101181102361
20
-4.2276703937007873
11
6.3444803543307087
21
-4.2277406299212599
0
LINE
8
BLACK
6
CONTINUOUS
10
6.3444803543307087
20
-4.2277406299212599
11
6.3463155511811022
21
-4.2263846850393696
0
LINE
8
BLACK
6
CONTINUOUS
10
6.3463155511811022
20
-4.2263846850393696
11
6.34802
21
-4.2260826771653539
0
LINE
8
BLACK
6
CONTINUOUS
10
6.34802
20
-4.2260826771653539
11
6.3593283070866145
21
-4.2260826771653539
0
LINE
8
BLACK
6
CONTINUOUS
10
6.3593283070866145
20
-4.2260826771653539
11
6.3593284645669286
21
-4.2260827165354327
0
LINE
8
BLACK
6
CONTINUOUS
10
6.3593284645669286
20
-4.2260827165354327
11
6.3655534251968504
21
-4.2260827165354327
0
LINE
8
BLACK
6
CONTINUOUS
10
6.3655534251968504
20
-4.2260827165354327
11
6.3655535826771654
21
-4.2260826771653539
0
LINE
8
BLACK
6
CONTINUOUS
10
6.3655535826771654
20
-4.2260826771653539
11
6.4244541338582675
21
-4.2260826771653539
0
LINE
8
BLACK
6
CONTINUOUS
10
6.4244541338582675
20
-4.2260826771653539
11
6.4868875196850393
21
-4.2260826771653539
0
LINE
8
BLACK
6
CONTINUOUS
10
6.4868875196850393
20
-4.2260826771653539
11
6.5501544881889764
21
-4.2260826771653539
0
LINE
8
BLACK
6
CONTINUOUS
10
6.5501544881889764
20
-4.2260826771653539
11
6.5741420866141729
21
-4.2260826771653539
0
LINE
8
BLACK
6
CONTINUOUS
10
6.5741420866141729
20
-4.2260826771653539
11
6.5741427165354329
21
-4.2260827165354327
0
LINE
8
BLACK
6
CONTINUOUS
10
6.5741427165354329
20
-4.2260827165354327
11
6.5744465748031491
21
-4.2260827165354327
0
LINE
8
BLACK
6
CONTINUOUS
10
6.5744465748031491
20
-4.2260827165354327
11
6.5806714173228347
21
-4.2260827165354327
0
LINE
8
BLACK
6
CONTINUOUS
10
6.5806714173228347
20
-4.2260827165354327
11
6.5806715354330709
21
-4.2260827165354327
0
LINE
8
BLACK
6
CONTINUOUS
10
6.5806715354330709
20
-4.2260827165354327
11
6.5866844488188976
21
-4.2244715354330706
0
LINE
8
BLACK
6
CONTINUOUS
10
6.5866844488188976
20
-4.2244715354330706
11
6.5876499212598425
21
-4.2239140551181098
0
LINE
8
BLACK
6
CONTINUOUS
10
6.5876499212598425
20
-4.2239140551181098
11
6.5886567322834644
21
-4.2233327952755904
0
LINE
8
BLACK
6
CONTINUOUS
10
6.5886567322834644
20
-4.2233327952755904
11
6.5886571259842519
21
-4.2233324803149603
0
LINE
8
BLACK
6
CONTINUOUS
10
6.5886571259842519
20
-4.2233324803149603
11
6.5886576377952757
21
-4.2233322440944878
0
LINE
8
BLACK
6
CONTINUOUS
10
6.5886576377952757
20
-4.2233322440944878
11
6.5920754330708657
21
-4.2213590551181097
0
LINE
8
BLACK
6
CONTINUOUS
10
6.5920754330708657
20
-4.2213590551181097
11
6.5964771653543304
21
-4.216957322834646
0
LINE
8
BLACK
6
CONTINUOUS
10
6.5964771653543304
20
-4.216957322834646
11
6.5964771653543304
21
-4.2169572440944885
0
LINE
8
BLACK
6
CONTINUOUS
10
6.5964771653543304
20
-4.2169572440944885
11
6.5968854330708657
21
-4.216549015748031
0
LINE
8
BLACK
6
CONTINUOUS
10
6.5968854330708657
20
-4.216549015748031
11
6.5968855905511807
21
-4.2165488188976381
0
LINE
8
BLACK
6
CONTINUOUS
10
6.5968855905511807
20
-4.2165488188976381
11
6.6597207480314955
21
-4.1537136220472437
0
LINE
8
BLACK
6
CONTINUOUS
10
6.6597207480314955
20
-4.1537136220472437
11
6.6621738976377953
21
-4.1523740944881888
0
LINE
8
BLACK
6
CONTINUOUS
10
6.6621738976377953
20
-4.1523740944881888
11
6.664961889763779
21
-4.152573503937008
0
LINE
8
BLACK
6
CONTINUOUS
10
6.664961889763779
20
-4.152573503937008
11
6.6671995275590552
21
-4.1542485826771651
0
LINE
8
BLACK
6
CONTINUOUS
10
6.6671995275590552
20
-4.1542485826771651
11
6.6681763385826773
21
-4.1568674803149603
0
LINE
8
BLACK
6
CONTINUOUS
10
6.6681763385826773
20
-4.1568674803149603
11
6.6681889763779525
21
-4.157221377952756
0
LINE
8
BLACK
6
CONTINUOUS
10
6.6681889763779525
20
-4.157221377952756
11
6.6681889763779525
21
-4.1588188976377953
0
LINE
8
BLACK
6
CONTINUOUS
10
6.6681889763779525
20
-4.1588188976377953
11
6.6799999999999997
21
-4.1588188976377953
0
LINE
8
BLACK
6
CONTINUOUS
10
6.6799999999999997
20
-4.1588188976377953
11
6.6799999999999997
21
-4.1347244094488191
0
LINE
8
BLACK
6
CONTINUOUS
10
6.6799999999999997
20
-4.1347244094488191
11
6.7040944881889759
21
-4.1347244094488191
0
LINE
8
BLACK
6
CONTINUOUS
10
6.7040944881889759
20
-4.1347244094488191
11
6.7040944881889759
21
-4.1229133858267719
0
LINE
8
BLACK
6
CONTINUOUS
10
6.7040944881889759
20
-4.1229133858267719
11
6.7024970472440941
21
-4.1229133858267719
0
LINE
8
BLACK
6
CONTINUOUS
10
6.7024970472440941
20
-4.1229133858267719
11
6.6998151181102363
21
-4.1221259055118109
0
LINE
8
BLACK
6
CONTINUOUS
10
6.6998151181102363
20
-4.1221259055118109
11
6.6979846850393701
21
-4.1200134645669291
0
LINE
8
BLACK
6
CONTINUOUS
10
6.6979846850393701
20
-4.1200134645669291
11
6.6975868897637794
21
-4.1172467716535435
0
LINE
8
BLACK
6
CONTINUOUS
10
6.6975868897637794
20
-4.1172467716535435
11
6.6987480708661415
21
-4.1147042519685035
0
LINE
8
BLACK
6
CONTINUOUS
10
6.6987480708661415
20
-4.1147042519685035
11
6.6989893700787402
21
-4.1144450787401574
0
LINE
8
BLACK
6
CONTINUOUS
10
6.6989893700787402
20
-4.1144450787401574
11
6.7054264173228342
21
-4.1080080314960625
0
LINE
8
BLACK
6
CONTINUOUS
10
6.7054264173228342
20
-4.1080080314960625
11
6.7078796456692915
21
-4.1066684251968502
0
LINE
8
BLACK
6
CONTINUOUS
10
6.7078796456692915
20
-4.1066684251968502
11
6.708934094488189
21
-4.1065550787401577
0
LINE
8
BLACK
6
CONTINUOUS
10
6.708934094488189
20
-4.1065550787401577
11
6.7417661417322829
21
-4.1065550787401577
0
LINE
8
BLACK
6
CONTINUOUS
10
6.7417661417322829
20
-4.1065550787401577
11
6.741766299212598
21
-4.1065550787401577
0
LINE
8
BLACK
6
CONTINUOUS
10
6.741766299212598
20
-4.1065550787401577
11
6.7427555511811024
21
-4.1064403543307089
0
LINE
8
BLACK
6
CONTINUOUS
10
6.7427555511811024
20
-4.1064403543307089
11
6.7468017716535433
21
-4.1046537795275588
0
LINE
8
BLACK
6
CONTINUOUS
10
6.7468017716535433
20
-4.1046537795275588
11
6.7499293700787399
21
-4.1015261811023622
0
LINE
8
BLACK
6
CONTINUOUS
10
6.7499293700787399
20
-4.1015261811023622
11
6.75171594488189
21
-4.0974799606299213
0
LINE
8
BLACK
6
CONTINUOUS
10
6.75171594488189
20
-4.0974799606299213
11
6.7518307086614175
21
-4.0964907480314956
0
LINE
8
BLACK
6
CONTINUOUS
10
6.7518307086614175
20
-4.0964907480314956
11
6.7518307086614175
21
-4.0933267716535431
0
LINE
8
BLACK
6
CONTINUOUS
10
6.7518307086614175
20
-4.0933267716535431
11
6.7519327165354328
21
-4.0929792913385823
0
LINE
8
BLACK
6
CONTINUOUS
10
6.7519327165354328
20
-4.0929792913385823
11
6.7518811811023625
21
-4.0926207874015743
0
LINE
8
BLACK
6
CONTINUOUS
10
6.7518811811023625
20
-4.0926207874015743
11
6.7523203543307089
21
-4.0916591338582675
0
LINE
8
BLACK
6
CONTINUOUS
10
6.7523203543307089
20
-4.0916591338582675
11
6.7526181889763777
21
-4.0906448425196853
0
LINE
8
BLACK
6
CONTINUOUS
10
6.7526181889763777
20
-4.0906448425196853
11
6.7528919291338578
21
-4.0904076377952752
0
LINE
8
BLACK
6
CONTINUOUS
10
6.7528919291338578
20
-4.0904076377952752
11
6.7530423622047246
21
-4.0900782677165353
0
LINE
8
BLACK
6
CONTINUOUS
10
6.7530423622047246
20
-4.0900782677165353
11
6.7539315354330709
21
-4.0895068110236217
0
LINE
8
BLACK
6
CONTINUOUS
10
6.7539315354330709
20
-4.0895068110236217
11
6.7547306299212595
21
-4.088814409448819
0
LINE
8
BLACK
6
CONTINUOUS
10
6.7547306299212595
20
-4.088814409448819
11
6.7551513385826771
21
-4.0887228740157475
0
LINE
8
BLACK
6
CONTINUOUS
10
6.7551513385826771
20
-4.0887228740157475
11
6.7553937795275587
21
-4.088567086614173
0
LINE
8
BLACK
6
CONTINUOUS
10
6.7553937795275587
20
-4.088567086614173
11
6.7567913385826772
21
-4.0883661417322834
0
LINE
8
BLACK
6
CONTINUOUS
10
6.7567913385826772
20
-4.0883661417322834
11
6.7632087007874011
21
-4.0883661417322834
0
LINE
8
BLACK
6
CONTINUOUS
10
6.7632087007874011
20
-4.0883661417322834
11
6.7658906299212598
21
-4.0891536220472444
0
LINE
8
BLACK
6
CONTINUOUS
10
6.7658906299212598
20
-4.0891536220472444
11
6.7677210629921261
21
-4.0912660629921263
0
LINE
8
BLACK
6
CONTINUOUS
10
6.7677210629921261
20
-4.0912660629921263
11
6.7681693307086617
21
-4.0933267716535431
0
LINE
8
BLACK
6
CONTINUOUS
10
6.7681693307086617
20
-4.0933267716535431
11
6.7681693307086617
21
-4.0964907874015744
0
LINE
8
BLACK
6
CONTINUOUS
10
6.7681693307086617
20
-4.0964907874015744
11
6.7682840157480317
21
-4.0974799212598425
0
LINE
8
BLACK
6
CONTINUOUS
10
6.7682840157480317
20
-4.0974799212598425
11
6.7682840944881892
21
-4.0974800787401575
0
LINE
8
BLACK
6
CONTINUOUS
10
6.7682840944881892
20
-4.0974800787401575
11
6.7700705905511809
21
-4.1015261811023622
0
LINE
8
BLACK
6
CONTINUOUS
10
6.7700705905511809
20
-4.1015261811023622
11
6.77319811023622
21
-4.1046537007874013
0
LINE
8
BLACK
6
CONTINUOUS
10
6.77319811023622
20
-4.1046537007874013
11
6.7731981889763775
21
-4.1046537401574801
0
LINE
8
BLACK
6
CONTINUOUS
10
6.7731981889763775
20
-4.1046537401574801
11
6.7731982283464562
21
-4.1046537795275588
0
LINE
8
BLACK
6
CONTINUOUS
10
6.7731982283464562
20
-4.1046537795275588
11
6.7772444488188972
21
-4.1064403543307089
0
LINE
8
BLACK
6
CONTINUOUS
10
6.7772444488188972
20
-4.1064403543307089
11
6.7782336614173229
21
-4.1065551181102364
0
LINE
8
BLACK
6
CONTINUOUS
10
6.7782336614173229
20
-4.1065551181102364
11
6.8417662992125985
21
-4.1065550787401577
0
LINE
8
BLACK
6
CONTINUOUS
10
6.8417662992125985
20
-4.1065550787401577
11
6.842755551181102
21
-4.1064403543307089
0
LINE
8
BLACK
6
CONTINUOUS
10
6.842755551181102
20
-4.1064403543307089
11
6.846801771653543
21
-4.1046537795275588
0
LINE
8
BLACK
6
CONTINUOUS
10
6.846801771653543
20
-4.1046537795275588
11
6.8499293700787396
21
-4.1015261811023622
0
LINE
8
BLACK
6
CONTINUOUS
10
6.8499293700787396
20
-4.1015261811023622
11
6.8517159448818896
21
-4.0974799606299213
0
LINE
8
BLACK
6
CONTINUOUS
10
6.8517159448818896
20
-4.0974799606299213
11
6.8518307086614172
21
-4.0964907480314956
0
LINE
8
BLACK
6
CONTINUOUS
10
6.8518307086614172
20
-4.0964907480314956
11
6.8518306692913384
21
-4.03295811023622
0
LINE
8
BLACK
6
CONTINUOUS
10
6.8518306692913384
20
-4.03295811023622
11
6.8517159448818896
21
-4.0319688582677164
0
LINE
8
BLACK
6
CONTINUOUS
10
6.8517159448818896
20
-4.0319688582677164
11
6.850379094488189
21
-4.0289411417322833
0
LINE
8
BLACK
6
CONTINUOUS
10
6.850379094488189
20
-4.0289411417322833
11
6.8499293700787396
21
-4.0279225984251967
0
LINE
8
BLACK
6
CONTINUOUS
10
6.8499293700787396
20
-4.0279225984251967
11
6.8468018503937005
21
-4.0247950787401576
0
LINE
8
BLACK
6
CONTINUOUS
10
6.8468018503937005
20
-4.0247950787401576
11
6.846801771653543
21
-4.0247950393700789
0
LINE
8
BLACK
6
CONTINUOUS
10
6.846801771653543
20
-4.0247950393700789
11
6.8427554724409445
21
-4.0230084251968501
0
LINE
8
BLACK
6
CONTINUOUS
10
6.8427554724409445
20
-4.0230084251968501
11
6.8427555118110233
21
-4.0230084251968501
0
LINE
8
BLACK
6
CONTINUOUS
10
6.8427555118110233
20
-4.0230084251968501
11
6.8417664566929135
21
-4.0228937007874013
0
LINE
8
BLACK
6
CONTINUOUS
10
6.8417664566929135
20
-4.0228937007874013
11
6.7782338582677166
21
-4.0228937007874013
0
LINE
8
BLACK
6
CONTINUOUS
10
6.7782338582677166
20
-4.0228937007874013
11
6.7782335826771654
21
-4.02289374015748
0
LINE
8
BLACK
6
CONTINUOUS
10
6.7782335826771654
20
-4.02289374015748
11
6.7772444488188972
21
-4.0230084251968501
0
LINE
8
BLACK
6
CONTINUOUS
10
6.7772444488188972
20
-4.0230084251968501
11
6.7772442913385822
21
-4.0230085039370076
0
LINE
8
BLACK
6
CONTINUOUS
10
6.7772442913385822
20
-4.0230085039370076
11
6.7731981889763775
21
-4.0247950000000001
0
LINE
8
BLACK
6
CONTINUOUS
10
6.7731981889763775
20
-4.0247950000000001
11
6.7700706692913384
21
-4.0279225196850392
0
LINE
8
BLACK
6
CONTINUOUS
10
6.7700706692913384
20
-4.0279225196850392
11
6.7700706299212596
21
-4.0279225984251967
0
LINE
8
BLACK
6
CONTINUOUS
10
6.7700706299212596
20
-4.0279225984251967
11
6.7682840157480317
21
-4.0319688582677164
0
LINE
8
BLACK
6
CONTINUOUS
10
6.7682840157480317
20
-4.0319688582677164
11
6.768283976377953
21
-4.0319695275590552
0
LINE
8
BLACK
6
CONTINUOUS
10
6.768283976377953
20
-4.0319695275590552
11
6.768283661417323
21
-4.0319702362204728
0
LINE
8
BLACK
6
CONTINUOUS
10
6.768283661417323
20
-4.0319702362204728
11
6.7682599212598422
21
-4.0320574409448815
0
LINE
8
BLACK
6
CONTINUOUS
10
6.7682599212598422
20
-4.0320574409448815
11
6.7682665748031496
21
-4.0321036220472442
0
LINE
8
BLACK
6
CONTINUOUS
10
6.7682665748031496
20
-4.0321036220472442
11
6.768219094488189
21
-4.0322075590551183
0
LINE
8
BLACK
6
CONTINUOUS
10
6.768219094488189
20
-4.0322075590551183
11
6.768186102362205
21
-4.0323288582677161
0
LINE
8
BLACK
6
CONTINUOUS
10
6.768186102362205
20
-4.0323288582677161
11
6.7681661811023623
21
-4.0323234251968501
0
LINE
8
BLACK
6
CONTINUOUS
10
6.7681661811023623
20
-4.0323234251968501
11
6.7677130314960632
21
-4.0333155905511813
0
LINE
8
BLACK
6
CONTINUOUS
10
6.7677130314960632
20
-4.0333155905511813
11
6.7671925590551183
21
-4.0345427952755903
0
LINE
8
BLACK
6
CONTINUOUS
10
6.7671925590551183
20
-4.0345427952755903
11
6.7671344881889759
21
-4.0345823622047243
0
LINE
8
BLACK
6
CONTINUOUS
10
6.7671344881889759
20
-4.0345823622047243
11
6.7671053937007875
21
-4.0346461417322832
0
LINE
8
BLACK
6
CONTINUOUS
10
6.7671053937007875
20
-4.0346461417322832
11
6.7659851968503935
21
-4.0353660236220472
0
LINE
8
BLACK
6
CONTINUOUS
10
6.7659851968503935
20
-4.0353660236220472
11
6.7648831889763779
21
-4.0361174803149602
0
LINE
8
BLACK
6
CONTINUOUS
10
6.7648831889763779
20
-4.0361174803149602
11
6.764794094488189
21
-4.0361314960629917
0
LINE
8
BLACK
6
CONTINUOUS
10
6.764794094488189
20
-4.0361314960629917
11
6.7647539763779525
21
-4.0361573228346455
0
LINE
8
BLACK
6
CONTINUOUS
10
6.7647539763779525
20
-4.0361573228346455
11
6.7633564173228349
21
-4.0363582677165351
0
LINE
8
BLACK
6
CONTINUOUS
10
6.7633564173228349
20
-4.0363582677165351
11
6.7566435826771656
21
-4.0363582677165351
0
LINE
8
BLACK
6
CONTINUOUS
10
6.7566435826771656
20
-4.0363582677165351
11
6.7539616535433069
21
-4.0355707874015749
0
LINE
8
BLACK
6
CONTINUOUS
10
6.7539616535433069
20
-4.0355707874015749
11
6.7521312204724406
21
-4.0334583464566931
0
LINE
8
BLACK
6
CONTINUOUS
10
6.7521312204724406
20
-4.0334583464566931
11
6.751816062992126
21
-4.0323281889763782
0
LINE
8
BLACK
6
CONTINUOUS
10
6.751816062992126
20
-4.0323281889763782
11
6.7518138582677167
21
-4.0323288188976374
0
LINE
8
BLACK
6
CONTINUOUS
10
6.7518138582677167
20
-4.0323288188976374
11
6.7517184251968505
21
-4.0319781102362207
0
LINE
8
BLACK
6
CONTINUOUS
10
6.7517184251968505
20
-4.0319781102362207
11
6.7517159842519687
21
-4.031969251968504
0
LINE
8
BLACK
6
CONTINUOUS
10
6.7517159842519687
20
-4.031969251968504
11
6.75171594488189
21
-4.0319688582677164
0
LINE
8
BLACK
6
CONTINUOUS
10
6.75171594488189
20
-4.0319688582677164
11
6.7503790944881885
21
-4.0289411417322833
0
LINE
8
BLACK
6
CONTINUOUS
10
6.7503790944881885
20
-4.0289411417322833
11
6.7499293700787399
21
-4.0279225984251967
0
LINE
8
BLACK
6
CONTINUOUS
10
6.7499293700787399
20
-4.0279225984251967
11
6.7468018503937008
21
-4.0247950787401576
0
LINE
8
BLACK
6
CONTINUOUS
10
6.7468018503937008
20
-4.0247950787401576
11
6.7468017716535433
21
-4.0247950393700789
0
LINE
8
BLACK
6
CONTINUOUS
10
6.7468017716535433
20
-4.0247950393700789
11
6.7427554724409449
21
-4.0230084251968501
0
LINE
8
BLACK
6
CONTINUOUS
10
6.7427554724409449
20
-4.0230084251968501
11
6.7427555118110236
21
-4.0230084251968501
0
LINE
8
BLACK
6
CONTINUOUS
10
6.7427555118110236
20
-4.0230084251968501
11
6.741766456692913
21
-4.0228937007874013
0
LINE
8
BLACK
6
CONTINUOUS
10
6.741766456692913
20
-4.0228937007874013
11
6.6782338582677161
21
-4.0228937007874013
0
LINE
8
BLACK
6
CONTINUOUS
10
6.6782338582677161
20
-4.0228937007874013
11
6.6782335826771648
21
-4.02289374015748
0
LINE
8
BLACK
6
CONTINUOUS
10
6.6782335826771648
20
-4.02289374015748
11
6.6772444488188976
21
-4.0230084251968501
0
LINE
8
BLACK
6
CONTINUOUS
10
6.6772444488188976
20
-4.0230084251968501
11
6.6772442913385825
21
-4.0230085039370076
0
LINE
8
BLACK
6
CONTINUOUS
10
6.6772442913385825
20
-4.0230085039370076
11
6.6731981889763778
21
-4.0247950000000001
0
LINE
8
BLACK
6
CONTINUOUS
10
6.6731981889763778
20
-4.0247950000000001
11
6.6700706692913387
21
-4.0279225196850392
0
LINE
8
BLACK
6
CONTINUOUS
10
6.6700706692913387
20
-4.0279225196850392
11
6.67007062992126
21
-4.0279225984251967
0
LINE
8
BLACK
6
CONTINUOUS
10
6.67007062992126
20
-4.0279225984251967
11
6.6682840157480312
21
-4.0319688582677164
0
LINE
8
BLACK
6
CONTINUOUS
10
6.6682840157480312
20
-4.0319688582677164
11
6.6681692913385824
21
-4.0329578346456696
0
LINE
8
BLACK
6
CONTINUOUS
10
6.6681692913385824
20
-4.0329578346456696
11
6.6681692913385824
21
-4.0763414960629918
0
LINE
8
BLACK
6
CONTINUOUS
10
6.6681692913385824
20
-4.0763414960629918
11
6.6673818110236223
21
-4.0790234251968505
0
LINE
8
BLACK
6
CONTINUOUS
10
6.6673818110236223
20
-4.0790234251968505
11
6.6667163385826766
21
-4.0798491732283466
0
LINE
8
BLACK
6
CONTINUOUS
10
6.6667163385826766
20
-4.0798491732283466
11
6.6264013779527557
21
-4.1201641338582675
0
LINE
8
BLACK
6
CONTINUOUS
10
6.6264013779527557
20
-4.1201641338582675
11
6.6239481496062993
21
-4.1215037401574799
0
LINE
8
BLACK
6
CONTINUOUS
10
6.6239481496062993
20
-4.1215037401574799
11
6.6211601574803147
21
-4.1213043307086616
0
LINE
8
BLACK
6
CONTINUOUS
10
6.6211601574803147
20
-4.1213043307086616
11
6.6189225196850394
21
-4.1196292519685036
0
LINE
8
BLACK
6
CONTINUOUS
10
6.6189225196850394
20
-4.1196292519685036
11
6.6179457086614173
21
-4.1170103543307084
0
LINE
8
BLACK
6
CONTINUOUS
10
6.6179457086614173
20
-4.1170103543307084
11
6.6179330708661412
21
-4.1166564566929136
0
LINE
8
BLACK
6
CONTINUOUS
10
6.6179330708661412
20
-4.1166564566929136
11
6.6179330708661412
21
-4.0805866535433069
0
LINE
8
BLACK
6
CONTINUOUS
10
6.6179330708661412
20
-4.0805866535433069
11
6.6179330708661412
21
-4.0805865354330706
0
LINE
8
BLACK
6
CONTINUOUS
10
6.6179330708661412
20
-4.0805865354330706
11
6.617514842519685
21
-4.0771037795275591
0
LINE
8
BLACK
6
CONTINUOUS
10
6.617514842519685
20
-4.0771037795275591
11
6.6170124015748026
21
-4.0758297244094486
0
LINE
8
BLACK
6
CONTINUOUS
10
6.6170124015748026
20
-4.0758297244094486
11
6.6153291732283463
21
-4.0715613385826774
0
LINE
8
BLACK
6
CONTINUOUS
10
6.6153291732283463
20
-4.0715613385826774
11
6.6153290551181101
21
-4.0715611811023624
0
LINE
8
BLACK
6
CONTINUOUS
10
6.6153290551181101
20
-4.0715611811023624
11
6.611729133858268
21
-4.0668139763779525
0
LINE
8
BLACK
6
CONTINUOUS
10
6.611729133858268
20
-4.0668139763779525
11
6.6116677165354325
21
-4.0667674015748032
0
LINE
8
BLACK
6
CONTINUOUS
10
6.6116677165354325
20
-4.0667674015748032
11
6.6116257086614167
21
-4.0667105511811021
0
LINE
8
BLACK
6
CONTINUOUS
10
6.6116257086614167
20
-4.0667105511811021
11
6.6114893307086611
21
-4.0665741732283465
0
LINE
8
BLACK
6
CONTINUOUS
10
6.6114893307086611
20
-4.0665741732283465
11
6.6115098031496062
21
-4.0665536614173226
0
LINE
8
BLACK
6
CONTINUOUS
10
6.6115098031496062
20
-4.0665536614173226
11
6.6100066929133856
21
-4.0645193307086611
0
LINE
8
BLACK
6
CONTINUOUS
10
6.6100066929133856
20
-4.0645193307086611
11
6.6097047244094487
21
-4.0628149606299209
0
LINE
8
BLACK
6
CONTINUOUS
10
6.6097047244094487
20
-4.0628149606299209
11
6.6097047244094487
21
-4.0521495669291339
0
LINE
8
BLACK
6
CONTINUOUS
10
6.6097047244094487
20
-4.0521495669291339
11
6.6104922047244097
21
-4.0494676377952752
0
LINE
8
BLACK
6
CONTINUOUS
10
6.6104922047244097
20
-4.0494676377952752
11
6.6126046456692915
21
-4.0476372047244098
0
LINE
8
BLACK
6
CONTINUOUS
10
6.6126046456692915
20
-4.0476372047244098
11
6.6128455511811026
21
-4.0475348031496061
0
LINE
8
BLACK
6
CONTINUOUS
10
6.6128455511811026
20
-4.0475348031496061
11
6.6128961417322829
21
-4.0475148425196847
0
LINE
8
BLACK
6
CONTINUOUS
10
6.6128961417322829
20
-4.0475148425196847
11
6.6128962204724404
21
-4.0475148425196847
0
LINE
8
BLACK
6
CONTINUOUS
10
6.6128962204724404
20
-4.0475148425196847
11
6.618438661417323
21
-4.0453291732283461
0
LINE
8
BLACK
6
CONTINUOUS
10
6.618438661417323
20
-4.0453291732283461
11
6.6231859055118107
21
-4.0417292125984252
0
LINE
8
BLACK
6
CONTINUOUS
10
6.6231859055118107
20
-4.0417292125984252
11
6.6267858661417325
21
-4.0369819685039365
0
LINE
8
BLACK
6
CONTINUOUS
10
6.6267858661417325
20
-4.0369819685039365
11
6.6289715354330703
21
-4.0314395275590549
0
LINE
8
BLACK
6
CONTINUOUS
10
6.6289715354330703
20
-4.0314395275590549
11
6.6293897637795274
21
-4.0279567716535434
0
LINE
8
BLACK
6
CONTINUOUS
10
6.6293897637795274
20
-4.0279567716535434
11
6.6293897637795274
21
-4.0038936220472436
0
LINE
8
BLACK
6
CONTINUOUS
10
6.6293897637795274
20
-4.0038936220472436
11
6.6289715354330703
21
-4.0004108661417321
0
LINE
8
BLACK
6
CONTINUOUS
10
6.6289715354330703
20
-4.0004108661417321
11
6.6279436614173228
21
-3.9978044094488188
0
LINE
8
BLACK
6
CONTINUOUS
10
6.6279436614173228
20
-3.9978044094488188
11
6.6267858661417325
21
-3.9948684251968505
0
LINE
8
BLACK
6
CONTINUOUS
10
6.6267858661417325
20
-3.9948684251968505
11
6.6267857480314962
21
-3.9948682677165355
0
LINE
8
BLACK
6
CONTINUOUS
10
6.6267857480314962
20
-3.9948682677165355
11
6.6231859055118107
21
-3.9901211417322835
0
LINE
8
BLACK
6
CONTINUOUS
10
6.6231859055118107
20
-3.9901211417322835
11
6.6184387795275592
21
-3.9865212992125985
0
LINE
8
BLACK
6
CONTINUOUS
10
6.6184387795275592
20
-3.9865212992125985
11
6.6184386220472442
21
-3.9865211811023622
0
LINE
8
BLACK
6
CONTINUOUS
10
6.6184386220472442
20
-3.9865211811023622
11
6.6128962204724404
21
-3.9843355118110235
0
LINE
8
BLACK
6
CONTINUOUS
10
6.6128962204724404
20
-3.9843355118110235
11
6.6128962598425192
21
-3.9843355118110235
0
LINE
8
BLACK
6
CONTINUOUS
10
6.6128962598425192
20
-3.9843355118110235
11
6.6094135826771652
21
-3.9839173228346456
0
LINE
8
BLACK
6
CONTINUOUS
10
6.6094135826771652
20
-3.9839173228346456
11
6.6094134645669289
21
-3.9839173228346456
0
LINE
8
BLACK
6
CONTINUOUS
10
6.6094134645669289
20
-3.9839173228346456
11
6.5705865354330708
21
-3.9839173228346456
0
LINE
8
BLACK
6
CONTINUOUS
10
6.5705865354330708
20
-3.9839173228346456
11
6.5705863779527558
21
-3.9839173228346456
0
LINE
8
BLACK
6
CONTINUOUS
10
6.5705863779527558
20
-3.9839173228346456
11
6.5671037401574806
21
-3.9843355118110235
0
LINE
8
BLACK
6
CONTINUOUS
10
6.5671037401574806
20
-3.9843355118110235
11
6.5615613385826768
21
-3.9865211811023622
0
LINE
8
BLACK
6
CONTINUOUS
10
6.5615613385826768
20
-3.9865211811023622
11
6.5615611811023618
21
-3.9865212992125985
0
LINE
8
BLACK
6
CONTINUOUS
10
6.5615611811023618
20
-3.9865212992125985
11
6.5568140551181102
21
-3.9901211417322835
0
LINE
8
BLACK
6
CONTINUOUS
10
6.5568140551181102
20
-3.9901211417322835
11
6.5532142125984247
21
-3.9948682677165355
0
LINE
8
BLACK
6
CONTINUOUS
10
6.5532142125984247
20
-3.9948682677165355
11
6.5530478740157481
21
-3.9951641338582675
0
LINE
8
BLACK
6
CONTINUOUS
10
6.5530478740157481
20
-3.9951641338582675
11
6.552919251968504
21
-3.995091811023622
0
LINE
8
BLACK
6
CONTINUOUS
10
6.552919251968504
20
-3.995091811023622
11
6.5516260629921259
21
-3.9967583464566929
0
LINE
8
BLACK
6
CONTINUOUS
10
6.5516260629921259
20
-3.9967583464566929
11
6.5489906299212599
21
-3.9976896062992124
0
LINE
8
BLACK
6
CONTINUOUS
10
6.5489906299212599
20
-3.9976896062992124
11
6.5487225590551184
21
-3.9976968503937007
0
LINE
8
BLACK
6
CONTINUOUS
10
6.5487225590551184
20
-3.9976968503937007
11
6.5157346850393703
21
-3.9976968503937007
0
LINE
8
BLACK
6
CONTINUOUS
10
6.5157346850393703
20
-3.9976968503937007
11
6.5130527559055116
21
-3.9969093700787401
0
LINE
8
BLACK
6
CONTINUOUS
10
6.5130527559055116
20
-3.9969093700787401
11
6.5122271653543304
21
-3.99624405511811
0
LINE
8
BLACK
6
CONTINUOUS
10
6.5122271653543304
20
-3.99624405511811
11
6.5106600393700784
21
-3.994676929133858
0
LINE
8
BLACK
6
CONTINUOUS
10
6.5106600393700784
20
-3.994676929133858
11
6.5106599999999997
21
-3.9946768897637792
0
LINE
8
BLACK
6
CONTINUOUS
10
6.5106599999999997
20
-3.9946768897637792
11
6.50661374015748
21
-3.9928903149606296
0
LINE
8
BLACK
6
CONTINUOUS
10
6.50661374015748
20
-3.9928903149606296
11
6.5066137795275587
21
-3.9928903149606296
0
LINE
8
BLACK
6
CONTINUOUS
10
6.5066137795275587
20
-3.9928903149606296
11
6.5056247244094489
21
-3.9927755905511808
0
LINE
8
BLACK
6
CONTINUOUS
10
6.5056247244094489
20
-3.9927755905511808
11
6.5038582677165353
21
-3.9927755905511808
0
LINE
8
BLACK
6
CONTINUOUS
10
6.5038582677165353
20
-3.9927755905511808
11
6.5038582677165353
21
-3.9927952755905509
0
LINE
8
BLACK
6
CONTINUOUS
10
6.5038582677165353
20
-3.9927952755905509
11
6.4424409448818896
21
-3.9927952755905509
0
LINE
8
BLACK
6
CONTINUOUS
10
6.4424409448818896
20
-3.9927952755905509
11
6.4424409448818896
21
-3.9927755905511808
0
LINE
8
BLACK
6
CONTINUOUS
10
6.4424409448818896
20
-3.9927755905511808
11
6.4406748031496059
21
-3.9927755905511808
0
LINE
8
BLACK
6
CONTINUOUS
10
6.4406748031496059
20
-3.9927755905511808
11
6.4406745275590547
21
-3.9927756299212596
0
LINE
8
BLACK
6
CONTINUOUS
10
6.4406745275590547
20
-3.9927756299212596
11
6.4396853937007874
21
-3.9928903149606296
0
LINE
8
BLACK
6
CONTINUOUS
10
6.4396853937007874
20
-3.9928903149606296
11
6.4396852362204724
21
-3.9928903937007871
0
LINE
8
BLACK
6
CONTINUOUS
10
6.4396852362204724
20
-3.9928903937007871
11
6.4356391338582677
21
-3.9946768897637792
0
LINE
8
BLACK
6
CONTINUOUS
10
6.4356391338582677
20
-3.9946768897637792
11
6.4325116141732286
21
-3.9978044094488188
0
LINE
8
BLACK
6
CONTINUOUS
10
6.4325116141732286
20
-3.9978044094488188
11
6.4325115748031498
21
-3.9978044881889763
0
LINE
8
BLACK
6
CONTINUOUS
10
6.4325115748031498
20
-3.9978044881889763
11
6.4318110236220472
21
-3.9993910629921259
0
LINE
8
BLACK
6
CONTINUOUS
10
6.4318110236220472
20
-3.9993910629921259
11
6.4318110236220472
21
-4.035412047244094
0
LINE
8
BLACK
6
CONTINUOUS
10
6.4318110236220472
20
-4.035412047244094
11
6.4325115354330711
21
-4.0369986220472436
0
LINE
8
BLACK
6
CONTINUOUS
10
6.4325115354330711
20
-4.0369986220472436
11
6.4356390551181102
21
-4.0401261417322836
0
LINE
8
BLACK
6
CONTINUOUS
10
6.4356390551181102
20
-4.0401261417322836
11
6.4356391338582677
21
-4.0401261811023623
0
LINE
8
BLACK
6
CONTINUOUS
10
6.4356391338582677
20
-4.0401261811023623
11
6.4356391732283464
21
-4.0401262204724411
0
LINE
8
BLACK
6
CONTINUOUS
10
6.4356391732283464
20
-4.0401262204724411
11
6.4396853937007874
21
-4.0419127952755902
0
LINE
8
BLACK
6
CONTINUOUS
10
6.4396853937007874
20
-4.0419127952755902
11
6.4406746062992122
21
-4.0420275590551178
0
LINE
8
BLACK
6
CONTINUOUS
10
6.4406746062992122
20
-4.0420275590551178
11
6.5056245669291339
21
-4.042027519685039
0
LINE
8
BLACK
6
CONTINUOUS
10
6.5056245669291339
20
-4.042027519685039
11
6.5066138188976375
21
-4.0419127952755902
0
LINE
8
BLACK
6
CONTINUOUS
10
6.5066138188976375
20
-4.0419127952755902
11
6.5106600393700784
21
-4.0401262204724411
0
LINE
8
BLACK
6
CONTINUOUS
10
6.5106600393700784
20
-4.0401262204724411
11
6.5122270472440942
21
-4.0385591732283466
0
LINE
8
BLACK
6
CONTINUOUS
10
6.5122270472440942
20
-4.0385591732283466
11
6.5146801574803144
21
-4.0372196850393696
0
LINE
8
BLACK
6
CONTINUOUS
10
6.5146801574803144
20
-4.0372196850393696
11
6.5157346850393703
21
-4.0371062992125983
0
LINE
8
BLACK
6
CONTINUOUS
10
6.5157346850393703
20
-4.0371062992125983
11
6.5508445275590548
21
-4.0371062992125983
0
LINE
8
BLACK
6
CONTINUOUS
10
6.5508445275590548
20
-4.0371062992125983
11
6.5535264566929134
21
-4.0378937795275593
0
LINE
8
BLACK
6
CONTINUOUS
10
6.5535264566929134
20
-4.0378937795275593
11
6.5547971653543309
21
-4.0390695275590547
0
LINE
8
BLACK
6
CONTINUOUS
10
6.5547971653543309
20
-4.0390695275590547
11
6.5568140551181102
21
-4.0417292125984252
0
LINE
8
BLACK
6
CONTINUOUS
10
6.5568140551181102
20
-4.0417292125984252
11
6.5615611811023618
21
-4.0453290551181098
0
LINE
8
BLACK
6
CONTINUOUS
10
6.5615611811023618
20
-4.0453290551181098
11
6.5615614173228343
21
-4.0453292125984248
0
LINE
8
BLACK
6
CONTINUOUS
10
6.5615614173228343
20
-4.0453292125984248
11
6.5631551181102363
21
-4.0459576771653545
0
LINE
8
BLACK
6
CONTINUOUS
10
6.5631551181102363
20
-4.0459576771653545
11
6.5671037795275593
21
-4.0475148425196847
0
LINE
8
BLACK
6
CONTINUOUS
10
6.5671037795275593
20
-4.0475148425196847
11
6.5671038188976381
21
-4.0475148425196847
0
LINE
8
BLACK
6
CONTINUOUS
10
6.5671038188976381
20
-4.0475148425196847
11
6.5671544488188971
21
-4.0475348031496061
0
LINE
8
BLACK
6
CONTINUOUS
10
6.5671544488188971
20
-4.0475348031496061
11
6.5678181496062988
21
-4.0480512204724413
0
LINE
8
BLACK
6
CONTINUOUS
10
6.5678181496062988
20
-4.0480512204724413
11
6.5685831496062992
21
-4.0484005905511813
0
LINE
8
BLACK
6
CONTINUOUS
10
6.5685831496062992
20
-4.0484005905511813
11
6.5688991338582676
21
-4.0488922834645669
0
LINE
8
BLACK
6
CONTINUOUS
10
6.5688991338582676
20
-4.0488922834645669
11
6.5693605118110234
21
-4.0492512598425199
0
LINE
8
BLACK
6
CONTINUOUS
10
6.5693605118110234
20
-4.0492512598425199
11
6.5696396850393697
21
-4.0500445669291336
0
LINE
8
BLACK
6
CONTINUOUS
10
6.5696396850393697
20
-4.0500445669291336
11
6.5700943307086614
21
-4.0507520078740153
0
LINE
8
BLACK
6
CONTINUOUS
10
6.5700943307086614
20
-4.0507520078740153
11
6.5702363779527557
21
-4.0517401574803147
0
LINE
8
BLACK
6
CONTINUOUS
10
6.5702363779527557
20
-4.0517401574803147
11
6.5702883858267711
21
-4.0518878740157476
0
LINE
8
BLACK
6
CONTINUOUS
10
6.5702883858267711
20
-4.0518878740157476
11
6.570295275590551
21
-4.0521495669291339
0
LINE
8
BLACK
6
CONTINUOUS
10
6.570295275590551
20
-4.0521495669291339
11
6.570295275590551
21
-4.0576978346456691
0
LINE
8
BLACK
6
CONTINUOUS
10
6.570295275590551
20
-4.0576978346456691
11
6.56950779527559
21
-4.0603797637795278
0
LINE
8
BLACK
6
CONTINUOUS
10
6.56950779527559
20
-4.0603797637795278
11
6.5673953543307082
21
-4.0622101968503932
0
LINE
8
BLACK
6
CONTINUOUS
10
6.5673953543307082
20
-4.0622101968503932
11
6.5671545275590546
21
-4.0623125984251969
0
LINE
8
BLACK
6
CONTINUOUS
10
6.5671545275590546
20
-4.0623125984251969
11
6.5648683464566924
21
-4.0632141338582679
0
LINE
8
BLACK
6
CONTINUOUS
10
6.5648683464566924
20
-4.0632141338582679
11
6.5648682677165349
21
-4.0632142125984254
0
LINE
8
BLACK
6
CONTINUOUS
10
6.5648682677165349
20
-4.0632142125984254
11
6.5601211417322833
21
-4.06681405511811
0
LINE
8
BLACK
6
CONTINUOUS
10
6.5601211417322833
20
-4.06681405511811
11
6.5565212992125979
21
-4.0715611811023624
0
LINE
8
BLACK
6
CONTINUOUS
10
6.5565212992125979
20
-4.0715611811023624
11
6.5565211811023625
21
-4.0715613385826774
0
LINE
8
BLACK
6
CONTINUOUS
10
6.5565211811023625
20
-4.0715613385826774
11
6.5546147637795276
21
-4.0763957086614173
0
LINE
8
BLACK
6
CONTINUOUS
10
6.5546147637795276
20
-4.0763957086614173
11
6.5528983070866138
21
-4.0786017322834649
0
LINE
8
BLACK
6
CONTINUOUS
10
6.5528983070866138
20
-4.0786017322834649
11
6.5502616535433074
21
-4.0795296062992126
0
LINE
8
BLACK
6
CONTINUOUS
10
6.5502616535433074
20
-4.0795296062992126
11
6.5475419291338577
21
-4.0788846456692909
0
LINE
8
BLACK
6
CONTINUOUS
10
6.5475419291338577
20
-4.0788846456692909
11
6.5456026377952758
21
-4.0768717322834647
0
LINE
8
BLACK
6
CONTINUOUS
10
6.5456026377952758
20
-4.0768717322834647
11
6.5453852362204721
21
-4.0763957086614173
0
LINE
8
BLACK
6
CONTINUOUS
10
6.5453852362204721
20
-4.0763957086614173
11
6.5434787795275593
21
-4.0715613385826774
0
LINE
8
BLACK
6
CONTINUOUS
10
6.5434787795275593
20
-4.0715613385826774
11
6.543478661417323
21
-4.0715611811023624
0
LINE
8
BLACK
6
CONTINUOUS
10
6.543478661417323
20
-4.0715611811023624
11
6.5398788188976376
21
-4.06681405511811
0
LINE
8
BLACK
6
CONTINUOUS
10
6.5398788188976376
20
-4.06681405511811
11
6.535131692913386
21
-4.0632142125984254
0
LINE
8
BLACK
6
CONTINUOUS
10
6.535131692913386
20
-4.0632142125984254
11
6.535131535433071
21
-4.0632140944881892
0
LINE
8
BLACK
6
CONTINUOUS
10
6.535131535433071
20
-4.0632140944881892
11
6.5295891338582672
21
-4.0610284251968505
0
LINE
8
BLACK
6
CONTINUOUS
10
6.5295891338582672
20
-4.0610284251968505
11
6.529589173228346
21
-4.0610284251968505
0
LINE
8
BLACK
6
CONTINUOUS
10
6.529589173228346
20
-4.0610284251968505
11
6.526106496062992
21
-4.0606102362204721
0
LINE
8
BLACK
6
CONTINUOUS
10
6.526106496062992
20
-4.0606102362204721
11
6.5261063779527557
21
-4.0606102362204721
0
LINE
8
BLACK
6
CONTINUOUS
10
6.5261063779527557
20
-4.0606102362204721
11
6.5020432283464569
21
-4.0606102362204721
0
LINE
8
BLACK
6
CONTINUOUS
10
6.5020432283464569
20
-4.0606102362204721
11
6.5020430708661419
21
-4.0606102362204721
0
LINE
8
BLACK
6
CONTINUOUS
10
6.5020430708661419
20
-4.0606102362204721
11
6.4985604330708657
21
-4.0610284251968505
0
LINE
8
BLACK
6
CONTINUOUS
10
6.4985604330708657
20
-4.0610284251968505
11
6.4930180314960628
21
-4.0632140944881892
0
LINE
8
BLACK
6
CONTINUOUS
10
6.4930180314960628
20
-4.0632140944881892
11
6.4930178740157478
21
-4.0632142125984254
0
LINE
8
BLACK
6
CONTINUOUS
10
6.4930178740157478
20
-4.0632142125984254
11
6.4882707480314963
21
-4.06681405511811
0
LINE
8
BLACK
6
CONTINUOUS
10
6.4882707480314963
20
-4.06681405511811
11
6.4846709055118108
21
-4.0715611811023624
0
LINE
8
BLACK
6
CONTINUOUS
10
6.4846709055118108
20
-4.0715611811023624
11
6.4846707874015745
21
-4.0715613385826774
0
LINE
8
BLACK
6
CONTINUOUS
10
6.4846707874015745
20
-4.0715613385826774
11
6.4824851181102359
21
-4.0771037401574803
0
LINE
8
BLACK
6
CONTINUOUS
10
6.4824851181102359
20
-4.0771037401574803
11
6.4820669291338584
21
-4.0805863779527556
0
LINE
8
BLACK
6
CONTINUOUS
10
6.4820669291338584
20
-4.0805863779527556
11
6.4820669291338584
21
-4.110120354330709
0
LINE
8
BLACK
6
CONTINUOUS
10
6.4820669291338584
20
-4.110120354330709
11
6.4812794488188974
21
-4.1128022834645668
0
LINE
8
BLACK
6
CONTINUOUS
10
6.4812794488188974
20
-4.1128022834645668
11
6.4791670078740156
21
-4.1146327165354331
0
LINE
8
BLACK
6
CONTINUOUS
10
6.4791670078740156
20
-4.1146327165354331
11
6.4790047244094486
21
-4.1147033464566931
0
LINE
8
BLACK
6
CONTINUOUS
10
6.4790047244094486
20
-4.1147033464566931
11
6.4769366141732281
21
-4.1155600000000003
0
LINE
8
BLACK
6
CONTINUOUS
10
6.4769366141732281
20
-4.1155600000000003
11
6.4769365748031493
21
-4.1155600000000003
0
LINE
8
BLACK
6
CONTINUOUS
10
6.4769365748031493
20
-4.1155600000000003
11
6.4724196062992121
21
-4.1185781496062992
0
LINE
8
BLACK
6
CONTINUOUS
10
6.4724196062992121
20
-4.1185781496062992
11
6.4724193700787396
21
-4.118578346456693
0
LINE
8
BLACK
6
CONTINUOUS
10
6.4724193700787396
20
-4.118578346456693
11
6.4685783464566926
21
-4.1224193700787399
0
LINE
8
BLACK
6
CONTINUOUS
10
6.4685783464566926
20
-4.1224193700787399
11
6.4685781496062988
21
-4.1224196062992124
0
LINE
8
BLACK
6
CONTINUOUS
10
6.4685781496062988
20
-4.1224196062992124
11
6.4655600393700787
21
-4.1269365748031497
0
LINE
8
BLACK
6
CONTINUOUS
10
6.4655600393700787
20
-4.1269365748031497
11
6.4634811417322835
21
-4.1319554330708659
0
LINE
8
BLACK
6
CONTINUOUS
10
6.4634811417322835
20
-4.1319554330708659
11
6.4634811023622047
21
-4.1319555511811021
0
LINE
8
BLACK
6
CONTINUOUS
10
6.4634811023622047
20
-4.1319555511811021
11
6.4624212598425199
21
-4.137283622047244
0
LINE
8
BLACK
6
CONTINUOUS
10
6.4624212598425199
20
-4.137283622047244
11
6.4624212598425199
21
-4.1427163385826766
0
LINE
8
BLACK
6
CONTINUOUS
10
6.4624212598425199
20
-4.1427163385826766
11
6.4634811023622047
21
-4.1480444094488185
0
LINE
8
BLACK
6
CONTINUOUS
10
6.4634811023622047
20
-4.1480444094488185
11
6.4634811417322835
21
-4.1480445275590547
0
LINE
8
BLACK
6
CONTINUOUS
10
6.4634811417322835
20
-4.1480445275590547
11
6.4641688188976376
21
-4.1497047244094487
0
LINE
8
BLACK
6
CONTINUOUS
10
6.4641688188976376
20
-4.1497047244094487
11
6.4655600393700787
21
-4.1530634251968506
0
LINE
8
BLACK
6
CONTINUOUS
10
6.4655600393700787
20
-4.1530634251968506
11
6.4675766535433068
21
-4.1560815354330707
0
LINE
8
BLACK
6
CONTINUOUS
10
6.4675766535433068
20
-4.1560815354330707
11
6.4685781496062988
21
-4.1575803543307082
0
LINE
8
BLACK
6
CONTINUOUS
10
6.4685781496062988
20
-4.1575803543307082
11
6.4685783464566926
21
-4.1575805905511807
0
LINE
8
BLACK
6
CONTINUOUS
10
6.4685783464566926
20
-4.1575805905511807
11
6.4724193700787396
21
-4.1614216141732285
0
LINE
8
BLACK
6
CONTINUOUS
10
6.4724193700787396
20
-4.1614216141732285
11
6.4724196062992121
21
-4.1614218110236223
0
LINE
8
BLACK
6
CONTINUOUS
10
6.4724196062992121
20
-4.1614218110236223
11
6.4769365748031493
21
-4.1644399606299212
0
LINE
8
BLACK
6
CONTINUOUS
10
6.4769365748031493
20
-4.1644399606299212
11
6.4819555905511805
21
-4.1665188976377951
0
LINE
8
BLACK
6
CONTINUOUS
10
6.4819555905511805
20
-4.1665188976377951
11
6.4872837401574799
21
-4.16757874015748
0
LINE
8
BLACK
6
CONTINUOUS
10
6.4872837401574799
20
-4.16757874015748
11
6.4872837795275586
21
-4.16757874015748
0
LINE
8
BLACK
6
CONTINUOUS
10
6.4872837795275586
20
-4.16757874015748
11
6.4927162204724409
21
-4.16757874015748
0
LINE
8
BLACK
6
CONTINUOUS
10
6.4927162204724409
20
-4.16757874015748
11
6.4927162598425197
21
-4.16757874015748
0
LINE
8
BLACK
6
CONTINUOUS
10
6.4927162598425197
20
-4.16757874015748
11
6.498044409448819
21
-4.1665188976377951
0
LINE
8
BLACK
6
CONTINUOUS
10
6.498044409448819
20
-4.1665188976377951
11
6.5030634251968502
21
-4.1644399606299212
0
LINE
8
BLACK
6
CONTINUOUS
10
6.5030634251968502
20
-4.1644399606299212
11
6.5075803937007874
21
-4.1614218110236223
0
LINE
8
BLACK
6
CONTINUOUS
10
6.5075803937007874
20
-4.1614218110236223
11
6.5114218110236219
21
-4.1575803937007869
0
LINE
8
BLACK
6
CONTINUOUS
10
6.5114218110236219
20
-4.1575803937007869
11
6.5144399606299208
21
-4.1530634251968506
0
LINE
8
BLACK
6
CONTINUOUS
10
6.5144399606299208
20
-4.1530634251968506
11
6.5165188976377948
21
-4.1480444094488185
0
LINE
8
BLACK
6
CONTINUOUS
10
6.5165188976377948
20
-4.1480444094488185
11
6.5165189370078735
21
-4.1480441338582672
0
LINE
8
BLACK
6
CONTINUOUS
10
6.5165189370078735
20
-4.1480441338582672
11
6.5165896456692911
21
-4.1478111811023624
0
LINE
8
BLACK
6
CONTINUOUS
10
6.5165896456692911
20
-4.1478111811023624
11
6.5166526377952758
21
-4.1478302755905512
0
LINE
8
BLACK
6
CONTINUOUS
10
6.5166526377952758
20
-4.1478302755905512
11
6.516856220472441
21
-4.1474409448818896
0
LINE
8
BLACK
6
CONTINUOUS
10
6.516856220472441
20
-4.1474409448818896
11
6.5170171259842515
21
-4.146701456692913
0
LINE
8
BLACK
6
CONTINUOUS
10
6.5170171259842515
20
-4.146701456692913
11
6.5177664566929137
21
-4.1457003937007872
0
LINE
8
BLACK
6
CONTINUOUS
10
6.5177664566929137
20
-4.1457003937007872
11
6.5178008661417319
21
-4.1456346850393704
0
LINE
8
BLACK
6
CONTINUOUS
10
6.5178008661417319
20
-4.1456346850393704
11
6.5178632677165353
21
-4.1455711417322831
0
LINE
8
BLACK
6
CONTINUOUS
10
6.5178632677165353
20
-4.1455711417322831
11
6.5225918110236218
21
-4.1408426771653541
0
LINE
8
BLACK
6
CONTINUOUS
10
6.5225918110236218
20
-4.1408426771653541
11
6.525045078740157
21
-4.1395031102362205
0
LINE
8
BLACK
6
CONTINUOUS
10
6.525045078740157
20
-4.1395031102362205
11
6.5259586220472441
21
-4.1394048818897637
0
LINE
8
BLACK
6
CONTINUOUS
10
6.5259586220472441
20
-4.1394048818897637
11
6.5259582677165353
21
-4.1393986220472438
0
LINE
8
BLACK
6
CONTINUOUS
10
6.5259582677165353
20
-4.1393986220472438
11
6.52609094488189
21
-4.1393906692913385
0
LINE
8
BLACK
6
CONTINUOUS
10
6.52609094488189
20
-4.1393906692913385
11
6.5260994881889767
21
-4.1393897637795272
0
LINE
8
BLACK
6
CONTINUOUS
10
6.5260994881889767
20
-4.1393897637795272
11
6.5261062598425195
21
-4.1393897637795272
0
LINE
8
BLACK
6
CONTINUOUS
10
6.5261062598425195
20
-4.1393897637795272
11
6.5261063779527557
21
-4.1393897637795272
0
LINE
8
BLACK
6
CONTINUOUS
10
6.5261063779527557
20
-4.1393897637795272
11
6.5295891338582672
21
-4.1389715354330709
0
LINE
8
BLACK
6
CONTINUOUS
10
6.5295891338582672
20
-4.1389715354330709
11
6.5351315748031498
21
-4.1367858661417323
0
LINE
8
BLACK
6
CONTINUOUS
10
6.5351315748031498
20
-4.1367858661417323
11
6.5398788188976376
21
-4.1331859055118105
0
LINE
8
BLACK
6
CONTINUOUS
10
6.5398788188976376
20
-4.1331859055118105
11
6.5434787795275593
21
-4.1284386614173227
0
LINE
8
BLACK
6
CONTINUOUS
10
6.5434787795275593
20
-4.1284386614173227
11
6.5453852362204721
21
-4.1236042519685041
0
LINE
8
BLACK
6
CONTINUOUS
10
6.5453852362204721
20
-4.1236042519685041
11
6.5471016929133858
21
-4.1213982283464565
0
LINE
8
BLACK
6
CONTINUOUS
10
6.5471016929133858
20
-4.1213982283464565
11
6.5497383464566932
21
-4.1204703543307089
0
LINE
8
BLACK
6
CONTINUOUS
10
6.5497383464566932
20
-4.1204703543307089
11
6.552458070866142
21
-4.1211152755905509
0
LINE
8
BLACK
6
CONTINUOUS
10
6.552458070866142
20
-4.1211152755905509
11
6.5543973622047247
21
-4.1231282283464568
0
LINE
8
BLACK
6
CONTINUOUS
10
6.5543973622047247
20
-4.1231282283464568
11
6.5546147637795276
21
-4.1236042519685041
0
LINE
8
BLACK
6
CONTINUOUS
10
6.5546147637795276
20
-4.1236042519685041
11
6.5565211811023625
21
-4.128438622047244
0
LINE
8
BLACK
6
CONTINUOUS
10
6.5565211811023625
20
-4.128438622047244
11
6.5565212992125979
21
-4.128438779527559
0
LINE
8
BLACK
6
CONTINUOUS
10
6.5565212992125979
20
-4.128438779527559
11
6.5601211417322833
21
-4.1331859055118105
0
LINE
8
BLACK
6
CONTINUOUS
10
6.5601211417322833
20
-4.1331859055118105
11
6.5648682677165349
21
-4.136785748031496
0
LINE
8
BLACK
6
CONTINUOUS
10
6.5648682677165349
20
-4.136785748031496
11
6.5648684251968499
21
-4.1367858661417323
0
LINE
8
BLACK
6
CONTINUOUS
10
6.5648684251968499
20
-4.1367858661417323
11
6.5704108267716537
21
-4.1389715354330709
0
LINE
8
BLACK
6
CONTINUOUS
10
6.5704108267716537
20
-4.1389715354330709
11
6.5704107874015749
21
-4.1389715354330709
0
LINE
8
BLACK
6
CONTINUOUS
10
6.5704107874015749
20
-4.1389715354330709
11
6.5715115748031492
21
-4.1391037007874019
0
LINE
8
BLACK
6
CONTINUOUS
10
6.5715115748031492
20
-4.1391037007874019
11
6.5738936220472439
21
-4.1393897637795272
0
LINE
8
BLACK
6
CONTINUOUS
10
6.5738936220472439
20
-4.1393897637795272
11
6.5738937401574802
21
-4.1393897637795272
0
LINE
8
BLACK
6
CONTINUOUS
10
6.5738937401574802
20
-4.1393897637795272
11
6.5951998031496064
21
-4.1393897637795272
0
LINE
8
BLACK
6
CONTINUOUS
10
6.5951998031496064
20
-4.1393897637795272
11
6.5978817322834642
21
-4.1401772440944882
0
LINE
8
BLACK
6
CONTINUOUS
10
6.5978817322834642
20
-4.1401772440944882
11
6.5997121653543305
21
-4.14228968503937
0
LINE
8
BLACK
6
CONTINUOUS
10
6.5997121653543305
20
-4.14228968503937
11
6.6001099606299212
21
-4.1450563779527556
0
LINE
8
BLACK
6
CONTINUOUS
10
6.6001099606299212
20
-4.1450563779527556
11
6.598948779527559
21
-4.1475988976377955
0
LINE
8
BLACK
6
CONTINUOUS
10
6.598948779527559
20
-4.1475988976377955
11
6.5987074803149603
21
-4.1478580708661417
0
LINE
8
BLACK
6
CONTINUOUS
10
6.5987074803149603
20
-4.1478580708661417
11
6.569219291338583
21
-4.1773462598425199
0
LINE
8
BLACK
6
CONTINUOUS
10
6.569219291338583
20
-4.1773462598425199
11
6.5667660629921256
21
-4.1786858661417323
0
LINE
8
BLACK
6
CONTINUOUS
10
6.5667660629921256
20
-4.1786858661417323
11
6.5657116141732281
21
-4.1787992125984248
0
LINE
8
BLACK
6
CONTINUOUS
10
6.5657116141732281
20
-4.1787992125984248
11
6.3912007874015746
21
-4.1787992125984248
0
LINE
8
BLACK
6
CONTINUOUS
10
6.3912007874015746
20
-4.1787992125984248
11
6.3885188582677168
21
-4.1780117322834647
0
LINE
8
BLACK
6
CONTINUOUS
10
6.3885188582677168
20
-4.1780117322834647
11
6.3866884251968505
21
-4.1758992913385828
0
LINE
8
BLACK
6
CONTINUOUS
10
6.3866884251968505
20
-4.1758992913385828
11
6.3862401574803149
21
-4.1738385826771651
0
LINE
8
BLACK
6
CONTINUOUS
10
6.3862401574803149
20
-4.1738385826771651
11
6.3862401574803149
21
-4.1478950393700789
0
LINE
8
BLACK
6
CONTINUOUS
10
6.3862401574803149
20
-4.1478950393700789
11
6.387027637795275
21
-4.1452131102362202
0
LINE
8
BLACK
6
CONTINUOUS
10
6.387027637795275
20
-4.1452131102362202
11
6.3876932283464569
21
-4.144387204724409
0
LINE
8
BLACK
6
CONTINUOUS
10
6.3876932283464569
20
-4.144387204724409
11
6.387909960629921
21
-4.1441703937007874
0
LINE
8
BLACK
6
CONTINUOUS
10
6.387909960629921
20
-4.1441703937007874
11
6.3879103149606298
21
-4.1441701574803149
0
LINE
8
BLACK
6
CONTINUOUS
10
6.3879103149606298
20
-4.1441701574803149
11
6.3915102755905506
21
-4.1394229133858262
0
LINE
8
BLACK
6
CONTINUOUS
10
6.3915102755905506
20
-4.1394229133858262
11
6.3936959448818893
21
-4.1338804724409446
0
LINE
8
BLACK
6
CONTINUOUS
10
6.3936959448818893
20
-4.1338804724409446
11
6.3941141732283464
21
-4.1303977165354331
0
LINE
8
BLACK
6
CONTINUOUS
10
6.3941141732283464
20
-4.1303977165354331
11
6.3941141732283464
21
-4.0896022834645667
0
LINE
8
BLACK
6
CONTINUOUS
10
6.3941141732283464
20
-4.0896022834645667
11
6.3936959448818893
21
-4.0861195275590552
0
LINE
8
BLACK
6
CONTINUOUS
10
6.3936959448818893
20
-4.0861195275590552
11
6.3932682677165351
21
-4.0850350393700783
0
LINE
8
BLACK
6
CONTINUOUS
10
6.3932682677165351
20
-4.0850350393700783
11
6.3915102755905506
21
-4.0805770866141735
0
LINE
8
BLACK
6
CONTINUOUS
10
6.3915102755905506
20
-4.0805770866141735
11
6.3915101574803153
21
-4.0805769291338585
0
LINE
8
BLACK
6
CONTINUOUS
10
6.3915101574803153
20
-4.0805769291338585
11
6.3879102362204723
21
-4.0758297244094486
0
LINE
8
BLACK
6
CONTINUOUS
10
6.3879102362204723
20
-4.0758297244094486
11
6.3876931102362207
21
-4.075612598425197
0
LINE
8
BLACK
6
CONTINUOUS
10
6.3876931102362207
20
-4.075612598425197
11
6.3863535039370074
21
-4.0731593700787396
0
LINE
8
BLACK
6
CONTINUOUS
10
6.3863535039370074
20
-4.0731593700787396
11
6.3862401574803149
21
-4.0721049212598421
0
LINE
8
BLACK
6
CONTINUOUS
10
6.3862401574803149
20
-4.0721049212598421
11
6.3862401574803149
21
-4.0469881496062987
0
LINE
8
BLACK
6
CONTINUOUS
10
6.3862401574803149
20
-4.0469881496062987
11
6.387027637795275
21
-4.0443062204724409
0
LINE
8
BLACK
6
CONTINUOUS
10
6.387027637795275
20
-4.0443062204724409
11
6.3891400787401578
21
-4.0424757874015746
0
LINE
8
BLACK
6
CONTINUOUS
10
6.3891400787401578
20
-4.0424757874015746
11
6.3912007874015746
21
-4.042027519685039
0
LINE
8
BLACK
6
CONTINUOUS
10
6.3912007874015746
20
-4.042027519685039
11
6.3993251968503939
21
-4.042027519685039
0
LINE
8
BLACK
6
CONTINUOUS
10
6.3993251968503939
20
-4.042027519685039
11
6.3993253543307089
21
-4.042027519685039
0
LINE
8
BLACK
6
CONTINUOUS
10
6.3993253543307089
20
-4.042027519685039
11
6.4003146062992124
21
-4.0419127952755902
0
LINE
8
BLACK
6
CONTINUOUS
10
6.4003146062992124
20
-4.0419127952755902
11
6.4043608267716534
21
-4.0401262204724411
0
LINE
8
BLACK
6
CONTINUOUS
10
6.4043608267716534
20
-4.0401262204724411
11
6.40748842519685
21
-4.0369986220472436
0
LINE
8
BLACK
6
CONTINUOUS
10
6.40748842519685
20
-4.0369986220472436
11
6.4081889763779527
21
-4.0354120078740152
0
LINE
8
BLACK
6
CONTINUOUS
10
6.4081889763779527
20
-4.0354120078740152
11
6.4081889763779527
21
-3.9877156692913385
0
LINE
8
BLACK
6
CONTINUOUS
10
6.4081889763779527
20
-3.9877156692913385
11
6.4082900393700788
21
-3.9861740157480314
0
LINE
8
BLACK
6
CONTINUOUS
10
6.4082900393700788
20
-3.9861740157480314
11
6.4090880314960632
21
-3.9831957874015749
0
LINE
8
BLACK
6
CONTINUOUS
10
6.4090880314960632
20
-3.9831957874015749
11
6.4093897244094489
21
-3.9826731889763778
0
LINE
8
BLACK
6
CONTINUOUS
10
6.4093897244094489
20
-3.9826731889763778
11
6.4093897244094489
21
-3.9654384251968504
0
LINE
8
BLACK
6
CONTINUOUS
10
6.4093897244094489
20
-3.9654384251968504
11
6.4092750000000001
21
-3.9644491732283464
0
LINE
8
BLACK
6
CONTINUOUS
10
6.4092750000000001
20
-3.9644491732283464
11
6.4084932677165352
21
-3.9626787401574801
0
LINE
8
BLACK
6
CONTINUOUS
10
6.4084932677165352
20
-3.9626787401574801
11
6.4083964173228347
21
-3.9620034645669291
0
LINE
8
BLACK
6
CONTINUOUS
10
6.4083964173228347
20
-3.9620034645669291
11
6.4085024015748031
21
-3.9612681102362202
0
LINE
8
BLACK
6
CONTINUOUS
10
6.4085024015748031
20
-3.9612681102362202
11
6.4084059448818893
21
-3.9605314566929133
0
LINE
8
BLACK
6
CONTINUOUS
10
6.4084059448818893
20
-3.9605314566929133
11
6.4087688976377954
21
-3.9592954330708658
0
LINE
8
BLACK
6
CONTINUOUS
10
6.4087688976377954
20
-3.9592954330708658
11
6.4092749606299213
21
-3.9581493307086615
0
LINE
8
BLACK
6
CONTINUOUS
10
6.4092749606299213
20
-3.9581493307086615
11
6.4092749212598426
21
-3.9581493307086615
0
LINE
8
BLACK
6
CONTINUOUS
10
6.4092749212598426
20
-3.9581493307086615
11
6.4092750000000001
21
-3.958149251968504
0
LINE
8
BLACK
6
CONTINUOUS
10
6.4092750000000001
20
-3.958149251968504
11
6.4093897637795276
21
-3.9571600393700788
0
LINE
8
BLACK
6
CONTINUOUS
10
6.4093897637795276
20
-3.9571600393700788
11
6.4093897244094489
21
-3.9329606692913384
0
LINE
8
BLACK
6
CONTINUOUS
10
6.4093897244094489
20
-3.9329606692913384
11
6.4093897244094489
21
-3.9280368503937009
0
LINE
8
BLACK
6
CONTINUOUS
10
6.4093897244094489
20
-3.9280368503937009
11
6.4092750000000001
21
-3.9270475984251969
0
LINE
8
BLACK
6
CONTINUOUS
10
6.4092750000000001
20
-3.9270475984251969
11
6.4082876771653545
21
-3.9248114960629921
0
LINE
8
BLACK
6
CONTINUOUS
10
6.4082876771653545
20
-3.9248114960629921
11
6.40748842519685
21
-3.9230013385826772
0
LINE
8
BLACK
6
CONTINUOUS
10
6.40748842519685
20
-3.9230013385826772
11
6.4043609055118109
21
-3.9198738188976376
0
LINE
8
BLACK
6
CONTINUOUS
10
6.4043609055118109
20
-3.9198738188976376
11
6.4043608267716534
21
-3.9198737795275589
0
LINE
8
BLACK
6
CONTINUOUS
10
6.4043608267716534
20
-3.9198737795275589
11
6.4003145275590549
21
-3.9180871653543305
0
LINE
8
BLACK
6
CONTINUOUS
10
6.4003145275590549
20
-3.9180871653543305
11
6.4003145669291337
21
-3.9180871653543305
0
LINE
8
BLACK
6
CONTINUOUS
10
6.4003145669291337
20
-3.9180871653543305
11
6.399325511811023
21
-3.9179724409448817
0
LINE
8
BLACK
6
CONTINUOUS
10
6.399325511811023
20
-3.9179724409448817
11
6.3343755905511809
21
-3.9179724409448817
0
LINE
8
BLACK
6
CONTINUOUS
10
6.3343755905511809
20
-3.9179724409448817
11
6.3343753149606297
21
-3.9179724803149605
0
LINE
8
BLACK
6
CONTINUOUS
10
6.3343753149606297
20
-3.9179724803149605
11
6.3333861811023624
21
-3.9180871653543305
0
LINE
8
BLACK
6
CONTINUOUS
10
6.3333861811023624
20
-3.9180871653543305
11
6.3333860236220474
21
-3.9180872440944881
0
LINE
8
BLACK
6
CONTINUOUS
10
6.3333860236220474
20
-3.9180872440944881
11
6.3323742125984248
21
-3.9185340157480315
0
LINE
8
BLACK
6
CONTINUOUS
10
6.3323742125984248
20
-3.9185340157480315
11
6.3303705118110232
21
-3.9189566929133859
0
LINE
8
BLACK
6
CONTINUOUS
10
6.3303705118110232
20
-3.9189566929133859
11
6.3010398031496058
21
-3.9189566929133859
0
LINE
8
BLACK
6
CONTINUOUS
10
6.3010398031496058
20
-3.9189566929133859
11
6.298357874015748
21
-3.9181692125984253
0
LINE
8
BLACK
6
CONTINUOUS
10
6.298357874015748
20
-3.9181692125984253
11
6.2980424015748033
21
-3.9179487007874014
0
LINE
8
BLACK
6
CONTINUOUS
10
6.2980424015748033
20
-3.9179487007874014
11
6.2948924803149602
21
-3.9155600393700785
0
LINE
8
BLACK
6
CONTINUOUS
10
6.2948924803149602
20
-3.9155600393700785
11
6.2930449606299215
21
-3.9141590157480315
0
LINE
8
BLACK
6
CONTINUOUS
10
6.2930449606299215
20
-3.9141590157480315
11
6.2902737401574802
21
-3.9130661811023622
0
LINE
8
BLACK
6
CONTINUOUS
10
6.2902737401574802
20
-3.9130661811023622
11
6.2875025984251964
21
-3.9119733858267716
0
LINE
8
BLACK
6
CONTINUOUS
10
6.2875025984251964
20
-3.9119733858267716
11
6.2875024015748027
21
-3.9119733464566928
0
LINE
8
BLACK
6
CONTINUOUS
10
6.2875024015748027
20
-3.9119733464566928
11
6.2845700787401571
21
-3.911621220472441
0
LINE
8
BLACK
6
CONTINUOUS
10
6.2845700787401571
20
-3.911621220472441
11
6.2840196456692912
21
-3.9115551181102362
0
LINE
8
BLACK
6
CONTINUOUS
10
6.2840196456692912
20
-3.9115551181102362
11
6.2840196062992124
21
-3.9115551181102362
0
LINE
8
BLACK
6
CONTINUOUS
10
6.2840196062992124
20
-3.9115551181102362
11
6.1959805511811021
21
-3.9115551181102362
0
LINE
8
BLACK
6
CONTINUOUS
10
6.1959805511811021
20
-3.9115551181102362
11
6.1959801968503934
21
-3.9115551574803149
0
LINE
8
BLACK
6
CONTINUOUS
10
6.1959801968503934
20
-3.9115551574803149
11
6.1924974803149606
21
-3.9119733464566928
0
LINE
8
BLACK
6
CONTINUOUS
10
6.1924974803149606
20
-3.9119733464566928
11
6.1869550787401577
21
-3.9141589763779527
0
LINE
8
BLACK
6
CONTINUOUS
10
6.1869550787401577
20
-3.9141589763779527
11
6.1822077952755903
21
-3.9177589763779528
0
LINE
8
BLACK
6
CONTINUOUS
10
6.1822077952755903
20
-3.9177589763779528
11
6.1786077952755907
21
-3.9225062598425198
0
LINE
8
BLACK
6
CONTINUOUS
10
6.1786077952755907
20
-3.9225062598425198
11
6.1764222047244095
21
-3.9280485433070864
0
LINE
8
BLACK
6
CONTINUOUS
10
6.1764222047244095
20
-3.9280485433070864
11
6.1764221653543308
21
-3.9280487401574802
0
LINE
8
BLACK
6
CONTINUOUS
10
6.1764221653543308
20
-3.9280487401574802
11
6.1760039370078736
21
-3.9315314566929134
0
LINE
8
BLACK
6
CONTINUOUS
10
6.1760039370078736
20
-3.9315314566929134
11
6.1760039370078736
21
-3.9585068110236219
0
LINE
8
BLACK
6
CONTINUOUS
10
6.1760039370078736
20
-3.9585068110236219
11
6.1756580708661417
21
-3.9596846062992124
0
LINE
8
BLACK
6
CONTINUOUS
10
6.1756580708661417
20
-3.9596846062992124
11
6.1753971653543305
21
-3.9608841732283464
0
LINE
8
BLACK
6
CONTINUOUS
10
6.1753971653543305
20
-3.9608841732283464
11
6.1752469685039371
21
-3.9610848031496064
0
LINE
8
BLACK
6
CONTINUOUS
10
6.1752469685039371
20
-3.9610848031496064
11
6.1752164566929135
21
-3.9611887401574801
0
LINE
8
BLACK
6
CONTINUOUS
10
6.1752164566929135
20
-3.9611887401574801
11
6.1745510236220467
21
-3.9620144881889763
0
LINE
8
BLACK
6
CONTINUOUS
10
6.1745510236220467
20
-3.9620144881889763
11
6.1716602362204727
21
-3.9649053149606299
0
LINE
8
BLACK
6
CONTINUOUS
10
6.1716602362204727
20
-3.9649053149606299
11
6.1692070078740153
21
-3.9662448818897635
0
LINE
8
BLACK
6
CONTINUOUS
10
6.1692070078740153
20
-3.9662448818897635
11
6.1681525196850391
21
-3.9663582677165352
0
LINE
8
BLACK
6
CONTINUOUS
10
6.1681525196850391
20
-3.9663582677165352
11
6.1473703937007871
21
-3.9663582677165352
0
LINE
8
BLACK
6
CONTINUOUS
10
6.1473703937007871
20
-3.9663582677165352
11
6.1453666929133854
21
-3.9659355905511808
0
LINE
8
BLACK
6
CONTINUOUS
10
6.1453666929133854
20
-3.9659355905511808
11
6.1421255511811026
21
-3.9645044881889762
0
LINE
8
BLACK
6
CONTINUOUS
10
6.1421255511811026
20
-3.9645044881889762
11
6.1421255905511813
21
-3.9645044881889762
0
LINE
8
BLACK
6
CONTINUOUS
10
6.1421255905511813
20
-3.9645044881889762
11
6.1411365354330707
21
-3.9643897637795273
0
LINE
8
BLACK
6
CONTINUOUS
10
6.1411365354330707
20
-3.9643897637795273
11
6.113981889763779
21
-3.9643897637795273
0
LINE
8
BLACK
6
CONTINUOUS
10
6.113981889763779
20
-3.9643897637795273
11
6.1139816141732286
21
-3.9643898031496061
0
LINE
8
BLACK
6
CONTINUOUS
10
6.1139816141732286
20
-3.9643898031496061
11
6.1129924803149605
21
-3.9645044881889762
0
LINE
8
BLACK
6
CONTINUOUS
10
6.1129924803149605
20
-3.9645044881889762
11
6.1129923228346454
21
-3.9645045669291337
0
LINE
8
BLACK
6
CONTINUOUS
10
6.1129923228346454
20
-3.9645045669291337
11
6.1089462204724407
21
-3.9662910629921257
0
LINE
8
BLACK
6
CONTINUOUS
10
6.1089462204724407
20
-3.9662910629921257
11
6.1058186220472441
21
-3.9694186614173228
0
LINE
8
BLACK
6
CONTINUOUS
10
6.1058186220472441
20
-3.9694186614173228
11
6.1045379527559049
21
-3.9723192125984252
0
LINE
8
BLACK
6
CONTINUOUS
10
6.1045379527559049
20
-3.9723192125984252
11
6.1027342913385825
21
-3.9744545275590548
0
LINE
8
BLACK
6
CONTINUOUS
10
6.1027342913385825
20
-3.9744545275590548
11
6.1000624803149606
21
-3.9752757480314962
0
LINE
8
BLACK
6
CONTINUOUS
10
6.1000624803149606
20
-3.9752757480314962
11
6.0973708661417323
21
-3.9745221259842518
0
LINE
8
BLACK
6
CONTINUOUS
10
6.0973708661417323
20
-3.9745221259842518
11
6.0955139763779522
21
-3.9724329133858265
0
LINE
8
BLACK
6
CONTINUOUS
10
6.0955139763779522
20
-3.9724329133858265
11
6.0954620472440944
21
-3.9723192125984252
0
LINE
8
BLACK
6
CONTINUOUS
10
6.0954620472440944
20
-3.9723192125984252
11
6.0941813385826773
21
-3.9694186614173228
0
LINE
8
BLACK
6
CONTINUOUS
10
6.0941813385826773
20
-3.9694186614173228
11
6.0910538188976373
21
-3.9662911417322833
0
LINE
8
BLACK
6
CONTINUOUS
10
6.0910538188976373
20
-3.9662911417322833
11
6.0910537401574798
21
-3.9662911023622045
0
LINE
8
BLACK
6
CONTINUOUS
10
6.0910537401574798
20
-3.9662911023622045
11
6.0870074409448813
21
-3.9645044881889762
0
LINE
8
BLACK
6
CONTINUOUS
10
6.0870074409448813
20
-3.9645044881889762
11
6.0870074803149601
21
-3.9645044881889762
0
LINE
8
BLACK
6
CONTINUOUS
10
6.0870074803149601
20
-3.9645044881889762
11
6.0860184251968503
21
-3.9643897637795273
0
LINE
8
BLACK
6
CONTINUOUS
10
6.0860184251968503
20
-3.9643897637795273
11
6.0588637795275586
21
-3.9643897637795273
0
LINE
8
BLACK
6
CONTINUOUS
10
6.0588637795275586
20
-3.9643897637795273
11
6.0588635039370073
21
-3.9643898031496061
0
LINE
8
BLACK
6
CONTINUOUS
10
6.0588635039370073
20
-3.9643898031496061
11
6.0578743700787401
21
-3.9645044881889762
0
LINE
8
BLACK
6
CONTINUOUS
10
6.0578743700787401
20
-3.9645044881889762
11
6.0578742125984251
21
-3.9645045669291337
0
LINE
8
BLACK
6
CONTINUOUS
10
6.0578742125984251
20
-3.9645045669291337
11
6.0538281102362204
21
-3.9662910629921257
0
LINE
8
BLACK
6
CONTINUOUS
10
6.0538281102362204
20
-3.9662910629921257
11
6.0538280314960629
21
-3.9662911417322833
0
LINE
8
BLACK
6
CONTINUOUS
10
6.0538280314960629
20
-3.9662911417322833
11
6.0512768897637796
21
-3.9688423228346457
0
LINE
8
BLACK
6
CONTINUOUS
10
6.0512768897637796
20
-3.9688423228346457
11
6.0488236614173223
21
-3.970181929133858
0
LINE
8
BLACK
6
CONTINUOUS
10
6.0488236614173223
20
-3.970181929133858
11
6.0477692125984248
21
-3.970295275590551
0
LINE
8
BLACK
6
CONTINUOUS
10
6.0477692125984248
20
-3.970295275590551
11
6.0225942125984249
21
-3.970295275590551
0
LINE
8
BLACK
6
CONTINUOUS
10
6.0225942125984249
20
-3.970295275590551
11
6.017405826771653
21
-3.970295275590551
0
LINE
8
BLACK
6
CONTINUOUS
10
6.017405826771653
20
-3.970295275590551
11
6.0147202362204721
21
-3.971014842519685
0
LINE
8
BLACK
6
CONTINUOUS
10
6.0147202362204721
20
-3.971014842519685
11
6.0123943307086609
21
-3.9716380708661418
0
LINE
8
BLACK
6
CONTINUOUS
10
6.0123943307086609
20
-3.9716380708661418
11
6.0123940551181105
21
-3.9716381889763777
0
LINE
8
BLACK
6
CONTINUOUS
10
6.0123940551181105
20
-3.9716381889763777
11
6.0079011417322832
21
-3.9742321653543304
0
LINE
8
BLACK
6
CONTINUOUS
10
6.0079011417322832
20
-3.9742321653543304
11
6.0079009055118107
21
-3.9742323622047242
0
LINE
8
BLACK
6
CONTINUOUS
10
6.0079009055118107
20
-3.9742323622047242
11
6.0053192519685039
21
-3.9768140551181101
0
LINE
8
BLACK
6
CONTINUOUS
10
6.0053192519685039
20
-3.9768140551181101
11
5.9977003543307088
21
-3.9844329133858265
0
LINE
8
BLACK
6
CONTINUOUS
10
5.9977003543307088
20
-3.9844329133858265
11
5.995247204724409
21
-3.9857724409448818
0
LINE
8
BLACK
6
CONTINUOUS
10
5.995247204724409
20
-3.9857724409448818
11
5.9941927559055115
21
-3.9858858267716535
0
LINE
8
BLACK
6
CONTINUOUS
10
5.9941927559055115
20
-3.9858858267716535
11
5.9596021259842518
21
-3.9858858267716535
0
LINE
8
BLACK
6
CONTINUOUS
10
5.9596021259842518
20
-3.9858858267716535
11
5.9561194881889765
21
-3.9863040157480314
0
LINE
8
BLACK
6
CONTINUOUS
10
5.9561194881889765
20
-3.9863040157480314
11
5.9505770866141727
21
-3.9884896850393701
0
LINE
8
BLACK
6
CONTINUOUS
10
5.9505770866141727
20
-3.9884896850393701
11
5.9505769291338577
21
-3.9884898031496063
0
LINE
8
BLACK
6
CONTINUOUS
10
5.9505769291338577
20
-3.9884898031496063
11
5.9458298031496062
21
-3.9920896456692914
0
LINE
8
BLACK
6
CONTINUOUS
10
5.9458298031496062
20
-3.9920896456692914
11
5.9430665354330712
21
-3.9957336220472439
0
LINE
8
BLACK
6
CONTINUOUS
10
5.9430665354330712
20
-3.9957336220472439
11
5.9408185826771653
21
-3.9973947637795275
0
LINE
8
BLACK
6
CONTINUOUS
10
5.9408185826771653
20
-3.9973947637795275
11
5.9391138976377951
21
-3.9976968503937007
0
LINE
8
BLACK
6
CONTINUOUS
10
5.9391138976377951
20
-3.9976968503937007
11
5.9208861023622044
21
-3.9976968503937007
0
LINE
8
BLACK
6
CONTINUOUS
10
5.9208861023622044
20
-3.9976968503937007
11
5.9182041732283466
21
-3.9969093700787401
0
LINE
8
BLACK
6
CONTINUOUS
10
5.9182041732283466
20
-3.9969093700787401
11
5.9169334645669291
21
-3.9957336220472439
0
LINE
8
BLACK
6
CONTINUOUS
10
5.9169334645669291
20
-3.9957336220472439
11
5.9141701574803145
21
-3.9920896456692914
0
LINE
8
BLACK
6
CONTINUOUS
10
5.9141701574803145
20
-3.9920896456692914
11
5.909423031496063
21
-3.9884898031496063
0
LINE
8
BLACK
6
CONTINUOUS
10
5.909423031496063
20
-3.9884898031496063
11
5.909422874015748
21
-3.9884896850393701
0
LINE
8
BLACK
6
CONTINUOUS
10
5.909422874015748
20
-3.9884896850393701
11
5.903880472440945
21
-3.9863040157480314
0
LINE
8
BLACK
6
CONTINUOUS
10
5.903880472440945
20
-3.9863040157480314
11
5.9038805118110238
21
-3.9863040157480314
0
LINE
8
BLACK
6
CONTINUOUS
10
5.9038805118110238
20
-3.9863040157480314
11
5.9003978346456689
21
-3.9858858267716535
0
LINE
8
BLACK
6
CONTINUOUS
10
5.9003978346456689
20
-3.9858858267716535
11
5.9003977165354327
21
-3.9858858267716535
0
LINE
8
BLACK
6
CONTINUOUS
10
5.9003977165354327
20
-3.9858858267716535
11
5.8596022834645671
21
-3.9858858267716535
0
LINE
8
BLACK
6
CONTINUOUS
10
5.8596022834645671
20
-3.9858858267716535
11
5.8596021259842521
21
-3.9858858267716535
0
LINE
8
BLACK
6
CONTINUOUS
10
5.8596021259842521
20
-3.9858858267716535
11
5.856119488188976
21
-3.9863040157480314
0
LINE
8
BLACK
6
CONTINUOUS
10
5.856119488188976
20
-3.9863040157480314
11
5.8505770866141731
21
-3.9884896850393701
0
LINE
8
BLACK
6
CONTINUOUS
10
5.8505770866141731
20
-3.9884896850393701
11
5.8505769291338581
21
-3.9884898031496063
0
LINE
8
BLACK
6
CONTINUOUS
10
5.8505769291338581
20
-3.9884898031496063
11
5.8458298031496065
21
-3.9920896456692914
0
LINE
8
BLACK
6
CONTINUOUS
10
5.8458298031496065
20
-3.9920896456692914
11
5.8430665354330706
21
-3.9957336220472439
0
LINE
8
BLACK
6
CONTINUOUS
10
5.8430665354330706
20
-3.9957336220472439
11
5.8429322047244092
21
-3.9958328346456691
0
LINE
8
BLACK
6
CONTINUOUS
10
5.8429322047244092
20
-3.9958328346456691
11
5.842862874015748
21
-3.9959847244094489
0
LINE
8
BLACK
6
CONTINUOUS
10
5.842862874015748
20
-3.9959847244094489
11
5.8418180314960626
21
-3.9966561811023622
0
LINE
8
BLACK
6
CONTINUOUS
10
5.8418180314960626
20
-3.9966561811023622
11
5.8408185826771648
21
-3.9973947637795275
0
LINE
8
BLACK
6
CONTINUOUS
10
5.8408185826771648
20
-3.9973947637795275
11
5.8406118110236216
21
-3.9974313779527559
0
LINE
8
BLACK
6
CONTINUOUS
10
5.8406118110236216
20
-3.9974313779527559
11
5.8405114566929131
21
-3.9974959055118111
0
LINE
8
BLACK
6
CONTINUOUS
10
5.8405114566929131
20
-3.9974959055118111
11
5.8391138976377954
21
-3.9976968503937007
0
LINE
8
BLACK
6
CONTINUOUS
10
5.8391138976377954
20
-3.9976968503937007
11
5.8328937007874018
21
-3.9976968503937007
0
LINE
8
BLACK
6
CONTINUOUS
10
5.8328937007874018
20
-3.9976968503937007
11
5.8302117716535431
21
-3.9969093700787401
0
LINE
8
BLACK
6
CONTINUOUS
10
5.8302117716535431
20
-3.9969093700787401
11
5.8283813385826768
21
-3.9947969291338583
0
LINE
8
BLACK
6
CONTINUOUS
10
5.8283813385826768
20
-3.9947969291338583
11
5.8279330708661412
21
-3.992736220472441
0
LINE
8
BLACK
6
CONTINUOUS
10
5.8279330708661412
20
-3.992736220472441
11
5.8279330708661412
21
-3.990586653543307
0
LINE
8
BLACK
6
CONTINUOUS
10
5.8279330708661412
20
-3.990586653543307
11
5.8279330708661412
21
-3.9905865354330707
0
LINE
8
BLACK
6
CONTINUOUS
10
5.8279330708661412
20
-3.9905865354330707
11
5.827514842519685
21
-3.9871037795275588
0
LINE
8
BLACK
6
CONTINUOUS
10
5.827514842519685
20
-3.9871037795275588
11
5.8272850787401573
21
-3.9865211811023622
0
LINE
8
BLACK
6
CONTINUOUS
10
5.8272850787401573
20
-3.9865211811023622
11
5.8253291732283463
21
-3.9815613385826771
0
LINE
8
BLACK
6
CONTINUOUS
10
5.8253291732283463
20
-3.9815613385826771
11
5.8253290551181101
21
-3.9815611811023621
0
LINE
8
BLACK
6
CONTINUOUS
10
5.8253290551181101
20
-3.9815611811023621
11
5.8217292125984255
21
-3.9768140551181101
0
LINE
8
BLACK
6
CONTINUOUS
10
5.8217292125984255
20
-3.9768140551181101
11
5.816982086614173
21
-3.9732142125984251
0
LINE
8
BLACK
6
CONTINUOUS
10
5.816982086614173
20
-3.9732142125984251
11
5.816981929133858
21
-3.9732140944881889
0
LINE
8
BLACK
6
CONTINUOUS
10
5.816981929133858
20
-3.9732140944881889
11
5.8114395275590551
21
-3.9710284251968502
0
LINE
8
BLACK
6
CONTINUOUS
10
5.8114395275590551
20
-3.9710284251968502
11
5.8114395669291339
21
-3.9710284251968502
0
LINE
8
BLACK
6
CONTINUOUS
10
5.8114395669291339
20
-3.9710284251968502
11
5.807956889763779
21
-3.9706102362204723
0
LINE
8
BLACK
6
CONTINUOUS
10
5.807956889763779
20
-3.9706102362204723
11
5.8079567716535427
21
-3.9706102362204723
0
LINE
8
BLACK
6
CONTINUOUS
10
5.8079567716535427
20
-3.9706102362204723
11
5.7838936220472439
21
-3.9706102362204723
0
LINE
8
BLACK
6
CONTINUOUS
10
5.7838936220472439
20
-3.9706102362204723
11
5.7838934645669289
21
-3.9706102362204723
0
LINE
8
BLACK
6
CONTINUOUS
10
5.7838934645669289
20
-3.9706102362204723
11
5.7804108267716536
21
-3.9710284251968502
0
LINE
8
BLACK
6
CONTINUOUS
10
5.7804108267716536
20
-3.9710284251968502
11
5.7748684251968498
21
-3.9732140944881889
0
LINE
8
BLACK
6
CONTINUOUS
10
5.7748684251968498
20
-3.9732140944881889
11
5.7748682677165357
21
-3.9732142125984251
0
LINE
8
BLACK
6
CONTINUOUS
10
5.7748682677165357
20
-3.9732142125984251
11
5.7701211417322833
21
-3.9768140551181101
0
LINE
8
BLACK
6
CONTINUOUS
10
5.7701211417322833
20
-3.9768140551181101
11
5.7665212992125987
21
-3.9815611811023621
0
LINE
8
BLACK
6
CONTINUOUS
10
5.7665212992125987
20
-3.9815611811023621
11
5.7665211811023624
21
-3.9815613385826771
0
LINE
8
BLACK
6
CONTINUOUS
10
5.7665211811023624
20
-3.9815613385826771
11
5.7646147637795275
21
-3.986395708661417
0
LINE
8
BLACK
6
CONTINUOUS
10
5.7646147637795275
20
-3.986395708661417
11
5.7628983070866138
21
-3.9886017322834646
0
LINE
8
BLACK
6
CONTINUOUS
10
5.7628983070866138
20
-3.9886017322834646
11
5.7602616535433073
21
-3.9895296062992127
0
LINE
8
BLACK
6
CONTINUOUS
10
5.7602616535433073
20
-3.9895296062992127
11
5.7575419291338585
21
-3.9888846456692915
0
LINE
8
BLACK
6
CONTINUOUS
10
5.7575419291338585
20
-3.9888846456692915
11
5.7556026377952758
21
-3.9868717322834644
0
LINE
8
BLACK
6
CONTINUOUS
10
5.7556026377952758
20
-3.9868717322834644
11
5.755385236220472
21
-3.986395708661417
0
LINE
8
BLACK
6
CONTINUOUS
10
5.755385236220472
20
-3.986395708661417
11
5.7534787795275593
21
-3.9815613385826771
0
LINE
8
BLACK
6
CONTINUOUS
10
5.7534787795275593
20
-3.9815613385826771
11
5.753478661417323
21
-3.9815611811023621
0
LINE
8
BLACK
6
CONTINUOUS
10
5.753478661417323
20
-3.9815611811023621
11
5.7498788188976375
21
-3.9768140551181101
0
LINE
8
BLACK
6
CONTINUOUS
10
5.7498788188976375
20
-3.9768140551181101
11
5.745131692913386
21
-3.9732142125984251
0
LINE
8
BLACK
6
CONTINUOUS
10
5.745131692913386
20
-3.9732142125984251
11
5.745131535433071
21
-3.9732140944881889
0
LINE
8
BLACK
6
CONTINUOUS
10
5.745131535433071
20
-3.9732140944881889
11
5.7395891338582672
21
-3.9710284251968502
0
LINE
8
BLACK
6
CONTINUOUS
10
5.7395891338582672
20
-3.9710284251968502
11
5.7395891732283459
21
-3.9710284251968502
0
LINE
8
BLACK
6
CONTINUOUS
10
5.7395891732283459
20
-3.9710284251968502
11
5.7361064960629919
21
-3.9706102362204723
0
LINE
8
BLACK
6
CONTINUOUS
10
5.7361064960629919
20
-3.9706102362204723
11
5.7361063779527557
21
-3.9706102362204723
0
LINE
8
BLACK
6
CONTINUOUS
10
5.7361063779527557
20
-3.9706102362204723
11
5.7120432283464568
21
-3.9706102362204723
0
LINE
8
BLACK
6
CONTINUOUS
10
5.7120432283464568
20
-3.9706102362204723
11
5.7120430708661418
21
-3.9706102362204723
0
LINE
8
BLACK
6
CONTINUOUS
10
5.7120430708661418
20
-3.9706102362204723
11
5.7085604330708657
21
-3.9710284251968502
0
LINE
8
BLACK
6
CONTINUOUS
10
5.7085604330708657
20
-3.9710284251968502
11
5.7030180314960628
21
-3.9732140944881889
0
LINE
8
BLACK
6
CONTINUOUS
10
5.7030180314960628
20
-3.9732140944881889
11
5.7030178740157478
21
-3.9732142125984251
0
LINE
8
BLACK
6
CONTINUOUS
10
5.7030178740157478
20
-3.9732142125984251
11
5.6982707480314962
21
-3.9768140551181101
0
LINE
8
BLACK
6
CONTINUOUS
10
5.6982707480314962
20
-3.9768140551181101
11
5.6946709055118108
21
-3.9815611811023621
0
LINE
8
BLACK
6
CONTINUOUS
10
5.6946709055118108
20
-3.9815611811023621
11
5.6946707874015745
21
-3.9815613385826771
0
LINE
8
BLACK
6
CONTINUOUS
10
5.6946707874015745
20
-3.9815613385826771
11
5.6924851181102358
21
-3.98710374015748
0
LINE
8
BLACK
6
CONTINUOUS
10
5.6924851181102358
20
-3.98710374015748
11
5.6922105511811019
21
-3.9893906299212598
0
LINE
8
BLACK
6
CONTINUOUS
10
5.6922105511811019
20
-3.9893906299212598
11
5.6921868897637795
21
-3.989445708661417
0
LINE
8
BLACK
6
CONTINUOUS
10
5.6921868897637795
20
-3.989445708661417
11
5.6921954724409449
21
-3.9895051968503936
0
LINE
8
BLACK
6
CONTINUOUS
10
5.6921954724409449
20
-3.9895051968503936
11
5.6916379527559053
21
-3.9907259055118107
0
LINE
8
BLACK
6
CONTINUOUS
10
5.6916379527559053
20
-3.9907259055118107
11
5.6911089763779525
21
-3.9919595275590551
0
LINE
8
BLACK
6
CONTINUOUS
10
5.6911089763779525
20
-3.9919595275590551
11
5.6910591732283464
21
-3.9919931496062993
0
LINE
8
BLACK
6
CONTINUOUS
10
5.6910591732283464
20
-3.9919931496062993
11
5.6910342913385827
21
-3.9920477165354331
0
LINE
8
BLACK
6
CONTINUOUS
10
5.6910342913385827
20
-3.9920477165354331
11
5.6899058661417321
21
-3.9927729133858265
0
LINE
8
BLACK
6
CONTINUOUS
10
5.6899058661417321
20
-3.9927729133858265
11
5.6887933858267719
21
-3.9935250393700787
0
LINE
8
BLACK
6
CONTINUOUS
10
5.6887933858267719
20
-3.9935250393700787
11
5.6887170472440944
21
-3.9935368897637793
0
LINE
8
BLACK
6
CONTINUOUS
10
5.6887170472440944
20
-3.9935368897637793
11
5.6886828740157478
21
-3.9935588976377954
0
LINE
8
BLACK
6
CONTINUOUS
10
5.6886828740157478
20
-3.9935588976377954
11
5.6872853149606302
21
-3.993759842519685
0
LINE
8
BLACK
6
CONTINUOUS
10
5.6872853149606302
20
-3.993759842519685
11
5.677895078740157
21
-3.993759842519685
0
LINE
8
BLACK
6
CONTINUOUS
10
5.677895078740157
20
-3.993759842519685
11
5.6752131496062992
21
-3.9929723622047244
0
LINE
8
BLACK
6
CONTINUOUS
10
5.6752131496062992
20
-3.9929723622047244
11
5.674387401574803
21
-3.9923068897637792
0
LINE
8
BLACK
6
CONTINUOUS
10
5.674387401574803
20
-3.9923068897637792
11
5.6741702362204727
21
-3.9920897244094489
0
LINE
8
BLACK
6
CONTINUOUS
10
5.6741702362204727
20
-3.9920897244094489
11
5.6694230314960627
21
-3.9884898031496063
0
LINE
8
BLACK
6
CONTINUOUS
10
5.6694230314960627
20
-3.9884898031496063
11
5.6694228740157477
21
-3.9884896850393701
0
LINE
8
BLACK
6
CONTINUOUS
10
5.6694228740157477
20
-3.9884896850393701
11
5.6638804724409448
21
-3.9863040157480314
0
LINE
8
BLACK
6
CONTINUOUS
10
5.6638804724409448
20
-3.9863040157480314
11
5.6638805118110236
21
-3.9863040157480314
0
LINE
8
BLACK
6
CONTINUOUS
10
5.6638805118110236
20
-3.9863040157480314
11
5.6603978346456696
21
-3.9858858267716535
0
LINE
8
BLACK
6
CONTINUOUS
10
5.6603978346456696
20
-3.9858858267716535
11
5.6603977165354333
21
-3.9858858267716535
0
LINE
8
BLACK
6
CONTINUOUS
10
5.6603977165354333
20
-3.9858858267716535
11
5.6196022834645669
21
-3.9858858267716535
0
LINE
8
BLACK
6
CONTINUOUS
10
5.6196022834645669
20
-3.9858858267716535
11
5.6196021259842519
21
-3.9858858267716535
0
LINE
8
BLACK
6
CONTINUOUS
10
5.6196021259842519
20
-3.9858858267716535
11
5.6161194881889767
21
-3.9863040157480314
0
LINE
8
BLACK
6
CONTINUOUS
10
5.6161194881889767
20
-3.9863040157480314
11
5.6105770866141729
21
-3.9884896850393701
0
LINE
8
BLACK
6
CONTINUOUS
10
5.6105770866141729
20
-3.9884896850393701
11
5.6105769291338579
21
-3.9884898031496063
0
LINE
8
BLACK
6
CONTINUOUS
10
5.6105769291338579
20
-3.9884898031496063
11
5.6058297244094488
21
-3.9920897244094489
0
LINE
8
BLACK
6
CONTINUOUS
10
5.6058297244094488
20
-3.9920897244094489
11
5.6056125984251963
21
-3.9923068897637792
0
LINE
8
BLACK
6
CONTINUOUS
10
5.6056125984251963
20
-3.9923068897637792
11
5.6031593700787399
21
-3.993646496062992
0
LINE
8
BLACK
6
CONTINUOUS
10
5.6031593700787399
20
-3.993646496062992
11
5.6021049212598424
21
-3.993759842519685
0
LINE
8
BLACK
6
CONTINUOUS
10
5.6021049212598424
20
-3.993759842519685
11
5.5678950787401575
21
-3.993759842519685
0
LINE
8
BLACK
6
CONTINUOUS
10
5.5678950787401575
20
-3.993759842519685
11
5.5652131496062989
21
-3.9929723622047244
0
LINE
8
BLACK
6
CONTINUOUS
10
5.5652131496062989
20
-3.9929723622047244
11
5.5643874015748027
21
-3.9923068897637792
0
LINE
8
BLACK
6
CONTINUOUS
10
5.5643874015748027
20
-3.9923068897637792
11
5.5641702362204724
21
-3.9920897244094489
0
LINE
8
BLACK
6
CONTINUOUS
10
5.5641702362204724
20
-3.9920897244094489
11
5.5594230314960624
21
-3.9884898031496063
0
LINE
8
BLACK
6
CONTINUOUS
10
5.5594230314960624
20
-3.9884898031496063
11
5.5594228740157483
21
-3.9884896850393701
0
LINE
8
BLACK
6
CONTINUOUS
10
5.5594228740157483
20
-3.9884896850393701
11
5.5538804724409445
21
-3.9863040157480314
0
LINE
8
BLACK
6
CONTINUOUS
10
5.5538804724409445
20
-3.9863040157480314
11
5.5538805118110233
21
-3.9863040157480314
0
LINE
8
BLACK
6
CONTINUOUS
10
5.5538805118110233
20
-3.9863040157480314
11
5.5503978346456693
21
-3.9858858267716535
0
LINE
8
BLACK
6
CONTINUOUS
10
5.5503978346456693
20
-3.9858858267716535
11
5.550397716535433
21
-3.9858858267716535
0
LINE
8
BLACK
6
CONTINUOUS
10
5.550397716535433
20
-3.9858858267716535
11
5.5096022834645666
21
-3.9858858267716535
0
LINE
8
BLACK
6
CONTINUOUS
10
5.5096022834645666
20
-3.9858858267716535
11
5.5096021259842516
21
-3.9858858267716535
0
LINE
8
BLACK
6
CONTINUOUS
10
5.5096021259842516
20
-3.9858858267716535
11
5.5061194881889763
21
-3.9863040157480314
0
LINE
8
BLACK
6
CONTINUOUS
10
5.5061194881889763
20
-3.9863040157480314
11
5.5005770866141734
21
-3.9884896850393701
0
LINE
8
BLACK
6
CONTINUOUS
10
5.5005770866141734
20
-3.9884896850393701
11
5.5005769291338584
21
-3.9884898031496063
0
LINE
8
BLACK
6
CONTINUOUS
10
5.5005769291338584
20
-3.9884898031496063
11
5.4958297244094485
21
-3.9920897244094489
0
LINE
8
BLACK
6
CONTINUOUS
10
5.4958297244094485
20
-3.9920897244094489
11
5.4956125984251969
21
-3.9923068897637792
0
LINE
8
BLACK
6
CONTINUOUS
10
5.4956125984251969
20
-3.9923068897637792
11
5.4931593700787404
21
-3.993646496062992
0
LINE
8
BLACK
6
CONTINUOUS
10
5.4931593700787404
20
-3.993646496062992
11
5.4921049212598421
21
-3.993759842519685
0
LINE
8
BLACK
6
CONTINUOUS
10
5.4921049212598421
20
-3.993759842519685
11
5.47271468503937
21
-3.993759842519685
0
LINE
8
BLACK
6
CONTINUOUS
10
5.47271468503937
20
-3.993759842519685
11
5.4700327559055113
21
-3.9929723622047244
0
LINE
8
BLACK
6
CONTINUOUS
10
5.4700327559055113
20
-3.9929723622047244
11
5.4682023228346459
21
-3.9908599212598426
0
LINE
8
BLACK
6
CONTINUOUS
10
5.4682023228346459
20
-3.9908599212598426
11
5.4677894488188974
21
-3.9893906299212598
0
LINE
8
BLACK
6
CONTINUOUS
10
5.4677894488188974
20
-3.9893906299212598
11
5.4676812598425197
21
-3.9884898031496063
0
LINE
8
BLACK
6
CONTINUOUS
10
5.4676812598425197
20
-3.9884898031496063
11
5.4675148425196847
21
-3.9871037795275588
0
LINE
8
BLACK
6
CONTINUOUS
10
5.4675148425196847
20
-3.9871037795275588
11
5.467285078740157
21
-3.9865211811023622
0
LINE
8
BLACK
6
CONTINUOUS
10
5.467285078740157
20
-3.9865211811023622
11
5.465329173228346
21
-3.9815613385826771
0
LINE
8
BLACK
6
CONTINUOUS
10
5.465329173228346
20
-3.9815613385826771
11
5.4653290551181097
21
-3.9815611811023621
0
LINE
8
BLACK
6
CONTINUOUS
10
5.4653290551181097
20
-3.9815611811023621
11
5.4617292125984251
21
-3.9768140551181101
0
LINE
8
BLACK
6
CONTINUOUS
10
5.4617292125984251
20
-3.9768140551181101
11
5.4569820866141727
21
-3.9732142125984251
0
LINE
8
BLACK
6
CONTINUOUS
10
5.4569820866141727
20
-3.9732142125984251
11
5.4569819291338577
21
-3.9732140944881889
0
LINE
8
BLACK
6
CONTINUOUS
10
5.4569819291338577
20
-3.9732140944881889
11
5.4514395275590548
21
-3.9710284251968502
0
LINE
8
BLACK
6
CONTINUOUS
10
5.4514395275590548
20
-3.9710284251968502
11
5.4514395669291336
21
-3.9710284251968502
0
LINE
8
BLACK
6
CONTINUOUS
10
5.4514395669291336
20
-3.9710284251968502
11
5.4479568897637796
21
-3.9706102362204723
0
LINE
8
BLACK
6
CONTINUOUS
10
5.4479568897637796
20
-3.9706102362204723
11
5.4479567716535433
21
-3.9706102362204723
0
LINE
8
BLACK
6
CONTINUOUS
10
5.4479567716535433
20
-3.9706102362204723
11
5.4238936220472436
21
-3.9706102362204723
0
LINE
8
BLACK
6
CONTINUOUS
10
5.4238936220472436
20
-3.9706102362204723
11
5.4238934645669294
21
-3.9706102362204723
0
LINE
8
BLACK
6
CONTINUOUS
10
5.4238934645669294
20
-3.9706102362204723
11
5.4204108267716533
21
-3.9710284251968502
0
LINE
8
BLACK
6
CONTINUOUS
10
5.4204108267716533
20
-3.9710284251968502
11
5.4148684251968504
21
-3.9732140944881889
0
LINE
8
BLACK
6
CONTINUOUS
10
5.4148684251968504
20
-3.9732140944881889
11
5.4148682677165354
21
-3.9732142125984251
0
LINE
8
BLACK
6
CONTINUOUS
10
5.4148682677165354
20
-3.9732142125984251
11
5.410121141732283
21
-3.9768140551181101
0
LINE
8
BLACK
6
CONTINUOUS
10
5.410121141732283
20
-3.9768140551181101
11
5.4065212992125984
21
-3.9815611811023621
0
LINE
8
BLACK
6
CONTINUOUS
10
5.4065212992125984
20
-3.9815611811023621
11
5.4065211811023621
21
-3.9815613385826771
0
LINE
8
BLACK
6
CONTINUOUS
10
5.4065211811023621
20
-3.9815613385826771
11
5.4046147637795272
21
-3.986395708661417
0
LINE
8
BLACK
6
CONTINUOUS
10
5.4046147637795272
20
-3.986395708661417
11
5.4028983070866143
21
-3.9886017322834646
0
LINE
8
BLACK
6
CONTINUOUS
10
5.4028983070866143
20
-3.9886017322834646
11
5.400261653543307
21
-3.9895296062992127
0
LINE
8
BLACK
6
CONTINUOUS
10
5.400261653543307
20
-3.9895296062992127
11
5.3975419291338582
21
-3.9888846456692915
0
LINE
8
BLACK
6
CONTINUOUS
10
5.3975419291338582
20
-3.9888846456692915
11
5.3956026377952755
21
-3.9868717322834644
0
LINE
8
BLACK
6
CONTINUOUS
10
5.3956026377952755
20
-3.9868717322834644
11
5.3953852362204726
21
-3.986395708661417
0
LINE
8
BLACK
6
CONTINUOUS
10
5.3953852362204726
20
-3.986395708661417
11
5.3934787795275589
21
-3.9815613385826771
0
LINE
8
BLACK
6
CONTINUOUS
10
5.3934787795275589
20
-3.9815613385826771
11
5.3934786614173227
21
-3.9815611811023621
0
LINE
8
BLACK
6
CONTINUOUS
10
5.3934786614173227
20
-3.9815611811023621
11
5.3898788188976381
21
-3.9768140551181101
0
LINE
8
BLACK
6
CONTINUOUS
10
5.3898788188976381
20
-3.9768140551181101
11
5.3851316929133857
21
-3.9732142125984251
0
LINE
8
BLACK
6
CONTINUOUS
10
5.3851316929133857
20
-3.9732142125984251
11
5.3851315354330707
21
-3.9732140944881889
0
LINE
8
BLACK
6
CONTINUOUS
10
5.3851315354330707
20
-3.9732140944881889
11
5.3795891338582678
21
-3.9710284251968502
0
LINE
8
BLACK
6
CONTINUOUS
10
5.3795891338582678
20
-3.9710284251968502
11
5.3795891732283465
21
-3.9710284251968502
0
LINE
8
BLACK
6
CONTINUOUS
10
5.3795891732283465
20
-3.9710284251968502
11
5.3761064960629916
21
-3.9706102362204723
0
LINE
8
BLACK
6
CONTINUOUS
10
5.3761064960629916
20
-3.9706102362204723
11
5.3761063779527554
21
-3.9706102362204723
0
LINE
8
BLACK
6
CONTINUOUS
10
5.3761063779527554
20
-3.9706102362204723
11
5.3520432283464565
21
-3.9706102362204723
0
LINE
8
BLACK
6
CONTINUOUS
10
5.3520432283464565
20
-3.9706102362204723
11
5.3520430708661415
21
-3.9706102362204723
0
LINE
8
BLACK
6
CONTINUOUS
10
5.3520430708661415
20
-3.9706102362204723
11
5.3485604330708663
21
-3.9710284251968502
0
LINE
8
BLACK
6
CONTINUOUS
10
5.3485604330708663
20
-3.9710284251968502
11
5.3430180314960625
21
-3.9732140944881889
0
LINE
8
BLACK
6
CONTINUOUS
10
5.3430180314960625
20
-3.9732140944881889
11
5.3430178740157483
21
-3.9732142125984251
0
LINE
8
BLACK
6
CONTINUOUS
10
5.3430178740157483
20
-3.9732142125984251
11
5.3382707480314959
21
-3.9768140551181101
0
LINE
8
BLACK
6
CONTINUOUS
10
5.3382707480314959
20
-3.9768140551181101
11
5.3346709055118113
21
-3.9815611811023621
0
LINE
8
BLACK
6
CONTINUOUS
10
5.3346709055118113
20
-3.9815611811023621
11
5.3346708661417326
21
-3.9815612598425196
0
LINE
8
BLACK
6
CONTINUOUS
10
5.3346708661417326
20
-3.9815612598425196
11
5.3346708267716538
21
-3.9815612992125984
0
LINE
8
BLACK
6
CONTINUOUS
10
5.3346708267716538
20
-3.9815612992125984
11
5.3346708267716538
21
-3.9815613385826771
0
LINE
8
BLACK
6
CONTINUOUS
10
5.3346708267716538
20
-3.9815613385826771
11
5.3344093700787401
21
-3.9822244094488188
0
LINE
8
BLACK
6
CONTINUOUS
10
5.3344093700787401
20
-3.9822244094488188
11
5.334017716535433
21
-3.9832175196850392
0
LINE
8
BLACK
6
CONTINUOUS
10
5.334017716535433
20
-3.9832175196850392
11
5.3323012204724405
21
-3.9854235433070864
0
LINE
8
BLACK
6
CONTINUOUS
10
5.3323012204724405
20
-3.9854235433070864
11
5.329664566929134
21
-3.9863513779527557
0
LINE
8
BLACK
6
CONTINUOUS
10
5.329664566929134
20
-3.9863513779527557
11
5.3294029527559053
21
-3.9863582677165352
0
LINE
8
BLACK
6
CONTINUOUS
10
5.3294029527559053
20
-3.9863582677165352
11
5.294628661417323
21
-3.9863582677165352
0
LINE
8
BLACK
6
CONTINUOUS
10
5.294628661417323
20
-3.9863582677165352
11
5.2940372047244093
21
-3.9863228740157481
0
LINE
8
BLACK
6
CONTINUOUS
10
5.2940372047244093
20
-3.9863228740157481
11
5.2903978346456695
21
-3.9858858267716535
0
LINE
8
BLACK
6
CONTINUOUS
10
5.2903978346456695
20
-3.9858858267716535
11
5.2903977165354332
21
-3.9858858267716535
0
LINE
8
BLACK
6
CONTINUOUS
10
5.2903977165354332
20
-3.9858858267716535
11
5.2496022834645668
21
-3.9858858267716535
0
LINE
8
BLACK
6
CONTINUOUS
10
5.2496022834645668
20
-3.9858858267716535
11
5.2496021259842518
21
-3.9858858267716535
0
LINE
8
BLACK
6
CONTINUOUS
10
5.2496021259842518
20
-3.9858858267716535
11
5.2461194881889766
21
-3.9863040157480314
0
LINE
8
BLACK
6
CONTINUOUS
10
5.2461194881889766
20
-3.9863040157480314
11
5.2405770866141728
21
-3.9884896850393701
0
LINE
8
BLACK
6
CONTINUOUS
10
5.2405770866141728
20
-3.9884896850393701
11
5.2405769291338578
21
-3.9884898031496063
0
LINE
8
BLACK
6
CONTINUOUS
10
5.2405769291338578
20
-3.9884898031496063
11
5.2358297244094487
21
-3.9920897244094489
0
LINE
8
BLACK
6
CONTINUOUS
10
5.2358297244094487
20
-3.9920897244094489
11
5.2356125984251971
21
-3.9923068897637792
0
LINE
8
BLACK
6
CONTINUOUS
10
5.2356125984251971
20
-3.9923068897637792
11
5.2345350787401577
21
-3.9928952362204724
0
LINE
8
BLACK
6
CONTINUOUS
10
5.2345350787401577
20
-3.9928952362204724
11
5.2335024803149608
21
-3.9935588976377954
0
LINE
8
BLACK
6
CONTINUOUS
10
5.2335024803149608
20
-3.9935588976377954
11
5.233254488188976
21
-3.993594527559055
0
LINE
8
BLACK
6
CONTINUOUS
10
5.233254488188976
20
-3.993594527559055
11
5.2331593700787398
21
-3.993646496062992
0
LINE
8
BLACK
6
CONTINUOUS
10
5.2331593700787398
20
-3.993646496062992
11
5.2321049212598423
21
-3.993759842519685
0
LINE
8
BLACK
6
CONTINUOUS
10
5.2321049212598423
20
-3.993759842519685
11
5.22271468503937
21
-3.993759842519685
0
LINE
8
BLACK
6
CONTINUOUS
10
5.22271468503937
20
-3.993759842519685
11
5.2200327559055113
21
-3.9929723622047244
0
LINE
8
BLACK
6
CONTINUOUS
10
5.2200327559055113
20
-3.9929723622047244
11
5.2182023228346459
21
-3.9908599212598426
0
LINE
8
BLACK
6
CONTINUOUS
10
5.2182023228346459
20
-3.9908599212598426
11
5.2177894488188974
21
-3.9893906299212598
0
LINE
8
BLACK
6
CONTINUOUS
10
5.2177894488188974
20
-3.9893906299212598
11
5.2176812598425197
21
-3.9884898031496063
0
LINE
8
BLACK
6
CONTINUOUS
10
5.2176812598425197
20
-3.9884898031496063
11
5.2175148425196847
21
-3.9871037795275588
0
LINE
8
BLACK
6
CONTINUOUS
10
5.2175148425196847
20
-3.9871037795275588
11
5.217285078740157
21
-3.9865211811023622
0
LINE
8
BLACK
6
CONTINUOUS
10
5.217285078740157
20
-3.9865211811023622
11
5.215329173228346
21
-3.9815613385826771
0
LINE
8
BLACK
6
CONTINUOUS
10
5.215329173228346
20
-3.9815613385826771
11
5.2153290551181097
21
-3.9815611811023621
0
LINE
8
BLACK
6
CONTINUOUS
10
5.2153290551181097
20
-3.9815611811023621
11
5.2117292125984251
21
-3.9768140551181101
0
LINE
8
BLACK
6
CONTINUOUS
10
5.2117292125984251
20
-3.9768140551181101
11
5.2069820866141727
21
-3.9732142125984251
0
LINE
8
BLACK
6
CONTINUOUS
10
5.2069820866141727
20
-3.9732142125984251
11
5.2069819291338577
21
-3.9732140944881889
0
LINE
8
BLACK
6
CONTINUOUS
10
5.2069819291338577
20
-3.9732140944881889
11
5.2014395275590548
21
-3.9710284251968502
0
LINE
8
BLACK
6
CONTINUOUS
10
5.2014395275590548
20
-3.9710284251968502
11
5.2014395669291336
21
-3.9710284251968502
0
LINE
8
BLACK
6
CONTINUOUS
10
5.2014395669291336
20
-3.9710284251968502
11
5.1979568897637796
21
-3.9706102362204723
0
LINE
8
BLACK
6
CONTINUOUS
10
5.1979568897637796
20
-3.9706102362204723
11
5.1979567716535433
21
-3.9706102362204723
0
LINE
8
BLACK
6
CONTINUOUS
10
5.1979567716535433
20
-3.9706102362204723
11
5.1738936220472436
21
-3.9706102362204723
0
LINE
8
BLACK
6
CONTINUOUS
10
5.1738936220472436
20
-3.9706102362204723
11
5.1738934645669294
21
-3.9706102362204723
0
LINE
8
BLACK
6
CONTINUOUS
10
5.1738934645669294
20
-3.9706102362204723
11
5.1704108267716533
21
-3.9710284251968502
0
LINE
8
BLACK
6
CONTINUOUS
10
5.1704108267716533
20
-3.9710284251968502
11
5.1648684251968504
21
-3.9732140944881889
0
LINE
8
BLACK
6
CONTINUOUS
10
5.1648684251968504
20
-3.9732140944881889
11
5.1648682677165354
21
-3.9732142125984251
0
LINE
8
BLACK
6
CONTINUOUS
10
5.1648682677165354
20
-3.9732142125984251
11
5.160121141732283
21
-3.9768140551181101
0
LINE
8
BLACK
6
CONTINUOUS
10
5.160121141732283
20
-3.9768140551181101
11
5.1565212992125984
21
-3.9815611811023621
0
LINE
8
BLACK
6
CONTINUOUS
10
5.1565212992125984
20
-3.9815611811023621
11
5.1565211811023621
21
-3.9815613385826771
0
LINE
8
BLACK
6
CONTINUOUS
10
5.1565211811023621
20
-3.9815613385826771
11
5.1546147637795272
21
-3.986395708661417
0
LINE
8
BLACK
6
CONTINUOUS
10
5.1546147637795272
20
-3.986395708661417
11
5.1528983070866143
21
-3.9886017322834646
0
LINE
8
BLACK
6
CONTINUOUS
10
5.1528983070866143
20
-3.9886017322834646
11
5.150261653543307
21
-3.9895296062992127
0
LINE
8
BLACK
6
CONTINUOUS
10
5.150261653543307
20
-3.9895296062992127
11
5.1475419291338582
21
-3.9888846456692915
0
LINE
8
BLACK
6
CONTINUOUS
10
5.1475419291338582
20
-3.9888846456692915
11
5.1456026377952755
21
-3.9868717322834644
0
LINE
8
BLACK
6
CONTINUOUS
10
5.1456026377952755
20
-3.9868717322834644
11
5.1453852362204726
21
-3.986395708661417
0
LINE
8
BLACK
6
CONTINUOUS
10
5.1453852362204726
20
-3.986395708661417
11
5.1434787795275589
21
-3.9815613385826771
0
LINE
8
BLACK
6
CONTINUOUS
10
5.1434787795275589
20
-3.9815613385826771
11
5.1434786614173227
21
-3.9815611811023621
0
LINE
8
BLACK
6
CONTINUOUS
10
5.1434786614173227
20
-3.9815611811023621
11
5.1398788188976381
21
-3.9768140551181101
0
LINE
8
BLACK
6
CONTINUOUS
10
5.1398788188976381
20
-3.9768140551181101
11
5.1351316929133857
21
-3.9732142125984251
0
LINE
8
BLACK
6
CONTINUOUS
10
5.1351316929133857
20
-3.9732142125984251
11
5.1351315354330707
21
-3.9732140944881889
0
LINE
8
BLACK
6
CONTINUOUS
10
5.1351315354330707
20
-3.9732140944881889
11
5.1295891338582678
21
-3.9710284251968502
0
LINE
8
BLACK
6
CONTINUOUS
10
5.1295891338582678
20
-3.9710284251968502
11
5.1295891732283465
21
-3.9710284251968502
0
LINE
8
BLACK
6
CONTINUOUS
10
5.1295891732283465
20
-3.9710284251968502
11
5.1261064960629916
21
-3.9706102362204723
0
LINE
8
BLACK
6
CONTINUOUS
10
5.1261064960629916
20
-3.9706102362204723
11
5.1261063779527554
21
-3.9706102362204723
0
LINE
8
BLACK
6
CONTINUOUS
10
5.1261063779527554
20
-3.9706102362204723
11
5.1020432283464565
21
-3.9706102362204723
0
LINE
8
BLACK
6
CONTINUOUS
10
5.1020432283464565
20
-3.9706102362204723
11
5.1020430708661415
21
-3.9706102362204723
0
LINE
8
BLACK
6
CONTINUOUS
10
5.1020430708661415
20
-3.9706102362204723
11
5.0985604330708663
21
-3.9710284251968502
0
LINE
8
BLACK
6
CONTINUOUS
10
5.0985604330708663
20
-3.9710284251968502
11
5.0930180314960625
21
-3.9732140944881889
0
LINE
8
BLACK
6
CONTINUOUS
10
5.0930180314960625
20
-3.9732140944881889
11
5.0930178740157483
21
-3.9732142125984251
0
LINE
8
BLACK
6
CONTINUOUS
10
5.0930178740157483
20
-3.9732142125984251
11
5.0882707480314959
21
-3.9768140551181101
0
LINE
8
BLACK
6
CONTINUOUS
10
5.0882707480314959
20
-3.9768140551181101
11
5.0846709055118113
21
-3.9815611811023621
0
LINE
8
BLACK
6
CONTINUOUS
10
5.0846709055118113
20
-3.9815611811023621
11
5.0846707874015751
21
-3.9815613385826771
0
LINE
8
BLACK
6
CONTINUOUS
10
5.0846707874015751
20
-3.9815613385826771
11
5.0824851181102364
21
-3.98710374015748
0
LINE
8
BLACK
6
CONTINUOUS
10
5.0824851181102364
20
-3.98710374015748
11
5.0822105511811024
21
-3.9893906299212598
0
LINE
8
BLACK
6
CONTINUOUS
10
5.0822105511811024
20
-3.9893906299212598
11
5.0811089763779522
21
-3.9919595275590551
0
LINE
8
BLACK
6
CONTINUOUS
10
5.0811089763779522
20
-3.9919595275590551
11
5.0787933858267715
21
-3.9935250393700787
0
LINE
8
BLACK
6
CONTINUOUS
10
5.0787933858267715
20
-3.9935250393700787
11
5.0772853149606298
21
-3.993759842519685
0
LINE
8
BLACK
6
CONTINUOUS
10
5.0772853149606298
20
-3.993759842519685
11
5.0578950787401578
21
-3.993759842519685
0
LINE
8
BLACK
6
CONTINUOUS
10
5.0578950787401578
20
-3.993759842519685
11
5.0552131496062991
21
-3.9929723622047244
0
LINE
8
BLACK
6
CONTINUOUS
10
5.0552131496062991
20
-3.9929723622047244
11
5.0543874015748029
21
-3.9923068897637792
0
LINE
8
BLACK
6
CONTINUOUS
10
5.0543874015748029
20
-3.9923068897637792
11
5.0541702362204726
21
-3.9920897244094489
0
LINE
8
BLACK
6
CONTINUOUS
10
5.0541702362204726
20
-3.9920897244094489
11
5.0494230314960626
21
-3.9884898031496063
0
LINE
8
BLACK
6
CONTINUOUS
10
5.0494230314960626
20
-3.9884898031496063
11
5.0494228740157476
21
-3.9884896850393701
0
LINE
8
BLACK
6
CONTINUOUS
10
5.0494228740157476
20
-3.9884896850393701
11
5.0438804724409447
21
-3.9863040157480314
0
LINE
8
BLACK
6
CONTINUOUS
10
5.0438804724409447
20
-3.9863040157480314
11
5.0438805118110235
21
-3.9863040157480314
0
LINE
8
BLACK
6
CONTINUOUS
10
5.0438805118110235
20
-3.9863040157480314
11
5.0403978346456695
21
-3.9858858267716535
0
LINE
8
BLACK
6
CONTINUOUS
10
5.0403978346456695
20
-3.9858858267716535
11
5.0403977165354332
21
-3.9858858267716535
0
LINE
8
BLACK
6
CONTINUOUS
10
5.0403977165354332
20
-3.9858858267716535
11
4.9996022834645668
21
-3.9858858267716535
0
LINE
8
BLACK
6
CONTINUOUS
10
4.9996022834645668
20
-3.9858858267716535
11
4.9996021259842518
21
-3.9858858267716535
0
LINE
8
BLACK
6
CONTINUOUS
10
4.9996021259842518
20
-3.9858858267716535
11
4.9961194881889766
21
-3.9863040157480314
0
LINE
8
BLACK
6
CONTINUOUS
10
4.9961194881889766
20
-3.9863040157480314
11
4.9905770866141728
21
-3.9884896850393701
0
LINE
8
BLACK
6
CONTINUOUS
10
4.9905770866141728
20
-3.9884896850393701
11
4.9905769291338578
21
-3.9884898031496063
0
LINE
8
BLACK
6
CONTINUOUS
10
4.9905769291338578
20
-3.9884898031496063
11
4.9858297244094487
21
-3.9920897244094489
0
LINE
8
BLACK
6
CONTINUOUS
10
4.9858297244094487
20
-3.9920897244094489
11
4.9856125984251971
21
-3.9923068897637792
0
LINE
8
BLACK
6
CONTINUOUS
10
4.9856125984251971
20
-3.9923068897637792
11
4.9831593700787398
21
-3.993646496062992
0
LINE
8
BLACK
6
CONTINUOUS
10
4.9831593700787398
20
-3.993646496062992
11
4.9821049212598423
21
-3.993759842519685
0
LINE
8
BLACK
6
CONTINUOUS
10
4.9821049212598423
20
-3.993759842519685
11
4.9686398818897635
21
-3.993759842519685
0
LINE
8
BLACK
6
CONTINUOUS
10
4.9686398818897635
20
-3.993759842519685
11
4.9659579527559057
21
-3.9929723622047244
0
LINE
8
BLACK
6
CONTINUOUS
10
4.9659579527559057
20
-3.9929723622047244
11
4.9641275196850394
21
-3.9908599212598426
0
LINE
8
BLACK
6
CONTINUOUS
10
4.9641275196850394
20
-3.9908599212598426
11
4.9637146456692909
21
-3.9893906299212598
0
LINE
8
BLACK
6
CONTINUOUS
10
4.9637146456692909
20
-3.9893906299212598
11
4.9636064566929132
21
-3.9884898031496063
0
LINE
8
BLACK
6
CONTINUOUS
10
4.9636064566929132
20
-3.9884898031496063
11
4.963440039370079
21
-3.9871037795275588
0
LINE
8
BLACK
6
CONTINUOUS
10
4.963440039370079
20
-3.9871037795275588
11
4.9632102755905514
21
-3.9865211811023622
0
LINE
8
BLACK
6
CONTINUOUS
10
4.9632102755905514
20
-3.9865211811023622
11
4.9612543700787404
21
-3.9815613385826771
0
LINE
8
BLACK
6
CONTINUOUS
10
4.9612543700787404
20
-3.9815613385826771
11
4.9612542519685041
21
-3.9815611811023621
0
LINE
8
BLACK
6
CONTINUOUS
10
4.9612542519685041
20
-3.9815611811023621
11
4.9576544094488186
21
-3.9768140551181101
0
LINE
8
BLACK
6
CONTINUOUS
10
4.9576544094488186
20
-3.9768140551181101
11
4.9529071653543308
21
-3.9732140944881889
0
LINE
8
BLACK
6
CONTINUOUS
10
4.9529071653543308
20
-3.9732140944881889
11
4.9528692519685036
21
-3.9731927952755903
0
LINE
8
BLACK
6
CONTINUOUS
10
4.9528692519685036
20
-3.9731927952755903
11
4.9528413779527556
21
-3.9731642125984252
0
LINE
8
BLACK
6
CONTINUOUS
10
4.9528413779527556
20
-3.9731642125984252
11
4.9526368110236216
21
-3.9730090944881891
0
LINE
8
BLACK
6
CONTINUOUS
10
4.9526368110236216
20
-3.9730090944881891
11
4.9526600787401573
21
-3.972978346456693
0
LINE
8
BLACK
6
CONTINUOUS
10
4.9526600787401573
20
-3.972978346456693
11
4.9509175590551182
21
-3.9711918503937005
0
LINE
8
BLACK
6
CONTINUOUS
10
4.9509175590551182
20
-3.9711918503937005
11
4.9503574803149606
21
-3.9684534251968504
0
LINE
8
BLACK
6
CONTINUOUS
10
4.9503574803149606
20
-3.9684534251968504
11
4.9513668110236218
21
-3.9658468503937008
0
LINE
8
BLACK
6
CONTINUOUS
10
4.9513668110236218
20
-3.9658468503937008
11
4.9528627952755908
21
-3.9645783858267714
0
LINE
8
BLACK
6
CONTINUOUS
10
4.9528627952755908
20
-3.9645783858267714
11
4.9528607874015744
21
-3.9645753543307087
0
LINE
8
BLACK
6
CONTINUOUS
10
4.9528607874015744
20
-3.9645753543307087
11
4.952887283464567
21
-3.9645575984251966
0
LINE
8
BLACK
6
CONTINUOUS
10
4.952887283464567
20
-3.9645575984251966
11
4.9529624803149606
21
-3.9644938976377952
0
LINE
8
BLACK
6
CONTINUOUS
10
4.9529624803149606
20
-3.9644938976377952
11
4.9530629133858266
21
-3.9644401574803148
0
LINE
8
BLACK
6
CONTINUOUS
10
4.9530629133858266
20
-3.9644401574803148
11
4.9530634251968504
21
-3.964439960629921
0
LINE
8
BLACK
6
CONTINUOUS
10
4.9530634251968504
20
-3.964439960629921
11
4.9575803937007876
21
-3.9614218110236221
0
LINE
8
BLACK
6
CONTINUOUS
10
4.9575803937007876
20
-3.9614218110236221
11
4.9614218110236221
21
-3.9575803937007872
0
LINE
8
BLACK
6
CONTINUOUS
10
4.9614218110236221
20
-3.9575803937007872
11
4.964439960629921
21
-3.9530634251968504
0
LINE
8
BLACK
6
CONTINUOUS
10
4.964439960629921
20
-3.9530634251968504
11
4.966518897637795
21
-3.9480444094488187
0
LINE
8
BLACK
6
CONTINUOUS
10
4.966518897637795
20
-3.9480444094488187
11
4.9675787401574798
21
-3.9427162598425194
0
LINE
8
BLACK
6
CONTINUOUS
10
4.9675787401574798
20
-3.9427162598425194
11
4.9675787401574798
21
-3.9372837401574801
0
LINE
8
BLACK
6
CONTINUOUS
10
4.9675787401574798
20
-3.9372837401574801
11
4.966518897637795
21
-3.9319555905511812
0
LINE
8
BLACK
6
CONTINUOUS
10
4.966518897637795
20
-3.9319555905511812
11
4.964439960629921
21
-3.9269365748031495
0
LINE
8
BLACK
6
CONTINUOUS
10
4.964439960629921
20
-3.9269365748031495
11
4.9614218110236221
21
-3.9224196062992127
0
LINE
8
BLACK
6
CONTINUOUS
10
4.9614218110236221
20
-3.9224196062992127
11
4.9614216141732284
21
-3.9224193700787402
0
LINE
8
BLACK
6
CONTINUOUS
10
4.9614216141732284
20
-3.9224193700787402
11
4.9575805905511814
21
-3.9185783464566928
0
LINE
8
BLACK
6
CONTINUOUS
10
4.9575805905511814
20
-3.9185783464566928
11
4.9575803543307089
21
-3.918578149606299
0
LINE
8
BLACK
6
CONTINUOUS
10
4.9575803543307089
20
-3.918578149606299
11
4.9560815354330705
21
-3.917576653543307
0
LINE
8
BLACK
6
CONTINUOUS
10
4.9560815354330705
20
-3.917576653543307
11
4.9530634251968504
21
-3.9155600393700785
0
LINE
8
BLACK
6
CONTINUOUS
10
4.9530634251968504
20
-3.9155600393700785
11
4.9496812204724412
21
-3.914159094488189
0
LINE
8
BLACK
6
CONTINUOUS
10
4.9496812204724412
20
-3.914159094488189
11
4.9480445275590554
21
-3.9134811417322832
0
LINE
8
BLACK
6
CONTINUOUS
10
4.9480445275590554
20
-3.9134811417322832
11
4.9480444094488192
21
-3.9134811023622045
0
LINE
8
BLACK
6
CONTINUOUS
10
4.9480444094488192
20
-3.9134811023622045
11
4.9427163385826773
21
-3.9124212598425196
0
LINE
8
BLACK
6
CONTINUOUS
10
4.9427163385826773
20
-3.9124212598425196
11
4.9427162598425198
21
-3.9124212598425196
0
LINE
8
BLACK
6
CONTINUOUS
10
4.9427162598425198
20
-3.9124212598425196
11
4.9372837401574801
21
-3.9124212598425196
0
LINE
8
BLACK
6
CONTINUOUS
10
4.9372837401574801
20
-3.9124212598425196
11
4.9372836220472438
21
-3.9124212598425196
0
LINE
8
BLACK
6
CONTINUOUS
10
4.9372836220472438
20
-3.9124212598425196
11
4.931955551181102
21
-3.9134811023622045
0
LINE
8
BLACK
6
CONTINUOUS
10
4.931955551181102
20
-3.9134811023622045
11
4.9319554330708657
21
-3.9134811417322832
0
LINE
8
BLACK
6
CONTINUOUS
10
4.9319554330708657
20
-3.9134811417322832
11
4.9269364566929132
21
-3.9155600393700785
0
LINE
8
BLACK
6
CONTINUOUS
10
4.9269364566929132
20
-3.9155600393700785
11
4.9256558267716537
21
-3.9164157480314961
0
LINE
8
BLACK
6
CONTINUOUS
10
4.9256558267716537
20
-3.9164157480314961
11
4.9241839370078742
21
-3.9170826377952754
0
LINE
8
BLACK
6
CONTINUOUS
10
4.9241839370078742
20
-3.9170826377952754
11
4.9208747244094484
21
-3.9179693700787399
0
LINE
8
BLACK
6
CONTINUOUS
10
4.9208747244094484
20
-3.9179693700787399
11
4.9208746456692909
21
-3.9179693700787399
0
LINE
8
BLACK
6
CONTINUOUS
10
4.9208746456692909
20
-3.9179693700787399
11
4.9208746456692909
21
-3.9179694094488187
0
LINE
8
BLACK
6
CONTINUOUS
10
4.9208746456692909
20
-3.9179694094488187
11
4.9198202755905509
21
-3.918578149606299
0
LINE
8
BLACK
6
CONTINUOUS
10
4.9198202755905509
20
-3.918578149606299
11
4.9154836614173227
21
-3.9210818503937008
0
LINE
8
BLACK
6
CONTINUOUS
10
4.9154836614173227
20
-3.9210818503937008
11
4.9154835039370077
21
-3.9210819685039371
0
LINE
8
BLACK
6
CONTINUOUS
10
4.9154835039370077
20
-3.9210819685039371
11
4.9050340551181097
21
-3.9315314566929134
0
LINE
8
BLACK
6
CONTINUOUS
10
4.9050340551181097
20
-3.9315314566929134
11
4.8674081889763778
21
-3.9691573228346457
0
LINE
8
BLACK
6
CONTINUOUS
10
4.8674081889763778
20
-3.9691573228346457
11
4.8649550393700789
21
-3.9704968503937006
0
LINE
8
BLACK
6
CONTINUOUS
10
4.8649550393700789
20
-3.9704968503937006
11
4.8639005905511814
21
-3.9706102362204723
0
LINE
8
BLACK
6
CONTINUOUS
10
4.8639005905511814
20
-3.9706102362204723
11
4.847968267716535
21
-3.9706102362204723
0
LINE
8
BLACK
6
CONTINUOUS
10
4.847968267716535
20
-3.9706102362204723
11
4.8444856299212598
21
-3.9710284251968502
0
LINE
8
BLACK
6
CONTINUOUS
10
4.8444856299212598
20
-3.9710284251968502
11
4.8389432283464568
21
-3.9732140944881889
0
LINE
8
BLACK
6
CONTINUOUS
10
4.8389432283464568
20
-3.9732140944881889
11
4.8389430708661418
21
-3.9732142125984251
0
LINE
8
BLACK
6
CONTINUOUS
10
4.8389430708661418
20
-3.9732142125984251
11
4.8341959448818894
21
-3.9768140551181101
0
LINE
8
BLACK
6
CONTINUOUS
10
4.8341959448818894
20
-3.9768140551181101
11
4.8305961023622048
21
-3.9815611811023621
0
LINE
8
BLACK
6
CONTINUOUS
10
4.8305961023622048
20
-3.9815611811023621
11
4.8305959842519686
21
-3.9815613385826771
0
LINE
8
BLACK
6
CONTINUOUS
10
4.8305959842519686
20
-3.9815613385826771
11
4.8284103149606299
21
-3.98710374015748
0
LINE
8
BLACK
6
CONTINUOUS
10
4.8284103149606299
20
-3.98710374015748
11
4.8281357480314959
21
-3.9893906299212598
0
LINE
8
BLACK
6
CONTINUOUS
10
4.8281357480314959
20
-3.9893906299212598
11
4.8270341732283466
21
-3.9919595275590551
0
LINE
8
BLACK
6
CONTINUOUS
10
4.8270341732283466
20
-3.9919595275590551
11
4.824718582677165
21
-3.9935250393700787
0
LINE
8
BLACK
6
CONTINUOUS
10
4.824718582677165
20
-3.9935250393700787
11
4.8232105118110233
21
-3.993759842519685
0
LINE
8
BLACK
6
CONTINUOUS
10
4.8232105118110233
20
-3.993759842519685
11
4.7978950787401571
21
-3.993759842519685
0
LINE
8
BLACK
6
CONTINUOUS
10
4.7978950787401571
20
-3.993759842519685
11
4.7952131496062993
21
-3.9929723622047244
0
LINE
8
BLACK
6
CONTINUOUS
10
4.7952131496062993
20
-3.9929723622047244
11
4.7943874015748031
21
-3.9923068897637792
0
LINE
8
BLACK
6
CONTINUOUS
10
4.7943874015748031
20
-3.9923068897637792
11
4.7941702362204719
21
-3.9920897244094489
0
LINE
8
BLACK
6
CONTINUOUS
10
4.7941702362204719
20
-3.9920897244094489
11
4.7894230314960629
21
-3.9884898031496063
0
LINE
8
BLACK
6
CONTINUOUS
10
4.7894230314960629
20
-3.9884898031496063
11
4.7894228740157478
21
-3.9884896850393701
0
LINE
8
BLACK
6
CONTINUOUS
10
4.7894228740157478
20
-3.9884896850393701
11
4.7838804724409449
21
-3.9863040157480314
0
LINE
8
BLACK
6
CONTINUOUS
10
4.7838804724409449
20
-3.9863040157480314
11
4.7838805118110237
21
-3.9863040157480314
0
LINE
8
BLACK
6
CONTINUOUS
10
4.7838805118110237
20
-3.9863040157480314
11
4.7803978346456688
21
-3.9858858267716535
0
LINE
8
BLACK
6
CONTINUOUS
10
4.7803978346456688
20
-3.9858858267716535
11
4.7803977165354326
21
-3.9858858267716535
0
LINE
8
BLACK
6
CONTINUOUS
10
4.7803977165354326
20
-3.9858858267716535
11
4.739602283464567
21
-3.9858858267716535
0
LINE
8
BLACK
6
CONTINUOUS
10
4.739602283464567
20
-3.9858858267716535
11
4.739602125984252
21
-3.9858858267716535
0
LINE
8
BLACK
6
CONTINUOUS
10
4.739602125984252
20
-3.9858858267716535
11
4.7361194881889759
21
-3.9863040157480314
0
LINE
8
BLACK
6
CONTINUOUS
10
4.7361194881889759
20
-3.9863040157480314
11
4.730577086614173
21
-3.9884896850393701
0
LINE
8
BLACK
6
CONTINUOUS
10
4.730577086614173
20
-3.9884896850393701
11
4.730576929133858
21
-3.9884898031496063
0
LINE
8
BLACK
6
CONTINUOUS
10
4.730576929133858
20
-3.9884898031496063
11
4.7258297244094489
21
-3.9920897244094489
0
LINE
8
BLACK
6
CONTINUOUS
10
4.7258297244094489
20
-3.9920897244094489
11
4.7256125984251964
21
-3.9923068897637792
0
LINE
8
BLACK
6
CONTINUOUS
10
4.7256125984251964
20
-3.9923068897637792
11
4.72315937007874
21
-3.993646496062992
0
LINE
8
BLACK
6
CONTINUOUS
10
4.72315937007874
20
-3.993646496062992
11
4.7221049212598425
21
-3.993759842519685
0
LINE
8
BLACK
6
CONTINUOUS
10
4.7221049212598425
20
-3.993759842519685
11
4.6978950787401574
21
-3.993759842519685
0
LINE
8
BLACK
6
CONTINUOUS
10
4.6978950787401574
20
-3.993759842519685
11
4.6952131496062988
21
-3.9929723622047244
0
LINE
8
BLACK
6
CONTINUOUS
10
4.6952131496062988
20
-3.9929723622047244
11
4.6943874015748026
21
-3.9923068897637792
0
LINE
8
BLACK
6
CONTINUOUS
10
4.6943874015748026
20
-3.9923068897637792
11
4.6941702362204722
21
-3.9920897244094489
0
LINE
8
BLACK
6
CONTINUOUS
10
4.6941702362204722
20
-3.9920897244094489
11
4.6894230314960632
21
-3.9884898031496063
0
LINE
8
BLACK
6
CONTINUOUS
10
4.6894230314960632
20
-3.9884898031496063
11
4.6894228740157482
21
-3.9884896850393701
0
LINE
8
BLACK
6
CONTINUOUS
10
4.6894228740157482
20
-3.9884896850393701
11
4.6838804724409444
21
-3.9863040157480314
0
LINE
8
BLACK
6
CONTINUOUS
10
4.6838804724409444
20
-3.9863040157480314
11
4.6838805118110232
21
-3.9863040157480314
0
LINE
8
BLACK
6
CONTINUOUS
10
4.6838805118110232
20
-3.9863040157480314
11
4.6803978346456692
21
-3.9858858267716535
0
LINE
8
BLACK
6
CONTINUOUS
10
4.6803978346456692
20
-3.9858858267716535
11
4.6803977165354329
21
-3.9858858267716535
0
LINE
8
BLACK
6
CONTINUOUS
10
4.6803977165354329
20
-3.9858858267716535
11
4.6396022834645665
21
-3.9858858267716535
0
LINE
8
BLACK
6
CONTINUOUS
10
4.6396022834645665
20
-3.9858858267716535
11
4.6396021259842515
21
-3.9858858267716535
0
LINE
8
BLACK
6
CONTINUOUS
10
4.6396021259842515
20
-3.9858858267716535
11
4.6361194881889762
21
-3.9863040157480314
0
LINE
8
BLACK
6
CONTINUOUS
10
4.6361194881889762
20
-3.9863040157480314
11
4.6305770866141733
21
-3.9884896850393701
0
LINE
8
BLACK
6
CONTINUOUS
10
4.6305770866141733
20
-3.9884896850393701
11
4.6305769291338583
21
-3.9884898031496063
0
LINE
8
BLACK
6
CONTINUOUS
10
4.6305769291338583
20
-3.9884898031496063
11
4.6258298031496059
21
-3.9920896456692914
0
LINE
8
BLACK
6
CONTINUOUS
10
4.6258298031496059
20
-3.9920896456692914
11
4.6222299606299213
21
-3.9968367716535433
0
LINE
8
BLACK
6
CONTINUOUS
10
4.6222299606299213
20
-3.9968367716535433
11
4.6222298425196851
21
-3.9968369291338584
0
LINE
8
BLACK
6
CONTINUOUS
10
4.6222298425196851
20
-3.9968369291338584
11
4.6200441732283464
21
-4.0023793307086617
0
LINE
8
BLACK
6
CONTINUOUS
10
4.6200441732283464
20
-4.0023793307086617
11
4.619625984251968
21
-4.0058619685039369
0
LINE
8
BLACK
6
CONTINUOUS
10
4.619625984251968
20
-4.0058619685039369
11
4.619625984251968
21
-4.0289411417322833
0
LINE
8
BLACK
6
CONTINUOUS
10
4.619625984251968
20
-4.0289411417322833
11
4.6200441732283464
21
-4.0324237795275586
0
LINE
8
BLACK
6
CONTINUOUS
10
4.6200441732283464
20
-4.0324237795275586
11
4.6222298425196851
21
-4.0379661811023624
0
LINE
8
BLACK
6
CONTINUOUS
10
4.6222298425196851
20
-4.0379661811023624
11
4.6222299606299213
21
-4.0379663385826774
0
LINE
8
BLACK
6
CONTINUOUS
10
4.6222299606299213
20
-4.0379663385826774
11
4.6258298031496059
21
-4.0427134645669289
0
LINE
8
BLACK
6
CONTINUOUS
10
4.6258298031496059
20
-4.0427134645669289
11
4.6305769291338583
21
-4.0463133070866144
0
LINE
8
BLACK
6
CONTINUOUS
10
4.6305769291338583
20
-4.0463133070866144
11
4.6305770866141733
21
-4.0463134251968507
0
LINE
8
BLACK
6
CONTINUOUS
10
4.6305770866141733
20
-4.0463134251968507
11
4.6361194881889762
21
-4.0484990944881885
0
LINE
8
BLACK
6
CONTINUOUS
10
4.6361194881889762
20
-4.0484990944881885
11
4.6361194488188975
21
-4.0484990944881885
0
LINE
8
BLACK
6
CONTINUOUS
10
4.6361194488188975
20
-4.0484990944881885
11
4.6372202362204726
21
-4.0486312598425194
0
LINE
8
BLACK
6
CONTINUOUS
10
4.6372202362204726
20
-4.0486312598425194
11
4.6396022834645665
21
-4.0489173228346456
0
LINE
8
BLACK
6
CONTINUOUS
10
4.6396022834645665
20
-4.0489173228346456
11
4.6396024015748027
21
-4.0489173228346456
0
LINE
8
BLACK
6
CONTINUOUS
10
4.6396024015748027
20
-4.0489173228346456
11
4.6803975984251966
21
-4.0489173228346456
0
LINE
8
BLACK
6
CONTINUOUS
10
4.6803975984251966
20
-4.0489173228346456
11
4.6803977165354329
21
-4.0489173228346456
0
LINE
8
BLACK
6
CONTINUOUS
10
4.6803977165354329
20
-4.0489173228346456
11
4.6838804724409444
21
-4.0484990944881885
0
LINE
8
BLACK
6
CONTINUOUS
10
4.6838804724409444
20
-4.0484990944881885
11
4.689422913385827
21
-4.0463134251968507
0
LINE
8
BLACK
6
CONTINUOUS
10
4.689422913385827
20
-4.0463134251968507
11
4.6941701574803147
21
-4.0427134645669289
0
LINE
8
BLACK
6
CONTINUOUS
10
4.6941701574803147
20
-4.0427134645669289
11
4.6941702362204722
21
-4.0427133858267714
0
LINE
8
BLACK
6
CONTINUOUS
10
4.6941702362204722
20
-4.0427133858267714
11
4.6943874015748026
21
-4.0424962598425198
0
LINE
8
BLACK
6
CONTINUOUS
10
4.6943874015748026
20
-4.0424962598425198
11
4.6968406299212599
21
-4.0411566535433066
0
LINE
8
BLACK
6
CONTINUOUS
10
4.6968406299212599
20
-4.0411566535433066
11
4.6978950787401574
21
-4.0410433070866141
0
LINE
8
BLACK
6
CONTINUOUS
10
4.6978950787401574
20
-4.0410433070866141
11
4.7221049212598425
21
-4.0410433070866141
0
LINE
8
BLACK
6
CONTINUOUS
10
4.7221049212598425
20
-4.0410433070866141
11
4.7247868503937003
21
-4.0418307874015751
0
LINE
8
BLACK
6
CONTINUOUS
10
4.7247868503937003
20
-4.0418307874015751
11
4.7256125984251964
21
-4.0424962598425198
0
LINE
8
BLACK
6
CONTINUOUS
10
4.7256125984251964
20
-4.0424962598425198
11
4.7258297244094489
21
-4.0427133858267714
0
LINE
8
BLACK
6
CONTINUOUS
10
4.7258297244094489
20
-4.0427133858267714
11
4.730576929133858
21
-4.0463133070866144
0
LINE
8
BLACK
6
CONTINUOUS
10
4.730576929133858
20
-4.0463133070866144
11
4.730577086614173
21
-4.0463134251968507
0
LINE
8
BLACK
6
CONTINUOUS
10
4.730577086614173
20
-4.0463134251968507
11
4.7361194881889759
21
-4.0484990944881885
0
LINE
8
BLACK
6
CONTINUOUS
10
4.7361194881889759
20
-4.0484990944881885
11
4.7361194488188971
21
-4.0484990944881885
0
LINE
8
BLACK
6
CONTINUOUS
10
4.7361194488188971
20
-4.0484990944881885
11
4.7372202362204723
21
-4.0486312598425194
0
LINE
8
BLACK
6
CONTINUOUS
10
4.7372202362204723
20
-4.0486312598425194
11
4.739602283464567
21
-4.0489173228346456
0
LINE
8
BLACK
6
CONTINUOUS
10
4.739602283464567
20
-4.0489173228346456
11
4.7396024015748033
21
-4.0489173228346456
0
LINE
8
BLACK
6
CONTINUOUS
10
4.7396024015748033
20
-4.0489173228346456
11
4.7803975984251972
21
-4.0489173228346456
0
LINE
8
BLACK
6
CONTINUOUS
10
4.7803975984251972
20
-4.0489173228346456
11
4.7803977165354326
21
-4.0489173228346456
0
LINE
8
BLACK
6
CONTINUOUS
10
4.7803977165354326
20
-4.0489173228346456
11
4.7838804724409449
21
-4.0484990944881885
0
LINE
8
BLACK
6
CONTINUOUS
10
4.7838804724409449
20
-4.0484990944881885
11
4.7894229133858266
21
-4.0463134251968507
0
LINE
8
BLACK
6
CONTINUOUS
10
4.7894229133858266
20
-4.0463134251968507
11
4.7941701574803153
21
-4.0427134645669289
0
LINE
8
BLACK
6
CONTINUOUS
10
4.7941701574803153
20
-4.0427134645669289
11
4.7941702362204719
21
-4.0427133858267714
0
LINE
8
BLACK
6
CONTINUOUS
10
4.7941702362204719
20
-4.0427133858267714
11
4.7943874015748031
21
-4.0424962598425198
0
LINE
8
BLACK
6
CONTINUOUS
10
4.7943874015748031
20
-4.0424962598425198
11
4.7968406299212596
21
-4.0411566535433066
0
LINE
8
BLACK
6
CONTINUOUS
10
4.7968406299212596
20
-4.0411566535433066
11
4.7978950787401571
21
-4.0410433070866141
0
LINE
8
BLACK
6
CONTINUOUS
10
4.7978950787401571
20
-4.0410433070866141
11
4.8301073228346452
21
-4.0410433070866141
0
LINE
8
BLACK
6
CONTINUOUS
10
4.8301073228346452
20
-4.0410433070866141
11
4.8327892519685038
21
-4.0418307874015751
0
LINE
8
BLACK
6
CONTINUOUS
10
4.8327892519685038
20
-4.0418307874015751
11
4.83406
21
-4.0430065748031492
0
LINE
8
BLACK
6
CONTINUOUS
10
4.83406
20
-4.0430065748031492
11
4.8341960236220469
21
-4.0431859448818894
0
LINE
8
BLACK
6
CONTINUOUS
10
4.8341960236220469
20
-4.0431859448818894
11
4.8389430708661418
21
-4.0467857480314962
0
LINE
8
BLACK
6
CONTINUOUS
10
4.8389430708661418
20
-4.0467857480314962
11
4.8389432283464568
21
-4.0467858661417324
0
LINE
8
BLACK
6
CONTINUOUS
10
4.8389432283464568
20
-4.0467858661417324
11
4.8444856299212598
21
-4.0489715354330711
0
LINE
8
BLACK
6
CONTINUOUS
10
4.8444856299212598
20
-4.0489715354330711
11
4.844485590551181
21
-4.0489715354330711
0
LINE
8
BLACK
6
CONTINUOUS
10
4.844485590551181
20
-4.0489715354330711
11
4.8455863779527562
21
-4.0491037007874011
0
LINE
8
BLACK
6
CONTINUOUS
10
4.8455863779527562
20
-4.0491037007874011
11
4.84796842519685
21
-4.0493897637795273
0
LINE
8
BLACK
6
CONTINUOUS
10
4.84796842519685
20
-4.0493897637795273
11
4.8479685433070863
21
-4.0493897637795273
0
LINE
8
BLACK
6
CONTINUOUS
10
4.8479685433070863
20
-4.0493897637795273
11
4.8720314566929135
21
-4.0493897637795273
0
LINE
8
BLACK
6
CONTINUOUS
10
4.8720314566929135
20
-4.0493897637795273
11
4.8720315748031497
21
-4.0493897637795273
0
LINE
8
BLACK
6
CONTINUOUS
10
4.8720315748031497
20
-4.0493897637795273
11
4.8755143307086612
21
-4.0489715354330711
0
LINE
8
BLACK
6
CONTINUOUS
10
4.8755143307086612
20
-4.0489715354330711
11
4.8810567716535429
21
-4.0467858661417324
0
LINE
8
BLACK
6
CONTINUOUS
10
4.8810567716535429
20
-4.0467858661417324
11
4.8858040157480316
21
-4.0431859055118107
0
LINE
8
BLACK
6
CONTINUOUS
10
4.8858040157480316
20
-4.0431859055118107
11
4.8894039763779524
21
-4.0384386614173229
0
LINE
8
BLACK
6
CONTINUOUS
10
4.8894039763779524
20
-4.0384386614173229
11
4.8913104330708661
21
-4.0336042519685043
0
LINE
8
BLACK
6
CONTINUOUS
10
4.8913104330708661
20
-4.0336042519685043
11
4.893026889763779
21
-4.0313982283464567
0
LINE
8
BLACK
6
CONTINUOUS
10
4.893026889763779
20
-4.0313982283464567
11
4.8956635433070863
21
-4.030470354330709
0
LINE
8
BLACK
6
CONTINUOUS
10
4.8956635433070863
20
-4.030470354330709
11
4.8983832677165351
21
-4.0311152755905511
0
LINE
8
BLACK
6
CONTINUOUS
10
4.8983832677165351
20
-4.0311152755905511
11
4.9003225590551178
21
-4.0331282283464569
0
LINE
8
BLACK
6
CONTINUOUS
10
4.9003225590551178
20
-4.0331282283464569
11
4.9005399606299216
21
-4.0336042519685043
0
LINE
8
BLACK
6
CONTINUOUS
10
4.9005399606299216
20
-4.0336042519685043
11
4.9024463779527556
21
-4.0384386220472441
0
LINE
8
BLACK
6
CONTINUOUS
10
4.9024463779527556
20
-4.0384386220472441
11
4.9024464960629919
21
-4.0384387795275591
0
LINE
8
BLACK
6
CONTINUOUS
10
4.9024464960629919
20
-4.0384387795275591
11
4.9060463385826774
21
-4.0431859055118107
0
LINE
8
BLACK
6
CONTINUOUS
10
4.9060463385826774
20
-4.0431859055118107
11
4.9107934645669289
21
-4.0467857480314962
0
LINE
8
BLACK
6
CONTINUOUS
10
4.9107934645669289
20
-4.0467857480314962
11
4.9107936220472439
21
-4.0467858661417324
0
LINE
8
BLACK
6
CONTINUOUS
10
4.9107936220472439
20
-4.0467858661417324
11
4.9163360236220468
21
-4.0489715354330711
0
LINE
8
BLACK
6
CONTINUOUS
10
4.9163360236220468
20
-4.0489715354330711
11
4.916335984251968
21
-4.0489715354330711
0
LINE
8
BLACK
6
CONTINUOUS
10
4.916335984251968
20
-4.0489715354330711
11
4.9174367716535432
21
-4.0491037007874011
0
LINE
8
BLACK
6
CONTINUOUS
10
4.9174367716535432
20
-4.0491037007874011
11
4.9198188188976379
21
-4.0493897637795273
0
LINE
8
BLACK
6
CONTINUOUS
10
4.9198188188976379
20
-4.0493897637795273
11
4.9198189370078742
21
-4.0493897637795273
0
LINE
8
BLACK
6
CONTINUOUS
10
4.9198189370078742
20
-4.0493897637795273
11
4.9438818503937005
21
-4.0493897637795273
0
LINE
8
BLACK
6
CONTINUOUS
10
4.9438818503937005
20
-4.0493897637795273
11
4.9438819685039368
21
-4.0493897637795273
0
LINE
8
BLACK
6
CONTINUOUS
10
4.9438819685039368
20
-4.0493897637795273
11
4.9473647244094483
21
-4.0489715354330711
0
LINE
8
BLACK
6
CONTINUOUS
10
4.9473647244094483
20
-4.0489715354330711
11
4.9529071653543308
21
-4.0467858661417324
0
LINE
8
BLACK
6
CONTINUOUS
10
4.9529071653543308
20
-4.0467858661417324
11
4.9576544094488186
21
-4.0431859055118107
0
LINE
8
BLACK
6
CONTINUOUS
10
4.9576544094488186
20
-4.0431859055118107
11
4.9577903937007877
21
-4.0430065354330704
0
LINE
8
BLACK
6
CONTINUOUS
10
4.9577903937007877
20
-4.0430065354330704
11
4.9600383858267714
21
-4.0413453937007873
0
LINE
8
BLACK
6
CONTINUOUS
10
4.9600383858267714
20
-4.0413453937007873
11
4.9617430708661416
21
-4.0410433070866141
0
LINE
8
BLACK
6
CONTINUOUS
10
4.9617430708661416
20
-4.0410433070866141
11
4.9821049212598423
21
-4.0410433070866141
0
LINE
8
BLACK
6
CONTINUOUS
10
4.9821049212598423
20
-4.0410433070866141
11
4.984786850393701
21
-4.0418307874015751
0
LINE
8
BLACK
6
CONTINUOUS
10
4.984786850393701
20
-4.0418307874015751
11
4.9856125984251971
21
-4.0424962598425198
0
LINE
8
BLACK
6
CONTINUOUS
10
4.9856125984251971
20
-4.0424962598425198
11
4.9858297244094487
21
-4.0427133858267714
0
LINE
8
BLACK
6
CONTINUOUS
10
4.9858297244094487
20
-4.0427133858267714
11
4.9905769291338578
21
-4.0463133070866144
0
LINE
8
BLACK
6
CONTINUOUS
10
4.9905769291338578
20
-4.0463133070866144
11
4.9905770866141728
21
-4.0463134251968507
0
LINE
8
BLACK
6
CONTINUOUS
10
4.9905770866141728
20
-4.0463134251968507
11
4.9961194881889766
21
-4.0484990944881885
0
LINE
8
BLACK
6
CONTINUOUS
10
4.9961194881889766
20
-4.0484990944881885
11
4.9961194488188978
21
-4.0484990944881885
0
LINE
8
BLACK
6
CONTINUOUS
10
4.9961194488188978
20
-4.0484990944881885
11
4.9972202362204721
21
-4.0486312598425194
0
LINE
8
BLACK
6
CONTINUOUS
10
4.9972202362204721
20
-4.0486312598425194
11
4.9996022834645668
21
-4.0489173228346456
0
LINE
8
BLACK
6
CONTINUOUS
10
4.9996022834645668
20
-4.0489173228346456
11
4.9996024015748031
21
-4.0489173228346456
0
LINE
8
BLACK
6
CONTINUOUS
10
4.9996024015748031
20
-4.0489173228346456
11
5.040397598425197
21
-4.0489173228346456
0
LINE
8
BLACK
6
CONTINUOUS
10
5.040397598425197
20
-4.0489173228346456
11
5.0403977165354332
21
-4.0489173228346456
0
LINE
8
BLACK
6
CONTINUOUS
10
5.0403977165354332
20
-4.0489173228346456
11
5.0438804724409447
21
-4.0484990944881885
0
LINE
8
BLACK
6
CONTINUOUS
10
5.0438804724409447
20
-4.0484990944881885
11
5.0494229133858264
21
-4.0463134251968507
0
LINE
8
BLACK
6
CONTINUOUS
10
5.0494229133858264
20
-4.0463134251968507
11
5.0541701574803151
21
-4.0427134645669289
0
LINE
8
BLACK
6
CONTINUOUS
10
5.0541701574803151
20
-4.0427134645669289
11
5.0541702362204726
21
-4.0427133858267714
0
LINE
8
BLACK
6
CONTINUOUS
10
5.0541702362204726
20
-4.0427133858267714
11
5.0543874015748029
21
-4.0424962598425198
0
LINE
8
BLACK
6
CONTINUOUS
10
5.0543874015748029
20
-4.0424962598425198
11
5.0568406299212594
21
-4.0411566535433066
0
LINE
8
BLACK
6
CONTINUOUS
10
5.0568406299212594
20
-4.0411566535433066
11
5.0578950787401578
21
-4.0410433070866141
0
LINE
8
BLACK
6
CONTINUOUS
10
5.0578950787401578
20
-4.0410433070866141
11
5.0841821259842517
21
-4.0410433070866141
0
LINE
8
BLACK
6
CONTINUOUS
10
5.0841821259842517
20
-4.0410433070866141
11
5.0868640551181104
21
-4.0418307874015751
0
LINE
8
BLACK
6
CONTINUOUS
10
5.0868640551181104
20
-4.0418307874015751
11
5.0881348031496065
21
-4.0430065748031492
0
LINE
8
BLACK
6
CONTINUOUS
10
5.0881348031496065
20
-4.0430065748031492
11
5.0882708267716534
21
-4.0431859448818894
0
LINE
8
BLACK
6
CONTINUOUS
10
5.0882708267716534
20
-4.0431859448818894
11
5.0930178740157483
21
-4.0467857480314962
0
LINE
8
BLACK
6
CONTINUOUS
10
5.0930178740157483
20
-4.0467857480314962
11
5.0930180314960625
21
-4.0467858661417324
0
LINE
8
BLACK
6
CONTINUOUS
10
5.0930180314960625
20
-4.0467858661417324
11
5.0985604330708663
21
-4.0489715354330711
0
LINE
8
BLACK
6
CONTINUOUS
10
5.0985604330708663
20
-4.0489715354330711
11
5.0985603937007875
21
-4.0489715354330711
0
LINE
8
BLACK
6
CONTINUOUS
10
5.0985603937007875
20
-4.0489715354330711
11
5.0996611811023618
21
-4.0491037007874011
0
LINE
8
BLACK
6
CONTINUOUS
10
5.0996611811023618
20
-4.0491037007874011
11
5.1020432283464565
21
-4.0493897637795273
0
LINE
8
BLACK
6
CONTINUOUS
10
5.1020432283464565
20
-4.0493897637795273
11
5.1020433464566928
21
-4.0493897637795273
0
LINE
8
BLACK
6
CONTINUOUS
10
5.1020433464566928
20
-4.0493897637795273
11
5.12610625984252
21
-4.0493897637795273
0
LINE
8
BLACK
6
CONTINUOUS
10
5.12610625984252
20
-4.0493897637795273
11
5.1261063779527554
21
-4.0493897637795273
0
LINE
8
BLACK
6
CONTINUOUS
10
5.1261063779527554
20
-4.0493897637795273
11
5.1295891338582678
21
-4.0489715354330711
0
LINE
8
BLACK
6
CONTINUOUS
10
5.1295891338582678
20
-4.0489715354330711
11
5.1351315748031494
21
-4.0467858661417324
0
LINE
8
BLACK
6
CONTINUOUS
10
5.1351315748031494
20
-4.0467858661417324
11
5.1398788188976381
21
-4.0431859055118107
0
LINE
8
BLACK
6
CONTINUOUS
10
5.1398788188976381
20
-4.0431859055118107
11
5.1434787795275589
21
-4.0384386614173229
0
LINE
8
BLACK
6
CONTINUOUS
10
5.1434787795275589
20
-4.0384386614173229
11
5.1453852362204726
21
-4.0336042519685043
0
LINE
8
BLACK
6
CONTINUOUS
10
5.1453852362204726
20
-4.0336042519685043
11
5.1471016929133855
21
-4.0313982283464567
0
LINE
8
BLACK
6
CONTINUOUS
10
5.1471016929133855
20
-4.0313982283464567
11
5.1497383464566928
21
-4.030470354330709
0
LINE
8
BLACK
6
CONTINUOUS
10
5.1497383464566928
20
-4.030470354330709
11
5.1524580708661416
21
-4.0311152755905511
0
LINE
8
BLACK
6
CONTINUOUS
10
5.1524580708661416
20
-4.0311152755905511
11
5.1543973622047243
21
-4.0331282283464569
0
LINE
8
BLACK
6
CONTINUOUS
10
5.1543973622047243
20
-4.0331282283464569
11
5.1546147637795272
21
-4.0336042519685043
0
LINE
8
BLACK
6
CONTINUOUS
10
5.1546147637795272
20
-4.0336042519685043
11
5.1565211811023621
21
-4.0384386220472441
0
LINE
8
BLACK
6
CONTINUOUS
10
5.1565211811023621
20
-4.0384386220472441
11
5.1565212992125984
21
-4.0384387795275591
0
LINE
8
BLACK
6
CONTINUOUS
10
5.1565212992125984
20
-4.0384387795275591
11
5.160121141732283
21
-4.0431859055118107
0
LINE
8
BLACK
6
CONTINUOUS
10
5.160121141732283
20
-4.0431859055118107
11
5.1648682677165354
21
-4.0467857480314962
0
LINE
8
BLACK
6
CONTINUOUS
10
5.1648682677165354
20
-4.0467857480314962
11
5.1648684251968504
21
-4.0467858661417324
0
LINE
8
BLACK
6
CONTINUOUS
10
5.1648684251968504
20
-4.0467858661417324
11
5.1704108267716533
21
-4.0489715354330711
0
LINE
8
BLACK
6
CONTINUOUS
10
5.1704108267716533
20
-4.0489715354330711
11
5.1704107874015746
21
-4.0489715354330711
0
LINE
8
BLACK
6
CONTINUOUS
10
5.1704107874015746
20
-4.0489715354330711
11
5.1715115748031497
21
-4.0491037007874011
0
LINE
8
BLACK
6
CONTINUOUS
10
5.1715115748031497
20
-4.0491037007874011
11
5.1738936220472436
21
-4.0493897637795273
0
LINE
8
BLACK
6
CONTINUOUS
10
5.1738936220472436
20
-4.0493897637795273
11
5.1738937401574798
21
-4.0493897637795273
0
LINE
8
BLACK
6
CONTINUOUS
10
5.1738937401574798
20
-4.0493897637795273
11
5.197956653543307
21
-4.0493897637795273
0
LINE
8
BLACK
6
CONTINUOUS
10
5.197956653543307
20
-4.0493897637795273
11
5.1979567716535433
21
-4.0493897637795273
0
LINE
8
BLACK
6
CONTINUOUS
10
5.1979567716535433
20
-4.0493897637795273
11
5.2014395275590548
21
-4.0489715354330711
0
LINE
8
BLACK
6
CONTINUOUS
10
5.2014395275590548
20
-4.0489715354330711
11
5.2069819685039365
21
-4.0467858661417324
0
LINE
8
BLACK
6
CONTINUOUS
10
5.2069819685039365
20
-4.0467858661417324
11
5.2117292125984251
21
-4.0431859055118107
0
LINE
8
BLACK
6
CONTINUOUS
10
5.2117292125984251
20
-4.0431859055118107
11
5.2118651968503933
21
-4.0430065354330704
0
LINE
8
BLACK
6
CONTINUOUS
10
5.2118651968503933
20
-4.0430065354330704
11
5.2141131889763779
21
-4.0413453937007873
0
LINE
8
BLACK
6
CONTINUOUS
10
5.2141131889763779
20
-4.0413453937007873
11
5.2158178740157481
21
-4.0410433070866141
0
LINE
8
BLACK
6
CONTINUOUS
10
5.2158178740157481
20
-4.0410433070866141
11
5.2321049212598423
21
-4.0410433070866141
0
LINE
8
BLACK
6
CONTINUOUS
10
5.2321049212598423
20
-4.0410433070866141
11
5.234786850393701
21
-4.0418307874015751
0
LINE
8
BLACK
6
CONTINUOUS
10
5.234786850393701
20
-4.0418307874015751
11
5.2356125984251971
21
-4.0424962598425198
0
LINE
8
BLACK
6
CONTINUOUS
10
5.2356125984251971
20
-4.0424962598425198
11
5.2358297244094487
21
-4.0427133858267714
0
LINE
8
BLACK
6
CONTINUOUS
10
5.2358297244094487
20
-4.0427133858267714
11
5.2405769291338578
21
-4.0463133070866144
0
LINE
8
BLACK
6
CONTINUOUS
10
5.2405769291338578
20
-4.0463133070866144
11
5.2405770866141728
21
-4.0463134251968507
0
LINE
8
BLACK
6
CONTINUOUS
10
5.2405770866141728
20
-4.0463134251968507
11
5.2461194881889766
21
-4.0484990944881885
0
LINE
8
BLACK
6
CONTINUOUS
10
5.2461194881889766
20
-4.0484990944881885
11
5.2461194488188978
21
-4.0484990944881885
0
LINE
8
BLACK
6
CONTINUOUS
10
5.2461194488188978
20
-4.0484990944881885
11
5.2472202362204721
21
-4.0486312598425194
0
LINE
8
BLACK
6
CONTINUOUS
10
5.2472202362204721
20
-4.0486312598425194
11
5.2496022834645668
21
-4.0489173228346456
0
LINE
8
BLACK
6
CONTINUOUS
10
5.2496022834645668
20
-4.0489173228346456
11
5.2496024015748031
21
-4.0489173228346456
0
LINE
8
BLACK
6
CONTINUOUS
10
5.2496024015748031
20
-4.0489173228346456
11
5.290397598425197
21
-4.0489173228346456
0
LINE
8
BLACK
6
CONTINUOUS
10
5.290397598425197
20
-4.0489173228346456
11
5.2903977165354332
21
-4.0489173228346456
0
LINE
8
BLACK
6
CONTINUOUS
10
5.2903977165354332
20
-4.0489173228346456
11
5.2938804724409447
21
-4.0484990944881885
0
LINE
8
BLACK
6
CONTINUOUS
10
5.2938804724409447
20
-4.0484990944881885
11
5.2994229133858264
21
-4.0463134251968507
0
LINE
8
BLACK
6
CONTINUOUS
10
5.2994229133858264
20
-4.0463134251968507
11
5.3041701574803151
21
-4.0427134645669289
0
LINE
8
BLACK
6
CONTINUOUS
10
5.3041701574803151
20
-4.0427134645669289
11
5.3077701181102359
21
-4.0379662204724411
0
LINE
8
BLACK
6
CONTINUOUS
10
5.3077701181102359
20
-4.0379662204724411
11
5.3082368897637791
21
-4.036782440944882
0
LINE
8
BLACK
6
CONTINUOUS
10
5.3082368897637791
20
-4.036782440944882
11
5.3099533464566928
21
-4.034576496062992
0
LINE
8
BLACK
6
CONTINUOUS
10
5.3099533464566928
20
-4.034576496062992
11
5.3125900000000001
21
-4.0336486220472443
0
LINE
8
BLACK
6
CONTINUOUS
10
5.3125900000000001
20
-4.0336486220472443
11
5.3128516535433068
21
-4.0336417322834643
0
LINE
8
BLACK
6
CONTINUOUS
10
5.3128516535433068
20
-4.0336417322834643
11
5.3294029527559053
21
-4.0336417322834643
0
LINE
8
BLACK
6
CONTINUOUS
10
5.3294029527559053
20
-4.0336417322834643
11
5.3320848818897639
21
-4.0344292125984254
0
LINE
8
BLACK
6
CONTINUOUS
10
5.3320848818897639
20
-4.0344292125984254
11
5.3339153149606302
21
-4.0365416535433072
0
LINE
8
BLACK
6
CONTINUOUS
10
5.3339153149606302
20
-4.0365416535433072
11
5.3340175196850392
21
-4.0367820472440945
0
LINE
8
BLACK
6
CONTINUOUS
10
5.3340175196850392
20
-4.0367820472440945
11
5.3346708267716538
21
-4.0384386614173229
0
LINE
8
BLACK
6
CONTINUOUS
10
5.3346708267716538
20
-4.0384386614173229
11
5.3346708661417326
21
-4.0384387007874016
0
LINE
8
BLACK
6
CONTINUOUS
10
5.3346708661417326
20
-4.0384387007874016
11
5.3346709055118113
21
-4.0384387795275591
0
LINE
8
BLACK
6
CONTINUOUS
10
5.3346709055118113
20
-4.0384387795275591
11
5.3382707480314959
21
-4.0431859055118107
0
LINE
8
BLACK
6
CONTINUOUS
10
5.3382707480314959
20
-4.0431859055118107
11
5.3430178740157483
21
-4.0467857480314962
0
LINE
8
BLACK
6
CONTINUOUS
10
5.3430178740157483
20
-4.0467857480314962
11
5.3430180314960625
21
-4.0467858661417324
0
LINE
8
BLACK
6
CONTINUOUS
10
5.3430180314960625
20
-4.0467858661417324
11
5.3485604330708663
21
-4.0489715354330711
0
LINE
8
BLACK
6
CONTINUOUS
10
5.3485604330708663
20
-4.0489715354330711
11
5.3485603937007875
21
-4.0489715354330711
0
LINE
8
BLACK
6
CONTINUOUS
10
5.3485603937007875
20
-4.0489715354330711
11
5.3496611811023618
21
-4.0491037007874011
0
LINE
8
BLACK
6
CONTINUOUS
10
5.3496611811023618
20
-4.0491037007874011
11
5.3520432283464565
21
-4.0493897637795273
0
LINE
8
BLACK
6
CONTINUOUS
10
5.3520432283464565
20
-4.0493897637795273
11
5.3520433464566928
21
-4.0493897637795273
0
LINE
8
BLACK
6
CONTINUOUS
10
5.3520433464566928
20
-4.0493897637795273
11
5.37610625984252
21
-4.0493897637795273
0
LINE
8
BLACK
6
CONTINUOUS
10
5.37610625984252
20
-4.0493897637795273
11
5.3761063779527554
21
-4.0493897637795273
0
LINE
8
BLACK
6
CONTINUOUS
10
5.3761063779527554
20
-4.0493897637795273
11
5.3795891338582678
21
-4.0489715354330711
0
LINE
8
BLACK
6
CONTINUOUS
10
5.3795891338582678
20
-4.0489715354330711
11
5.3851315748031494
21
-4.0467858661417324
0
LINE
8
BLACK
6
CONTINUOUS
10
5.3851315748031494
20
-4.0467858661417324
11
5.3898788188976381
21
-4.0431859055118107
0
LINE
8
BLACK
6
CONTINUOUS
10
5.3898788188976381
20
-4.0431859055118107
11
5.3934787795275589
21
-4.0384386614173229
0
LINE
8
BLACK
6
CONTINUOUS
10
5.3934787795275589
20
-4.0384386614173229
11
5.3953852362204726
21
-4.0336042519685043
0
LINE
8
BLACK
6
CONTINUOUS
10
5.3953852362204726
20
-4.0336042519685043
11
5.3971016929133855
21
-4.0313982283464567
0
LINE
8
BLACK
6
CONTINUOUS
10
5.3971016929133855
20
-4.0313982283464567
11
5.3997383464566928
21
-4.030470354330709
0
LINE
8
BLACK
6
CONTINUOUS
10
5.3997383464566928
20
-4.030470354330709
11
5.4024580708661416
21
-4.0311152755905511
0
LINE
8
BLACK
6
CONTINUOUS
10
5.4024580708661416
20
-4.0311152755905511
11
5.4043973622047243
21
-4.0331282283464569
0
LINE
8
BLACK
6
CONTINUOUS
10
5.4043973622047243
20
-4.0331282283464569
11
5.4046147637795272
21
-4.0336042519685043
0
LINE
8
BLACK
6
CONTINUOUS
10
5.4046147637795272
20
-4.0336042519685043
11
5.4065211811023621
21
-4.0384386220472441
0
LINE
8
BLACK
6
CONTINUOUS
10
5.4065211811023621
20
-4.0384386220472441
11
5.4065212992125984
21
-4.0384387795275591
0
LINE
8
BLACK
6
CONTINUOUS
10
5.4065212992125984
20
-4.0384387795275591
11
5.410121141732283
21
-4.0431859055118107
0
LINE
8
BLACK
6
CONTINUOUS
10
5.410121141732283
20
-4.0431859055118107
11
5.4148682677165354
21
-4.0467857480314962
0
LINE
8
BLACK
6
CONTINUOUS
10
5.4148682677165354
20
-4.0467857480314962
11
5.4148684251968504
21
-4.0467858661417324
0
LINE
8
BLACK
6
CONTINUOUS
10
5.4148684251968504
20
-4.0467858661417324
11
5.4204108267716533
21
-4.0489715354330711
0
LINE
8
BLACK
6
CONTINUOUS
10
5.4204108267716533
20
-4.0489715354330711
11
5.4204107874015746
21
-4.0489715354330711
0
LINE
8
BLACK
6
CONTINUOUS
10
5.4204107874015746
20
-4.0489715354330711
11
5.4215115748031497
21
-4.0491037007874011
0
LINE
8
BLACK
6
CONTINUOUS
10
5.4215115748031497
20
-4.0491037007874011
11
5.4238936220472436
21
-4.0493897637795273
0
LINE
8
BLACK
6
CONTINUOUS
10
5.4238936220472436
20
-4.0493897637795273
11
5.4238937401574798
21
-4.0493897637795273
0
LINE
8
BLACK
6
CONTINUOUS
10
5.4238937401574798
20
-4.0493897637795273
11
5.447956653543307
21
-4.0493897637795273
0
LINE
8
BLACK
6
CONTINUOUS
10
5.447956653543307
20
-4.0493897637795273
11
5.4479567716535433
21
-4.0493897637795273
0
LINE
8
BLACK
6
CONTINUOUS
10
5.4479567716535433
20
-4.0493897637795273
11
5.4514395275590548
21
-4.0489715354330711
0
LINE
8
BLACK
6
CONTINUOUS
10
5.4514395275590548
20
-4.0489715354330711
11
5.4569819685039365
21
-4.0467858661417324
0
LINE
8
BLACK
6
CONTINUOUS
10
5.4569819685039365
20
-4.0467858661417324
11
5.4617292125984251
21
-4.0431859055118107
0
LINE
8
BLACK
6
CONTINUOUS
10
5.4617292125984251
20
-4.0431859055118107
11
5.4618651968503933
21
-4.0430065354330704
0
LINE
8
BLACK
6
CONTINUOUS
10
5.4618651968503933
20
-4.0430065354330704
11
5.4641131889763779
21
-4.0413453937007873
0
LINE
8
BLACK
6
CONTINUOUS
10
5.4641131889763779
20
-4.0413453937007873
11
5.4658178740157481
21
-4.0410433070866141
0
LINE
8
BLACK
6
CONTINUOUS
10
5.4658178740157481
20
-4.0410433070866141
11
5.4921049212598421
21
-4.0410433070866141
0
LINE
8
BLACK
6
CONTINUOUS
10
5.4921049212598421
20
-4.0410433070866141
11
5.4947868503937007
21
-4.0418307874015751
0
LINE
8
BLACK
6
CONTINUOUS
10
5.4947868503937007
20
-4.0418307874015751
11
5.4956125984251969
21
-4.0424962598425198
0
LINE
8
BLACK
6
CONTINUOUS
10
5.4956125984251969
20
-4.0424962598425198
11
5.4958297244094485
21
-4.0427133858267714
0
LINE
8
BLACK
6
CONTINUOUS
10
5.4958297244094485
20
-4.0427133858267714
11
5.5005769291338584
21
-4.0463133070866144
0
LINE
8
BLACK
6
CONTINUOUS
10
5.5005769291338584
20
-4.0463133070866144
11
5.5005770866141734
21
-4.0463134251968507
0
LINE
8
BLACK
6
CONTINUOUS
10
5.5005770866141734
20
-4.0463134251968507
11
5.5061194881889763
21
-4.0484990944881885
0
LINE
8
BLACK
6
CONTINUOUS
10
5.5061194881889763
20
-4.0484990944881885
11
5.5061194488188976
21
-4.0484990944881885
0
LINE
8
BLACK
6
CONTINUOUS
10
5.5061194488188976
20
-4.0484990944881885
11
5.5072202362204727
21
-4.0486312598425194
0
LINE
8
BLACK
6
CONTINUOUS
10
5.5072202362204727
20
-4.0486312598425194
11
5.5096022834645666
21
-4.0489173228346456
0
LINE
8
BLACK
6
CONTINUOUS
10
5.5096022834645666
20
-4.0489173228346456
11
5.5096024015748029
21
-4.0489173228346456
0
LINE
8
BLACK
6
CONTINUOUS
10
5.5096024015748029
20
-4.0489173228346456
11
5.5503975984251968
21
-4.0489173228346456
0
LINE
8
BLACK
6
CONTINUOUS
10
5.5503975984251968
20
-4.0489173228346456
11
5.550397716535433
21
-4.0489173228346456
0
LINE
8
BLACK
6
CONTINUOUS
10
5.550397716535433
20
-4.0489173228346456
11
5.5538804724409445
21
-4.0484990944881885
0
LINE
8
BLACK
6
CONTINUOUS
10
5.5538804724409445
20
-4.0484990944881885
11
5.5594229133858271
21
-4.0463134251968507
0
LINE
8
BLACK
6
CONTINUOUS
10
5.5594229133858271
20
-4.0463134251968507
11
5.5641701574803148
21
-4.0427134645669289
0
LINE
8
BLACK
6
CONTINUOUS
10
5.5641701574803148
20
-4.0427134645669289
11
5.5641702362204724
21
-4.0427133858267714
0
LINE
8
BLACK
6
CONTINUOUS
10
5.5641702362204724
20
-4.0427133858267714
11
5.5643874015748027
21
-4.0424962598425198
0
LINE
8
BLACK
6
CONTINUOUS
10
5.5643874015748027
20
-4.0424962598425198
11
5.5668406299212601
21
-4.0411566535433066
0
LINE
8
BLACK
6
CONTINUOUS
10
5.5668406299212601
20
-4.0411566535433066
11
5.5678950787401575
21
-4.0410433070866141
0
LINE
8
BLACK
6
CONTINUOUS
10
5.5678950787401575
20
-4.0410433070866141
11
5.6021049212598424
21
-4.0410433070866141
0
LINE
8
BLACK
6
CONTINUOUS
10
5.6021049212598424
20
-4.0410433070866141
11
5.6047868503937011
21
-4.0418307874015751
0
LINE
8
BLACK
6
CONTINUOUS
10
5.6047868503937011
20
-4.0418307874015751
11
5.6056125984251963
21
-4.0424962598425198
0
LINE
8
BLACK
6
CONTINUOUS
10
5.6056125984251963
20
-4.0424962598425198
11
5.6058297244094488
21
-4.0427133858267714
0
LINE
8
BLACK
6
CONTINUOUS
10
5.6058297244094488
20
-4.0427133858267714
11
5.6105769291338579
21
-4.0463133070866144
0
LINE
8
BLACK
6
CONTINUOUS
10
5.6105769291338579
20
-4.0463133070866144
11
5.6105770866141729
21
-4.0463134251968507
0
LINE
8
BLACK
6
CONTINUOUS
10
5.6105770866141729
20
-4.0463134251968507
11
5.6161194881889767
21
-4.0484990944881885
0
LINE
8
BLACK
6
CONTINUOUS
10
5.6161194881889767
20
-4.0484990944881885
11
5.6161194488188979
21
-4.0484990944881885
0
LINE
8
BLACK
6
CONTINUOUS
10
5.6161194488188979
20
-4.0484990944881885
11
5.6172202362204722
21
-4.0486312598425194
0
LINE
8
BLACK
6
CONTINUOUS
10
5.6172202362204722
20
-4.0486312598425194
11
5.6196022834645669
21
-4.0489173228346456
0
LINE
8
BLACK
6
CONTINUOUS
10
5.6196022834645669
20
-4.0489173228346456
11
5.6196024015748032
21
-4.0489173228346456
0
LINE
8
BLACK
6
CONTINUOUS
10
5.6196024015748032
20
-4.0489173228346456
11
5.6603975984251971
21
-4.0489173228346456
0
LINE
8
BLACK
6
CONTINUOUS
10
5.6603975984251971
20
-4.0489173228346456
11
5.6603977165354333
21
-4.0489173228346456
0
LINE
8
BLACK
6
CONTINUOUS
10
5.6603977165354333
20
-4.0489173228346456
11
5.6638804724409448
21
-4.0484990944881885
0
LINE
8
BLACK
6
CONTINUOUS
10
5.6638804724409448
20
-4.0484990944881885
11
5.6694229133858265
21
-4.0463134251968507
0
LINE
8
BLACK
6
CONTINUOUS
10
5.6694229133858265
20
-4.0463134251968507
11
5.6741701574803152
21
-4.0427134645669289
0
LINE
8
BLACK
6
CONTINUOUS
10
5.6741701574803152
20
-4.0427134645669289
11
5.6741702362204727
21
-4.0427133858267714
0
LINE
8
BLACK
6
CONTINUOUS
10
5.6741702362204727
20
-4.0427133858267714
11
5.674387401574803
21
-4.0424962598425198
0
LINE
8
BLACK
6
CONTINUOUS
10
5.674387401574803
20
-4.0424962598425198
11
5.6768406299212595
21
-4.0411566535433066
0
LINE
8
BLACK
6
CONTINUOUS
10
5.6768406299212595
20
-4.0411566535433066
11
5.677895078740157
21
-4.0410433070866141
0
LINE
8
BLACK
6
CONTINUOUS
10
5.677895078740157
20
-4.0410433070866141
11
5.694182125984252
21
-4.0410433070866141
0
LINE
8
BLACK
6
CONTINUOUS
10
5.694182125984252
20
-4.0410433070866141
11
5.6968640551181098
21
-4.0418307874015751
0
LINE
8
BLACK
6
CONTINUOUS
10
5.6968640551181098
20
-4.0418307874015751
11
5.698134803149606
21
-4.0430065748031492
0
LINE
8
BLACK
6
CONTINUOUS
10
5.698134803149606
20
-4.0430065748031492
11
5.6982708267716538
21
-4.0431859448818894
0
LINE
8
BLACK
6
CONTINUOUS
10
5.6982708267716538
20
-4.0431859448818894
11
5.7030178740157478
21
-4.0467857480314962
0
LINE
8
BLACK
6
CONTINUOUS
10
5.7030178740157478
20
-4.0467857480314962
11
5.7030180314960628
21
-4.0467858661417324
0
LINE
8
BLACK
6
CONTINUOUS
10
5.7030180314960628
20
-4.0467858661417324
11
5.7085604330708657
21
-4.0489715354330711
0
LINE
8
BLACK
6
CONTINUOUS
10
5.7085604330708657
20
-4.0489715354330711
11
5.7085603937007869
21
-4.0489715354330711
0
LINE
8
BLACK
6
CONTINUOUS
10
5.7085603937007869
20
-4.0489715354330711
11
5.7096611811023621
21
-4.0491037007874011
0
LINE
8
BLACK
6
CONTINUOUS
10
5.7096611811023621
20
-4.0491037007874011
11
5.7120432283464568
21
-4.0493897637795273
0
LINE
8
BLACK
6
CONTINUOUS
10
5.7120432283464568
20
-4.0493897637795273
11
5.7120433464566931
21
-4.0493897637795273
0
LINE
8
BLACK
6
CONTINUOUS
10
5.7120433464566931
20
-4.0493897637795273
11
5.7361062598425194
21
-4.0493897637795273
0
LINE
8
BLACK
6
CONTINUOUS
10
5.7361062598425194
20
-4.0493897637795273
11
5.7361063779527557
21
-4.0493897637795273
0
LINE
8
BLACK
6
CONTINUOUS
10
5.7361063779527557
20
-4.0493897637795273
11
5.7395891338582672
21
-4.0489715354330711
0
LINE
8
BLACK
6
CONTINUOUS
10
5.7395891338582672
20
-4.0489715354330711
11
5.7451315748031497
21
-4.0467858661417324
0
LINE
8
BLACK
6
CONTINUOUS
10
5.7451315748031497
20
-4.0467858661417324
11
5.7498788188976375
21
-4.0431859055118107
0
LINE
8
BLACK
6
CONTINUOUS
10
5.7498788188976375
20
-4.0431859055118107
11
5.7534787795275593
21
-4.0384386614173229
0
LINE
8
BLACK
6
CONTINUOUS
10
5.7534787795275593
20
-4.0384386614173229
11
5.755385236220472
21
-4.0336042519685043
0
LINE
8
BLACK
6
CONTINUOUS
10
5.755385236220472
20
-4.0336042519685043
11
5.7571016929133858
21
-4.0313982283464567
0
LINE
8
BLACK
6
CONTINUOUS
10
5.7571016929133858
20
-4.0313982283464567
11
5.7597383464566931
21
-4.030470354330709
0
LINE
8
BLACK
6
CONTINUOUS
10
5.7597383464566931
20
-4.030470354330709
11
5.7624580708661419
21
-4.0311152755905511
0
LINE
8
BLACK
6
CONTINUOUS
10
5.7624580708661419
20
-4.0311152755905511
11
5.7643973622047247
21
-4.0331282283464569
0
LINE
8
BLACK
6
CONTINUOUS
10
5.7643973622047247
20
-4.0331282283464569
11
5.7646147637795275
21
-4.0336042519685043
0
LINE
8
BLACK
6
CONTINUOUS
10
5.7646147637795275
20
-4.0336042519685043
11
5.7665211811023624
21
-4.0384386220472441
0
LINE
8
BLACK
6
CONTINUOUS
10
5.7665211811023624
20
-4.0384386220472441
11
5.7665212992125987
21
-4.0384387795275591
0
LINE
8
BLACK
6
CONTINUOUS
10
5.7665212992125987
20
-4.0384387795275591
11
5.7701211417322833
21
-4.0431859055118107
0
LINE
8
BLACK
6
CONTINUOUS
10
5.7701211417322833
20
-4.0431859055118107
11
5.7748682677165357
21
-4.0467857480314962
0
LINE
8
BLACK
6
CONTINUOUS
10
5.7748682677165357
20
-4.0467857480314962
11
5.7748684251968498
21
-4.0467858661417324
0
LINE
8
BLACK
6
CONTINUOUS
10
5.7748684251968498
20
-4.0467858661417324
11
5.7804108267716536
21
-4.0489715354330711
0
LINE
8
BLACK
6
CONTINUOUS
10
5.7804108267716536
20
-4.0489715354330711
11
5.7804107874015749
21
-4.0489715354330711
0
LINE
8
BLACK
6
CONTINUOUS
10
5.7804107874015749
20
-4.0489715354330711
11
5.7815115748031491
21
-4.0491037007874011
0
LINE
8
BLACK
6
CONTINUOUS
10
5.7815115748031491
20
-4.0491037007874011
11
5.7838936220472439
21
-4.0493897637795273
0
LINE
8
BLACK
6
CONTINUOUS
10
5.7838936220472439
20
-4.0493897637795273
11
5.7838937401574801
21
-4.0493897637795273
0
LINE
8
BLACK
6
CONTINUOUS
10
5.7838937401574801
20
-4.0493897637795273
11
5.8079566535433074
21
-4.0493897637795273
0
LINE
8
BLACK
6
CONTINUOUS
10
5.8079566535433074
20
-4.0493897637795273
11
5.8079567716535427
21
-4.0493897637795273
0
LINE
8
BLACK
6
CONTINUOUS
10
5.8079567716535427
20
-4.0493897637795273
11
5.8114395275590551
21
-4.0489715354330711
0
LINE
8
BLACK
6
CONTINUOUS
10
5.8114395275590551
20
-4.0489715354330711
11
5.8169819685039368
21
-4.0467858661417324
0
LINE
8
BLACK
6
CONTINUOUS
10
5.8169819685039368
20
-4.0467858661417324
11
5.8217292125984255
21
-4.0431859055118107
0
LINE
8
BLACK
6
CONTINUOUS
10
5.8217292125984255
20
-4.0431859055118107
11
5.8222677165354328
21
-4.0424757874015746
0
LINE
8
BLACK
6
CONTINUOUS
10
5.8222677165354328
20
-4.0424757874015746
11
5.8248507874015747
21
-4.0390695275590547
0
LINE
8
BLACK
6
CONTINUOUS
10
5.8248507874015747
20
-4.0390695275590547
11
5.8270987795275593
21
-4.0374083858267715
0
LINE
8
BLACK
6
CONTINUOUS
10
5.8270987795275593
20
-4.0374083858267715
11
5.8288034251968499
21
-4.0371062992125983
0
LINE
8
BLACK
6
CONTINUOUS
10
5.8288034251968499
20
-4.0371062992125983
11
5.8391138976377954
21
-4.0371062992125983
0
LINE
8
BLACK
6
CONTINUOUS
10
5.8391138976377954
20
-4.0371062992125983
11
5.8417958267716532
21
-4.0378937795275593
0
LINE
8
BLACK
6
CONTINUOUS
10
5.8417958267716532
20
-4.0378937795275593
11
5.8430665354330706
21
-4.0390695275590547
0
LINE
8
BLACK
6
CONTINUOUS
10
5.8430665354330706
20
-4.0390695275590547
11
5.8458298031496065
21
-4.0427134645669289
0
LINE
8
BLACK
6
CONTINUOUS
10
5.8458298031496065
20
-4.0427134645669289
11
5.8505769291338581
21
-4.0463133070866144
0
LINE
8
BLACK
6
CONTINUOUS
10
5.8505769291338581
20
-4.0463133070866144
11
5.8505770866141731
21
-4.0463134251968507
0
LINE
8
BLACK
6
CONTINUOUS
10
5.8505770866141731
20
-4.0463134251968507
11
5.856119488188976
21
-4.0484990944881885
0
LINE
8
BLACK
6
CONTINUOUS
10
5.856119488188976
20
-4.0484990944881885
11
5.8561194488188972
21
-4.0484990944881885
0
LINE
8
BLACK
6
CONTINUOUS
10
5.8561194488188972
20
-4.0484990944881885
11
5.8572202362204724
21
-4.0486312598425194
0
LINE
8
BLACK
6
CONTINUOUS
10
5.8572202362204724
20
-4.0486312598425194
11
5.8596022834645671
21
-4.0489173228346456
0
LINE
8
BLACK
6
CONTINUOUS
10
5.8596022834645671
20
-4.0489173228346456
11
5.8596024015748034
21
-4.0489173228346456
0
LINE
8
BLACK
6
CONTINUOUS
10
5.8596024015748034
20
-4.0489173228346456
11
5.9003975984251964
21
-4.0489173228346456
0
LINE
8
BLACK
6
CONTINUOUS
10
5.9003975984251964
20
-4.0489173228346456
11
5.9003977165354327
21
-4.0489173228346456
0
LINE
8
BLACK
6
CONTINUOUS
10
5.9003977165354327
20
-4.0489173228346456
11
5.903880472440945
21
-4.0484990944881885
0
LINE
8
BLACK
6
CONTINUOUS
10
5.903880472440945
20
-4.0484990944881885
11
5.9094229133858267
21
-4.0463134251968507
0
LINE
8
BLACK
6
CONTINUOUS
10
5.9094229133858267
20
-4.0463134251968507
11
5.9141701574803145
21
-4.0427134645669289
0
LINE
8
BLACK
6
CONTINUOUS
10
5.9141701574803145
20
-4.0427134645669289
11
5.9163682283464567
21
-4.0398148818897637
0
LINE
8
BLACK
6
CONTINUOUS
10
5.9163682283464567
20
-4.0398148818897637
11
5.9169334645669291
21
-4.0390695275590547
0
LINE
8
BLACK
6
CONTINUOUS
10
5.9169334645669291
20
-4.0390695275590547
11
5.9191814173228341
21
-4.0374083858267715
0
LINE
8
BLACK
6
CONTINUOUS
10
5.9191814173228341
20
-4.0374083858267715
11
5.9208861023622044
21
-4.0371062992125983
0
LINE
8
BLACK
6
CONTINUOUS
10
5.9208861023622044
20
-4.0371062992125983
11
5.9391138976377951
21
-4.0371062992125983
0
LINE
8
BLACK
6
CONTINUOUS
10
5.9391138976377951
20
-4.0371062992125983
11
5.9417958267716537
21
-4.0378937795275593
0
LINE
8
BLACK
6
CONTINUOUS
10
5.9417958267716537
20
-4.0378937795275593
11
5.9430665354330712
21
-4.0390695275590547
0
LINE
8
BLACK
6
CONTINUOUS
10
5.9430665354330712
20
-4.0390695275590547
11
5.9458298031496062
21
-4.0427134645669289
0
LINE
8
BLACK
6
CONTINUOUS
10
5.9458298031496062
20
-4.0427134645669289
11
5.9505769291338577
21
-4.0463133070866144
0
LINE
8
BLACK
6
CONTINUOUS
10
5.9505769291338577
20
-4.0463133070866144
11
5.9505770866141727
21
-4.0463134251968507
0
LINE
8
BLACK
6
CONTINUOUS
10
5.9505770866141727
20
-4.0463134251968507
11
5.9561194881889765
21
-4.0484990944881885
0
LINE
8
BLACK
6
CONTINUOUS
10
5.9561194881889765
20
-4.0484990944881885
11
5.9561194488188978
21
-4.0484990944881885
0
LINE
8
BLACK
6
CONTINUOUS
10
5.9561194488188978
20
-4.0484990944881885
11
5.957220236220472
21
-4.0486312598425194
0
LINE
8
BLACK
6
CONTINUOUS
10
5.957220236220472
20
-4.0486312598425194
11
5.9596022834645668
21
-4.0489173228346456
0
LINE
8
BLACK
6
CONTINUOUS
10
5.9596022834645668
20
-4.0489173228346456
11
5.959602401574803
21
-4.0489173228346456
0
LINE
8
BLACK
6
CONTINUOUS
10
5.959602401574803
20
-4.0489173228346456
11
6.0003975984251969
21
-4.0489173228346456
0
LINE
8
BLACK
6
CONTINUOUS
10
6.0003975984251969
20
-4.0489173228346456
11
6.0003977165354332
21
-4.0489173228346456
0
LINE
8
BLACK
6
CONTINUOUS
10
6.0003977165354332
20
-4.0489173228346456
11
6.0038804724409447
21
-4.0484990944881885
0
LINE
8
BLACK
6
CONTINUOUS
10
6.0038804724409447
20
-4.0484990944881885
11
6.0094229133858263
21
-4.0463134251968507
0
LINE
8
BLACK
6
CONTINUOUS
10
6.0094229133858263
20
-4.0463134251968507
11
6.014170157480315
21
-4.0427134645669289
0
LINE
8
BLACK
6
CONTINUOUS
10
6.014170157480315
20
-4.0427134645669289
11
6.0177701181102359
21
-4.0379662204724411
0
LINE
8
BLACK
6
CONTINUOUS
10
6.0177701181102359
20
-4.0379662204724411
11
6.0199557874015746
21
-4.0324237795275586
0
LINE
8
BLACK
6
CONTINUOUS
10
6.0199557874015746
20
-4.0324237795275586
11
6.0203740157480317
21
-4.0289410236220471
0
LINE
8
BLACK
6
CONTINUOUS
10
6.0203740157480317
20
-4.0289410236220471
11
6.0203740157480317
21
-4.0195474015748029
0
LINE
8
BLACK
6
CONTINUOUS
10
6.0203740157480317
20
-4.0195474015748029
11
6.0207198031496061
21
-4.0183696062992125
0
LINE
8
BLACK
6
CONTINUOUS
10
6.0207198031496061
20
-4.0183696062992125
11
6.0209807874015748
21
-4.0171700393700789
0
LINE
8
BLACK
6
CONTINUOUS
10
6.0209807874015748
20
-4.0171700393700789
11
6.0211309448818895
21
-4.0169694094488184
0
LINE
8
BLACK
6
CONTINUOUS
10
6.0211309448818895
20
-4.0169694094488184
11
6.0211614960629918
21
-4.0168654724409452
0
LINE
8
BLACK
6
CONTINUOUS
10
6.0211614960629918
20
-4.0168654724409452
11
6.0218269685039365
21
-4.016039724409449
0
LINE
8
BLACK
6
CONTINUOUS
10
6.0218269685039365
20
-4.016039724409449
11
6.0267090157480316
21
-4.0111576771653539
0
LINE
8
BLACK
6
CONTINUOUS
10
6.0267090157480316
20
-4.0111576771653539
11
6.0291622440944881
21
-4.0098180708661415
0
LINE
8
BLACK
6
CONTINUOUS
10
6.0291622440944881
20
-4.0098180708661415
11
6.0302166929133856
21
-4.009704724409449
0
LINE
8
BLACK
6
CONTINUOUS
10
6.0302166929133856
20
-4.009704724409449
11
6.0477692125984248
21
-4.009704724409449
0
LINE
8
BLACK
6
CONTINUOUS
10
6.0477692125984248
20
-4.009704724409449
11
6.0504511417322835
21
-4.0104922047244091
0
LINE
8
BLACK
6
CONTINUOUS
10
6.0504511417322835
20
-4.0104922047244091
11
6.0512660236220475
21
-4.0111468110236217
0
LINE
8
BLACK
6
CONTINUOUS
10
6.0512660236220475
20
-4.0111468110236217
11
6.0512724015748027
21
-4.0111531496062991
0
LINE
8
BLACK
6
CONTINUOUS
10
6.0512724015748027
20
-4.0111531496062991
11
6.0526195669291338
21
-4.0136022440944883
0
LINE
8
BLACK
6
CONTINUOUS
10
6.0526195669291338
20
-4.0136022440944883
11
6.0527362204724406
21
-4.0146716929133861
0
LINE
8
BLACK
6
CONTINUOUS
10
6.0527362204724406
20
-4.0146716929133861
11
6.0527362204724406
21
-4.0798467716535436
0
LINE
8
BLACK
6
CONTINUOUS
10
6.0527362204724406
20
-4.0798467716535436
11
6.0527362204724406
21
-4.0850351181102358
0
LINE
8
BLACK
6
CONTINUOUS
10
6.0527362204724406
20
-4.0850351181102358
11
6.05362874015748
21
-4.0883661417322834
0
LINE
8
BLACK
6
CONTINUOUS
10
6.05362874015748
20
-4.0883661417322834
11
6.0540790157480311
21
-4.0900465748031491
0
LINE
8
BLACK
6
CONTINUOUS
10
6.0540790157480311
20
-4.0900465748031491
11
6.0540791338582673
21
-4.0900468503937004
0
LINE
8
BLACK
6
CONTINUOUS
10
6.0540791338582673
20
-4.0900468503937004
11
6.0566731102362201
21
-4.0945397637795278
0
LINE
8
BLACK
6
CONTINUOUS
10
6.0566731102362201
20
-4.0945397637795278
11
6.0566734251968501
21
-4.0945401574803153
0
LINE
8
BLACK
6
CONTINUOUS
10
6.0566734251968501
20
-4.0945401574803153
11
6.0942322440944885
21
-4.1320989763779528
0
LINE
8
BLACK
6
CONTINUOUS
10
6.0942322440944885
20
-4.1320989763779528
11
6.0942322834645664
21
-4.1320989763779528
0
LINE
8
BLACK
6
CONTINUOUS
10
6.0942322834645664
20
-4.1320989763779528
11
6.1039493700787402
21
-4.1418160236220469
0
LINE
8
BLACK
6
CONTINUOUS
10
6.1039493700787402
20
-4.1418160236220469
11
6.103949881889764
21
-4.1418166141732282
0
LINE
8
BLACK
6
CONTINUOUS
10
6.103949881889764
20
-4.1418166141732282
11
6.1079007480314962
21
-4.1457674803149605
0
LINE
8
BLACK
6
CONTINUOUS
10
6.1079007480314962
20
-4.1457674803149605
11
6.1079009055118112
21
-4.1457675984251967
0
LINE
8
BLACK
6
CONTINUOUS
10
6.1079009055118112
20
-4.1457675984251967
11
6.1079010236220475
21
-4.145767716535433
0
LINE
8
BLACK
6
CONTINUOUS
10
6.1079010236220475
20
-4.145767716535433
11
6.1113692913385824
21
-4.1477701181102358
0
LINE
8
BLACK
6
CONTINUOUS
10
6.1113692913385824
20
-4.1477701181102358
11
6.1113693307086612
21
-4.1477701574803145
0
LINE
8
BLACK
6
CONTINUOUS
10
6.1113693307086612
20
-4.1477701574803145
11
6.1123940157480314
21
-4.1483617716535433
0
LINE
8
BLACK
6
CONTINUOUS
10
6.1123940157480314
20
-4.1483617716535433
11
6.1123940944881889
21
-4.148361811023622
0
LINE
8
BLACK
6
CONTINUOUS
10
6.1123940944881889
20
-4.148361811023622
11
6.1123942519685039
21
-4.1483618897637795
0
LINE
8
BLACK
6
CONTINUOUS
10
6.1123942519685039
20
-4.1483618897637795
11
6.1174057874015748
21
-4.1497047244094487
0
LINE
8
BLACK
6
CONTINUOUS
10
6.1174057874015748
20
-4.1497047244094487
11
6.1174058267716536
21
-4.1497047244094487
0
LINE
8
BLACK
6
CONTINUOUS
10
6.1174058267716536
20
-4.1497047244094487
11
6.2786477559055118
21
-4.1497047244094487
0
LINE
8
BLACK
6
CONTINUOUS
10
6.2786477559055118
20
-4.1497047244094487
11
6.2813296850393696
21
-4.1504922047244097
0
LINE
8
BLACK
6
CONTINUOUS
10
6.2813296850393696
20
-4.1504922047244097
11
6.2821554330708658
21
-4.1511576771653544
0
LINE
8
BLACK
6
CONTINUOUS
10
6.2821554330708658
20
-4.1511576771653544
11
6.2824193700787401
21
-4.1514216141732279
0
LINE
8
BLACK
6
CONTINUOUS
10
6.2824193700787401
20
-4.1514216141732279
11
6.2824196062992126
21
-4.1514218110236216
0
LINE
8
BLACK
6
CONTINUOUS
10
6.2824196062992126
20
-4.1514218110236216
11
6.2869365748031498
21
-4.1544399606299214
0
LINE
8
BLACK
6
CONTINUOUS
10
6.2869365748031498
20
-4.1544399606299214
11
6.291955590551181
21
-4.1565188976377954
0
LINE
8
BLACK
6
CONTINUOUS
10
6.291955590551181
20
-4.1565188976377954
11
6.2972837401574804
21
-4.1575787401574802
0
LINE
8
BLACK
6
CONTINUOUS
10
6.2972837401574804
20
-4.1575787401574802
11
6.2972837795275591
21
-4.1575787401574802
0
LINE
8
BLACK
6
CONTINUOUS
10
6.2972837795275591
20
-4.1575787401574802
11
6.3027162204724405
21
-4.1575787401574802
0
LINE
8
BLACK
6
CONTINUOUS
10
6.3027162204724405
20
-4.1575787401574802
11
6.3027162598425193
21
-4.1575787401574802
0
LINE
8
BLACK
6
CONTINUOUS
10
6.3027162598425193
20
-4.1575787401574802
11
6.3080444094488186
21
-4.1565188976377954
0
LINE
8
BLACK
6
CONTINUOUS
10
6.3080444094488186
20
-4.1565188976377954
11
6.3130634251968498
21
-4.1544399606299214
0
LINE
8
BLACK
6
CONTINUOUS
10
6.3130634251968498
20
-4.1544399606299214
11
6.3175803937007871
21
-4.1514218110236216
0
LINE
8
BLACK
6
CONTINUOUS
10
6.3175803937007871
20
-4.1514218110236216
11
6.3214218110236216
21
-4.1475803937007871
0
LINE
8
BLACK
6
CONTINUOUS
10
6.3214218110236216
20
-4.1475803937007871
11
6.3244399606299213
21
-4.1430634251968499
0
LINE
8
BLACK
6
CONTINUOUS
10
6.3244399606299213
20
-4.1430634251968499
11
6.3253719291338584
21
-4.1408133464566932
0
LINE
8
BLACK
6
CONTINUOUS
10
6.3253719291338584
20
-4.1408133464566932
11
6.3255120866141734
21
-4.1406394488188978
0
LINE
8
BLACK
6
CONTINUOUS
10
6.3255120866141734
20
-4.1406394488188978
11
6.3255553149606296
21
-4.1404202362204723
0
LINE
8
BLACK
6
CONTINUOUS
10
6.3255553149606296
20
-4.1404202362204723
11
6.326379409448819
21
-4.13956311023622
0
LINE
8
BLACK
6
CONTINUOUS
10
6.326379409448819
20
-4.13956311023622
11
6.3271257086614172
21
-4.1386370472440941
0
LINE
8
BLACK
6
CONTINUOUS
10
6.3271257086614172
20
-4.1386370472440941
11
6.3273377559055115
21
-4.1385664566929137
0
LINE
8
BLACK
6
CONTINUOUS
10
6.3273377559055115
20
-4.1385664566929137
11
6.3274926377952756
21
-4.1384053937007872
0
LINE
8
BLACK
6
CONTINUOUS
10
6.3274926377952756
20
-4.1384053937007872
11
6.3286493307086609
21
-4.1381298818897641
0
LINE
8
BLACK
6
CONTINUOUS
10
6.3286493307086609
20
-4.1381298818897641
11
6.3297777952755903
21
-4.1377542913385827
0
LINE
8
BLACK
6
CONTINUOUS
10
6.3297777952755903
20
-4.1377542913385827
11
6.3299943307086615
21
-4.137809527559055
0
LINE
8
BLACK
6
CONTINUOUS
10
6.3299943307086615
20
-4.137809527559055
11
6.3302116929133856
21
-4.1377577952755908
0
LINE
8
BLACK
6
CONTINUOUS
10
6.3302116929133856
20
-4.1377577952755908
11
6.3313337401574801
21
-4.1381513779527559
0
LINE
8
BLACK
6
CONTINUOUS
10
6.3313337401574801
20
-4.1381513779527559
11
6.3324861023622043
21
-4.1384455118110237
0
LINE
8
BLACK
6
CONTINUOUS
10
6.3324861023622043
20
-4.1384455118110237
11
6.3326938976377951
21
-4.1386285433070862
0
LINE
8
BLACK
6
CONTINUOUS
10
6.3326938976377951
20
-4.1386285433070862
11
6.3328492519685042
21
-4.138683031496063
0
LINE
8
BLACK
6
CONTINUOUS
10
6.3328492519685042
20
-4.138683031496063
11
6.3337263779527557
21
-4.1395377952755901
0
LINE
8
BLACK
6
CONTINUOUS
10
6.3337263779527557
20
-4.1395377952755901
11
6.3338670472440946
21
-4.1396616929133856
0
LINE
8
BLACK
6
CONTINUOUS
10
6.3338670472440946
20
-4.1396616929133856
11
6.3338889763779527
21
-4.1396898425196849
0
LINE
8
BLACK
6
CONTINUOUS
10
6.3338889763779527
20
-4.1396898425196849
11
6.337286535433071
21
-4.1441701574803149
0
LINE
8
BLACK
6
CONTINUOUS
10
6.337286535433071
20
-4.1441701574803149
11
6.3375202362204721
21
-4.1443473622047247
0
LINE
8
BLACK
6
CONTINUOUS
10
6.3375202362204721
20
-4.1443473622047247
11
6.3379081889763782
21
-4.1448449606299214
0
LINE
8
BLACK
6
CONTINUOUS
10
6.3379081889763782
20
-4.1448449606299214
11
6.3383141732283459
21
-4.1458714960629921
0
LINE
8
BLACK
6
CONTINUOUS
10
6.3383141732283459
20
-4.1458714960629921
11
6.3388432677165349
21
-4.1468403543307089
0
LINE
8
BLACK
6
CONTINUOUS
10
6.3388432677165349
20
-4.1468403543307089
11
6.3388977559055117
21
-4.147347007874016
0
LINE
8
BLACK
6
CONTINUOUS
10
6.3388977559055117
20
-4.147347007874016
11
6.3389361811023619
21
-4.1474441732283465
0
LINE
8
BLACK
6
CONTINUOUS
10
6.3389361811023619
20
-4.1474441732283465
11
6.3389180708661419
21
-4.1475359842519683
0
LINE
8
BLACK
6
CONTINUOUS
10
6.3389180708661419
20
-4.1475359842519683
11
6.3389566929133858
21
-4.1478950393700789
0
LINE
8
BLACK
6
CONTINUOUS
10
6.3389566929133858
20
-4.1478950393700789
11
6.3389566929133858
21
-4.1665185039370076
0
LINE
8
BLACK
6
CONTINUOUS
10
6.3389566929133858
20
-4.1665185039370076
11
6.3381692125984248
21
-4.1692004330708663
0
LINE
8
BLACK
6
CONTINUOUS
10
6.3381692125984248
20
-4.1692004330708663
11
6.336056771653543
21
-4.1710308661417326
0
LINE
8
BLACK
6
CONTINUOUS
10
6.336056771653543
20
-4.1710308661417326
11
6.3334046456692912
21
-4.1714437401574802
0
LINE
8
BLACK
6
CONTINUOUS
10
6.3334046456692912
20
-4.1714437401574802
11
6.330397913385827
21
-4.1710826771653542
0
LINE
8
BLACK
6
CONTINUOUS
10
6.330397913385827
20
-4.1710826771653542
11
6.3303977165354333
21
-4.1710826771653542
0
LINE
8
BLACK
6
CONTINUOUS
10
6.3303977165354333
20
-4.1710826771653542
11
6.2896022834645668
21
-4.1710826771653542
0
LINE
8
BLACK
6
CONTINUOUS
10
6.2896022834645668
20
-4.1710826771653542
11
6.2896021259842518
21
-4.1710826771653542
0
LINE
8
BLACK
6
CONTINUOUS
10
6.2896021259842518
20
-4.1710826771653542
11
6.2861194881889766
21
-4.1715008661417325
0
LINE
8
BLACK
6
CONTINUOUS
10
6.2861194881889766
20
-4.1715008661417325
11
6.2805770866141728
21
-4.1736865354330703
0
LINE
8
BLACK
6
CONTINUOUS
10
6.2805770866141728
20
-4.1736865354330703
11
6.2805769291338578
21
-4.1736866535433066
0
LINE
8
BLACK
6
CONTINUOUS
10
6.2805769291338578
20
-4.1736866535433066
11
6.2758298031496063
21
-4.1772864960629921
0
LINE
8
BLACK
6
CONTINUOUS
10
6.2758298031496063
20
-4.1772864960629921
11
6.2730665354330704
21
-4.1809304724409451
0
LINE
8
BLACK
6
CONTINUOUS
10
6.2730665354330704
20
-4.1809304724409451
11
6.2708185826771654
21
-4.1825916141732282
0
LINE
8
BLACK
6
CONTINUOUS
10
6.2708185826771654
20
-4.1825916141732282
11
6.2691138976377951
21
-4.1828937007874014
0
LINE
8
BLACK
6
CONTINUOUS
10
6.2691138976377951
20
-4.1828937007874014
11
6.2588940551181098
21
-4.1828937007874014
0
LINE
8
BLACK
6
CONTINUOUS
10
6.2588940551181098
20
-4.1828937007874014
11
6.2560264960629919
21
-4.1845492913385822
0
LINE
8
BLACK
6
CONTINUOUS
10
6.2560264960629919
20
-4.1845492913385822
11
6.2520555118110233
21
-4.1856133070866139
0
LINE
8
BLACK
6
CONTINUOUS
10
6.2520555118110233
20
-4.1856133070866139
11
6.2479444881889759
21
-4.1856133070866139
0
LINE
8
BLACK
6
CONTINUOUS
10
6.2479444881889759
20
-4.1856133070866139
11
6.2439735039370081
21
-4.1845492913385822
0
LINE
8
BLACK
6
CONTINUOUS
10
6.2439735039370081
20
-4.1845492913385822
11
6.2411059448818893
21
-4.1828937007874014
0
LINE
8
BLACK
6
CONTINUOUS
10
6.2411059448818893
20
-4.1828937007874014
11
6.2308861023622049
21
-4.1828937007874014
0
LINE
8
BLACK
6
CONTINUOUS
10
6.2308861023622049
20
-4.1828937007874014
11
6.2282041732283462
21
-4.1821062204724413
0
LINE
8
BLACK
6
CONTINUOUS
10
6.2282041732283462
20
-4.1821062204724413
11
6.2269334645669288
21
-4.1809304724409451
0
LINE
8
BLACK
6
CONTINUOUS
10
6.2269334645669288
20
-4.1809304724409451
11
6.224170157480315
21
-4.1772864960629921
0
LINE
8
BLACK
6
CONTINUOUS
10
6.224170157480315
20
-4.1772864960629921
11
6.2194230314960626
21
-4.1736866535433066
0
LINE
8
BLACK
6
CONTINUOUS
10
6.2194230314960626
20
-4.1736866535433066
11
6.2194228740157476
21
-4.1736865354330703
0
LINE
8
BLACK
6
CONTINUOUS
10
6.2194228740157476
20
-4.1736865354330703
11
6.2138804724409447
21
-4.1715008661417325
0
LINE
8
BLACK
6
CONTINUOUS
10
6.2138804724409447
20
-4.1715008661417325
11
6.2138805118110234
21
-4.1715008661417325
0
LINE
8
BLACK
6
CONTINUOUS
10
6.2138805118110234
20
-4.1715008661417325
11
6.2103978346456694
21
-4.1710826771653542
0
LINE
8
BLACK
6
CONTINUOUS
10
6.2103978346456694
20
-4.1710826771653542
11
6.2103977165354332
21
-4.1710826771653542
0
LINE
8
BLACK
6
CONTINUOUS
10
6.2103977165354332
20
-4.1710826771653542
11
6.1696022834645667
21
-4.1710826771653542
0
LINE
8
BLACK
6
CONTINUOUS
10
6.1696022834645667
20
-4.1710826771653542
11
6.1696021259842517
21
-4.1710826771653542
0
LINE
8
BLACK
6
CONTINUOUS
10
6.1696021259842517
20
-4.1710826771653542
11
6.1661194881889765
21
-4.1715008661417325
0
LINE
8
BLACK
6
CONTINUOUS
10
6.1661194881889765
20
-4.1715008661417325
11
6.1605770866141727
21
-4.1736865354330703
0
LINE
8
BLACK
6
CONTINUOUS
10
6.1605770866141727
20
-4.1736865354330703
11
6.1605769291338586
21
-4.1736866535433066
0
LINE
8
BLACK
6
CONTINUOUS
10
6.1605769291338586
20
-4.1736866535433066
11
6.1558298031496061
21
-4.1772864960629921
0
LINE
8
BLACK
6
CONTINUOUS
10
6.1558298031496061
20
-4.1772864960629921
11
6.1530665354330711
21
-4.1809304724409451
0
LINE
8
BLACK
6
CONTINUOUS
10
6.1530665354330711
20
-4.1809304724409451
11
6.1508185826771653
21
-4.1825916141732282
0
LINE
8
BLACK
6
CONTINUOUS
10
6.1508185826771653
20
-4.1825916141732282
11
6.149113897637795
21
-4.1828937007874014
0
LINE
8
BLACK
6
CONTINUOUS
10
6.149113897637795
20
-4.1828937007874014
11
6.1388940551181097
21
-4.1828937007874014
0
LINE
8
BLACK
6
CONTINUOUS
10
6.1388940551181097
20
-4.1828937007874014
11
6.1360264960629918
21
-4.1845492913385822
0
LINE
8
BLACK
6
CONTINUOUS
10
6.1360264960629918
20
-4.1845492913385822
11
6.1320555118110232
21
-4.1856133070866139
0
LINE
8
BLACK
6
CONTINUOUS
10
6.1320555118110232
20
-4.1856133070866139
11
6.1279444881889766
21
-4.1856133070866139
0
LINE
8
BLACK
6
CONTINUOUS
10
6.1279444881889766
20
-4.1856133070866139
11
6.123973503937008
21
-4.1845492913385822
0
LINE
8
BLACK
6
CONTINUOUS
10
6.123973503937008
20
-4.1845492913385822
11
6.1211059448818892
21
-4.1828937007874014
0
LINE
8
BLACK
6
CONTINUOUS
10
6.1211059448818892
20
-4.1828937007874014
11
6.1108861023622048
21
-4.1828937007874014
0
LINE
8
BLACK
6
CONTINUOUS
10
6.1108861023622048
20
-4.1828937007874014
11
6.1082041732283461
21
-4.1821062204724413
0
LINE
8
BLACK
6
CONTINUOUS
10
6.1082041732283461
20
-4.1821062204724413
11
6.1069334645669286
21
-4.1809304724409451
0
LINE
8
BLACK
6
CONTINUOUS
10
6.1069334645669286
20
-4.1809304724409451
11
6.1041701574803149
21
-4.1772864960629921
0
LINE
8
BLACK
6
CONTINUOUS
10
6.1041701574803149
20
-4.1772864960629921
11
6.0994230314960625
21
-4.1736866535433066
0
LINE
8
BLACK
6
CONTINUOUS
10
6.0994230314960625
20
-4.1736866535433066
11
6.0994228740157475
21
-4.1736865354330703
0
LINE
8
BLACK
6
CONTINUOUS
10
6.0994228740157475
20
-4.1736865354330703
11
6.0938804724409446
21
-4.1715008661417325
0
LINE
8
BLACK
6
CONTINUOUS
10
6.0938804724409446
20
-4.1715008661417325
11
6.0938805118110233
21
-4.1715008661417325
0
LINE
8
BLACK
6
CONTINUOUS
10
6.0938805118110233
20
-4.1715008661417325
11
6.0903978346456693
21
-4.1710826771653542
0
LINE
8
BLACK
6
CONTINUOUS
10
6.0903978346456693
20
-4.1710826771653542
11
6.090397716535433
21
-4.1710826771653542
0
LINE
8
BLACK
6
CONTINUOUS
10
6.090397716535433
20
-4.1710826771653542
11
6.0496022834645666
21
-4.1710826771653542
0
LINE
8
BLACK
6
CONTINUOUS
10
6.0496022834645666
20
-4.1710826771653542
11
6.0496021259842516
21
-4.1710826771653542
0
LINE
8
BLACK
6
CONTINUOUS
10
6.0496021259842516
20
-4.1710826771653542
11
6.0461194881889764
21
-4.1715008661417325
0
LINE
8
BLACK
6
CONTINUOUS
10
6.0461194881889764
20
-4.1715008661417325
11
6.0405770866141735
21
-4.1736865354330703
0
LINE
8
BLACK
6
CONTINUOUS
10
6.0405770866141735
20
-4.1736865354330703
11
6.0405769291338585
21
-4.1736866535433066
0
LINE
8
BLACK
6
CONTINUOUS
10
6.0405769291338585
20
-4.1736866535433066
11
6.035829803149606
21
-4.1772864960629921
0
LINE
8
BLACK
6
CONTINUOUS
10
6.035829803149606
20
-4.1772864960629921
11
6.033066535433071
21
-4.1809304724409451
0
LINE
8
BLACK
6
CONTINUOUS
10
6.033066535433071
20
-4.1809304724409451
11
6.0308185826771652
21
-4.1825916141732282
0
LINE
8
BLACK
6
CONTINUOUS
10
6.0308185826771652
20
-4.1825916141732282
11
6.0291138976377949
21
-4.1828937007874014
0
LINE
8
BLACK
6
CONTINUOUS
10
6.0291138976377949
20
-4.1828937007874014
11
5.9908861023622046
21
-4.1828937007874014
0
LINE
8
BLACK
6
CONTINUOUS
10
5.9908861023622046
20
-4.1828937007874014
11
5.988204173228346
21
-4.1821062204724413
0
LINE
8
BLACK
6
CONTINUOUS
10
5.988204173228346
20
-4.1821062204724413
11
5.9869334645669294
21
-4.1809304724409451
0
LINE
8
BLACK
6
CONTINUOUS
10
5.9869334645669294
20
-4.1809304724409451
11
5.9841701574803148
21
-4.1772864960629921
0
LINE
8
BLACK
6
CONTINUOUS
10
5.9841701574803148
20
-4.1772864960629921
11
5.9794230314960632
21
-4.1736866535433066
0
LINE
8
BLACK
6
CONTINUOUS
10
5.9794230314960632
20
-4.1736866535433066
11
5.9794228740157482
21
-4.1736865354330703
0
LINE
8
BLACK
6
CONTINUOUS
10
5.9794228740157482
20
-4.1736865354330703
11
5.9738804724409444
21
-4.1715008661417325
0
LINE
8
BLACK
6
CONTINUOUS
10
5.9738804724409444
20
-4.1715008661417325
11
5.9738805118110232
21
-4.1715008661417325
0
LINE
8
BLACK
6
CONTINUOUS
10
5.9738805118110232
20
-4.1715008661417325
11
5.9703978346456692
21
-4.1710826771653542
0
LINE
8
BLACK
6
CONTINUOUS
10
5.9703978346456692
20
-4.1710826771653542
11
5.9703977165354329
21
-4.1710826771653542
0
LINE
8
BLACK
6
CONTINUOUS
10
5.9703977165354329
20
-4.1710826771653542
11
5.9296022834645665
21
-4.1710826771653542
0
LINE
8
BLACK
6
CONTINUOUS
10
5.9296022834645665
20
-4.1710826771653542
11
5.9296021259842515
21
-4.1710826771653542
0
LINE
8
BLACK
6
CONTINUOUS
10
5.9296021259842515
20
-4.1710826771653542
11
5.9261194881889763
21
-4.1715008661417325
0
LINE
8
BLACK
6
CONTINUOUS
10
5.9261194881889763
20
-4.1715008661417325
11
5.9205770866141734
21
-4.1736865354330703
0
LINE
8
BLACK
6
CONTINUOUS
10
5.9205770866141734
20
-4.1736865354330703
11
5.9205769291338584
21
-4.1736866535433066
0
LINE
8
BLACK
6
CONTINUOUS
10
5.9205769291338584
20
-4.1736866535433066
11
5.9158298031496059
21
-4.1772864960629921
0
LINE
8
BLACK
6
CONTINUOUS
10
5.9158298031496059
20
-4.1772864960629921
11
5.9122299606299213
21
-4.1820336220472436
0
LINE
8
BLACK
6
CONTINUOUS
10
5.9122299606299213
20
-4.1820336220472436
11
5.9122298425196851
21
-4.1820337795275586
0
LINE
8
BLACK
6
CONTINUOUS
10
5.9122298425196851
20
-4.1820337795275586
11
5.9102105118110231
21
-4.187154488188976
0
LINE
8
BLACK
6
CONTINUOUS
10
5.9102105118110231
20
-4.187154488188976
11
5.9084940551181102
21
-4.1893605118110235
0
LINE
8
BLACK
6
CONTINUOUS
10
5.9084940551181102
20
-4.1893605118110235
11
5.9058574015748029
21
-4.1902883858267712
0
LINE
8
BLACK
6
CONTINUOUS
10
5.9058574015748029
20
-4.1902883858267712
11
5.9055957480314962
21
-4.1902952755905511
0
LINE
8
BLACK
6
CONTINUOUS
10
5.9055957480314962
20
-4.1902952755905511
11
5.8721496062992129
21
-4.1902952755905511
0
LINE
8
BLACK
6
CONTINUOUS
10
5.8721496062992129
20
-4.1902952755905511
11
5.8694676771653542
21
-4.1895077952755901
0
LINE
8
BLACK
6
CONTINUOUS
10
5.8694676771653542
20
-4.1895077952755901
11
5.8676372440944879
21
-4.1873953543307083
0
LINE
8
BLACK
6
CONTINUOUS
10
5.8676372440944879
20
-4.1873953543307083
11
5.8675348425196852
21
-4.187154488188976
0
LINE
8
BLACK
6
CONTINUOUS
10
5.8675348425196852
20
-4.187154488188976
11
5.8653291732283463
21
-4.1815613385826769
0
LINE
8
BLACK
6
CONTINUOUS
10
5.8653291732283463
20
-4.1815613385826769
11
5.8653290551181101
21
-4.1815611811023619
0
LINE
8
BLACK
6
CONTINUOUS
10
5.8653290551181101
20
-4.1815611811023619
11
5.8617292125984255
21
-4.1768140551181103
0
LINE
8
BLACK
6
CONTINUOUS
10
5.8617292125984255
20
-4.1768140551181103
11
5.8569820866141731
21
-4.1732142125984248
0
LINE
8
BLACK
6
CONTINUOUS
10
5.8569820866141731
20
-4.1732142125984248
11
5.8569819291338581
21
-4.1732140944881886
0
LINE
8
BLACK
6
CONTINUOUS
10
5.8569819291338581
20
-4.1732140944881886
11
5.8514395275590552
21
-4.1710284251968499
0
LINE
8
BLACK
6
CONTINUOUS
10
5.8514395275590552
20
-4.1710284251968499
11
5.8514395669291339
21
-4.1710284251968499
0
LINE
8
BLACK
6
CONTINUOUS
10
5.8514395669291339
20
-4.1710284251968499
11
5.847956889763779
21
-4.1706102362204724
0
LINE
8
BLACK
6
CONTINUOUS
10
5.847956889763779
20
-4.1706102362204724
11
5.8479567716535428
21
-4.1706102362204724
0
LINE
8
BLACK
6
CONTINUOUS
10
5.8479567716535428
20
-4.1706102362204724
11
5.8238936220472439
21
-4.1706102362204724
0
LINE
8
BLACK
6
CONTINUOUS
10
5.8238936220472439
20
-4.1706102362204724
11
5.8238934645669289
21
-4.1706102362204724
0
LINE
8
BLACK
6
CONTINUOUS
10
5.8238934645669289
20
-4.1706102362204724
11
5.8204108267716537
21
-4.1710284251968499
0
LINE
8
BLACK
6
CONTINUOUS
10
5.8204108267716537
20
-4.1710284251968499
11
5.8148684251968499
21
-4.1732140944881886
0
LINE
8
BLACK
6
CONTINUOUS
10
5.8148684251968499
20
-4.1732140944881886
11
5.8148682677165349
21
-4.1732142125984248
0
LINE
8
BLACK
6
CONTINUOUS
10
5.8148682677165349
20
-4.1732142125984248
11
5.8101211417322833
21
-4.1768140551181103
0
LINE
8
BLACK
6
CONTINUOUS
10
5.8101211417322833
20
-4.1768140551181103
11
5.8065212992125979
21
-4.1815611811023619
0
LINE
8
BLACK
6
CONTINUOUS
10
5.8065212992125979
20
-4.1815611811023619
11
5.8065211811023625
21
-4.1815613385826769
0
LINE
8
BLACK
6
CONTINUOUS
10
5.8065211811023625
20
-4.1815613385826769
11
5.8046147637795276
21
-4.1863957086614176
0
LINE
8
BLACK
6
CONTINUOUS
10
5.8046147637795276
20
-4.1863957086614176
11
5.8028983070866138
21
-4.1886017322834643
0
LINE
8
BLACK
6
CONTINUOUS
10
5.8028983070866138
20
-4.1886017322834643
11
5.8002616535433074
21
-4.1895296062992129
0
LINE
8
BLACK
6
CONTINUOUS
10
5.8002616535433074
20
-4.1895296062992129
11
5.7975419291338586
21
-4.1888846456692912
0
LINE
8
BLACK
6
CONTINUOUS
10
5.7975419291338586
20
-4.1888846456692912
11
5.7956026377952758
21
-4.1868717322834641
0
LINE
8
BLACK
6
CONTINUOUS
10
5.7956026377952758
20
-4.1868717322834641
11
5.7953852362204721
21
-4.1863957086614176
0
LINE
8
BLACK
6
CONTINUOUS
10
5.7953852362204721
20
-4.1863957086614176
11
5.7934787795275593
21
-4.1815613385826769
0
LINE
8
BLACK
6
CONTINUOUS
10
5.7934787795275593
20
-4.1815613385826769
11
5.793478661417323
21
-4.1815611811023619
0
LINE
8
BLACK
6
CONTINUOUS
10
5.793478661417323
20
-4.1815611811023619
11
5.7898788188976376
21
-4.1768140551181103
0
LINE
8
BLACK
6
CONTINUOUS
10
5.7898788188976376
20
-4.1768140551181103
11
5.785131692913386
21
-4.1732142125984248
0
LINE
8
BLACK
6
CONTINUOUS
10
5.785131692913386
20
-4.1732142125984248
11
5.785131535433071
21
-4.1732140944881886
0
LINE
8
BLACK
6
CONTINUOUS
10
5.785131535433071
20
-4.1732140944881886
11
5.7795891338582672
21
-4.1710284251968499
0
LINE
8
BLACK
6
CONTINUOUS
10
5.7795891338582672
20
-4.1710284251968499
11
5.779589173228346
21
-4.1710284251968499
0
LINE
8
BLACK
6
CONTINUOUS
10
5.779589173228346
20
-4.1710284251968499
11
5.776106496062992
21
-4.1706102362204724
0
LINE
8
BLACK
6
CONTINUOUS
10
5.776106496062992
20
-4.1706102362204724
11
5.7761063779527557
21
-4.1706102362204724
0
LINE
8
BLACK
6
CONTINUOUS
10
5.7761063779527557
20
-4.1706102362204724
11
5.7546064566929136
21
-4.1706102362204724
0
LINE
8
BLACK
6
CONTINUOUS
10
5.7546064566929136
20
-4.1706102362204724
11
5.7519245275590549
21
-4.1698227559055114
0
LINE
8
BLACK
6
CONTINUOUS
10
5.7519245275590549
20
-4.1698227559055114
11
5.7510989370078738
21
-4.1691574409448817
0
LINE
8
BLACK
6
CONTINUOUS
10
5.7510989370078738
20
-4.1691574409448817
11
5.7487722047244096
21
-4.1668307086614176
0
LINE
8
BLACK
6
CONTINUOUS
10
5.7487722047244096
20
-4.1668307086614176
11
5.7487721653543309
21
-4.1668306692913388
0
LINE
8
BLACK
6
CONTINUOUS
10
5.7487721653543309
20
-4.1668306692913388
11
5.7487720472440946
21
-4.1668305905511813
0
LINE
8
BLACK
6
CONTINUOUS
10
5.7487720472440946
20
-4.1668305905511813
11
5.7442791338582673
21
-4.1642366141732285
0
LINE
8
BLACK
6
CONTINUOUS
10
5.7442791338582673
20
-4.1642366141732285
11
5.744279015748031
21
-4.1642365748031498
0
LINE
8
BLACK
6
CONTINUOUS
10
5.744279015748031
20
-4.1642365748031498
11
5.7442789763779523
21
-4.164236535433071
0
LINE
8
BLACK
6
CONTINUOUS
10
5.7442789763779523
20
-4.164236535433071
11
5.7442788976377948
21
-4.1642364960629923
0
LINE
8
BLACK
6
CONTINUOUS
10
5.7442788976377948
20
-4.1642364960629923
11
5.744278858267716
21
-4.1642364960629923
0
LINE
8
BLACK
6
CONTINUOUS
10
5.744278858267716
20
-4.1642364960629923
11
5.7429359448818893
21
-4.1638766535433067
0
LINE
8
BLACK
6
CONTINUOUS
10
5.7429359448818893
20
-4.1638766535433067
11
5.7392674015748026
21
-4.1628937007874018
0
LINE
8
BLACK
6
CONTINUOUS
10
5.7392674015748026
20
-4.1628937007874018
11
5.7392673228346451
21
-4.1628937007874018
0
LINE
8
BLACK
6
CONTINUOUS
10
5.7392673228346451
20
-4.1628937007874018
11
5.390886102362205
21
-4.1628937007874018
0
LINE
8
BLACK
6
CONTINUOUS
10
5.390886102362205
20
-4.1628937007874018
11
5.3882041732283463
21
-4.1621062204724408
0
LINE
8
BLACK
6
CONTINUOUS
10
5.3882041732283463
20
-4.1621062204724408
11
5.3869334645669289
21
-4.1609304724409446
0
LINE
8
BLACK
6
CONTINUOUS
10
5.3869334645669289
20
-4.1609304724409446
11
5.3841701574803151
21
-4.1572864960629916
0
LINE
8
BLACK
6
CONTINUOUS
10
5.3841701574803151
20
-4.1572864960629916
11
5.3794230314960627
21
-4.153686653543307
0
LINE
8
BLACK
6
CONTINUOUS
10
5.3794230314960627
20
-4.153686653543307
11
5.3794228740157477
21
-4.1536865354330708
0
LINE
8
BLACK
6
CONTINUOUS
10
5.3794228740157477
20
-4.1536865354330708
11
5.3738804724409448
21
-4.1515008661417321
0
LINE
8
BLACK
6
CONTINUOUS
10
5.3738804724409448
20
-4.1515008661417321
11
5.3738805118110236
21
-4.1515008661417321
0
LINE
8
BLACK
6
CONTINUOUS
10
5.3738805118110236
20
-4.1515008661417321
11
5.3703978346456696
21
-4.1510826771653546
0
LINE
8
BLACK
6
CONTINUOUS
10
5.3703978346456696
20
-4.1510826771653546
11
5.3703977165354333
21
-4.1510826771653546
0
LINE
8
BLACK
6
CONTINUOUS
10
5.3703977165354333
20
-4.1510826771653546
11
5.3296022834645669
21
-4.1510826771653546
0
LINE
8
BLACK
6
CONTINUOUS
10
5.3296022834645669
20
-4.1510826771653546
11
5.3296021259842519
21
-4.1510826771653546
0
LINE
8
BLACK
6
CONTINUOUS
10
5.3296021259842519
20
-4.1510826771653546
11
5.3261194881889766
21
-4.1515008661417321
0
LINE
8
BLACK
6
CONTINUOUS
10
5.3261194881889766
20
-4.1515008661417321
11
5.3205770866141728
21
-4.1536865354330708
0
LINE
8
BLACK
6
CONTINUOUS
10
5.3205770866141728
20
-4.1536865354330708
11
5.3205769291338578
21
-4.153686653543307
0
LINE
8
BLACK
6
CONTINUOUS
10
5.3205769291338578
20
-4.153686653543307
11
5.3158298031496063
21
-4.1572864960629916
0
LINE
8
BLACK
6
CONTINUOUS
10
5.3158298031496063
20
-4.1572864960629916
11
5.3130665354330704
21
-4.1609304724409446
0
LINE
8
BLACK
6
CONTINUOUS
10
5.3130665354330704
20
-4.1609304724409446
11
5.3108185826771654
21
-4.1625916141732286
0
LINE
8
BLACK
6
CONTINUOUS
10
5.3108185826771654
20
-4.1625916141732286
11
5.3091138976377952
21
-4.1628937007874018
0
LINE
8
BLACK
6
CONTINUOUS
10
5.3091138976377952
20
-4.1628937007874018
11
5.2925941732283466
21
-4.1628937007874018
0
LINE
8
BLACK
6
CONTINUOUS
10
5.2925941732283466
20
-4.1628937007874018
11
5.2874057874015747
21
-4.1628937007874018
0
LINE
8
BLACK
6
CONTINUOUS
10
5.2874057874015747
20
-4.1628937007874018
11
5.2847201968503938
21
-4.1636132677165349
0
LINE
8
BLACK
6
CONTINUOUS
10
5.2847201968503938
20
-4.1636132677165349
11
5.2823943307086614
21
-4.1642364960629923
0
LINE
8
BLACK
6
CONTINUOUS
10
5.2823943307086614
20
-4.1642364960629923
11
5.2823940551181101
21
-4.1642366141732285
0
LINE
8
BLACK
6
CONTINUOUS
10
5.2823940551181101
20
-4.1642366141732285
11
5.2779011417322836
21
-4.1668305905511813
0
LINE
8
BLACK
6
CONTINUOUS
10
5.2779011417322836
20
-4.1668305905511813
11
5.2779009448818899
21
-4.1668307480314963
0
LINE
8
BLACK
6
CONTINUOUS
10
5.2779009448818899
20
-4.1668307480314963
11
5.2767634645669288
21
-4.1679682677165353
0
LINE
8
BLACK
6
CONTINUOUS
10
5.2767634645669288
20
-4.1679682677165353
11
5.274232283464567
21
-4.1704994488188971
0
LINE
8
BLACK
6
CONTINUOUS
10
5.274232283464567
20
-4.1704994488188971
11
5.2451020078740154
21
-4.1996297244094487
0
LINE
8
BLACK
6
CONTINUOUS
10
5.2451020078740154
20
-4.1996297244094487
11
5.2426487795275589
21
-4.2009693307086611
0
LINE
8
BLACK
6
CONTINUOUS
10
5.2426487795275589
20
-4.2009693307086611
11
5.2415943307086614
21
-4.2010826771653544
0
LINE
8
BLACK
6
CONTINUOUS
10
5.2415943307086614
20
-4.2010826771653544
11
5.2196021259842516
21
-4.2010826771653544
0
LINE
8
BLACK
6
CONTINUOUS
10
5.2196021259842516
20
-4.2010826771653544
11
5.2161194881889763
21
-4.2015008661417319
0
LINE
8
BLACK
6
CONTINUOUS
10
5.2161194881889763
20
-4.2015008661417319
11
5.2105770866141734
21
-4.2036865354330706
0
LINE
8
BLACK
6
CONTINUOUS
10
5.2105770866141734
20
-4.2036865354330706
11
5.2105769291338584
21
-4.2036866535433068
0
LINE
8
BLACK
6
CONTINUOUS
10
5.2105769291338584
20
-4.2036866535433068
11
5.205829803149606
21
-4.2072864960629923
0
LINE
8
BLACK
6
CONTINUOUS
10
5.205829803149606
20
-4.2072864960629923
11
5.2022299606299214
21
-4.2120336220472439
0
LINE
8
BLACK
6
CONTINUOUS
10
5.2022299606299214
20
-4.2120336220472439
11
5.2022298425196851
21
-4.2120337795275589
0
LINE
8
BLACK
6
CONTINUOUS
10
5.2022298425196851
20
-4.2120337795275589
11
5.2000441732283464
21
-4.2175761811023618
0
LINE
8
BLACK
6
CONTINUOUS
10
5.2000441732283464
20
-4.2175761811023618
11
5.1996259842519681
21
-4.2210588188976379
0
LINE
8
BLACK
6
CONTINUOUS
10
5.1996259842519681
20
-4.2210588188976379
11
5.1996259842519681
21
-4.2430509842519681
0
LINE
8
BLACK
6
CONTINUOUS
10
5.1996259842519681
20
-4.2430509842519681
11
5.198838503937008
21
-4.2457329133858268
0
LINE
8
BLACK
6
CONTINUOUS
10
5.198838503937008
20
-4.2457329133858268
11
5.1981731889763783
21
-4.2465584645669292
0
LINE
8
BLACK
6
CONTINUOUS
10
5.1981731889763783
20
-4.2465584645669292
11
5.1915686614173229
21
-4.2531630314960625
0
LINE
8
BLACK
6
CONTINUOUS
10
5.1915686614173229
20
-4.2531630314960625
11
5.1853222047244092
21
-4.2594094881889761
0
LINE
8
BLACK
6
CONTINUOUS
10
5.1853222047244092
20
-4.2594094881889761
11
5.1828689763779527
21
-4.2607490551181098
0
LINE
8
BLACK
6
CONTINUOUS
10
5.1828689763779527
20
-4.2607490551181098
11
5.1800809448818894
21
-4.2605496456692915
0
LINE
8
BLACK
6
CONTINUOUS
10
5.1800809448818894
20
-4.2605496456692915
11
5.1778433464566929
21
-4.2588745669291335
0
LINE
8
BLACK
6
CONTINUOUS
10
5.1778433464566929
20
-4.2588745669291335
11
5.1768665354330707
21
-4.2562556692913383
0
LINE
8
BLACK
6
CONTINUOUS
10
5.1768665354330707
20
-4.2562556692913383
11
5.1771997244094488
21
-4.2540820472440943
0
LINE
8
BLACK
6
CONTINUOUS
10
5.1771997244094488
20
-4.2540820472440943
11
5.178971535433071
21
-4.2495891338582679
0
LINE
8
BLACK
6
CONTINUOUS
10
5.178971535433071
20
-4.2495891338582679
11
5.1793897637795272
21
-4.2461063779527555
0
LINE
8
BLACK
6
CONTINUOUS
10
5.1793897637795272
20
-4.2461063779527555
11
5.1793897637795272
21
-4.2220432283464566
0
LINE
8
BLACK
6
CONTINUOUS
10
5.1793897637795272
20
-4.2220432283464566
11
5.178971535433071
21
-4.2185604724409451
0
LINE
8
BLACK
6
CONTINUOUS
10
5.178971535433071
20
-4.2185604724409451
11
5.1785833858267711
21
-4.2175762204724405
0
LINE
8
BLACK
6
CONTINUOUS
10
5.1785833858267711
20
-4.2175762204724405
11
5.1767858661417323
21
-4.2130180314960626
0
LINE
8
BLACK
6
CONTINUOUS
10
5.1767858661417323
20
-4.2130180314960626
11
5.176785748031496
21
-4.2130178740157476
0
LINE
8
BLACK
6
CONTINUOUS
10
5.176785748031496
20
-4.2130178740157476
11
5.1731859055118106
21
-4.208270748031496
0
LINE
8
BLACK
6
CONTINUOUS
10
5.1731859055118106
20
-4.208270748031496
11
5.168438779527559
21
-4.2046709055118106
0
LINE
8
BLACK
6
CONTINUOUS
10
5.168438779527559
20
-4.2046709055118106
11
5.168438622047244
21
-4.2046707874015743
0
LINE
8
BLACK
6
CONTINUOUS
10
5.168438622047244
20
-4.2046707874015743
11
5.1628962204724411
21
-4.2024851181102365
0
LINE
8
BLACK
6
CONTINUOUS
10
5.1628962204724411
20
-4.2024851181102365
11
5.1628962598425199
21
-4.2024851181102365
0
LINE
8
BLACK
6
CONTINUOUS
10
5.1628962598425199
20
-4.2024851181102365
11
5.159413582677165
21
-4.2020669291338582
0
LINE
8
BLACK
6
CONTINUOUS
10
5.159413582677165
20
-4.2020669291338582
11
5.1594134645669287
21
-4.2020669291338582
0
LINE
8
BLACK
6
CONTINUOUS
10
5.1594134645669287
20
-4.2020669291338582
11
5.1205865354330706
21
-4.2020669291338582
0
LINE
8
BLACK
6
CONTINUOUS
10
5.1205865354330706
20
-4.2020669291338582
11
5.1205863779527556
21
-4.2020669291338582
0
LINE
8
BLACK
6
CONTINUOUS
10
5.1205863779527556
20
-4.2020669291338582
11
5.1171037401574804
21
-4.2024851181102365
0
LINE
8
BLACK
6
CONTINUOUS
10
5.1171037401574804
20
-4.2024851181102365
11
5.1115613385826775
21
-4.2046707874015743
0
LINE
8
BLACK
6
CONTINUOUS
10
5.1115613385826775
20
-4.2046707874015743
11
5.1115611811023625
21
-4.2046709055118106
0
LINE
8
BLACK
6
CONTINUOUS
10
5.1115611811023625
20
-4.2046709055118106
11
5.10681405511811
21
-4.208270748031496
0
LINE
8
BLACK
6
CONTINUOUS
10
5.10681405511811
20
-4.208270748031496
11
5.1032142125984254
21
-4.2130178740157476
0
LINE
8
BLACK
6
CONTINUOUS
10
5.1032142125984254
20
-4.2130178740157476
11
5.1032140944881892
21
-4.2130180314960626
0
LINE
8
BLACK
6
CONTINUOUS
10
5.1032140944881892
20
-4.2130180314960626
11
5.1010284251968505
21
-4.2185604330708664
0
LINE
8
BLACK
6
CONTINUOUS
10
5.1010284251968505
20
-4.2185604330708664
11
5.1006102362204722
21
-4.2220430708661416
0
LINE
8
BLACK
6
CONTINUOUS
10
5.1006102362204722
20
-4.2220430708661416
11
5.1006102362204722
21
-4.2435431496062987
0
LINE
8
BLACK
6
CONTINUOUS
10
5.1006102362204722
20
-4.2435431496062987
11
5.100264409448819
21
-4.2447209055118114
0
LINE
8
BLACK
6
CONTINUOUS
10
5.100264409448819
20
-4.2447209055118114
11
5.100003464566929
21
-4.2459205118110237
0
LINE
8
BLACK
6
CONTINUOUS
10
5.100003464566929
20
-4.2459205118110237
11
5.0998532677165356
21
-4.2461211023622045
0
LINE
8
BLACK
6
CONTINUOUS
10
5.0998532677165356
20
-4.2461211023622045
11
5.099822755905512
21
-4.2462250787401574
0
LINE
8
BLACK
6
CONTINUOUS
10
5.099822755905512
20
-4.2462250787401574
11
5.0991572834645664
21
-4.2470508267716536
0
LINE
8
BLACK
6
CONTINUOUS
10
5.0991572834645664
20
-4.2470508267716536
11
5.0940291732283463
21
-4.2521789370078737
0
LINE
8
BLACK
6
CONTINUOUS
10
5.0940291732283463
20
-4.2521789370078737
11
5.0915759448818898
21
-4.2535185433070861
0
LINE
8
BLACK
6
CONTINUOUS
10
5.0915759448818898
20
-4.2535185433070861
11
5.0905214960629923
21
-4.2536318897637795
0
LINE
8
BLACK
6
CONTINUOUS
10
5.0905214960629923
20
-4.2536318897637795
11
5.0658785433070861
21
-4.2536318897637795
0
LINE
8
BLACK
6
CONTINUOUS
10
5.0658785433070861
20
-4.2536318897637795
11
5.0631966141732283
21
-4.2528444094488185
0
LINE
8
BLACK
6
CONTINUOUS
10
5.0631966141732283
20
-4.2528444094488185
11
5.061366181102362
21
-4.2507319685039366
0
LINE
8
BLACK
6
CONTINUOUS
10
5.061366181102362
20
-4.2507319685039366
11
5.0609683858267713
21
-4.247965275590551
0
LINE
8
BLACK
6
CONTINUOUS
10
5.0609683858267713
20
-4.247965275590551
11
5.0611962598425198
21
-4.2470329133858264
0
LINE
8
BLACK
6
CONTINUOUS
10
5.0611962598425198
20
-4.2470329133858264
11
5.0614788976377953
21
-4.2462250787401574
0
LINE
8
BLACK
6
CONTINUOUS
10
5.0614788976377953
20
-4.2462250787401574
11
5.0618462992125979
21
-4.2451751574803147
0
LINE
8
BLACK
6
CONTINUOUS
10
5.0618462992125979
20
-4.2451751574803147
11
5.0619586614173224
21
-4.2439770078740153
0
LINE
8
BLACK
6
CONTINUOUS
10
5.0619586614173224
20
-4.2439770078740153
11
5.0619586614173224
21
-4.2278930708661413
0
LINE
8
BLACK
6
CONTINUOUS
10
5.0619586614173224
20
-4.2278930708661413
11
5.0618462992125979
21
-4.2266949212598428
0
LINE
8
BLACK
6
CONTINUOUS
10
5.0618462992125979
20
-4.2266949212598428
11
5.0616320472440943
21
-4.2260826771653539
0
LINE
8
BLACK
6
CONTINUOUS
10
5.0616320472440943
20
-4.2260826771653539
11
5.0600804330708664
21
-4.2216483464566927
0
LINE
8
BLACK
6
CONTINUOUS
10
5.0600804330708664
20
-4.2216483464566927
11
5.0600803543307089
21
-4.2216481889763777
0
LINE
8
BLACK
6
CONTINUOUS
10
5.0600803543307089
20
-4.2216481889763777
11
5.0569055118110233
21
-4.2173464173228341
0
LINE
8
BLACK
6
CONTINUOUS
10
5.0569055118110233
20
-4.2173464173228341
11
5.0526037401574806
21
-4.2141715748031494
0
LINE
8
BLACK
6
CONTINUOUS
10
5.0526037401574806
20
-4.2141715748031494
11
5.0526035826771656
21
-4.2141714960629919
0
LINE
8
BLACK
6
CONTINUOUS
10
5.0526035826771656
20
-4.2141714960629919
11
5.047557244094488
21
-4.2124057086614171
0
LINE
8
BLACK
6
CONTINUOUS
10
5.047557244094488
20
-4.2124057086614171
11
5.047557086614173
21
-4.2124056692913383
0
LINE
8
BLACK
6
CONTINUOUS
10
5.047557086614173
20
-4.2124056692913383
11
5.0463588976377949
21
-4.2122933070866138
0
LINE
8
BLACK
6
CONTINUOUS
10
5.0463588976377949
20
-4.2122933070866138
11
5.044665354330709
21
-4.2122933070866138
0
LINE
8
BLACK
6
CONTINUOUS
10
5.044665354330709
20
-4.2122933070866138
11
5.0419834251968503
21
-4.2115058267716536
0
LINE
8
BLACK
6
CONTINUOUS
10
5.0419834251968503
20
-4.2115058267716536
11
5.040152992125984
21
-4.2093933858267718
0
LINE
8
BLACK
6
CONTINUOUS
10
5.040152992125984
20
-4.2093933858267718
11
5.039789527559055
21
-4.2077226377952757
0
LINE
8
BLACK
6
CONTINUOUS
10
5.039789527559055
20
-4.2077226377952757
11
5.0397471653543304
21
-4.2077282283464568
0
LINE
8
BLACK
6
CONTINUOUS
10
5.0397471653543304
20
-4.2077282283464568
11
5.0397047244094484
21
-4.2074059055118109
0
LINE
8
BLACK
6
CONTINUOUS
10
5.0397047244094484
20
-4.2074059055118109
11
5.0397047244094484
21
-4.2074058267716534
0
LINE
8
BLACK
6
CONTINUOUS
10
5.0397047244094484
20
-4.2074058267716534
11
5.0383618897637792
21
-4.2023942519685038
0
LINE
8
BLACK
6
CONTINUOUS
10
5.0383618897637792
20
-4.2023942519685038
11
5.037059566929134
21
-4.2001385826771651
0
LINE
8
BLACK
6
CONTINUOUS
10
5.037059566929134
20
-4.2001385826771651
11
5.0357677952755902
21
-4.1979011417322836
0
LINE
8
BLACK
6
CONTINUOUS
10
5.0357677952755902
20
-4.1979011417322836
11
5.0357676377952751
21
-4.1979009448818898
0
LINE
8
BLACK
6
CONTINUOUS
10
5.0357676377952751
20
-4.1979009448818898
11
5.0340682677165356
21
-4.1962015748031494
0
LINE
8
BLACK
6
CONTINUOUS
10
5.0340682677165356
20
-4.1962015748031494
11
5.0320989763779522
21
-4.1942322834645669
0
LINE
8
BLACK
6
CONTINUOUS
10
5.0320989763779522
20
-4.1942322834645669
11
4.9967974409448814
21
-4.1589307480314961
0
LINE
8
BLACK
6
CONTINUOUS
10
4.9967974409448814
20
-4.1589307480314961
11
4.9954578346456691
21
-4.1564775196850396
0
LINE
8
BLACK
6
CONTINUOUS
10
4.9954578346456691
20
-4.1564775196850396
11
4.9953444881889766
21
-4.1554230708661413
0
LINE
8
BLACK
6
CONTINUOUS
10
4.9953444881889766
20
-4.1554230708661413
11
4.9953444881889766
21
-4.1339232677165354
0
LINE
8
BLACK
6
CONTINUOUS
10
4.9953444881889766
20
-4.1339232677165354
11
4.9953444881889766
21
-4.1339231496062991
0
LINE
8
BLACK
6
CONTINUOUS
10
4.9953444881889766
20
-4.1339231496062991
11
4.9949262598425195
21
-4.1304403937007876
0
LINE
8
BLACK
6
CONTINUOUS
10
4.9949262598425195
20
-4.1304403937007876
11
4.9949093700787399
21
-4.1303975984251968
0
LINE
8
BLACK
6
CONTINUOUS
10
4.9949093700787399
20
-4.1303975984251968
11
4.9927405905511808
21
-4.1248979527559051
0
LINE
8
BLACK
6
CONTINUOUS
10
4.9927405905511808
20
-4.1248979527559051
11
4.9927404724409445
21
-4.1248977952755901
0
LINE
8
BLACK
6
CONTINUOUS
10
4.9927404724409445
20
-4.1248977952755901
11
4.98914062992126
21
-4.1201506692913386
0
LINE
8
BLACK
6
CONTINUOUS
10
4.98914062992126
20
-4.1201506692913386
11
4.9843935039370075
21
-4.1165508267716531
0
LINE
8
BLACK
6
CONTINUOUS
10
4.9843935039370075
20
-4.1165508267716531
11
4.9843933464566925
21
-4.1165507086614168
0
LINE
8
BLACK
6
CONTINUOUS
10
4.9843933464566925
20
-4.1165507086614168
11
4.9788509448818896
21
-4.114365039370079
0
LINE
8
BLACK
6
CONTINUOUS
10
4.9788509448818896
20
-4.114365039370079
11
4.9788509842519684
21
-4.114365039370079
0
LINE
8
BLACK
6
CONTINUOUS
10
4.9788509842519684
20
-4.114365039370079
11
4.9753683070866144
21
-4.1139468503937007
0
LINE
8
BLACK
6
CONTINUOUS
10
4.9753683070866144
20
-4.1139468503937007
11
4.9753681889763781
21
-4.1139468503937007
0
LINE
8
BLACK
6
CONTINUOUS
10
4.9753681889763781
20
-4.1139468503937007
11
4.9513050393700784
21
-4.1139468503937007
0
LINE
8
BLACK
6
CONTINUOUS
10
4.9513050393700784
20
-4.1139468503937007
11
4.9513048818897634
21
-4.1139468503937007
0
LINE
8
BLACK
6
CONTINUOUS
10
4.9513048818897634
20
-4.1139468503937007
11
4.9478222440944881
21
-4.114365039370079
0
LINE
8
BLACK
6
CONTINUOUS
10
4.9478222440944881
20
-4.114365039370079
11
4.9422798425196852
21
-4.1165507086614168
0
LINE
8
BLACK
6
CONTINUOUS
10
4.9422798425196852
20
-4.1165507086614168
11
4.9422796850393702
21
-4.1165508267716531
0
LINE
8
BLACK
6
CONTINUOUS
10
4.9422796850393702
20
-4.1165508267716531
11
4.9375325590551178
21
-4.1201506692913386
0
LINE
8
BLACK
6
CONTINUOUS
10
4.9375325590551178
20
-4.1201506692913386
11
4.9339327165354332
21
-4.1248977952755901
0
LINE
8
BLACK
6
CONTINUOUS
10
4.9339327165354332
20
-4.1248977952755901
11
4.9339325984251969
21
-4.1248979527559051
0
LINE
8
BLACK
6
CONTINUOUS
10
4.9339325984251969
20
-4.1248979527559051
11
4.9317269685039369
21
-4.1304911023622051
0
LINE
8
BLACK
6
CONTINUOUS
10
4.9317269685039369
20
-4.1304911023622051
11
4.9300105118110231
21
-4.1326971259842518
0
LINE
8
BLACK
6
CONTINUOUS
10
4.9300105118110231
20
-4.1326971259842518
11
4.9273738582677167
21
-4.1336250000000003
0
LINE
8
BLACK
6
CONTINUOUS
10
4.9273738582677167
20
-4.1336250000000003
11
4.9271122047244091
21
-4.1336318897637794
0
LINE
8
BLACK
6
CONTINUOUS
10
4.9271122047244091
20
-4.1336318897637794
11
4.8592575590551181
21
-4.1336318897637794
0
LINE
8
BLACK
6
CONTINUOUS
10
4.8592575590551181
20
-4.1336318897637794
11
4.8540691732283463
21
-4.1336318897637794
0
LINE
8
BLACK
6
CONTINUOUS
10
4.8540691732283463
20
-4.1336318897637794
11
4.8513835826771654
21
-4.1343514566929134
0
LINE
8
BLACK
6
CONTINUOUS
10
4.8513835826771654
20
-4.1343514566929134
11
4.8490577165354329
21
-4.1349746850393698
0
LINE
8
BLACK
6
CONTINUOUS
10
4.8490577165354329
20
-4.1349746850393698
11
4.8490574409448817
21
-4.1349748031496061
0
LINE
8
BLACK
6
CONTINUOUS
10
4.8490574409448817
20
-4.1349748031496061
11
4.8445645275590552
21
-4.1375687795275589
0
LINE
8
BLACK
6
CONTINUOUS
10
4.8445645275590552
20
-4.1375687795275589
11
4.8445642913385827
21
-4.1375689763779526
0
LINE
8
BLACK
6
CONTINUOUS
10
4.8445642913385827
20
-4.1375689763779526
11
4.8419560629921259
21
-4.1401772440944882
0
LINE
8
BLACK
6
CONTINUOUS
10
4.8419560629921259
20
-4.1401772440944882
11
4.8355940551181105
21
-4.1465392125984248
0
LINE
8
BLACK
6
CONTINUOUS
10
4.8355940551181105
20
-4.1465392125984248
11
4.8331409055118106
21
-4.1478787401574806
0
LINE
8
BLACK
6
CONTINUOUS
10
4.8331409055118106
20
-4.1478787401574806
11
4.8320864566929131
21
-4.1479921259842518
0
LINE
8
BLACK
6
CONTINUOUS
10
4.8320864566929131
20
-4.1479921259842518
11
4.810586377952756
21
-4.1479921259842518
0
LINE
8
BLACK
6
CONTINUOUS
10
4.810586377952756
20
-4.1479921259842518
11
4.8071037401574799
21
-4.1484103149606302
0
LINE
8
BLACK
6
CONTINUOUS
10
4.8071037401574799
20
-4.1484103149606302
11
4.801561338582677
21
-4.1505959842519689
0
LINE
8
BLACK
6
CONTINUOUS
10
4.801561338582677
20
-4.1505959842519689
11
4.801561181102362
21
-4.1505961023622042
0
LINE
8
BLACK
6
CONTINUOUS
10
4.801561181102362
20
-4.1505961023622042
11
4.7968140551181104
21
-4.1541959448818897
0
LINE
8
BLACK
6
CONTINUOUS
10
4.7968140551181104
20
-4.1541959448818897
11
4.793214212598425
21
-4.1589430708661412
0
LINE
8
BLACK
6
CONTINUOUS
10
4.793214212598425
20
-4.1589430708661412
11
4.7932140944881887
21
-4.1589432283464562
0
LINE
8
BLACK
6
CONTINUOUS
10
4.7932140944881887
20
-4.1589432283464562
11
4.79102842519685
21
-4.16448562992126
0
LINE
8
BLACK
6
CONTINUOUS
10
4.79102842519685
20
-4.16448562992126
11
4.7906102362204726
21
-4.1679682677165353
0
LINE
8
BLACK
6
CONTINUOUS
10
4.7906102362204726
20
-4.1679682677165353
11
4.7906102362204726
21
-4.1912409448818897
0
LINE
8
BLACK
6
CONTINUOUS
10
4.7906102362204726
20
-4.1912409448818897
11
4.7898227559055115
21
-4.1939228740157484
0
LINE
8
BLACK
6
CONTINUOUS
10
4.7898227559055115
20
-4.1939228740157484
11
4.7877103149606297
21
-4.1957533070866138
0
LINE
8
BLACK
6
CONTINUOUS
10
4.7877103149606297
20
-4.1957533070866138
11
4.7856496062992129
21
-4.1962015748031494
0
LINE
8
BLACK
6
CONTINUOUS
10
4.7856496062992129
20
-4.1962015748031494
11
4.7642532677165352
21
-4.1962015748031494
0
LINE
8
BLACK
6
CONTINUOUS
10
4.7642532677165352
20
-4.1962015748031494
11
4.7615713385826774
21
-4.1954140944881892
0
LINE
8
BLACK
6
CONTINUOUS
10
4.7615713385826774
20
-4.1954140944881892
11
4.7597409055118112
21
-4.1933016535433074
0
LINE
8
BLACK
6
CONTINUOUS
10
4.7597409055118112
20
-4.1933016535433074
11
4.7593280314960626
21
-4.1918324015748034
0
LINE
8
BLACK
6
CONTINUOUS
10
4.7593280314960626
20
-4.1918324015748034
11
4.759217598425197
21
-4.1909127952755902
0
LINE
8
BLACK
6
CONTINUOUS
10
4.759217598425197
20
-4.1909127952755902
11
4.7570319291338583
21
-4.1853703937007873
0
LINE
8
BLACK
6
CONTINUOUS
10
4.7570319291338583
20
-4.1853703937007873
11
4.757031811023622
21
-4.1853702362204723
0
LINE
8
BLACK
6
CONTINUOUS
10
4.757031811023622
20
-4.1853702362204723
11
4.7534319685039366
21
-4.1806231102362208
0
LINE
8
BLACK
6
CONTINUOUS
10
4.7534319685039366
20
-4.1806231102362208
11
4.748684842519685
21
-4.1770232677165353
0
LINE
8
BLACK
6
CONTINUOUS
10
4.748684842519685
20
-4.1770232677165353
11
4.74868468503937
21
-4.1770231496062991
0
LINE
8
BLACK
6
CONTINUOUS
10
4.74868468503937
20
-4.1770231496062991
11
4.7431422834645671
21
-4.1748374803149604
0
LINE
8
BLACK
6
CONTINUOUS
10
4.7431422834645671
20
-4.1748374803149604
11
4.7431423228346459
21
-4.1748374803149604
0
LINE
8
BLACK
6
CONTINUOUS
10
4.7431423228346459
20
-4.1748374803149604
11
4.739659645669291
21
-4.1744192913385829
0
LINE
8
BLACK
6
CONTINUOUS
10
4.739659645669291
20
-4.1744192913385829
11
4.7396595275590547
21
-4.1744192913385829
0
LINE
8
BLACK
6
CONTINUOUS
10
4.7396595275590547
20
-4.1744192913385829
11
4.6988640944881892
21
-4.1744192913385829
0
LINE
8
BLACK
6
CONTINUOUS
10
4.6988640944881892
20
-4.1744192913385829
11
4.6988639370078742
21
-4.1744192913385829
0
LINE
8
BLACK
6
CONTINUOUS
10
4.6988639370078742
20
-4.1744192913385829
11
4.6953812992125981
21
-4.1748374803149604
0
LINE
8
BLACK
6
CONTINUOUS
10
4.6953812992125981
20
-4.1748374803149604
11
4.6898388976377952
21
-4.1770231496062991
0
LINE
8
BLACK
6
CONTINUOUS
10
4.6898388976377952
20
-4.1770231496062991
11
4.6898387401574801
21
-4.1770232677165353
0
LINE
8
BLACK
6
CONTINUOUS
10
4.6898387401574801
20
-4.1770232677165353
11
4.6850916141732286
21
-4.1806231102362208
0
LINE
8
BLACK
6
CONTINUOUS
10
4.6850916141732286
20
-4.1806231102362208
11
4.6812866535433066
21
-4.1856407480314957
0
LINE
8
BLACK
6
CONTINUOUS
10
4.6812866535433066
20
-4.1856407480314957
11
4.6812124803149606
21
-4.1855844881889759
0
LINE
8
BLACK
6
CONTINUOUS
10
4.6812124803149606
20
-4.1855844881889759
11
4.6810252362204725
21
-4.1859945669291339
0
LINE
8
BLACK
6
CONTINUOUS
10
4.6810252362204725
20
-4.1859945669291339
11
4.6802548818897636
21
-4.1864896062992125
0
LINE
8
BLACK
6
CONTINUOUS
10
4.6802548818897636
20
-4.1864896062992125
11
4.679599330708661
21
-4.1871290944881885
0
LINE
8
BLACK
6
CONTINUOUS
10
4.679599330708661
20
-4.1871290944881885
11
4.679045708661417
21
-4.1872667322834642
0
LINE
8
BLACK
6
CONTINUOUS
10
4.679045708661417
20
-4.1872667322834642
11
4.6786738188976376
21
-4.1875057480314961
0
LINE
8
BLACK
6
CONTINUOUS
10
4.6786738188976376
20
-4.1875057480314961
11
4.6772762598425199
21
-4.1877066929133857
0
LINE
8
BLACK
6
CONTINUOUS
10
4.6772762598425199
20
-4.1877066929133857
11
4.6695368503937003
21
-4.1877066929133857
0
LINE
8
BLACK
6
CONTINUOUS
10
4.6695368503937003
20
-4.1877066929133857
11
4.6668549212598425
21
-4.1869192125984247
0
LINE
8
BLACK
6
CONTINUOUS
10
4.6668549212598425
20
-4.1869192125984247
11
4.665584212598425
21
-4.1857434645669294
0
LINE
8
BLACK
6
CONTINUOUS
10
4.665584212598425
20
-4.1857434645669294
11
4.662447716535433
21
-4.1816073622047245
0
LINE
8
BLACK
6
CONTINUOUS
10
4.662447716535433
20
-4.1816073622047245
11
4.6577005905511806
21
-4.178007519685039
0
LINE
8
BLACK
6
CONTINUOUS
10
4.6577005905511806
20
-4.178007519685039
11
4.6577004330708665
21
-4.1780074015748028
0
LINE
8
BLACK
6
CONTINUOUS
10
4.6577004330708665
20
-4.1780074015748028
11
4.6521580314960627
21
-4.1758217322834641
0
LINE
8
BLACK
6
CONTINUOUS
10
4.6521580314960627
20
-4.1758217322834641
11
4.6521580708661414
21
-4.1758217322834641
0
LINE
8
BLACK
6
CONTINUOUS
10
4.6521580708661414
20
-4.1758217322834641
11
4.6486753937007874
21
-4.1754035433070866
0
LINE
8
BLACK
6
CONTINUOUS
10
4.6486753937007874
20
-4.1754035433070866
11
4.6486752755905512
21
-4.1754035433070866
0
LINE
8
BLACK
6
CONTINUOUS
10
4.6486752755905512
20
-4.1754035433070866
11
4.6425393700787403
21
-4.1754035433070866
0
LINE
8
BLACK
6
CONTINUOUS
10
4.6425393700787403
20
-4.1754035433070866
11
4.6398574409448816
21
-4.1746160629921256
0
LINE
8
BLACK
6
CONTINUOUS
10
4.6398574409448816
20
-4.1746160629921256
11
4.6380270078740153
21
-4.1725036220472438
0
LINE
8
BLACK
6
CONTINUOUS
10
4.6380270078740153
20
-4.1725036220472438
11
4.6375787401574806
21
-4.170442913385827
0
LINE
8
BLACK
6
CONTINUOUS
10
4.6375787401574806
20
-4.170442913385827
11
4.6375787401574806
21
-4.1672837795275592
0
LINE
8
BLACK
6
CONTINUOUS
10
4.6375787401574806
20
-4.1672837795275592
11
4.6375787007874019
21
-4.1672836220472442
0
LINE
8
BLACK
6
CONTINUOUS
10
4.6375787007874019
20
-4.1672836220472442
11
4.6365188976377949
21
-4.1619555905511811
0
LINE
8
BLACK
6
CONTINUOUS
10
4.6365188976377949
20
-4.1619555905511811
11
4.6344399606299209
21
-4.1569365748031499
0
LINE
8
BLACK
6
CONTINUOUS
10
4.6344399606299209
20
-4.1569365748031499
11
4.631421811023622
21
-4.1524196062992127
0
LINE
8
BLACK
6
CONTINUOUS
10
4.631421811023622
20
-4.1524196062992127
11
4.6314216141732283
21
-4.1524193700787402
0
LINE
8
BLACK
6
CONTINUOUS
10
4.6314216141732283
20
-4.1524193700787402
11
4.6275805905511813
21
-4.1485783464566932
0
LINE
8
BLACK
6
CONTINUOUS
10
4.6275805905511813
20
-4.1485783464566932
11
4.6275803543307088
21
-4.1485781496062994
0
LINE
8
BLACK
6
CONTINUOUS
10
4.6275803543307088
20
-4.1485781496062994
11
4.6245287795275587
21
-4.1465391732283461
0
LINE
8
BLACK
6
CONTINUOUS
10
4.6245287795275587
20
-4.1465391732283461
11
4.6230634251968503
21
-4.1455600393700784
0
LINE
8
BLACK
6
CONTINUOUS
10
4.6230634251968503
20
-4.1455600393700784
11
4.6197075590551178
21
-4.1441699999999999
0
LINE
8
BLACK
6
CONTINUOUS
10
4.6197075590551178
20
-4.1441699999999999
11
4.6180445275590554
21
-4.1434811417322832
0
LINE
8
BLACK
6
CONTINUOUS
10
4.6180445275590554
20
-4.1434811417322832
11
4.6180444094488191
21
-4.1434811023622045
0
LINE
8
BLACK
6
CONTINUOUS
10
4.6180444094488191
20
-4.1434811023622045
11
4.6127163385826773
21
-4.1424212598425196
0
LINE
8
BLACK
6
CONTINUOUS
10
4.6127163385826773
20
-4.1424212598425196
11
4.6127162598425198
21
-4.1424212598425196
0
LINE
8
BLACK
6
CONTINUOUS
10
4.6127162598425198
20
-4.1424212598425196
11
4.60728374015748
21
-4.1424212598425196
0
LINE
8
BLACK
6
CONTINUOUS
10
4.60728374015748
20
-4.1424212598425196
11
4.6072836220472437
21
-4.1424212598425196
0
LINE
8
BLACK
6
CONTINUOUS
10
4.6072836220472437
20
-4.1424212598425196
11
4.6019555511811019
21
-4.1434811023622045
0
LINE
8
BLACK
6
CONTINUOUS
10
4.6019555511811019
20
-4.1434811023622045
11
4.6019554330708656
21
-4.1434811417322832
0
LINE
8
BLACK
6
CONTINUOUS
10
4.6019554330708656
20
-4.1434811417322832
11
4.5969365748031494
21
-4.1455600393700784
0
LINE
8
BLACK
6
CONTINUOUS
10
4.5969365748031494
20
-4.1455600393700784
11
4.5924196062992122
21
-4.1485781496062994
0
LINE
8
BLACK
6
CONTINUOUS
10
4.5924196062992122
20
-4.1485781496062994
11
4.5924193700787397
21
-4.1485783464566932
0
LINE
8
BLACK
6
CONTINUOUS
10
4.5924193700787397
20
-4.1485783464566932
11
4.5885783464566927
21
-4.1524193700787402
0
LINE
8
BLACK
6
CONTINUOUS
10
4.5885783464566927
20
-4.1524193700787402
11
4.588578149606299
21
-4.1524196062992127
0
LINE
8
BLACK
6
CONTINUOUS
10
4.588578149606299
20
-4.1524196062992127
11
4.5855600393700788
21
-4.1569365748031499
0
LINE
8
BLACK
6
CONTINUOUS
10
4.5855600393700788
20
-4.1569365748031499
11
4.5834811417322836
21
-4.1619554330708661
0
LINE
8
BLACK
6
CONTINUOUS
10
4.5834811417322836
20
-4.1619554330708661
11
4.5834811023622049
21
-4.1619555511811024
0
LINE
8
BLACK
6
CONTINUOUS
10
4.5834811023622049
20
-4.1619555511811024
11
4.58242125984252
21
-4.1672836220472442
0
LINE
8
BLACK
6
CONTINUOUS
10
4.58242125984252
20
-4.1672836220472442
11
4.58242125984252
21
-4.1727163385826769
0
LINE
8
BLACK
6
CONTINUOUS
10
6.6681890157480312
20
-4.3706299212598427
11
6.6681890157480312
21
-4.3964879527559058
0
LINE
8
BLACK
6
CONTINUOUS
10
6.6681890157480312
20
-4.3964879527559058
11
6.6683035039370075
21
-4.39747531496063
0
LINE
8
BLACK
6
CONTINUOUS
10
6.6683035039370075
20
-4.39747531496063
11
6.6683035826771651
21
-4.3974755118110238
0
LINE
8
BLACK
6
CONTINUOUS
10
6.6683035826771651
20
-4.3974755118110238
11
6.6700870866141733
21
-4.4015148425196848
0
LINE
8
BLACK
6
CONTINUOUS
10
6.6700870866141733
20
-4.4015148425196848
11
6.6732094488188975
21
-4.4046372047244091
0
LINE
8
BLACK
6
CONTINUOUS
10
6.6732094488188975
20
-4.4046372047244091
11
6.6732095275590551
21
-4.4046372440944879
0
LINE
8
BLACK
6
CONTINUOUS
10
6.6732095275590551
20
-4.4046372440944879
11
6.6772490551181098
21
-4.4064208661417323
0
LINE
8
BLACK
6
CONTINUOUS
10
6.6772490551181098
20
-4.4064208661417323
11
6.6772490157480311
21
-4.4064208661417323
0
LINE
8
BLACK
6
CONTINUOUS
10
6.6772490157480311
20
-4.4064208661417323
11
6.6782363385826766
21
-4.4065353937007874
0
LINE
8
BLACK
6
CONTINUOUS
10
6.6782363385826766
20
-4.4065353937007874
11
6.7040944881889759
21
-4.4065353937007874
0
LINE
8
BLACK
6
CONTINUOUS
10
6.7040944881889759
20
-4.4065353937007874
11
6.7040944881889759
21
-4.3947244094488189
0
LINE
8
BLACK
6
CONTINUOUS
10
6.7040944881889759
20
-4.3947244094488189
11
6.6799999999999997
21
-4.3947244094488189
0
LINE
8
BLACK
6
CONTINUOUS
10
6.6799999999999997
20
-4.3947244094488189
11
6.6799999999999997
21
-4.3706299212598427
0
LINE
8
BLACK
6
CONTINUOUS
10
6.6799999999999997
20
-4.3706299212598427
11
6.6681890157480312
21
-4.3706299212598427
0
LINE
8
BLACK
6
CONTINUOUS
10
6.7400000000000002
20
-4.3947244094488189
11
6.7159055118110231
21
-4.3947244094488189
0
LINE
8
BLACK
6
CONTINUOUS
10
6.7159055118110231
20
-4.3947244094488189
11
6.7159055118110231
21
-4.4065353937007874
0
LINE
8
BLACK
6
CONTINUOUS
10
6.7159055118110231
20
-4.4065353937007874
11
6.7417633464566924
21
-4.4065353937007874
0
LINE
8
BLACK
6
CONTINUOUS
10
6.7417633464566924
20
-4.4065353937007874
11
6.7417635433070862
21
-4.4065353543307086
0
LINE
8
BLACK
6
CONTINUOUS
10
6.7417635433070862
20
-4.4065353543307086
11
6.7427509055118104
21
-4.4064208661417323
0
LINE
8
BLACK
6
CONTINUOUS
10
6.7427509055118104
20
-4.4064208661417323
11
6.7427511023622042
21
-4.4064207874015748
0
LINE
8
BLACK
6
CONTINUOUS
10
6.7427511023622042
20
-4.4064207874015748
11
6.7467904330708661
21
-4.4046372834645666
0
LINE
8
BLACK
6
CONTINUOUS
10
6.7467904330708661
20
-4.4046372834645666
11
6.7499127952755904
21
-4.4015149212598423
0
LINE
8
BLACK
6
CONTINUOUS
10
6.7499127952755904
20
-4.4015149212598423
11
6.7499128346456692
21
-4.4015148425196848
0
LINE
8
BLACK
6
CONTINUOUS
10
6.7499128346456692
20
-4.4015148425196848
11
6.7516964566929136
21
-4.39747531496063
0
LINE
8
BLACK
6
CONTINUOUS
10
6.7516964566929136
20
-4.39747531496063
11
6.7518109842519687
21
-4.3964881102362208
0
LINE
8
BLACK
6
CONTINUOUS
10
6.7518109842519687
20
-4.3964881102362208
11
6.7518110236220474
21
-4.3964879921259845
0
LINE
8
BLACK
6
CONTINUOUS
10
6.7518110236220474
20
-4.3964879921259845
11
6.7518110236220474
21
-4.3706299212598427
0
LINE
8
BLACK
6
CONTINUOUS
10
6.7518110236220474
20
-4.3706299212598427
11
6.7400000000000002
21
-4.3706299212598427
0
LINE
8
BLACK
6
CONTINUOUS
10
6.7400000000000002
20
-4.3706299212598427
11
6.7400000000000002
21
-4.3947244094488189
0
LINE
8
BLACK
6
CONTINUOUS
10
6.7681890157480318
20
-4.3706299212598427
11
6.7681890157480318
21
-4.3964879527559058
0
LINE
8
BLACK
6
CONTINUOUS
10
6.7681890157480318
20
-4.3964879527559058
11
6.7683035039370081
21
-4.39747531496063
0
LINE
8
BLACK
6
CONTINUOUS
10
6.7683035039370081
20
-4.39747531496063
11
6.7683035826771656
21
-4.3974755118110238
0
LINE
8
BLACK
6
CONTINUOUS
10
6.7683035826771656
20
-4.3974755118110238
11
6.7700870866141729
21
-4.4015148425196848
0
LINE
8
BLACK
6
CONTINUOUS
10
6.7700870866141729
20
-4.4015148425196848
11
6.7732094488188972
21
-4.4046372047244091
0
LINE
8
BLACK
6
CONTINUOUS
10
6.7732094488188972
20
-4.4046372047244091
11
6.7732095275590547
21
-4.4046372440944879
0
LINE
8
BLACK
6
CONTINUOUS
10
6.7732095275590547
20
-4.4046372440944879
11
6.7772490551181104
21
-4.4064208661417323
0
LINE
8
BLACK
6
CONTINUOUS
10
6.7772490551181104
20
-4.4064208661417323
11
6.7772490157480316
21
-4.4064208661417323
0
LINE
8
BLACK
6
CONTINUOUS
10
6.7772490157480316
20
-4.4064208661417323
11
6.7782363385826772
21
-4.4065353937007874
0
LINE
8
BLACK
6
CONTINUOUS
10
6.7782363385826772
20
-4.4065353937007874
11
6.8040944881889764
21
-4.4065353937007874
0
LINE
8
BLACK
6
CONTINUOUS
10
6.8040944881889764
20
-4.4065353937007874
11
6.8040944881889764
21
-4.3947244094488189
0
LINE
8
BLACK
6
CONTINUOUS
10
6.8040944881889764
20
-4.3947244094488189
11
6.7800000000000002
21
-4.3947244094488189
0
LINE
8
BLACK
6
CONTINUOUS
10
6.7800000000000002
20
-4.3947244094488189
11
6.7800000000000002
21
-4.3706299212598427
0
LINE
8
BLACK
6
CONTINUOUS
10
6.7800000000000002
20
-4.3706299212598427
11
6.7681890157480318
21
-4.3706299212598427
0
LINE
8
BLACK
6
CONTINUOUS
10
6.8399999999999999
20
-4.3947244094488189
11
6.8159055118110237
21
-4.3947244094488189
0
LINE
8
BLACK
6
CONTINUOUS
10
6.8159055118110237
20
-4.3947244094488189
11
6.8159055118110237
21
-4.4065353937007874
0
LINE
8
BLACK
6
CONTINUOUS
10
6.8159055118110237
20
-4.4065353937007874
11
6.8417633464566929
21
-4.4065353937007874
0
LINE
8
BLACK
6
CONTINUOUS
10
6.8417633464566929
20
-4.4065353937007874
11
6.8417635433070867
21
-4.4065353543307086
0
LINE
8
BLACK
6
CONTINUOUS
10
6.8417635433070867
20
-4.4065353543307086
11
6.842750905511811
21
-4.4064208661417323
0
LINE
8
BLACK
6
CONTINUOUS
10
6.842750905511811
20
-4.4064208661417323
11
6.8427511023622047
21
-4.4064207874015748
0
LINE
8
BLACK
6
CONTINUOUS
10
6.8427511023622047
20
-4.4064207874015748
11
6.8467904330708658
21
-4.4046372834645666
0
LINE
8
BLACK
6
CONTINUOUS
10
6.8467904330708658
20
-4.4046372834645666
11
6.84991279527559
21
-4.4015149212598423
0
LINE
8
BLACK
6
CONTINUOUS
10
6.84991279527559
20
-4.4015149212598423
11
6.8499128346456688
21
-4.4015148425196848
0
LINE
8
BLACK
6
CONTINUOUS
10
6.8499128346456688
20
-4.4015148425196848
11
6.8516964566929133
21
-4.39747531496063
0
LINE
8
BLACK
6
CONTINUOUS
10
6.8516964566929133
20
-4.39747531496063
11
6.8518109842519683
21
-4.3964881102362208
0
LINE
8
BLACK
6
CONTINUOUS
10
6.8518109842519683
20
-4.3964881102362208
11
6.8518110236220471
21
-4.3964879921259845
0
LINE
8
BLACK
6
CONTINUOUS
10
6.8518110236220471
20
-4.3964879921259845
11
6.8518110236220471
21
-4.3706299212598427
0
LINE
8
BLACK
6
CONTINUOUS
10
6.8518110236220471
20
-4.3706299212598427
11
6.8399999999999999
21
-4.3706299212598427
0
LINE
8
BLACK
6
CONTINUOUS
10
6.8399999999999999
20
-4.3706299212598427
11
6.8399999999999999
21
-4.3947244094488189
0
LINE
8
BLACK
6
CONTINUOUS
10
6.8159055118110237
20
-4.3347244094488184
11
6.8399999999999999
21
-4.3347244094488184
0
LINE
8
BLACK
6
CONTINUOUS
10
6.8399999999999999
20
-4.3347244094488184
11
6.8399999999999999
21
-4.3588188976377955
0
LINE
8
BLACK
6
CONTINUOUS
10
6.8399999999999999
20
-4.3588188976377955
11
6.8518109842519683
21
-4.3588188976377955
0
LINE
8
BLACK
6
CONTINUOUS
10
6.8518109842519683
20
-4.3588188976377955
11
6.8518109842519683
21
-4.3329610629921262
0
LINE
8
BLACK
6
CONTINUOUS
10
6.8518109842519683
20
-4.3329610629921262
11
6.8518109448818896
21
-4.3329608267716537
0
LINE
8
BLACK
6
CONTINUOUS
10
6.8518109448818896
20
-4.3329608267716537
11
6.8516964566929133
21
-4.3319734645669294
0
LINE
8
BLACK
6
CONTINUOUS
10
6.8516964566929133
20
-4.3319734645669294
11
6.8516963779527558
21
-4.3319732677165357
0
LINE
8
BLACK
6
CONTINUOUS
10
6.8516963779527558
20
-4.3319732677165357
11
6.8499128740157476
21
-4.3279339370078738
0
LINE
8
BLACK
6
CONTINUOUS
10
6.8499128740157476
20
-4.3279339370078738
11
6.8467905118110233
21
-4.3248115748031495
0
LINE
8
BLACK
6
CONTINUOUS
10
6.8467905118110233
20
-4.3248115748031495
11
6.8467904330708658
21
-4.3248115354330707
0
LINE
8
BLACK
6
CONTINUOUS
10
6.8467904330708658
20
-4.3248115354330707
11
6.842750905511811
21
-4.3230279133858263
0
LINE
8
BLACK
6
CONTINUOUS
10
6.842750905511811
20
-4.3230279133858263
11
6.8427509448818897
21
-4.3230279133858263
0
LINE
8
BLACK
6
CONTINUOUS
10
6.8427509448818897
20
-4.3230279133858263
11
6.8417637007874017
21
-4.3229133858267712
0
LINE
8
BLACK
6
CONTINUOUS
10
6.8417637007874017
20
-4.3229133858267712
11
6.8159055118110237
21
-4.3229133858267712
0
LINE
8
BLACK
6
CONTINUOUS
10
6.8159055118110237
20
-4.3229133858267712
11
6.8159055118110237
21
-4.3347244094488184
0
LINE
8
BLACK
6
CONTINUOUS
10
6.7159055118110231
20
-4.3347244094488184
11
6.7400000000000002
21
-4.3347244094488184
0
LINE
8
BLACK
6
CONTINUOUS
10
6.7400000000000002
20
-4.3347244094488184
11
6.7400000000000002
21
-4.3588188976377955
0
LINE
8
BLACK
6
CONTINUOUS
10
6.7400000000000002
20
-4.3588188976377955
11
6.7518109842519687
21
-4.3588188976377955
0
LINE
8
BLACK
6
CONTINUOUS
10
6.7518109842519687
20
-4.3588188976377955
11
6.7518109842519687
21
-4.332961102362205
0
LINE
8
BLACK
6
CONTINUOUS
10
6.7518109842519687
20
-4.332961102362205
11
6.7518109448818899
21
-4.332960787401575
0
LINE
8
BLACK
6
CONTINUOUS
10
6.7518109448818899
20
-4.332960787401575
11
6.7518109448818899
21
-4.3329606692913387
0
LINE
8
BLACK
6
CONTINUOUS
10
6.7518109448818899
20
-4.3329606692913387
11
6.7516964566929136
21
-4.3319734645669294
0
LINE
8
BLACK
6
CONTINUOUS
10
6.7516964566929136
20
-4.3319734645669294
11
6.7516963779527561
21
-4.3319732677165357
0
LINE
8
BLACK
6
CONTINUOUS
10
6.7516963779527561
20
-4.3319732677165357
11
6.7499128740157479
21
-4.3279339370078738
0
LINE
8
BLACK
6
CONTINUOUS
10
6.7499128740157479
20
-4.3279339370078738
11
6.7467905118110236
21
-4.3248115748031495
0
LINE
8
BLACK
6
CONTINUOUS
10
6.7467905118110236
20
-4.3248115748031495
11
6.7467904330708661
21
-4.3248115354330707
0
LINE
8
BLACK
6
CONTINUOUS
10
6.7467904330708661
20
-4.3248115354330707
11
6.7427509055118104
21
-4.3230279133858263
0
LINE
8
BLACK
6
CONTINUOUS
10
6.7427509055118104
20
-4.3230279133858263
11
6.7427509448818892
21
-4.3230279133858263
0
LINE
8
BLACK
6
CONTINUOUS
10
6.7427509448818892
20
-4.3230279133858263
11
6.7417637007874012
21
-4.3229133858267712
0
LINE
8
BLACK
6
CONTINUOUS
10
6.7417637007874012
20
-4.3229133858267712
11
6.7159055118110231
21
-4.3229133858267712
0
LINE
8
BLACK
6
CONTINUOUS
10
6.7159055118110231
20
-4.3229133858267712
11
6.7159055118110231
21
-4.3347244094488184
0
LINE
8
BLACK
6
CONTINUOUS
10
6.6782364173228341
20
-4.32291342519685
11
6.6772490551181098
21
-4.3230279133858263
0
LINE
8
BLACK
6
CONTINUOUS
10
6.6772490551181098
20
-4.3230279133858263
11
6.6772488582677161
21
-4.3230279921259838
0
LINE
8
BLACK
6
CONTINUOUS
10
6.6772488582677161
20
-4.3230279921259838
11
6.6732095275590551
21
-4.324811496062992
0
LINE
8
BLACK
6
CONTINUOUS
10
6.6732095275590551
20
-4.324811496062992
11
6.6700871653543308
21
-4.3279338582677163
0
LINE
8
BLACK
6
CONTINUOUS
10
6.6700871653543308
20
-4.3279338582677163
11
6.670087125984252
21
-4.3279339370078738
0
LINE
8
BLACK
6
CONTINUOUS
10
6.670087125984252
20
-4.3279339370078738
11
6.6683035039370075
21
-4.3319734645669294
0
LINE
8
BLACK
6
CONTINUOUS
10
6.6683035039370075
20
-4.3319734645669294
11
6.6681889763779525
21
-4.3329606692913387
0
LINE
8
BLACK
6
CONTINUOUS
10
6.6681889763779525
20
-4.3329606692913387
11
6.6681889763779525
21
-4.3588188976377955
0
LINE
8
BLACK
6
CONTINUOUS
10
6.6681889763779525
20
-4.3588188976377955
11
6.6799999999999997
21
-4.3588188976377955
0
LINE
8
BLACK
6
CONTINUOUS
10
6.6799999999999997
20
-4.3588188976377955
11
6.6799999999999997
21
-4.3347244094488184
0
LINE
8
BLACK
6
CONTINUOUS
10
6.6799999999999997
20
-4.3347244094488184
11
6.7040944881889759
21
-4.3347244094488184
0
LINE
8
BLACK
6
CONTINUOUS
10
6.7040944881889759
20
-4.3347244094488184
11
6.7040944881889759
21
-4.3229133858267712
0
LINE
8
BLACK
6
CONTINUOUS
10
6.7040944881889759
20
-4.3229133858267712
11
6.6782366535433066
21
-4.3229133858267712
0
LINE
8
BLACK
6
CONTINUOUS
10
6.6782366535433066
20
-4.3229133858267712
11
6.6782364173228341
21
-4.32291342519685
0
LINE
8
BLACK
6
CONTINUOUS
10
6.6681890157480312
20
-4.1706299212598426
11
6.6681890157480312
21
-4.1964879527559056
0
LINE
8
BLACK
6
CONTINUOUS
10
6.6681890157480312
20
-4.1964879527559056
11
6.6683035039370075
21
-4.1974753149606299
0
LINE
8
BLACK
6
CONTINUOUS
10
6.6683035039370075
20
-4.1974753149606299
11
6.6683035826771651
21
-4.1974755118110236
0
LINE
8
BLACK
6
CONTINUOUS
10
6.6683035826771651
20
-4.1974755118110236
11
6.6700870866141733
21
-4.2015148425196847
0
LINE
8
BLACK
6
CONTINUOUS
10
6.6700870866141733
20
-4.2015148425196847
11
6.6732094488188975
21
-4.2046372047244089
0
LINE
8
BLACK
6
CONTINUOUS
10
6.6732094488188975
20
-4.2046372047244089
11
6.6732095275590551
21
-4.2046372440944877
0
LINE
8
BLACK
6
CONTINUOUS
10
6.6732095275590551
20
-4.2046372440944877
11
6.6772490551181098
21
-4.2064208661417322
0
LINE
8
BLACK
6
CONTINUOUS
10
6.6772490551181098
20
-4.2064208661417322
11
6.6772490157480311
21
-4.2064208661417322
0
LINE
8
BLACK
6
CONTINUOUS
10
6.6772490157480311
20
-4.2064208661417322
11
6.6782363385826766
21
-4.2065353937007872
0
LINE
8
BLACK
6
CONTINUOUS
10
6.6782363385826766
20
-4.2065353937007872
11
6.7040944881889759
21
-4.2065353937007872
0
LINE
8
BLACK
6
CONTINUOUS
10
6.7040944881889759
20
-4.2065353937007872
11
6.7040944881889759
21
-4.1947244094488187
0
LINE
8
BLACK
6
CONTINUOUS
10
6.7040944881889759
20
-4.1947244094488187
11
6.6799999999999997
21
-4.1947244094488187
0
LINE
8
BLACK
6
CONTINUOUS
10
6.6799999999999997
20
-4.1947244094488187
11
6.6799999999999997
21
-4.1706299212598426
0
LINE
8
BLACK
6
CONTINUOUS
10
6.6799999999999997
20
-4.1706299212598426
11
6.6681890157480312
21
-4.1706299212598426
0
LINE
8
BLACK
6
CONTINUOUS
10
6.7400000000000002
20
-4.1947244094488187
11
6.7159055118110231
21
-4.1947244094488187
0
LINE
8
BLACK
6
CONTINUOUS
10
6.7159055118110231
20
-4.1947244094488187
11
6.7159055118110231
21
-4.2065353937007872
0
LINE
8
BLACK
6
CONTINUOUS
10
6.7159055118110231
20
-4.2065353937007872
11
6.7417633464566924
21
-4.2065353937007872
0
LINE
8
BLACK
6
CONTINUOUS
10
6.7417633464566924
20
-4.2065353937007872
11
6.7417635433070862
21
-4.2065353543307085
0
LINE
8
BLACK
6
CONTINUOUS
10
6.7417635433070862
20
-4.2065353543307085
11
6.7427509055118104
21
-4.2064208661417322
0
LINE
8
BLACK
6
CONTINUOUS
10
6.7427509055118104
20
-4.2064208661417322
11
6.7427511023622042
21
-4.2064207874015747
0
LINE
8
BLACK
6
CONTINUOUS
10
6.7427511023622042
20
-4.2064207874015747
11
6.7467904330708661
21
-4.2046372834645664
0
LINE
8
BLACK
6
CONTINUOUS
10
6.7467904330708661
20
-4.2046372834645664
11
6.7499127952755904
21
-4.2015149212598422
0
LINE
8
BLACK
6
CONTINUOUS
10
6.7499127952755904
20
-4.2015149212598422
11
6.7499128346456692
21
-4.2015148425196847
0
LINE
8
BLACK
6
CONTINUOUS
10
6.7499128346456692
20
-4.2015148425196847
11
6.7516964566929136
21
-4.1974753149606299
0
LINE
8
BLACK
6
CONTINUOUS
10
6.7516964566929136
20
-4.1974753149606299
11
6.7518109842519687
21
-4.1964881102362206
0
LINE
8
BLACK
6
CONTINUOUS
10
6.7518109842519687
20
-4.1964881102362206
11
6.7518110236220474
21
-4.1964879921259843
0
LINE
8
BLACK
6
CONTINUOUS
10
6.7518110236220474
20
-4.1964879921259843
11
6.7518110236220474
21
-4.1706299212598426
0
LINE
8
BLACK
6
CONTINUOUS
10
6.7518110236220474
20
-4.1706299212598426
11
6.7400000000000002
21
-4.1706299212598426
0
LINE
8
BLACK
6
CONTINUOUS
10
6.7400000000000002
20
-4.1706299212598426
11
6.7400000000000002
21
-4.1947244094488187
0
LINE
8
BLACK
6
CONTINUOUS
10
6.7681890157480318
20
-4.1706299212598426
11
6.7681890157480318
21
-4.1964879527559056
0
LINE
8
BLACK
6
CONTINUOUS
10
6.7681890157480318
20
-4.1964879527559056
11
6.7683035039370081
21
-4.1974753149606299
0
LINE
8
BLACK
6
CONTINUOUS
10
6.7683035039370081
20
-4.1974753149606299
11
6.7683035826771656
21
-4.1974755118110236
0
LINE
8
BLACK
6
CONTINUOUS
10
6.7683035826771656
20
-4.1974755118110236
11
6.7700870866141729
21
-4.2015148425196847
0
LINE
8
BLACK
6
CONTINUOUS
10
6.7700870866141729
20
-4.2015148425196847
11
6.7732094488188972
21
-4.2046372047244089
0
LINE
8
BLACK
6
CONTINUOUS
10
6.7732094488188972
20
-4.2046372047244089
11
6.7732095275590547
21
-4.2046372440944877
0
LINE
8
BLACK
6
CONTINUOUS
10
6.7732095275590547
20
-4.2046372440944877
11
6.7772490551181104
21
-4.2064208661417322
0
LINE
8
BLACK
6
CONTINUOUS
10
6.7772490551181104
20
-4.2064208661417322
11
6.7772490157480316
21
-4.2064208661417322
0
LINE
8
BLACK
6
CONTINUOUS
10
6.7772490157480316
20
-4.2064208661417322
11
6.7782363385826772
21
-4.2065353937007872
0
LINE
8
BLACK
6
CONTINUOUS
10
6.7782363385826772
20
-4.2065353937007872
11
6.8040944881889764
21
-4.2065353937007872
0
LINE
8
BLACK
6
CONTINUOUS
10
6.8040944881889764
20
-4.2065353937007872
11
6.8040944881889764
21
-4.1947244094488187
0
LINE
8
BLACK
6
CONTINUOUS
10
6.8040944881889764
20
-4.1947244094488187
11
6.7800000000000002
21
-4.1947244094488187
0
LINE
8
BLACK
6
CONTINUOUS
10
6.7800000000000002
20
-4.1947244094488187
11
6.7800000000000002
21
-4.1706299212598426
0
LINE
8
BLACK
6
CONTINUOUS
10
6.7800000000000002
20
-4.1706299212598426
11
6.7681890157480318
21
-4.1706299212598426
0
LINE
8
BLACK
6
CONTINUOUS
10
6.8399999999999999
20
-4.1947244094488187
11
6.8159055118110237
21
-4.1947244094488187
0
LINE
8
BLACK
6
CONTINUOUS
10
6.8159055118110237
20
-4.1947244094488187
11
6.8159055118110237
21
-4.2065353937007872
0
LINE
8
BLACK
6
CONTINUOUS
10
6.8159055118110237
20
-4.2065353937007872
11
6.8417633464566929
21
-4.2065353937007872
0
LINE
8
BLACK
6
CONTINUOUS
10
6.8417633464566929
20
-4.2065353937007872
11
6.8417635433070867
21
-4.2065353543307085
0
LINE
8
BLACK
6
CONTINUOUS
10
6.8417635433070867
20
-4.2065353543307085
11
6.842750905511811
21
-4.2064208661417322
0
LINE
8
BLACK
6
CONTINUOUS
10
6.842750905511811
20
-4.2064208661417322
11
6.8427511023622047
21
-4.2064207874015747
0
LINE
8
BLACK
6
CONTINUOUS
10
6.8427511023622047
20
-4.2064207874015747
11
6.8467904330708658
21
-4.2046372834645664
0
LINE
8
BLACK
6
CONTINUOUS
10
6.8467904330708658
20
-4.2046372834645664
11
6.84991279527559
21
-4.2015149212598422
0
LINE
8
BLACK
6
CONTINUOUS
10
6.84991279527559
20
-4.2015149212598422
11
6.8499128346456688
21
-4.2015148425196847
0
LINE
8
BLACK
6
CONTINUOUS
10
6.8499128346456688
20
-4.2015148425196847
11
6.8516964566929133
21
-4.1974753149606299
0
LINE
8
BLACK
6
CONTINUOUS
10
6.8516964566929133
20
-4.1974753149606299
11
6.8518109842519683
21
-4.1964881102362206
0
LINE
8
BLACK
6
CONTINUOUS
10
6.8518109842519683
20
-4.1964881102362206
11
6.8518110236220471
21
-4.1964879921259843
0
LINE
8
BLACK
6
CONTINUOUS
10
6.8518110236220471
20
-4.1964879921259843
11
6.8518110236220471
21
-4.1706299212598426
0
LINE
8
BLACK
6
CONTINUOUS
10
6.8518110236220471
20
-4.1706299212598426
11
6.8399999999999999
21
-4.1706299212598426
0
LINE
8
BLACK
6
CONTINUOUS
10
6.8399999999999999
20
-4.1706299212598426
11
6.8399999999999999
21
-4.1947244094488187
0
LINE
8
BLACK
6
CONTINUOUS
10
6.8159055118110237
20
-4.1347244094488191
11
6.8399999999999999
21
-4.1347244094488191
0
LINE
8
BLACK
6
CONTINUOUS
10
6.8399999999999999
20
-4.1347244094488191
11
6.8399999999999999
21
-4.1588188976377953
0
LINE
8
BLACK
6
CONTINUOUS
10
6.8399999999999999
20
-4.1588188976377953
11
6.8518109842519683
21
-4.1588188976377953
0
LINE
8
BLACK
6
CONTINUOUS
10
6.8518109842519683
20
-4.1588188976377953
11
6.8518109842519683
21
-4.1329610629921261
0
LINE
8
BLACK
6
CONTINUOUS
10
6.8518109842519683
20
-4.1329610629921261
11
6.8518109448818896
21
-4.1329608267716536
0
LINE
8
BLACK
6
CONTINUOUS
10
6.8518109448818896
20
-4.1329608267716536
11
6.8516964566929133
21
-4.1319734645669293
0
LINE
8
BLACK
6
CONTINUOUS
10
6.8516964566929133
20
-4.1319734645669293
11
6.8516963779527558
21
-4.1319732677165355
0
LINE
8
BLACK
6
CONTINUOUS
10
6.8516963779527558
20
-4.1319732677165355
11
6.8499128740157476
21
-4.1279339370078736
0
LINE
8
BLACK
6
CONTINUOUS
10
6.8499128740157476
20
-4.1279339370078736
11
6.8467905118110233
21
-4.1248115748031493
0
LINE
8
BLACK
6
CONTINUOUS
10
6.8467905118110233
20
-4.1248115748031493
11
6.8467904330708658
21
-4.1248115354330706
0
LINE
8
BLACK
6
CONTINUOUS
10
6.8467904330708658
20
-4.1248115354330706
11
6.842750905511811
21
-4.123027913385827
0
LINE
8
BLACK
6
CONTINUOUS
10
6.842750905511811
20
-4.123027913385827
11
6.8427509448818897
21
-4.123027913385827
0
LINE
8
BLACK
6
CONTINUOUS
10
6.8427509448818897
20
-4.123027913385827
11
6.8417637007874017
21
-4.1229133858267719
0
LINE
8
BLACK
6
CONTINUOUS
10
6.8417637007874017
20
-4.1229133858267719
11
6.8159055118110237
21
-4.1229133858267719
0
LINE
8
BLACK
6
CONTINUOUS
10
6.8159055118110237
20
-4.1229133858267719
11
6.8159055118110237
21
-4.1347244094488191
0
LINE
8
BLACK
6
CONTINUOUS
10
6.7159055118110231
20
-4.1347244094488191
11
6.7400000000000002
21
-4.1347244094488191
0
LINE
8
BLACK
6
CONTINUOUS
10
6.7400000000000002
20
-4.1347244094488191
11
6.7400000000000002
21
-4.1588188976377953
0
LINE
8
BLACK
6
CONTINUOUS
10
6.7400000000000002
20
-4.1588188976377953
11
6.7518109842519687
21
-4.1588188976377953
0
LINE
8
BLACK
6
CONTINUOUS
10
6.7518109842519687
20
-4.1588188976377953
11
6.7518109842519687
21
-4.1329611023622048
0
LINE
8
BLACK
6
CONTINUOUS
10
6.7518109842519687
20
-4.1329611023622048
11
6.7518109448818899
21
-4.1329607874015748
0
LINE
8
BLACK
6
CONTINUOUS
10
6.7518109448818899
20
-4.1329607874015748
11
6.7518109448818899
21
-4.1329606692913385
0
LINE
8
BLACK
6
CONTINUOUS
10
6.7518109448818899
20
-4.1329606692913385
11
6.7516964566929136
21
-4.1319734645669293
0
LINE
8
BLACK
6
CONTINUOUS
10
6.7516964566929136
20
-4.1319734645669293
11
6.7516963779527561
21
-4.1319732677165355
0
LINE
8
BLACK
6
CONTINUOUS
10
6.7516963779527561
20
-4.1319732677165355
11
6.7499128740157479
21
-4.1279339370078736
0
LINE
8
BLACK
6
CONTINUOUS
10
6.7499128740157479
20
-4.1279339370078736
11
6.7467905118110236
21
-4.1248115748031493
0
LINE
8
BLACK
6
CONTINUOUS
10
6.7467905118110236
20
-4.1248115748031493
11
6.7467904330708661
21
-4.1248115354330706
0
LINE
8
BLACK
6
CONTINUOUS
10
6.7467904330708661
20
-4.1248115354330706
11
6.7427509055118104
21
-4.123027913385827
0
LINE
8
BLACK
6
CONTINUOUS
10
6.7427509055118104
20
-4.123027913385827
11
6.7427509448818892
21
-4.123027913385827
0
LINE
8
BLACK
6
CONTINUOUS
10
6.7427509448818892
20
-4.123027913385827
11
6.7417637007874012
21
-4.1229133858267719
0
LINE
8
BLACK
6
CONTINUOUS
10
6.7417637007874012
20
-4.1229133858267719
11
6.7159055118110231
21
-4.1229133858267719
0
LINE
8
BLACK
6
CONTINUOUS
10
6.7159055118110231
20
-4.1229133858267719
11
6.7159055118110231
21
-4.1347244094488191
0
LINE
8
BLACK
6
CONTINUOUS
10
6.6681890157480312
20
-3.9706299212598424
11
6.6681890157480312
21
-3.9964879527559054
0
LINE
8
BLACK
6
CONTINUOUS
10
6.6681890157480312
20
-3.9964879527559054
11
6.6683035039370075
21
-3.9974753149606297
0
LINE
8
BLACK
6
CONTINUOUS
10
6.6683035039370075
20
-3.9974753149606297
11
6.6683035826771651
21
-3.9974755118110235
0
LINE
8
BLACK
6
CONTINUOUS
10
6.6683035826771651
20
-3.9974755118110235
11
6.6700870866141733
21
-4.0015148425196854
0
LINE
8
BLACK
6
CONTINUOUS
10
6.6700870866141733
20
-4.0015148425196854
11
6.6732094488188975
21
-4.0046372047244096
0
LINE
8
BLACK
6
CONTINUOUS
10
6.6732094488188975
20
-4.0046372047244096
11
6.6732095275590551
21
-4.0046372440944884
0
LINE
8
BLACK
6
CONTINUOUS
10
6.6732095275590551
20
-4.0046372440944884
11
6.6772490551181098
21
-4.006420866141732
0
LINE
8
BLACK
6
CONTINUOUS
10
6.6772490551181098
20
-4.006420866141732
11
6.6772490157480311
21
-4.006420866141732
0
LINE
8
BLACK
6
CONTINUOUS
10
6.6772490157480311
20
-4.006420866141732
11
6.6782363385826766
21
-4.006535393700787
0
LINE
8
BLACK
6
CONTINUOUS
10
6.6782363385826766
20
-4.006535393700787
11
6.7040944881889759
21
-4.006535393700787
0
LINE
8
BLACK
6
CONTINUOUS
10
6.7040944881889759
20
-4.006535393700787
11
6.7040944881889759
21
-3.994724409448819
0
LINE
8
BLACK
6
CONTINUOUS
10
6.7040944881889759
20
-3.994724409448819
11
6.6799999999999997
21
-3.994724409448819
0
LINE
8
BLACK
6
CONTINUOUS
10
6.6799999999999997
20
-3.994724409448819
11
6.6799999999999997
21
-3.9706299212598424
0
LINE
8
BLACK
6
CONTINUOUS
10
6.6799999999999997
20
-3.9706299212598424
11
6.6681890157480312
21
-3.9706299212598424
0
LINE
8
BLACK
6
CONTINUOUS
10
6.7400000000000002
20
-3.994724409448819
11
6.7159055118110231
21
-3.994724409448819
0
LINE
8
BLACK
6
CONTINUOUS
10
6.7159055118110231
20
-3.994724409448819
11
6.7159055118110231
21
-4.006535393700787
0
LINE
8
BLACK
6
CONTINUOUS
10
6.7159055118110231
20
-4.006535393700787
11
6.7417633464566924
21
-4.006535393700787
0
LINE
8
BLACK
6
CONTINUOUS
10
6.7417633464566924
20
-4.006535393700787
11
6.7417635433070862
21
-4.0065353543307083
0
LINE
8
BLACK
6
CONTINUOUS
10
6.7417635433070862
20
-4.0065353543307083
11
6.7427509055118104
21
-4.006420866141732
0
LINE
8
BLACK
6
CONTINUOUS
10
6.7427509055118104
20
-4.006420866141732
11
6.7427511023622042
21
-4.0064207874015745
0
LINE
8
BLACK
6
CONTINUOUS
10
6.7427511023622042
20
-4.0064207874015745
11
6.7467904330708661
21
-4.0046372834645672
0
LINE
8
BLACK
6
CONTINUOUS
10
6.7467904330708661
20
-4.0046372834645672
11
6.7499127952755904
21
-4.0015149212598429
0
LINE
8
BLACK
6
CONTINUOUS
10
6.7499127952755904
20
-4.0015149212598429
11
6.7499128346456692
21
-4.0015148425196854
0
LINE
8
BLACK
6
CONTINUOUS
10
6.7499128346456692
20
-4.0015148425196854
11
6.7516964566929136
21
-3.9974753149606297
0
LINE
8
BLACK
6
CONTINUOUS
10
6.7516964566929136
20
-3.9974753149606297
11
6.7518109842519687
21
-3.9964881102362204
0
LINE
8
BLACK
6
CONTINUOUS
10
6.7518109842519687
20
-3.9964881102362204
11
6.7518110236220474
21
-3.9964879921259842
0
LINE
8
BLACK
6
CONTINUOUS
10
6.7518110236220474
20
-3.9964879921259842
11
6.7518110236220474
21
-3.9706299212598424
0
LINE
8
BLACK
6
CONTINUOUS
10
6.7518110236220474
20
-3.9706299212598424
11
6.7400000000000002
21
-3.9706299212598424
0
LINE
8
BLACK
6
CONTINUOUS
10
6.7400000000000002
20
-3.9706299212598424
11
6.7400000000000002
21
-3.994724409448819
0
LINE
8
BLACK
6
CONTINUOUS
10
6.7681890157480318
20
-3.9706299212598424
11
6.7681890157480318
21
-3.9964879527559054
0
LINE
8
BLACK
6
CONTINUOUS
10
6.7681890157480318
20
-3.9964879527559054
11
6.7683035039370081
21
-3.9974753149606297
0
LINE
8
BLACK
6
CONTINUOUS
10
6.7683035039370081
20
-3.9974753149606297
11
6.7683035826771656
21
-3.9974755118110235
0
LINE
8
BLACK
6
CONTINUOUS
10
6.7683035826771656
20
-3.9974755118110235
11
6.7700870866141729
21
-4.0015148425196854
0
LINE
8
BLACK
6
CONTINUOUS
10
6.7700870866141729
20
-4.0015148425196854
11
6.7732094488188972
21
-4.0046372047244096
0
LINE
8
BLACK
6
CONTINUOUS
10
6.7732094488188972
20
-4.0046372047244096
11
6.7732095275590547
21
-4.0046372440944884
0
LINE
8
BLACK
6
CONTINUOUS
10
6.7732095275590547
20
-4.0046372440944884
11
6.7772490551181104
21
-4.006420866141732
0
LINE
8
BLACK
6
CONTINUOUS
10
6.7772490551181104
20
-4.006420866141732
11
6.7772490157480316
21
-4.006420866141732
0
LINE
8
BLACK
6
CONTINUOUS
10
6.7772490157480316
20
-4.006420866141732
11
6.7782363385826772
21
-4.006535393700787
0
LINE
8
BLACK
6
CONTINUOUS
10
6.7782363385826772
20
-4.006535393700787
11
6.8040944881889764
21
-4.006535393700787
0
LINE
8
BLACK
6
CONTINUOUS
10
6.8040944881889764
20
-4.006535393700787
11
6.8040944881889764
21
-3.994724409448819
0
LINE
8
BLACK
6
CONTINUOUS
10
6.8040944881889764
20
-3.994724409448819
11
6.7800000000000002
21
-3.994724409448819
0
LINE
8
BLACK
6
CONTINUOUS
10
6.7800000000000002
20
-3.994724409448819
11
6.7800000000000002
21
-3.9706299212598424
0
LINE
8
BLACK
6
CONTINUOUS
10
6.7800000000000002
20
-3.9706299212598424
11
6.7681890157480318
21
-3.9706299212598424
0
LINE
8
BLACK
6
CONTINUOUS
10
6.8399999999999999
20
-3.994724409448819
11
6.8159055118110237
21
-3.994724409448819
0
LINE
8
BLACK
6
CONTINUOUS
10
6.8159055118110237
20
-3.994724409448819
11
6.8159055118110237
21
-4.006535393700787
0
LINE
8
BLACK
6
CONTINUOUS
10
6.8159055118110237
20
-4.006535393700787
11
6.8417633464566929
21
-4.006535393700787
0
LINE
8
BLACK
6
CONTINUOUS
10
6.8417633464566929
20
-4.006535393700787
11
6.8417635433070867
21
-4.0065353543307083
0
LINE
8
BLACK
6
CONTINUOUS
10
6.8417635433070867
20
-4.0065353543307083
11
6.842750905511811
21
-4.006420866141732
0
LINE
8
BLACK
6
CONTINUOUS
10
6.842750905511811
20
-4.006420866141732
11
6.8427511023622047
21
-4.0064207874015745
0
LINE
8
BLACK
6
CONTINUOUS
10
6.8427511023622047
20
-4.0064207874015745
11
6.8467904330708658
21
-4.0046372834645672
0
LINE
8
BLACK
6
CONTINUOUS
10
6.8467904330708658
20
-4.0046372834645672
11
6.84991279527559
21
-4.0015149212598429
0
LINE
8
BLACK
6
CONTINUOUS
10
6.84991279527559
20
-4.0015149212598429
11
6.8499128346456688
21
-4.0015148425196854
0
LINE
8
BLACK
6
CONTINUOUS
10
6.8499128346456688
20
-4.0015148425196854
11
6.8516964566929133
21
-3.9974753149606297
0
LINE
8
BLACK
6
CONTINUOUS
10
6.8516964566929133
20
-3.9974753149606297
11
6.8518109842519683
21
-3.9964881102362204
0
LINE
8
BLACK
6
CONTINUOUS
10
6.8518109842519683
20
-3.9964881102362204
11
6.8518110236220471
21
-3.9964879921259842
0
LINE
8
BLACK
6
CONTINUOUS
10
6.8518110236220471
20
-3.9964879921259842
11
6.8518110236220471
21
-3.9706299212598424
0
LINE
8
BLACK
6
CONTINUOUS
10
6.8518110236220471
20
-3.9706299212598424
11
6.8399999999999999
21
-3.9706299212598424
0
LINE
8
BLACK
6
CONTINUOUS
10
6.8399999999999999
20
-3.9706299212598424
11
6.8399999999999999
21
-3.994724409448819
0
LINE
8
BLACK
6
CONTINUOUS
10
6.8159055118110237
20
-3.934724409448819
11
6.8399999999999999
21
-3.934724409448819
0
LINE
8
BLACK
6
CONTINUOUS
10
6.8399999999999999
20
-3.934724409448819
11
6.8399999999999999
21
-3.9588188976377952
0
LINE
8
BLACK
6
CONTINUOUS
10
6.8399999999999999
20
-3.9588188976377952
11
6.8518109842519683
21
-3.9588188976377952
0
LINE
8
BLACK
6
CONTINUOUS
10
6.8518109842519683
20
-3.9588188976377952
11
6.8518109842519683
21
-3.9329610629921259
0
LINE
8
BLACK
6
CONTINUOUS
10
6.8518109842519683
20
-3.9329610629921259
11
6.8518109448818896
21
-3.9329608267716534
0
LINE
8
BLACK
6
CONTINUOUS
10
6.8518109448818896
20
-3.9329608267716534
11
6.8516964566929133
21
-3.9319734645669291
0
LINE
8
BLACK
6
CONTINUOUS
10
6.8516964566929133
20
-3.9319734645669291
11
6.8516963779527558
21
-3.9319732677165353
0
LINE
8
BLACK
6
CONTINUOUS
10
6.8516963779527558
20
-3.9319732677165353
11
6.8499128740157476
21
-3.9279339370078739
0
LINE
8
BLACK
6
CONTINUOUS
10
6.8499128740157476
20
-3.9279339370078739
11
6.8467905118110233
21
-3.9248115748031496
0
LINE
8
BLACK
6
CONTINUOUS
10
6.8467905118110233
20
-3.9248115748031496
11
6.8467904330708658
21
-3.9248115354330708
0
LINE
8
BLACK
6
CONTINUOUS
10
6.8467904330708658
20
-3.9248115354330708
11
6.842750905511811
21
-3.9230279133858268
0
LINE
8
BLACK
6
CONTINUOUS
10
6.842750905511811
20
-3.9230279133858268
11
6.8427509448818897
21
-3.9230279133858268
0
LINE
8
BLACK
6
CONTINUOUS
10
6.8427509448818897
20
-3.9230279133858268
11
6.8417637007874017
21
-3.9229133858267717
0
LINE
8
BLACK
6
CONTINUOUS
10
6.8417637007874017
20
-3.9229133858267717
11
6.8159055118110237
21
-3.9229133858267717
0
LINE
8
BLACK
6
CONTINUOUS
10
6.8159055118110237
20
-3.9229133858267717
11
6.8159055118110237
21
-3.934724409448819
0
LINE
8
BLACK
6
CONTINUOUS
10
6.7159055118110231
20
-3.934724409448819
11
6.7400000000000002
21
-3.934724409448819
0
LINE
8
BLACK
6
CONTINUOUS
10
6.7400000000000002
20
-3.934724409448819
11
6.7400000000000002
21
-3.9588188976377952
0
LINE
8
BLACK
6
CONTINUOUS
10
6.7400000000000002
20
-3.9588188976377952
11
6.7518109842519687
21
-3.9588188976377952
0
LINE
8
BLACK
6
CONTINUOUS
10
6.7518109842519687
20
-3.9588188976377952
11
6.7518109842519687
21
-3.9329611023622046
0
LINE
8
BLACK
6
CONTINUOUS
10
6.7518109842519687
20
-3.9329611023622046
11
6.7518109448818899
21
-3.9329607874015746
0
LINE
8
BLACK
6
CONTINUOUS
10
6.7518109448818899
20
-3.9329607874015746
11
6.7518109448818899
21
-3.9329606692913384
0
LINE
8
BLACK
6
CONTINUOUS
10
6.7518109448818899
20
-3.9329606692913384
11
6.7516964566929136
21
-3.9319734645669291
0
LINE
8
BLACK
6
CONTINUOUS
10
6.7516964566929136
20
-3.9319734645669291
11
6.7516963779527561
21
-3.9319732677165353
0
LINE
8
BLACK
6
CONTINUOUS
10
6.7516963779527561
20
-3.9319732677165353
11
6.7499128740157479
21
-3.9279339370078739
0
LINE
8
BLACK
6
CONTINUOUS
10
6.7499128740157479
20
-3.9279339370078739
11
6.7467905118110236
21
-3.9248115748031496
0
LINE
8
BLACK
6
CONTINUOUS
10
6.7467905118110236
20
-3.9248115748031496
11
6.7467904330708661
21
-3.9248115354330708
0
LINE
8
BLACK
6
CONTINUOUS
10
6.7467904330708661
20
-3.9248115354330708
11
6.7427509055118104
21
-3.9230279133858268
0
LINE
8
BLACK
6
CONTINUOUS
10
6.7427509055118104
20
-3.9230279133858268
11
6.7427509448818892
21
-3.9230279133858268
0
LINE
8
BLACK
6
CONTINUOUS
10
6.7427509448818892
20
-3.9230279133858268
11
6.7417637007874012
21
-3.9229133858267717
0
LINE
8
BLACK
6
CONTINUOUS
10
6.7417637007874012
20
-3.9229133858267717
11
6.7159055118110231
21
-3.9229133858267717
0
LINE
8
BLACK
6
CONTINUOUS
10
6.7159055118110231
20
-3.9229133858267717
11
6.7159055118110231
21
-3.934724409448819
0
LINE
8
BLACK
6
CONTINUOUS
10
6.6782364173228341
20
-3.9229134251968505
11
6.6772490551181098
21
-3.9230279133858268
0
LINE
8
BLACK
6
CONTINUOUS
10
6.6772490551181098
20
-3.9230279133858268
11
6.6772488582677161
21
-3.9230279921259843
0
LINE
8
BLACK
6
CONTINUOUS
10
6.6772488582677161
20
-3.9230279921259843
11
6.6732095275590551
21
-3.9248114960629921
0
LINE
8
BLACK
6
CONTINUOUS
10
6.6732095275590551
20
-3.9248114960629921
11
6.6700871653543308
21
-3.9279338582677163
0
LINE
8
BLACK
6
CONTINUOUS
10
6.6700871653543308
20
-3.9279338582677163
11
6.670087125984252
21
-3.9279339370078739
0
LINE
8
BLACK
6
CONTINUOUS
10
6.670087125984252
20
-3.9279339370078739
11
6.6683035039370075
21
-3.9319734645669291
0
LINE
8
BLACK
6
CONTINUOUS
10
6.6683035039370075
20
-3.9319734645669291
11
6.6681889763779525
21
-3.9329606692913384
0
LINE
8
BLACK
6
CONTINUOUS
10
6.6681889763779525
20
-3.9329606692913384
11
6.6681889763779525
21
-3.9588188976377952
0
LINE
8
BLACK
6
CONTINUOUS
10
6.6681889763779525
20
-3.9588188976377952
11
6.6799999999999997
21
-3.9588188976377952
0
LINE
8
BLACK
6
CONTINUOUS
10
6.6799999999999997
20
-3.9588188976377952
11
6.6799999999999997
21
-3.934724409448819
0
LINE
8
BLACK
6
CONTINUOUS
10
6.6799999999999997
20
-3.934724409448819
11
6.6968648031496061
21
-3.934724409448819
0
LINE
8
BLACK
6
CONTINUOUS
10
6.6968648031496061
20
-3.934724409448819
11
6.6968847244094487
21
-3.9347044881889763
0
LINE
8
BLACK
6
CONTINUOUS
10
6.6968847244094487
20
-3.9347044881889763
11
6.6995549212598426
21
-3.9331628346456693
0
LINE
8
BLACK
6
CONTINUOUS
10
6.6995549212598426
20
-3.9331628346456693
11
6.7025331496062988
21
-3.9323648425196849
0
LINE
8
BLACK
6
CONTINUOUS
10
6.7025331496062988
20
-3.9323648425196849
11
6.7040944881889759
21
-3.9323648425196849
0
LINE
8
BLACK
6
CONTINUOUS
10
6.7040944881889759
20
-3.9323648425196849
11
6.7040944881889759
21
-3.9229133858267717
0
LINE
8
BLACK
6
CONTINUOUS
10
6.7040944881889759
20
-3.9229133858267717
11
6.6782366535433066
21
-3.9229133858267717
0
LINE
8
BLACK
6
CONTINUOUS
10
6.6782366535433066
20
-3.9229133858267717
11
6.6782364173228341
21
-3.9229134251968505
0
LINE
8
BLACK
6
CONTINUOUS
10
6.768188976377953
20
-4.3588188976377955
11
6.7800000000000002
21
-4.3588188976377955
0
LINE
8
BLACK
6
CONTINUOUS
10
6.7800000000000002
20
-4.3588188976377955
11
6.7800000000000002
21
-4.3347244094488184
0
LINE
8
BLACK
6
CONTINUOUS
10
6.7800000000000002
20
-4.3347244094488184
11
6.8040944881889764
21
-4.3347244094488184
0
LINE
8
BLACK
6
CONTINUOUS
10
6.8040944881889764
20
-4.3347244094488184
11
6.8040944881889764
21
-4.3229133858267712
0
LINE
8
BLACK
6
CONTINUOUS
10
6.8040944881889764
20
-4.3229133858267712
11
6.7782366535433072
21
-4.3229133858267712
0
LINE
8
BLACK
6
CONTINUOUS
10
6.7782366535433072
20
-4.3229133858267712
11
6.7782364173228347
21
-4.32291342519685
0
LINE
8
BLACK
6
CONTINUOUS
10
6.7782364173228347
20
-4.32291342519685
11
6.7772490551181104
21
-4.3230279133858263
0
LINE
8
BLACK
6
CONTINUOUS
10
6.7772490551181104
20
-4.3230279133858263
11
6.7772488582677166
21
-4.3230279921259838
0
LINE
8
BLACK
6
CONTINUOUS
10
6.7772488582677166
20
-4.3230279921259838
11
6.7732095275590547
21
-4.324811496062992
0
LINE
8
BLACK
6
CONTINUOUS
10
6.7732095275590547
20
-4.324811496062992
11
6.7700871653543304
21
-4.3279338582677163
0
LINE
8
BLACK
6
CONTINUOUS
10
6.7700871653543304
20
-4.3279338582677163
11
6.7700871259842517
21
-4.3279339370078738
0
LINE
8
BLACK
6
CONTINUOUS
10
6.7700871259842517
20
-4.3279339370078738
11
6.7683035039370081
21
-4.3319734645669294
0
LINE
8
BLACK
6
CONTINUOUS
10
6.7683035039370081
20
-4.3319734645669294
11
6.768188976377953
21
-4.3329606692913387
0
LINE
8
BLACK
6
CONTINUOUS
10
6.768188976377953
20
-4.3329606692913387
11
6.768188976377953
21
-4.3588188976377955
0
LINE
8
BLACK
6
CONTINUOUS
10
6.768188976377953
20
-4.1588188976377953
11
6.7800000000000002
21
-4.1588188976377953
0
LINE
8
BLACK
6
CONTINUOUS
10
6.7800000000000002
20
-4.1588188976377953
11
6.7800000000000002
21
-4.1347244094488191
0
LINE
8
BLACK
6
CONTINUOUS
10
6.7800000000000002
20
-4.1347244094488191
11
6.8040944881889764
21
-4.1347244094488191
0
LINE
8
BLACK
6
CONTINUOUS
10
6.8040944881889764
20
-4.1347244094488191
11
6.8040944881889764
21
-4.1229133858267719
0
LINE
8
BLACK
6
CONTINUOUS
10
6.8040944881889764
20
-4.1229133858267719
11
6.7782366535433072
21
-4.1229133858267719
0
LINE
8
BLACK
6
CONTINUOUS
10
6.7782366535433072
20
-4.1229133858267719
11
6.7782364173228347
21
-4.1229134251968507
0
LINE
8
BLACK
6
CONTINUOUS
10
6.7782364173228347
20
-4.1229134251968507
11
6.7772490551181104
21
-4.123027913385827
0
LINE
8
BLACK
6
CONTINUOUS
10
6.7772490551181104
20
-4.123027913385827
11
6.7772488582677166
21
-4.1230279921259845
0
LINE
8
BLACK
6
CONTINUOUS
10
6.7772488582677166
20
-4.1230279921259845
11
6.7732095275590547
21
-4.1248114960629918
0
LINE
8
BLACK
6
CONTINUOUS
10
6.7732095275590547
20
-4.1248114960629918
11
6.7700871653543304
21
-4.1279338582677161
0
LINE
8
BLACK
6
CONTINUOUS
10
6.7700871653543304
20
-4.1279338582677161
11
6.7700871259842517
21
-4.1279339370078736
0
LINE
8
BLACK
6
CONTINUOUS
10
6.7700871259842517
20
-4.1279339370078736
11
6.7683035039370081
21
-4.1319734645669293
0
LINE
8
BLACK
6
CONTINUOUS
10
6.7683035039370081
20
-4.1319734645669293
11
6.768188976377953
21
-4.1329606692913385
0
LINE
8
BLACK
6
CONTINUOUS
10
6.768188976377953
20
-4.1329606692913385
11
6.768188976377953
21
-4.1588188976377953
0
LINE
8
BLACK
6
CONTINUOUS
10
6.768188976377953
20
-3.9588188976377952
11
6.7800000000000002
21
-3.9588188976377952
0
LINE
8
BLACK
6
CONTINUOUS
10
6.7800000000000002
20
-3.9588188976377952
11
6.7800000000000002
21
-3.934724409448819
0
LINE
8
BLACK
6
CONTINUOUS
10
6.7800000000000002
20
-3.934724409448819
11
6.8040944881889764
21
-3.934724409448819
0
LINE
8
BLACK
6
CONTINUOUS
10
6.8040944881889764
20
-3.934724409448819
11
6.8040944881889764
21
-3.9229133858267717
0
LINE
8
BLACK
6
CONTINUOUS
10
6.8040944881889764
20
-3.9229133858267717
11
6.7782366535433072
21
-3.9229133858267717
0
LINE
8
BLACK
6
CONTINUOUS
10
6.7782366535433072
20
-3.9229133858267717
11
6.7782364173228347
21
-3.9229134251968505
0
LINE
8
BLACK
6
CONTINUOUS
10
6.7782364173228347
20
-3.9229134251968505
11
6.7772490551181104
21
-3.9230279133858268
0
LINE
8
BLACK
6
CONTINUOUS
10
6.7772490551181104
20
-3.9230279133858268
11
6.7772488582677166
21
-3.9230279921259843
0
LINE
8
BLACK
6
CONTINUOUS
10
6.7772488582677166
20
-3.9230279921259843
11
6.7732095275590547
21
-3.9248114960629921
0
LINE
8
BLACK
6
CONTINUOUS
10
6.7732095275590547
20
-3.9248114960629921
11
6.7700871653543304
21
-3.9279338582677163
0
LINE
8
BLACK
6
CONTINUOUS
10
6.7700871653543304
20
-3.9279338582677163
11
6.7700871259842517
21
-3.9279339370078739
0
LINE
8
BLACK
6
CONTINUOUS
10
6.7700871259842517
20
-3.9279339370078739
11
6.7683035039370081
21
-3.9319734645669291
0
LINE
8
BLACK
6
CONTINUOUS
10
6.7683035039370081
20
-3.9319734645669291
11
6.768188976377953
21
-3.9329606692913384
0
LINE
8
BLACK
6
CONTINUOUS
10
6.768188976377953
20
-3.9329606692913384
11
6.768188976377953
21
-3.9588188976377952
0
CIRCLE
8
BLACK
10
6.71
20
-4.1647244094488185
40
0.0068897637795276
0
CIRCLE
8
BLACK
10
6.8099999999999996
20
-4.1647244094488185
40
0.0068897637795276
0
CIRCLE
8
BLACK
10
6.71
20
-3.9647244094488188
40
0.0068897637795276
0
CIRCLE
8
BLACK
10
6.8099999999999996
20
-3.9647244094488188
40
0.0068897637795276
0
CIRCLE
8
BLACK
10
6.71
20
-4.0647244094488189
40
0.0068897637795276
0
CIRCLE
8
BLACK
10
6.8099999999999996
20
-4.0647244094488189
40
0.0068897637795276
0
CIRCLE
8
BLACK
10
6.71
20
-4.264724409448819
40
0.0068897637795276
0
CIRCLE
8
BLACK
10
6.8099999999999996
20
-4.264724409448819
40
0.0068897637795276
0
CIRCLE
8
BLACK
10
6.71
20
-4.3647244094488187
40
0.0068897637795276
0
CIRCLE
8
BLACK
10
6.8099999999999996
20
-4.3647244094488187
40
0.0068897637795276
0
CIRCLE
8
BLACK
10
5.0999999999999996
20
-4.3600000000000003
40
0.0078740157480315
0
CIRCLE
8
BLACK
10
5.9799999999999995
20
-4.4199999999999999
40
0.0078740157480315
0
CIRCLE
8
BLACK
10
4.5899999999999999
20
-4.1100000000000003
40
0.0078740157480315
0
CIRCLE
8
BLACK
10
5.7299999999999995
20
-4.1299999999999999
40
0.0078740157480315
0
CIRCLE
8
BLACK
10
5.3999999999999995
20
-3.9299999999999997
40
0.0078740157480315
0
CIRCLE
8
BLACK
10
5.9699999999999998
20
-4.1299999999999999
40
0.0078740157480315
0
CIRCLE
8
BLACK
10
5.6699999999999999
20
-4.3300000000000001
40
0.0078740157480315
0
CIRCLE
8
BLACK
10
6.0999999999999996
20
-3.9299999999999997
40
0.0078740157480315
0
CIRCLE
8
BLACK
10
4.6799999999999997
20
-4.4100000000000001
40
0.0078740157480315
0
CIRCLE
8
BLACK
10
5.4900000000000002
20
-4.1299999999999999
40
0.0078740157480315
0
CIRCLE
8
BLACK
10
6.0700000000000003
20
-4.3300000000000001
40
0.0078740157480315
0
CIRCLE
8
BLACK
10
5.1699999999999999
20
-4.3600000000000003
40
0.0078740157480315
0
CIRCLE
8
BLACK
10
5.3499999999999996
20
-4.3499999999999996
40
0.0078740157480315
0
CIRCLE
8
BLACK
10
6.2400000000000002
20
-4.0099999999999998
40
0.0078740157480315
0
CIRCLE
8
BLACK
10
4.5800000000000001
20
-4.3300000000000001
40
0.0078740157480315
0
CIRCLE
8
BLACK
10
5.1100000000000003
20
-4.0800000000000001
40
0.0078740157480315
0
CIRCLE
8
BLACK
10
6.6399999999999997
20
-4.3099999999999996
40
0.0078740157480315
0
CIRCLE
8
BLACK
10
5.5499999999999998
20
-4.4199999999999999
40
0.0078740157480315
0
CIRCLE
8
BLACK
10
5.6699999999999999
20
-4.1299999999999999
40
0.0078740157480315
0
CIRCLE
8
BLACK
10
5.2299999999999995
20
-4.0800000000000001
40
0.0078740157480315
0
CIRCLE
8
BLACK
10
5.4199999999999999
20
-4.3200000000000003
40
0.0078740157480315
0
CIRCLE
8
BLACK
10
6.0700000000000003
20
-4.1399999999999997
40
0.0078740157480315
0
CIRCLE
8
BLACK
10
5.8499999999999996
20
-4.3300000000000001
40
0.0078740157480315
0
CIRCLE
8
BLACK
10
6.0300000000000002
20
-4.0999999999999996
40
0.0078740157480315
0
CIRCLE
8
BLACK
10
6.4399999999999995
20
-4.3099999999999996
40
0.0078740157480315
0
CIRCLE
8
BLACK
10
6.5300000000000002
20
-3.98
40
0.0078740157480315
0
CIRCLE
8
BLACK
10
6.1299999999999999
20
-4.1699999999999999
40
0.0078740157480315
0
CIRCLE
8
BLACK
10
6.4299999999999997
20
-4.4199999999999999
40
0.0078740157480315
0
CIRCLE
8
BLACK
10
6.1299999999999999
20
-4.0899999999999999
40
0.0078740157480315
0
CIRCLE
8
BLACK
10
4.5899999999999999
20
-3.9299999999999997
40
0.0078740157480315
0
CIRCLE
8
BLACK
10
5.29
20
-4.1299999999999999
40
0.0078740157480315
0
CIRCLE
8
BLACK
10
5.96
20
-4.3300000000000001
40
0.0078740157480315
0
CIRCLE
8
BLACK
10
6.3300000000000001
20
-4.4199999999999999
40
0.0078740157480315
0
CIRCLE
8
BLACK
10
5.4299999999999997
20
-4.1299999999999999
40
0.0078740157480315
0
CIRCLE
8
BLACK
10
5.1100000000000003
20
-4.1600000000000001
40
0.0078740157480315
0
CIRCLE
8
BLACK
10
6.21
20
-4.4199999999999999
40
0.0078740157480315
0
CIRCLE
8
BLACK
10
4.8300000000000001
20
-3.9299999999999997
40
0.0078740157480315
0
CIRCLE
8
BLACK
10
5.8499999999999996
20
-4.4199999999999999
40
0.0078740157480315
0
CIRCLE
8
BLACK
10
5.3499999999999996
20
-4.1200000000000001
40
0.0078740157480315
0
CIRCLE
8
BLACK
10
5.8499999999999996
20
-4.1299999999999999
40
0.0078740157480315
0
CIRCLE
8
BLACK
10
6.1799999999999997
20
-4.3300000000000001
40
0.0078740157480315
0
CIRCLE
8
BLACK
10
6.5800000000000001
20
-4.3200000000000003
40
0.0078740157480315
0
CIRCLE
8
BLACK
10
5.7599999999999998
20
-3.9399999999999999
40
0.0078740157480315
0
CIRCLE
8
BLACK
10
5.3099999999999996
20
-4.3200000000000003
40
0.0078740157480315
0
CIRCLE
8
BLACK
10
6.5099999999999998
20
-4.25
40
0.0078740157480315
0
CIRCLE
8
BLACK
10
5.2299999999999995
20
-4.1600000000000001
40
0.0078740157480315
0
CIRCLE
8
BLACK
10
6.25
20
-4.1699999999999999
40
0.0078740157480315
0
CIRCLE
8
BLACK
10
6.1200000000000001
20
-4.04
40
0.0078740157480315
0
CIRCLE
8
BLACK
10
5.9100000000000001
20
-4.1299999999999999
40
0.0078740157480315
0
CIRCLE
8
BLACK
10
5.5499999999999998
20
-4.3300000000000001
40
0.0078740157480315
0
CIRCLE
8
BLACK
10
5.7400000000000002
20
-4.3300000000000001
40
0.0078740157480315
0
CIRCLE
8
BLACK
10
6.2999999999999998
20
-4.3300000000000001
40
0.0078740157480315
0
CIRCLE
8
BLACK
10
4.6100000000000003
20
-4.4100000000000001
40
0.0078740157480315
0
CIRCLE
8
BLACK
10
5.79
20
-4.1299999999999999
40
0.0078740157480315
0
CIRCLE
8
BLACK
10
5.25
20
-4.3600000000000003
40
0.0078740157480315
0
CIRCLE
8
BLACK
10
5.5499999999999998
20
-4.1299999999999999
40
0.0078740157480315
0
CIRCLE
8
BLACK
10
6.0899999999999999
20
-4.4199999999999999
40
0.0078740157480315
0
CIRCLE
8
BLACK
10
6.6299999999999999
20
-4.21
40
0.0078740157480315
0
CIRCLE
8
BLACK
10
6.4900000000000002
20
-4.3999999999999995
40
0.0078740157480315
0
CIRCLE
8
BLACK
10
5.6099999999999994
20
-4.1299999999999999
40
0.0078740157480315
0
CIRCLE
8
BLACK
10
5.1699999999999999
20
-4.1600000000000001
40
0.0078740157480315
0
CIRCLE
8
BLACK
10
5.6799999999999997
20
-4.4199999999999999
40
0.0078740157480315
0
CIRCLE
8
BLACK
10
6.54
20
-4.3600000000000003
40
0.0078740157480315
0
CIRCLE
8
BLACK
10
5.1399999999999997
20
-3.9299999999999997
40
0.0078740157480315
0
CIRCLE
8
BLACK
10
4.9399999999999995
20
-3.9399999999999999
40
0.0078740157480315
0
CIRCLE
8
BLACK
10
6.4900000000000002
20
-4.1399999999999997
40
0.0078740157480315
0
CIRCLE
8
BLACK
10
6.2999999999999998
20
-4.1299999999999999
40
0.0078740157480315
0
CIRCLE
8
BLACK
10
4.6100000000000003
20
-4.1699999999999999
40
0.0078740157480315
  0
ENDSEC
  0
EOF
